[2026-06-22T12:55:32.479+0000] {processor.py:161} INFO - Started process (PID=184) to work on /opt/airflow/dags/batch_pipeline_dag.py
[2026-06-22T12:55:32.497+0000] {processor.py:830} INFO - Processing file /opt/airflow/dags/batch_pipeline_dag.py for tasks to queue
[2026-06-22T12:55:32.507+0000] {logging_mixin.py:188} INFO - [2026-06-22T12:55:32.505+0000] {dagbag.py:538} INFO - Filling up the DagBag from /opt/airflow/dags/batch_pipeline_dag.py
[2026-06-22T12:55:32.848+0000] {processor.py:840} INFO - DAG(s) 'batch_pipeline_harga_pangan' retrieved from /opt/airflow/dags/batch_pipeline_dag.py
[2026-06-22T12:55:33.914+0000] {logging_mixin.py:188} INFO - [2026-06-22T12:55:33.912+0000] {override.py:1769} INFO - Created Permission View: can delete on DAG:batch_pipeline_harga_pangan
[2026-06-22T12:55:33.949+0000] {logging_mixin.py:188} INFO - [2026-06-22T12:55:33.949+0000] {override.py:1769} INFO - Created Permission View: can edit on DAG:batch_pipeline_harga_pangan
[2026-06-22T12:55:33.970+0000] {logging_mixin.py:188} INFO - [2026-06-22T12:55:33.969+0000] {override.py:1769} INFO - Created Permission View: can read on DAG:batch_pipeline_harga_pangan
[2026-06-22T12:55:33.972+0000] {logging_mixin.py:188} INFO - [2026-06-22T12:55:33.972+0000] {dag.py:3036} INFO - Sync 1 DAGs
[2026-06-22T12:55:34.009+0000] {logging_mixin.py:188} INFO - [2026-06-22T12:55:34.008+0000] {dag.py:3058} INFO - Creating ORM DAG for batch_pipeline_harga_pangan
[2026-06-22T12:55:34.049+0000] {logging_mixin.py:188} INFO - [2026-06-22T12:55:34.048+0000] {dag.py:3823} INFO - Setting next_dagrun for batch_pipeline_harga_pangan to 2026-06-21 23:00:00+00:00, run_after=2026-06-22 23:00:00+00:00
[2026-06-22T12:55:34.166+0000] {processor.py:183} INFO - Processing /opt/airflow/dags/batch_pipeline_dag.py took 1.752 seconds
[2026-06-22T12:56:04.512+0000] {processor.py:161} INFO - Started process (PID=202) to work on /opt/airflow/dags/batch_pipeline_dag.py
[2026-06-22T12:56:04.515+0000] {processor.py:830} INFO - Processing file /opt/airflow/dags/batch_pipeline_dag.py for tasks to queue
[2026-06-22T12:56:04.521+0000] {logging_mixin.py:188} INFO - [2026-06-22T12:56:04.519+0000] {dagbag.py:538} INFO - Filling up the DagBag from /opt/airflow/dags/batch_pipeline_dag.py
[2026-06-22T12:56:04.636+0000] {processor.py:840} INFO - DAG(s) 'batch_pipeline_harga_pangan' retrieved from /opt/airflow/dags/batch_pipeline_dag.py
[2026-06-22T12:56:04.851+0000] {logging_mixin.py:188} INFO - [2026-06-22T12:56:04.851+0000] {dag.py:3036} INFO - Sync 1 DAGs
[2026-06-22T12:56:04.924+0000] {logging_mixin.py:188} INFO - [2026-06-22T12:56:04.924+0000] {dag.py:3823} INFO - Setting next_dagrun for batch_pipeline_harga_pangan to 2026-06-21 23:00:00+00:00, run_after=2026-06-22 23:00:00+00:00
[2026-06-22T12:56:05.006+0000] {processor.py:183} INFO - Processing /opt/airflow/dags/batch_pipeline_dag.py took 0.511 seconds
[2026-06-22T12:56:35.587+0000] {processor.py:161} INFO - Started process (PID=219) to work on /opt/airflow/dags/batch_pipeline_dag.py
[2026-06-22T12:56:35.597+0000] {processor.py:830} INFO - Processing file /opt/airflow/dags/batch_pipeline_dag.py for tasks to queue
[2026-06-22T12:56:35.604+0000] {logging_mixin.py:188} INFO - [2026-06-22T12:56:35.603+0000] {dagbag.py:538} INFO - Filling up the DagBag from /opt/airflow/dags/batch_pipeline_dag.py
[2026-06-22T12:56:36.046+0000] {processor.py:840} INFO - DAG(s) 'batch_pipeline_harga_pangan' retrieved from /opt/airflow/dags/batch_pipeline_dag.py
[2026-06-22T12:56:36.578+0000] {logging_mixin.py:188} INFO - [2026-06-22T12:56:36.577+0000] {dag.py:3036} INFO - Sync 1 DAGs
[2026-06-22T12:56:36.730+0000] {logging_mixin.py:188} INFO - [2026-06-22T12:56:36.729+0000] {dag.py:3823} INFO - Setting next_dagrun for batch_pipeline_harga_pangan to 2026-06-21 23:00:00+00:00, run_after=2026-06-22 23:00:00+00:00
[2026-06-22T12:56:36.880+0000] {processor.py:183} INFO - Processing /opt/airflow/dags/batch_pipeline_dag.py took 1.318 seconds
[2026-06-22T12:57:07.206+0000] {processor.py:161} INFO - Started process (PID=231) to work on /opt/airflow/dags/batch_pipeline_dag.py
[2026-06-22T12:57:07.209+0000] {processor.py:830} INFO - Processing file /opt/airflow/dags/batch_pipeline_dag.py for tasks to queue
[2026-06-22T12:57:07.211+0000] {logging_mixin.py:188} INFO - [2026-06-22T12:57:07.211+0000] {dagbag.py:538} INFO - Filling up the DagBag from /opt/airflow/dags/batch_pipeline_dag.py
[2026-06-22T12:57:07.298+0000] {processor.py:840} INFO - DAG(s) 'batch_pipeline_harga_pangan' retrieved from /opt/airflow/dags/batch_pipeline_dag.py
[2026-06-22T12:57:07.466+0000] {logging_mixin.py:188} INFO - [2026-06-22T12:57:07.465+0000] {dag.py:3036} INFO - Sync 1 DAGs
[2026-06-22T12:57:07.592+0000] {logging_mixin.py:188} INFO - [2026-06-22T12:57:07.592+0000] {dag.py:3823} INFO - Setting next_dagrun for batch_pipeline_harga_pangan to 2026-06-21 23:00:00+00:00, run_after=2026-06-22 23:00:00+00:00
[2026-06-22T12:57:07.648+0000] {processor.py:183} INFO - Processing /opt/airflow/dags/batch_pipeline_dag.py took 0.450 seconds
[2026-06-22T12:57:37.840+0000] {processor.py:161} INFO - Started process (PID=247) to work on /opt/airflow/dags/batch_pipeline_dag.py
[2026-06-22T12:57:37.847+0000] {processor.py:830} INFO - Processing file /opt/airflow/dags/batch_pipeline_dag.py for tasks to queue
[2026-06-22T12:57:37.851+0000] {logging_mixin.py:188} INFO - [2026-06-22T12:57:37.850+0000] {dagbag.py:538} INFO - Filling up the DagBag from /opt/airflow/dags/batch_pipeline_dag.py
[2026-06-22T12:57:37.937+0000] {processor.py:840} INFO - DAG(s) 'batch_pipeline_harga_pangan' retrieved from /opt/airflow/dags/batch_pipeline_dag.py
[2026-06-22T12:57:38.162+0000] {logging_mixin.py:188} INFO - [2026-06-22T12:57:38.161+0000] {dag.py:3036} INFO - Sync 1 DAGs
[2026-06-22T12:57:38.243+0000] {logging_mixin.py:188} INFO - [2026-06-22T12:57:38.242+0000] {dag.py:3823} INFO - Setting next_dagrun for batch_pipeline_harga_pangan to 2026-06-21 23:00:00+00:00, run_after=2026-06-22 23:00:00+00:00
[2026-06-22T12:57:38.326+0000] {processor.py:183} INFO - Processing /opt/airflow/dags/batch_pipeline_dag.py took 0.501 seconds
[2026-06-22T12:58:08.706+0000] {processor.py:161} INFO - Started process (PID=267) to work on /opt/airflow/dags/batch_pipeline_dag.py
[2026-06-22T12:58:08.709+0000] {processor.py:830} INFO - Processing file /opt/airflow/dags/batch_pipeline_dag.py for tasks to queue
[2026-06-22T12:58:08.712+0000] {logging_mixin.py:188} INFO - [2026-06-22T12:58:08.711+0000] {dagbag.py:538} INFO - Filling up the DagBag from /opt/airflow/dags/batch_pipeline_dag.py
[2026-06-22T12:58:08.781+0000] {processor.py:840} INFO - DAG(s) 'batch_pipeline_harga_pangan' retrieved from /opt/airflow/dags/batch_pipeline_dag.py
[2026-06-22T12:58:08.959+0000] {logging_mixin.py:188} INFO - [2026-06-22T12:58:08.958+0000] {dag.py:3036} INFO - Sync 1 DAGs
[2026-06-22T12:58:09.022+0000] {logging_mixin.py:188} INFO - [2026-06-22T12:58:09.022+0000] {dag.py:3823} INFO - Setting next_dagrun for batch_pipeline_harga_pangan to 2026-06-21 23:00:00+00:00, run_after=2026-06-22 23:00:00+00:00
[2026-06-22T12:58:09.107+0000] {processor.py:183} INFO - Processing /opt/airflow/dags/batch_pipeline_dag.py took 0.411 seconds
[2026-06-22T12:58:39.570+0000] {processor.py:161} INFO - Started process (PID=285) to work on /opt/airflow/dags/batch_pipeline_dag.py
[2026-06-22T12:58:39.582+0000] {processor.py:830} INFO - Processing file /opt/airflow/dags/batch_pipeline_dag.py for tasks to queue
[2026-06-22T12:58:39.586+0000] {logging_mixin.py:188} INFO - [2026-06-22T12:58:39.585+0000] {dagbag.py:538} INFO - Filling up the DagBag from /opt/airflow/dags/batch_pipeline_dag.py
[2026-06-22T12:58:39.666+0000] {processor.py:840} INFO - DAG(s) 'batch_pipeline_harga_pangan' retrieved from /opt/airflow/dags/batch_pipeline_dag.py
[2026-06-22T12:58:39.851+0000] {logging_mixin.py:188} INFO - [2026-06-22T12:58:39.851+0000] {dag.py:3036} INFO - Sync 1 DAGs
[2026-06-22T12:58:39.942+0000] {logging_mixin.py:188} INFO - [2026-06-22T12:58:39.941+0000] {dag.py:3823} INFO - Setting next_dagrun for batch_pipeline_harga_pangan to 2026-06-21 23:00:00+00:00, run_after=2026-06-22 23:00:00+00:00
[2026-06-22T12:58:40.026+0000] {processor.py:183} INFO - Processing /opt/airflow/dags/batch_pipeline_dag.py took 0.478 seconds
[2026-06-22T12:59:10.340+0000] {processor.py:161} INFO - Started process (PID=293) to work on /opt/airflow/dags/batch_pipeline_dag.py
[2026-06-22T12:59:10.344+0000] {processor.py:830} INFO - Processing file /opt/airflow/dags/batch_pipeline_dag.py for tasks to queue
[2026-06-22T12:59:10.347+0000] {logging_mixin.py:188} INFO - [2026-06-22T12:59:10.347+0000] {dagbag.py:538} INFO - Filling up the DagBag from /opt/airflow/dags/batch_pipeline_dag.py
[2026-06-22T12:59:10.443+0000] {processor.py:840} INFO - DAG(s) 'batch_pipeline_harga_pangan' retrieved from /opt/airflow/dags/batch_pipeline_dag.py
[2026-06-22T12:59:10.660+0000] {logging_mixin.py:188} INFO - [2026-06-22T12:59:10.659+0000] {dag.py:3036} INFO - Sync 1 DAGs
[2026-06-22T12:59:10.740+0000] {logging_mixin.py:188} INFO - [2026-06-22T12:59:10.739+0000] {dag.py:3823} INFO - Setting next_dagrun for batch_pipeline_harga_pangan to 2026-06-21 23:00:00+00:00, run_after=2026-06-22 23:00:00+00:00
[2026-06-22T12:59:10.822+0000] {processor.py:183} INFO - Processing /opt/airflow/dags/batch_pipeline_dag.py took 0.494 seconds
[2026-06-22T12:59:41.327+0000] {processor.py:161} INFO - Started process (PID=311) to work on /opt/airflow/dags/batch_pipeline_dag.py
[2026-06-22T12:59:41.345+0000] {processor.py:830} INFO - Processing file /opt/airflow/dags/batch_pipeline_dag.py for tasks to queue
[2026-06-22T12:59:41.351+0000] {logging_mixin.py:188} INFO - [2026-06-22T12:59:41.350+0000] {dagbag.py:538} INFO - Filling up the DagBag from /opt/airflow/dags/batch_pipeline_dag.py
[2026-06-22T12:59:41.491+0000] {processor.py:840} INFO - DAG(s) 'batch_pipeline_harga_pangan' retrieved from /opt/airflow/dags/batch_pipeline_dag.py
[2026-06-22T12:59:41.688+0000] {logging_mixin.py:188} INFO - [2026-06-22T12:59:41.688+0000] {dag.py:3036} INFO - Sync 1 DAGs
[2026-06-22T12:59:41.767+0000] {logging_mixin.py:188} INFO - [2026-06-22T12:59:41.766+0000] {dag.py:3823} INFO - Setting next_dagrun for batch_pipeline_harga_pangan to 2026-06-21 23:00:00+00:00, run_after=2026-06-22 23:00:00+00:00
[2026-06-22T12:59:41.869+0000] {processor.py:183} INFO - Processing /opt/airflow/dags/batch_pipeline_dag.py took 0.561 seconds
[2026-06-22T13:00:12.392+0000] {processor.py:161} INFO - Started process (PID=329) to work on /opt/airflow/dags/batch_pipeline_dag.py
[2026-06-22T13:00:12.395+0000] {processor.py:830} INFO - Processing file /opt/airflow/dags/batch_pipeline_dag.py for tasks to queue
[2026-06-22T13:00:12.397+0000] {logging_mixin.py:188} INFO - [2026-06-22T13:00:12.397+0000] {dagbag.py:538} INFO - Filling up the DagBag from /opt/airflow/dags/batch_pipeline_dag.py
[2026-06-22T13:00:12.491+0000] {processor.py:840} INFO - DAG(s) 'batch_pipeline_harga_pangan' retrieved from /opt/airflow/dags/batch_pipeline_dag.py
[2026-06-22T13:00:12.682+0000] {logging_mixin.py:188} INFO - [2026-06-22T13:00:12.682+0000] {dag.py:3036} INFO - Sync 1 DAGs
[2026-06-22T13:00:12.745+0000] {logging_mixin.py:188} INFO - [2026-06-22T13:00:12.744+0000] {dag.py:3823} INFO - Setting next_dagrun for batch_pipeline_harga_pangan to 2026-06-21 23:00:00+00:00, run_after=2026-06-22 23:00:00+00:00
[2026-06-22T13:00:12.831+0000] {processor.py:183} INFO - Processing /opt/airflow/dags/batch_pipeline_dag.py took 0.452 seconds
[2026-06-22T13:00:43.855+0000] {processor.py:161} INFO - Started process (PID=347) to work on /opt/airflow/dags/batch_pipeline_dag.py
[2026-06-22T13:00:43.859+0000] {processor.py:830} INFO - Processing file /opt/airflow/dags/batch_pipeline_dag.py for tasks to queue
[2026-06-22T13:00:43.862+0000] {logging_mixin.py:188} INFO - [2026-06-22T13:00:43.861+0000] {dagbag.py:538} INFO - Filling up the DagBag from /opt/airflow/dags/batch_pipeline_dag.py
[2026-06-22T13:00:44.057+0000] {processor.py:840} INFO - DAG(s) 'batch_pipeline_harga_pangan' retrieved from /opt/airflow/dags/batch_pipeline_dag.py
[2026-06-22T13:00:44.305+0000] {logging_mixin.py:188} INFO - [2026-06-22T13:00:44.304+0000] {dag.py:3036} INFO - Sync 1 DAGs
[2026-06-22T13:00:44.372+0000] {logging_mixin.py:188} INFO - [2026-06-22T13:00:44.371+0000] {dag.py:3823} INFO - Setting next_dagrun for batch_pipeline_harga_pangan to 2026-06-21 23:00:00+00:00, run_after=2026-06-22 23:00:00+00:00
[2026-06-22T13:00:44.434+0000] {processor.py:183} INFO - Processing /opt/airflow/dags/batch_pipeline_dag.py took 0.587 seconds
[2026-06-22T13:01:15.328+0000] {processor.py:161} INFO - Started process (PID=366) to work on /opt/airflow/dags/batch_pipeline_dag.py
[2026-06-22T13:01:15.331+0000] {processor.py:830} INFO - Processing file /opt/airflow/dags/batch_pipeline_dag.py for tasks to queue
[2026-06-22T13:01:15.335+0000] {logging_mixin.py:188} INFO - [2026-06-22T13:01:15.334+0000] {dagbag.py:538} INFO - Filling up the DagBag from /opt/airflow/dags/batch_pipeline_dag.py
[2026-06-22T13:01:15.473+0000] {processor.py:840} INFO - DAG(s) 'batch_pipeline_harga_pangan' retrieved from /opt/airflow/dags/batch_pipeline_dag.py
[2026-06-22T13:01:15.774+0000] {logging_mixin.py:188} INFO - [2026-06-22T13:01:15.773+0000] {dag.py:3036} INFO - Sync 1 DAGs
[2026-06-22T13:01:15.897+0000] {logging_mixin.py:188} INFO - [2026-06-22T13:01:15.896+0000] {dag.py:3823} INFO - Setting next_dagrun for batch_pipeline_harga_pangan to 2026-06-21 23:00:00+00:00, run_after=2026-06-22 23:00:00+00:00
[2026-06-22T13:01:15.980+0000] {processor.py:183} INFO - Processing /opt/airflow/dags/batch_pipeline_dag.py took 0.668 seconds
[2026-06-22T13:01:46.848+0000] {processor.py:161} INFO - Started process (PID=376) to work on /opt/airflow/dags/batch_pipeline_dag.py
[2026-06-22T13:01:46.853+0000] {processor.py:830} INFO - Processing file /opt/airflow/dags/batch_pipeline_dag.py for tasks to queue
[2026-06-22T13:01:46.866+0000] {logging_mixin.py:188} INFO - [2026-06-22T13:01:46.865+0000] {dagbag.py:538} INFO - Filling up the DagBag from /opt/airflow/dags/batch_pipeline_dag.py
[2026-06-22T13:01:47.001+0000] {processor.py:840} INFO - DAG(s) 'batch_pipeline_harga_pangan' retrieved from /opt/airflow/dags/batch_pipeline_dag.py
[2026-06-22T13:01:47.565+0000] {logging_mixin.py:188} INFO - [2026-06-22T13:01:47.564+0000] {dag.py:3036} INFO - Sync 1 DAGs
[2026-06-22T13:01:47.693+0000] {logging_mixin.py:188} INFO - [2026-06-22T13:01:47.692+0000] {dag.py:3823} INFO - Setting next_dagrun for batch_pipeline_harga_pangan to 2026-06-21 23:00:00+00:00, run_after=2026-06-22 23:00:00+00:00
[2026-06-22T13:01:47.823+0000] {processor.py:183} INFO - Processing /opt/airflow/dags/batch_pipeline_dag.py took 0.995 seconds
[2026-06-22T13:02:18.872+0000] {processor.py:161} INFO - Started process (PID=393) to work on /opt/airflow/dags/batch_pipeline_dag.py
[2026-06-22T13:02:18.876+0000] {processor.py:830} INFO - Processing file /opt/airflow/dags/batch_pipeline_dag.py for tasks to queue
[2026-06-22T13:02:18.881+0000] {logging_mixin.py:188} INFO - [2026-06-22T13:02:18.880+0000] {dagbag.py:538} INFO - Filling up the DagBag from /opt/airflow/dags/batch_pipeline_dag.py
[2026-06-22T13:02:18.997+0000] {processor.py:840} INFO - DAG(s) 'batch_pipeline_harga_pangan' retrieved from /opt/airflow/dags/batch_pipeline_dag.py
[2026-06-22T13:02:19.270+0000] {logging_mixin.py:188} INFO - [2026-06-22T13:02:19.269+0000] {dag.py:3036} INFO - Sync 1 DAGs
[2026-06-22T13:02:19.335+0000] {logging_mixin.py:188} INFO - [2026-06-22T13:02:19.334+0000] {dag.py:3823} INFO - Setting next_dagrun for batch_pipeline_harga_pangan to 2026-06-21 23:00:00+00:00, run_after=2026-06-22 23:00:00+00:00
[2026-06-22T13:02:19.406+0000] {processor.py:183} INFO - Processing /opt/airflow/dags/batch_pipeline_dag.py took 0.543 seconds
[2026-06-22T13:02:49.735+0000] {processor.py:161} INFO - Started process (PID=411) to work on /opt/airflow/dags/batch_pipeline_dag.py
[2026-06-22T13:02:49.739+0000] {processor.py:830} INFO - Processing file /opt/airflow/dags/batch_pipeline_dag.py for tasks to queue
[2026-06-22T13:02:49.743+0000] {logging_mixin.py:188} INFO - [2026-06-22T13:02:49.742+0000] {dagbag.py:538} INFO - Filling up the DagBag from /opt/airflow/dags/batch_pipeline_dag.py
[2026-06-22T13:02:49.853+0000] {processor.py:840} INFO - DAG(s) 'batch_pipeline_harga_pangan' retrieved from /opt/airflow/dags/batch_pipeline_dag.py
[2026-06-22T13:02:50.064+0000] {logging_mixin.py:188} INFO - [2026-06-22T13:02:50.063+0000] {dag.py:3036} INFO - Sync 1 DAGs
[2026-06-22T13:02:50.124+0000] {logging_mixin.py:188} INFO - [2026-06-22T13:02:50.123+0000] {dag.py:3823} INFO - Setting next_dagrun for batch_pipeline_harga_pangan to 2026-06-21 23:00:00+00:00, run_after=2026-06-22 23:00:00+00:00
[2026-06-22T13:02:50.203+0000] {processor.py:183} INFO - Processing /opt/airflow/dags/batch_pipeline_dag.py took 0.479 seconds
[2026-06-22T13:03:20.411+0000] {processor.py:161} INFO - Started process (PID=429) to work on /opt/airflow/dags/batch_pipeline_dag.py
[2026-06-22T13:03:20.414+0000] {processor.py:830} INFO - Processing file /opt/airflow/dags/batch_pipeline_dag.py for tasks to queue
[2026-06-22T13:03:20.417+0000] {logging_mixin.py:188} INFO - [2026-06-22T13:03:20.416+0000] {dagbag.py:538} INFO - Filling up the DagBag from /opt/airflow/dags/batch_pipeline_dag.py
[2026-06-22T13:03:20.486+0000] {processor.py:840} INFO - DAG(s) 'batch_pipeline_harga_pangan' retrieved from /opt/airflow/dags/batch_pipeline_dag.py
[2026-06-22T13:03:20.938+0000] {logging_mixin.py:188} INFO - [2026-06-22T13:03:20.934+0000] {dag.py:3036} INFO - Sync 1 DAGs
[2026-06-22T13:03:21.066+0000] {logging_mixin.py:188} INFO - [2026-06-22T13:03:21.065+0000] {dag.py:3823} INFO - Setting next_dagrun for batch_pipeline_harga_pangan to 2026-06-21 23:00:00+00:00, run_after=2026-06-22 23:00:00+00:00
[2026-06-22T13:03:21.141+0000] {processor.py:183} INFO - Processing /opt/airflow/dags/batch_pipeline_dag.py took 0.738 seconds
[2026-06-22T13:03:51.542+0000] {processor.py:161} INFO - Started process (PID=447) to work on /opt/airflow/dags/batch_pipeline_dag.py
[2026-06-22T13:03:51.544+0000] {processor.py:830} INFO - Processing file /opt/airflow/dags/batch_pipeline_dag.py for tasks to queue
[2026-06-22T13:03:51.547+0000] {logging_mixin.py:188} INFO - [2026-06-22T13:03:51.546+0000] {dagbag.py:538} INFO - Filling up the DagBag from /opt/airflow/dags/batch_pipeline_dag.py
[2026-06-22T13:03:51.624+0000] {processor.py:840} INFO - DAG(s) 'batch_pipeline_harga_pangan' retrieved from /opt/airflow/dags/batch_pipeline_dag.py
[2026-06-22T13:03:51.771+0000] {logging_mixin.py:188} INFO - [2026-06-22T13:03:51.770+0000] {dag.py:3036} INFO - Sync 1 DAGs
[2026-06-22T13:03:51.819+0000] {logging_mixin.py:188} INFO - [2026-06-22T13:03:51.818+0000] {dag.py:3823} INFO - Setting next_dagrun for batch_pipeline_harga_pangan to 2026-06-21 23:00:00+00:00, run_after=2026-06-22 23:00:00+00:00
[2026-06-22T13:03:51.869+0000] {processor.py:183} INFO - Processing /opt/airflow/dags/batch_pipeline_dag.py took 0.334 seconds
[2026-06-22T13:04:22.748+0000] {processor.py:161} INFO - Started process (PID=462) to work on /opt/airflow/dags/batch_pipeline_dag.py
[2026-06-22T13:04:22.761+0000] {processor.py:830} INFO - Processing file /opt/airflow/dags/batch_pipeline_dag.py for tasks to queue
[2026-06-22T13:04:22.771+0000] {logging_mixin.py:188} INFO - [2026-06-22T13:04:22.770+0000] {dagbag.py:538} INFO - Filling up the DagBag from /opt/airflow/dags/batch_pipeline_dag.py
[2026-06-22T13:04:23.143+0000] {processor.py:840} INFO - DAG(s) 'batch_pipeline_harga_pangan' retrieved from /opt/airflow/dags/batch_pipeline_dag.py
[2026-06-22T13:04:24.217+0000] {logging_mixin.py:188} INFO - [2026-06-22T13:04:24.216+0000] {dag.py:3036} INFO - Sync 1 DAGs
[2026-06-22T13:04:24.392+0000] {logging_mixin.py:188} INFO - [2026-06-22T13:04:24.391+0000] {dag.py:3823} INFO - Setting next_dagrun for batch_pipeline_harga_pangan to 2026-06-21 23:00:00+00:00, run_after=2026-06-22 23:00:00+00:00
[2026-06-22T13:04:24.530+0000] {processor.py:183} INFO - Processing /opt/airflow/dags/batch_pipeline_dag.py took 1.801 seconds
[2026-06-22T13:04:54.833+0000] {processor.py:161} INFO - Started process (PID=475) to work on /opt/airflow/dags/batch_pipeline_dag.py
[2026-06-22T13:04:54.836+0000] {processor.py:830} INFO - Processing file /opt/airflow/dags/batch_pipeline_dag.py for tasks to queue
[2026-06-22T13:04:54.839+0000] {logging_mixin.py:188} INFO - [2026-06-22T13:04:54.838+0000] {dagbag.py:538} INFO - Filling up the DagBag from /opt/airflow/dags/batch_pipeline_dag.py
[2026-06-22T13:04:54.910+0000] {processor.py:840} INFO - DAG(s) 'batch_pipeline_harga_pangan' retrieved from /opt/airflow/dags/batch_pipeline_dag.py
[2026-06-22T13:04:55.419+0000] {logging_mixin.py:188} INFO - [2026-06-22T13:04:55.418+0000] {dag.py:3036} INFO - Sync 1 DAGs
[2026-06-22T13:04:55.514+0000] {logging_mixin.py:188} INFO - [2026-06-22T13:04:55.512+0000] {dag.py:3823} INFO - Setting next_dagrun for batch_pipeline_harga_pangan to 2026-06-21 23:00:00+00:00, run_after=2026-06-22 23:00:00+00:00
[2026-06-22T13:04:55.592+0000] {processor.py:183} INFO - Processing /opt/airflow/dags/batch_pipeline_dag.py took 0.775 seconds
[2026-06-22T13:05:26.137+0000] {processor.py:161} INFO - Started process (PID=493) to work on /opt/airflow/dags/batch_pipeline_dag.py
[2026-06-22T13:05:26.140+0000] {processor.py:830} INFO - Processing file /opt/airflow/dags/batch_pipeline_dag.py for tasks to queue
[2026-06-22T13:05:26.144+0000] {logging_mixin.py:188} INFO - [2026-06-22T13:05:26.143+0000] {dagbag.py:538} INFO - Filling up the DagBag from /opt/airflow/dags/batch_pipeline_dag.py
[2026-06-22T13:05:26.311+0000] {processor.py:840} INFO - DAG(s) 'batch_pipeline_harga_pangan' retrieved from /opt/airflow/dags/batch_pipeline_dag.py
[2026-06-22T13:05:26.620+0000] {logging_mixin.py:188} INFO - [2026-06-22T13:05:26.619+0000] {dag.py:3036} INFO - Sync 1 DAGs
[2026-06-22T13:05:26.685+0000] {logging_mixin.py:188} INFO - [2026-06-22T13:05:26.684+0000] {dag.py:3823} INFO - Setting next_dagrun for batch_pipeline_harga_pangan to 2026-06-21 23:00:00+00:00, run_after=2026-06-22 23:00:00+00:00
[2026-06-22T13:05:26.780+0000] {processor.py:183} INFO - Processing /opt/airflow/dags/batch_pipeline_dag.py took 0.663 seconds
[2026-06-22T13:05:57.467+0000] {processor.py:161} INFO - Started process (PID=511) to work on /opt/airflow/dags/batch_pipeline_dag.py
[2026-06-22T13:05:57.470+0000] {processor.py:830} INFO - Processing file /opt/airflow/dags/batch_pipeline_dag.py for tasks to queue
[2026-06-22T13:05:57.474+0000] {logging_mixin.py:188} INFO - [2026-06-22T13:05:57.473+0000] {dagbag.py:538} INFO - Filling up the DagBag from /opt/airflow/dags/batch_pipeline_dag.py
[2026-06-22T13:05:57.576+0000] {processor.py:840} INFO - DAG(s) 'batch_pipeline_harga_pangan' retrieved from /opt/airflow/dags/batch_pipeline_dag.py
[2026-06-22T13:05:57.849+0000] {logging_mixin.py:188} INFO - [2026-06-22T13:05:57.849+0000] {dag.py:3036} INFO - Sync 1 DAGs
[2026-06-22T13:05:57.910+0000] {logging_mixin.py:188} INFO - [2026-06-22T13:05:57.909+0000] {dag.py:3823} INFO - Setting next_dagrun for batch_pipeline_harga_pangan to 2026-06-21 23:00:00+00:00, run_after=2026-06-22 23:00:00+00:00
[2026-06-22T13:05:57.987+0000] {processor.py:183} INFO - Processing /opt/airflow/dags/batch_pipeline_dag.py took 0.530 seconds
[2026-06-22T13:06:28.136+0000] {processor.py:161} INFO - Started process (PID=529) to work on /opt/airflow/dags/batch_pipeline_dag.py
[2026-06-22T13:06:28.139+0000] {processor.py:830} INFO - Processing file /opt/airflow/dags/batch_pipeline_dag.py for tasks to queue
[2026-06-22T13:06:28.141+0000] {logging_mixin.py:188} INFO - [2026-06-22T13:06:28.141+0000] {dagbag.py:538} INFO - Filling up the DagBag from /opt/airflow/dags/batch_pipeline_dag.py
[2026-06-22T13:06:28.246+0000] {processor.py:840} INFO - DAG(s) 'batch_pipeline_harga_pangan' retrieved from /opt/airflow/dags/batch_pipeline_dag.py
[2026-06-22T13:06:28.550+0000] {logging_mixin.py:188} INFO - [2026-06-22T13:06:28.549+0000] {dag.py:3036} INFO - Sync 1 DAGs
[2026-06-22T13:06:28.645+0000] {logging_mixin.py:188} INFO - [2026-06-22T13:06:28.644+0000] {dag.py:3823} INFO - Setting next_dagrun for batch_pipeline_harga_pangan to 2026-06-21 23:00:00+00:00, run_after=2026-06-22 23:00:00+00:00
[2026-06-22T13:06:28.726+0000] {processor.py:183} INFO - Processing /opt/airflow/dags/batch_pipeline_dag.py took 0.598 seconds
[2026-06-22T13:06:59.166+0000] {processor.py:161} INFO - Started process (PID=537) to work on /opt/airflow/dags/batch_pipeline_dag.py
[2026-06-22T13:06:59.170+0000] {processor.py:830} INFO - Processing file /opt/airflow/dags/batch_pipeline_dag.py for tasks to queue
[2026-06-22T13:06:59.173+0000] {logging_mixin.py:188} INFO - [2026-06-22T13:06:59.172+0000] {dagbag.py:538} INFO - Filling up the DagBag from /opt/airflow/dags/batch_pipeline_dag.py
[2026-06-22T13:06:59.251+0000] {processor.py:840} INFO - DAG(s) 'batch_pipeline_harga_pangan' retrieved from /opt/airflow/dags/batch_pipeline_dag.py
[2026-06-22T13:06:59.817+0000] {logging_mixin.py:188} INFO - [2026-06-22T13:06:59.817+0000] {dag.py:3036} INFO - Sync 1 DAGs
[2026-06-22T13:06:59.876+0000] {logging_mixin.py:188} INFO - [2026-06-22T13:06:59.875+0000] {dag.py:3823} INFO - Setting next_dagrun for batch_pipeline_harga_pangan to 2026-06-21 23:00:00+00:00, run_after=2026-06-22 23:00:00+00:00
[2026-06-22T13:06:59.962+0000] {processor.py:183} INFO - Processing /opt/airflow/dags/batch_pipeline_dag.py took 0.805 seconds
[2026-06-22T13:07:30.523+0000] {processor.py:161} INFO - Started process (PID=555) to work on /opt/airflow/dags/batch_pipeline_dag.py
[2026-06-22T13:07:30.535+0000] {processor.py:830} INFO - Processing file /opt/airflow/dags/batch_pipeline_dag.py for tasks to queue
[2026-06-22T13:07:30.541+0000] {logging_mixin.py:188} INFO - [2026-06-22T13:07:30.540+0000] {dagbag.py:538} INFO - Filling up the DagBag from /opt/airflow/dags/batch_pipeline_dag.py
[2026-06-22T13:07:30.648+0000] {processor.py:840} INFO - DAG(s) 'batch_pipeline_harga_pangan' retrieved from /opt/airflow/dags/batch_pipeline_dag.py
[2026-06-22T13:07:30.931+0000] {logging_mixin.py:188} INFO - [2026-06-22T13:07:30.931+0000] {dag.py:3036} INFO - Sync 1 DAGs
[2026-06-22T13:07:31.008+0000] {logging_mixin.py:188} INFO - [2026-06-22T13:07:31.007+0000] {dag.py:3823} INFO - Setting next_dagrun for batch_pipeline_harga_pangan to 2026-06-21 23:00:00+00:00, run_after=2026-06-22 23:00:00+00:00
[2026-06-22T13:07:31.054+0000] {processor.py:183} INFO - Processing /opt/airflow/dags/batch_pipeline_dag.py took 0.548 seconds
[2026-06-22T13:08:01.812+0000] {processor.py:161} INFO - Started process (PID=573) to work on /opt/airflow/dags/batch_pipeline_dag.py
[2026-06-22T13:08:01.817+0000] {processor.py:830} INFO - Processing file /opt/airflow/dags/batch_pipeline_dag.py for tasks to queue
[2026-06-22T13:08:01.823+0000] {logging_mixin.py:188} INFO - [2026-06-22T13:08:01.822+0000] {dagbag.py:538} INFO - Filling up the DagBag from /opt/airflow/dags/batch_pipeline_dag.py
[2026-06-22T13:08:01.903+0000] {processor.py:840} INFO - DAG(s) 'batch_pipeline_harga_pangan' retrieved from /opt/airflow/dags/batch_pipeline_dag.py
[2026-06-22T13:08:02.104+0000] {logging_mixin.py:188} INFO - [2026-06-22T13:08:02.103+0000] {dag.py:3036} INFO - Sync 1 DAGs
[2026-06-22T13:08:02.224+0000] {logging_mixin.py:188} INFO - [2026-06-22T13:08:02.223+0000] {dag.py:3823} INFO - Setting next_dagrun for batch_pipeline_harga_pangan to 2026-06-21 23:00:00+00:00, run_after=2026-06-22 23:00:00+00:00
[2026-06-22T13:08:02.303+0000] {processor.py:183} INFO - Processing /opt/airflow/dags/batch_pipeline_dag.py took 0.500 seconds
[2026-06-22T13:08:33.293+0000] {processor.py:161} INFO - Started process (PID=591) to work on /opt/airflow/dags/batch_pipeline_dag.py
[2026-06-22T13:08:33.307+0000] {processor.py:830} INFO - Processing file /opt/airflow/dags/batch_pipeline_dag.py for tasks to queue
[2026-06-22T13:08:33.323+0000] {logging_mixin.py:188} INFO - [2026-06-22T13:08:33.322+0000] {dagbag.py:538} INFO - Filling up the DagBag from /opt/airflow/dags/batch_pipeline_dag.py
[2026-06-22T13:08:33.762+0000] {processor.py:840} INFO - DAG(s) 'batch_pipeline_harga_pangan' retrieved from /opt/airflow/dags/batch_pipeline_dag.py
[2026-06-22T13:08:34.317+0000] {logging_mixin.py:188} INFO - [2026-06-22T13:08:34.317+0000] {dag.py:3036} INFO - Sync 1 DAGs
[2026-06-22T13:08:34.383+0000] {logging_mixin.py:188} INFO - [2026-06-22T13:08:34.382+0000] {dag.py:3823} INFO - Setting next_dagrun for batch_pipeline_harga_pangan to 2026-06-21 23:00:00+00:00, run_after=2026-06-22 23:00:00+00:00
[2026-06-22T13:08:34.443+0000] {processor.py:183} INFO - Processing /opt/airflow/dags/batch_pipeline_dag.py took 1.168 seconds
[2026-06-22T13:09:04.790+0000] {processor.py:161} INFO - Started process (PID=609) to work on /opt/airflow/dags/batch_pipeline_dag.py
[2026-06-22T13:09:04.793+0000] {processor.py:830} INFO - Processing file /opt/airflow/dags/batch_pipeline_dag.py for tasks to queue
[2026-06-22T13:09:04.796+0000] {logging_mixin.py:188} INFO - [2026-06-22T13:09:04.796+0000] {dagbag.py:538} INFO - Filling up the DagBag from /opt/airflow/dags/batch_pipeline_dag.py
[2026-06-22T13:09:05.035+0000] {processor.py:840} INFO - DAG(s) 'batch_pipeline_harga_pangan' retrieved from /opt/airflow/dags/batch_pipeline_dag.py
[2026-06-22T13:09:05.222+0000] {logging_mixin.py:188} INFO - [2026-06-22T13:09:05.221+0000] {dag.py:3036} INFO - Sync 1 DAGs
[2026-06-22T13:09:05.293+0000] {logging_mixin.py:188} INFO - [2026-06-22T13:09:05.292+0000] {dag.py:3823} INFO - Setting next_dagrun for batch_pipeline_harga_pangan to 2026-06-21 23:00:00+00:00, run_after=2026-06-22 23:00:00+00:00
[2026-06-22T13:09:05.372+0000] {processor.py:183} INFO - Processing /opt/airflow/dags/batch_pipeline_dag.py took 0.592 seconds
[2026-06-22T13:09:35.757+0000] {processor.py:161} INFO - Started process (PID=628) to work on /opt/airflow/dags/batch_pipeline_dag.py
[2026-06-22T13:09:35.761+0000] {processor.py:830} INFO - Processing file /opt/airflow/dags/batch_pipeline_dag.py for tasks to queue
[2026-06-22T13:09:35.772+0000] {logging_mixin.py:188} INFO - [2026-06-22T13:09:35.771+0000] {dagbag.py:538} INFO - Filling up the DagBag from /opt/airflow/dags/batch_pipeline_dag.py
[2026-06-22T13:09:35.915+0000] {processor.py:840} INFO - DAG(s) 'batch_pipeline_harga_pangan' retrieved from /opt/airflow/dags/batch_pipeline_dag.py
[2026-06-22T13:09:36.067+0000] {logging_mixin.py:188} INFO - [2026-06-22T13:09:36.066+0000] {dag.py:3036} INFO - Sync 1 DAGs
[2026-06-22T13:09:36.123+0000] {logging_mixin.py:188} INFO - [2026-06-22T13:09:36.122+0000] {dag.py:3823} INFO - Setting next_dagrun for batch_pipeline_harga_pangan to 2026-06-21 23:00:00+00:00, run_after=2026-06-22 23:00:00+00:00
[2026-06-22T13:09:36.177+0000] {processor.py:183} INFO - Processing /opt/airflow/dags/batch_pipeline_dag.py took 0.431 seconds
[2026-06-22T13:10:06.293+0000] {processor.py:161} INFO - Started process (PID=639) to work on /opt/airflow/dags/batch_pipeline_dag.py
[2026-06-22T13:10:06.296+0000] {processor.py:830} INFO - Processing file /opt/airflow/dags/batch_pipeline_dag.py for tasks to queue
[2026-06-22T13:10:06.299+0000] {logging_mixin.py:188} INFO - [2026-06-22T13:10:06.298+0000] {dagbag.py:538} INFO - Filling up the DagBag from /opt/airflow/dags/batch_pipeline_dag.py
[2026-06-22T13:10:06.375+0000] {processor.py:840} INFO - DAG(s) 'batch_pipeline_harga_pangan' retrieved from /opt/airflow/dags/batch_pipeline_dag.py
[2026-06-22T13:10:06.579+0000] {logging_mixin.py:188} INFO - [2026-06-22T13:10:06.578+0000] {dag.py:3036} INFO - Sync 1 DAGs
[2026-06-22T13:10:06.686+0000] {logging_mixin.py:188} INFO - [2026-06-22T13:10:06.686+0000] {dag.py:3823} INFO - Setting next_dagrun for batch_pipeline_harga_pangan to 2026-06-21 23:00:00+00:00, run_after=2026-06-22 23:00:00+00:00
[2026-06-22T13:10:06.841+0000] {processor.py:183} INFO - Processing /opt/airflow/dags/batch_pipeline_dag.py took 0.555 seconds
[2026-06-22T13:10:37.668+0000] {processor.py:161} INFO - Started process (PID=657) to work on /opt/airflow/dags/batch_pipeline_dag.py
[2026-06-22T13:10:37.672+0000] {processor.py:830} INFO - Processing file /opt/airflow/dags/batch_pipeline_dag.py for tasks to queue
[2026-06-22T13:10:37.676+0000] {logging_mixin.py:188} INFO - [2026-06-22T13:10:37.675+0000] {dagbag.py:538} INFO - Filling up the DagBag from /opt/airflow/dags/batch_pipeline_dag.py
[2026-06-22T13:10:37.761+0000] {processor.py:840} INFO - DAG(s) 'batch_pipeline_harga_pangan' retrieved from /opt/airflow/dags/batch_pipeline_dag.py
[2026-06-22T13:10:37.908+0000] {logging_mixin.py:188} INFO - [2026-06-22T13:10:37.908+0000] {dag.py:3036} INFO - Sync 1 DAGs
[2026-06-22T13:10:37.962+0000] {logging_mixin.py:188} INFO - [2026-06-22T13:10:37.961+0000] {dag.py:3823} INFO - Setting next_dagrun for batch_pipeline_harga_pangan to 2026-06-21 23:00:00+00:00, run_after=2026-06-22 23:00:00+00:00
[2026-06-22T13:10:38.038+0000] {processor.py:183} INFO - Processing /opt/airflow/dags/batch_pipeline_dag.py took 0.386 seconds
[2026-06-22T13:11:08.527+0000] {processor.py:161} INFO - Started process (PID=673) to work on /opt/airflow/dags/batch_pipeline_dag.py
[2026-06-22T13:11:08.534+0000] {processor.py:830} INFO - Processing file /opt/airflow/dags/batch_pipeline_dag.py for tasks to queue
[2026-06-22T13:11:08.539+0000] {logging_mixin.py:188} INFO - [2026-06-22T13:11:08.538+0000] {dagbag.py:538} INFO - Filling up the DagBag from /opt/airflow/dags/batch_pipeline_dag.py
[2026-06-22T13:11:08.871+0000] {processor.py:840} INFO - DAG(s) 'batch_pipeline_harga_pangan' retrieved from /opt/airflow/dags/batch_pipeline_dag.py
[2026-06-22T13:11:09.290+0000] {logging_mixin.py:188} INFO - [2026-06-22T13:11:09.289+0000] {dag.py:3036} INFO - Sync 1 DAGs
[2026-06-22T13:11:09.450+0000] {logging_mixin.py:188} INFO - [2026-06-22T13:11:09.448+0000] {dag.py:3823} INFO - Setting next_dagrun for batch_pipeline_harga_pangan to 2026-06-21 23:00:00+00:00, run_after=2026-06-22 23:00:00+00:00
[2026-06-22T13:11:09.558+0000] {processor.py:183} INFO - Processing /opt/airflow/dags/batch_pipeline_dag.py took 1.073 seconds
[2026-06-22T13:11:40.953+0000] {processor.py:161} INFO - Started process (PID=691) to work on /opt/airflow/dags/batch_pipeline_dag.py
[2026-06-22T13:11:40.963+0000] {processor.py:830} INFO - Processing file /opt/airflow/dags/batch_pipeline_dag.py for tasks to queue
[2026-06-22T13:11:40.967+0000] {logging_mixin.py:188} INFO - [2026-06-22T13:11:40.965+0000] {dagbag.py:538} INFO - Filling up the DagBag from /opt/airflow/dags/batch_pipeline_dag.py
[2026-06-22T13:11:41.168+0000] {processor.py:840} INFO - DAG(s) 'batch_pipeline_harga_pangan' retrieved from /opt/airflow/dags/batch_pipeline_dag.py
[2026-06-22T13:11:41.454+0000] {logging_mixin.py:188} INFO - [2026-06-22T13:11:41.454+0000] {dag.py:3036} INFO - Sync 1 DAGs
[2026-06-22T13:11:41.543+0000] {logging_mixin.py:188} INFO - [2026-06-22T13:11:41.542+0000] {dag.py:3823} INFO - Setting next_dagrun for batch_pipeline_harga_pangan to 2026-06-21 23:00:00+00:00, run_after=2026-06-22 23:00:00+00:00
[2026-06-22T13:11:41.620+0000] {processor.py:183} INFO - Processing /opt/airflow/dags/batch_pipeline_dag.py took 0.764 seconds
[2026-06-22T13:12:12.005+0000] {processor.py:161} INFO - Started process (PID=701) to work on /opt/airflow/dags/batch_pipeline_dag.py
[2026-06-22T13:12:12.014+0000] {processor.py:830} INFO - Processing file /opt/airflow/dags/batch_pipeline_dag.py for tasks to queue
[2026-06-22T13:12:12.020+0000] {logging_mixin.py:188} INFO - [2026-06-22T13:12:12.019+0000] {dagbag.py:538} INFO - Filling up the DagBag from /opt/airflow/dags/batch_pipeline_dag.py
[2026-06-22T13:12:12.102+0000] {processor.py:840} INFO - DAG(s) 'batch_pipeline_harga_pangan' retrieved from /opt/airflow/dags/batch_pipeline_dag.py
[2026-06-22T13:12:12.268+0000] {logging_mixin.py:188} INFO - [2026-06-22T13:12:12.267+0000] {dag.py:3036} INFO - Sync 1 DAGs
[2026-06-22T13:12:12.354+0000] {logging_mixin.py:188} INFO - [2026-06-22T13:12:12.353+0000] {dag.py:3823} INFO - Setting next_dagrun for batch_pipeline_harga_pangan to 2026-06-21 23:00:00+00:00, run_after=2026-06-22 23:00:00+00:00
[2026-06-22T13:12:12.445+0000] {processor.py:183} INFO - Processing /opt/airflow/dags/batch_pipeline_dag.py took 0.450 seconds
[2026-06-22T13:12:42.720+0000] {processor.py:161} INFO - Started process (PID=721) to work on /opt/airflow/dags/batch_pipeline_dag.py
[2026-06-22T13:12:42.744+0000] {processor.py:830} INFO - Processing file /opt/airflow/dags/batch_pipeline_dag.py for tasks to queue
[2026-06-22T13:12:42.774+0000] {logging_mixin.py:188} INFO - [2026-06-22T13:12:42.773+0000] {dagbag.py:538} INFO - Filling up the DagBag from /opt/airflow/dags/batch_pipeline_dag.py
[2026-06-22T13:12:43.089+0000] {processor.py:840} INFO - DAG(s) 'batch_pipeline_harga_pangan' retrieved from /opt/airflow/dags/batch_pipeline_dag.py
[2026-06-22T13:12:43.278+0000] {logging_mixin.py:188} INFO - [2026-06-22T13:12:43.278+0000] {dag.py:3036} INFO - Sync 1 DAGs
[2026-06-22T13:12:43.351+0000] {logging_mixin.py:188} INFO - [2026-06-22T13:12:43.350+0000] {dag.py:3823} INFO - Setting next_dagrun for batch_pipeline_harga_pangan to 2026-06-21 23:00:00+00:00, run_after=2026-06-22 23:00:00+00:00
[2026-06-22T13:12:43.402+0000] {processor.py:183} INFO - Processing /opt/airflow/dags/batch_pipeline_dag.py took 0.698 seconds
[2026-06-22T13:13:13.810+0000] {processor.py:161} INFO - Started process (PID=740) to work on /opt/airflow/dags/batch_pipeline_dag.py
[2026-06-22T13:13:13.818+0000] {processor.py:830} INFO - Processing file /opt/airflow/dags/batch_pipeline_dag.py for tasks to queue
[2026-06-22T13:13:13.825+0000] {logging_mixin.py:188} INFO - [2026-06-22T13:13:13.824+0000] {dagbag.py:538} INFO - Filling up the DagBag from /opt/airflow/dags/batch_pipeline_dag.py
[2026-06-22T13:13:13.955+0000] {processor.py:840} INFO - DAG(s) 'batch_pipeline_harga_pangan' retrieved from /opt/airflow/dags/batch_pipeline_dag.py
[2026-06-22T13:13:14.136+0000] {logging_mixin.py:188} INFO - [2026-06-22T13:13:14.135+0000] {dag.py:3036} INFO - Sync 1 DAGs
[2026-06-22T13:13:14.221+0000] {logging_mixin.py:188} INFO - [2026-06-22T13:13:14.220+0000] {dag.py:3823} INFO - Setting next_dagrun for batch_pipeline_harga_pangan to 2026-06-21 23:00:00+00:00, run_after=2026-06-22 23:00:00+00:00
[2026-06-22T13:13:14.317+0000] {processor.py:183} INFO - Processing /opt/airflow/dags/batch_pipeline_dag.py took 0.515 seconds
[2026-06-22T13:13:44.865+0000] {processor.py:161} INFO - Started process (PID=756) to work on /opt/airflow/dags/batch_pipeline_dag.py
[2026-06-22T13:13:44.874+0000] {processor.py:830} INFO - Processing file /opt/airflow/dags/batch_pipeline_dag.py for tasks to queue
[2026-06-22T13:13:44.878+0000] {logging_mixin.py:188} INFO - [2026-06-22T13:13:44.877+0000] {dagbag.py:538} INFO - Filling up the DagBag from /opt/airflow/dags/batch_pipeline_dag.py
[2026-06-22T13:13:45.020+0000] {processor.py:840} INFO - DAG(s) 'batch_pipeline_harga_pangan' retrieved from /opt/airflow/dags/batch_pipeline_dag.py
[2026-06-22T13:13:45.255+0000] {logging_mixin.py:188} INFO - [2026-06-22T13:13:45.255+0000] {dag.py:3036} INFO - Sync 1 DAGs
[2026-06-22T13:13:45.339+0000] {logging_mixin.py:188} INFO - [2026-06-22T13:13:45.339+0000] {dag.py:3823} INFO - Setting next_dagrun for batch_pipeline_harga_pangan to 2026-06-21 23:00:00+00:00, run_after=2026-06-22 23:00:00+00:00
[2026-06-22T13:13:45.406+0000] {processor.py:183} INFO - Processing /opt/airflow/dags/batch_pipeline_dag.py took 0.556 seconds
[2026-06-22T13:14:15.795+0000] {processor.py:161} INFO - Started process (PID=774) to work on /opt/airflow/dags/batch_pipeline_dag.py
[2026-06-22T13:14:15.798+0000] {processor.py:830} INFO - Processing file /opt/airflow/dags/batch_pipeline_dag.py for tasks to queue
[2026-06-22T13:14:15.802+0000] {logging_mixin.py:188} INFO - [2026-06-22T13:14:15.801+0000] {dagbag.py:538} INFO - Filling up the DagBag from /opt/airflow/dags/batch_pipeline_dag.py
[2026-06-22T13:14:15.917+0000] {processor.py:840} INFO - DAG(s) 'batch_pipeline_harga_pangan' retrieved from /opt/airflow/dags/batch_pipeline_dag.py
[2026-06-22T13:14:16.233+0000] {logging_mixin.py:188} INFO - [2026-06-22T13:14:16.232+0000] {dag.py:3036} INFO - Sync 1 DAGs
[2026-06-22T13:14:16.355+0000] {logging_mixin.py:188} INFO - [2026-06-22T13:14:16.354+0000] {dag.py:3823} INFO - Setting next_dagrun for batch_pipeline_harga_pangan to 2026-06-21 23:00:00+00:00, run_after=2026-06-22 23:00:00+00:00
[2026-06-22T13:14:16.439+0000] {processor.py:183} INFO - Processing /opt/airflow/dags/batch_pipeline_dag.py took 0.654 seconds
[2026-06-22T13:14:47.563+0000] {processor.py:161} INFO - Started process (PID=784) to work on /opt/airflow/dags/batch_pipeline_dag.py
[2026-06-22T13:14:47.579+0000] {processor.py:830} INFO - Processing file /opt/airflow/dags/batch_pipeline_dag.py for tasks to queue
[2026-06-22T13:14:47.584+0000] {logging_mixin.py:188} INFO - [2026-06-22T13:14:47.583+0000] {dagbag.py:538} INFO - Filling up the DagBag from /opt/airflow/dags/batch_pipeline_dag.py
[2026-06-22T13:14:47.732+0000] {processor.py:840} INFO - DAG(s) 'batch_pipeline_harga_pangan' retrieved from /opt/airflow/dags/batch_pipeline_dag.py
[2026-06-22T13:14:48.127+0000] {logging_mixin.py:188} INFO - [2026-06-22T13:14:48.127+0000] {dag.py:3036} INFO - Sync 1 DAGs
[2026-06-22T13:14:48.231+0000] {logging_mixin.py:188} INFO - [2026-06-22T13:14:48.230+0000] {dag.py:3823} INFO - Setting next_dagrun for batch_pipeline_harga_pangan to 2026-06-21 23:00:00+00:00, run_after=2026-06-22 23:00:00+00:00
[2026-06-22T13:14:48.377+0000] {processor.py:183} INFO - Processing /opt/airflow/dags/batch_pipeline_dag.py took 0.832 seconds
[2026-06-22T13:15:18.729+0000] {processor.py:161} INFO - Started process (PID=802) to work on /opt/airflow/dags/batch_pipeline_dag.py
[2026-06-22T13:15:18.742+0000] {processor.py:830} INFO - Processing file /opt/airflow/dags/batch_pipeline_dag.py for tasks to queue
[2026-06-22T13:15:18.761+0000] {logging_mixin.py:188} INFO - [2026-06-22T13:15:18.760+0000] {dagbag.py:538} INFO - Filling up the DagBag from /opt/airflow/dags/batch_pipeline_dag.py
[2026-06-22T13:15:19.000+0000] {processor.py:840} INFO - DAG(s) 'batch_pipeline_harga_pangan' retrieved from /opt/airflow/dags/batch_pipeline_dag.py
[2026-06-22T13:15:19.154+0000] {logging_mixin.py:188} INFO - [2026-06-22T13:15:19.153+0000] {dag.py:3036} INFO - Sync 1 DAGs
[2026-06-22T13:15:19.220+0000] {logging_mixin.py:188} INFO - [2026-06-22T13:15:19.219+0000] {dag.py:3823} INFO - Setting next_dagrun for batch_pipeline_harga_pangan to 2026-06-21 23:00:00+00:00, run_after=2026-06-22 23:00:00+00:00
[2026-06-22T13:15:19.269+0000] {processor.py:183} INFO - Processing /opt/airflow/dags/batch_pipeline_dag.py took 0.559 seconds
[2026-06-22T13:15:50.236+0000] {processor.py:161} INFO - Started process (PID=820) to work on /opt/airflow/dags/batch_pipeline_dag.py
[2026-06-22T13:15:50.245+0000] {processor.py:830} INFO - Processing file /opt/airflow/dags/batch_pipeline_dag.py for tasks to queue
[2026-06-22T13:15:50.253+0000] {logging_mixin.py:188} INFO - [2026-06-22T13:15:50.252+0000] {dagbag.py:538} INFO - Filling up the DagBag from /opt/airflow/dags/batch_pipeline_dag.py
[2026-06-22T13:15:50.935+0000] {processor.py:840} INFO - DAG(s) 'batch_pipeline_harga_pangan' retrieved from /opt/airflow/dags/batch_pipeline_dag.py
[2026-06-22T13:15:51.440+0000] {logging_mixin.py:188} INFO - [2026-06-22T13:15:51.439+0000] {dag.py:3036} INFO - Sync 1 DAGs
[2026-06-22T13:15:51.528+0000] {logging_mixin.py:188} INFO - [2026-06-22T13:15:51.528+0000] {dag.py:3823} INFO - Setting next_dagrun for batch_pipeline_harga_pangan to 2026-06-21 23:00:00+00:00, run_after=2026-06-22 23:00:00+00:00
[2026-06-22T13:15:51.576+0000] {processor.py:183} INFO - Processing /opt/airflow/dags/batch_pipeline_dag.py took 1.348 seconds
[2026-06-22T13:16:22.041+0000] {processor.py:161} INFO - Started process (PID=837) to work on /opt/airflow/dags/batch_pipeline_dag.py
[2026-06-22T13:16:22.138+0000] {processor.py:830} INFO - Processing file /opt/airflow/dags/batch_pipeline_dag.py for tasks to queue
[2026-06-22T13:16:22.192+0000] {logging_mixin.py:188} INFO - [2026-06-22T13:16:22.191+0000] {dagbag.py:538} INFO - Filling up the DagBag from /opt/airflow/dags/batch_pipeline_dag.py
[2026-06-22T13:16:22.335+0000] {processor.py:840} INFO - DAG(s) 'batch_pipeline_harga_pangan' retrieved from /opt/airflow/dags/batch_pipeline_dag.py
[2026-06-22T13:16:22.566+0000] {logging_mixin.py:188} INFO - [2026-06-22T13:16:22.565+0000] {dag.py:3036} INFO - Sync 1 DAGs
[2026-06-22T13:16:22.629+0000] {logging_mixin.py:188} INFO - [2026-06-22T13:16:22.628+0000] {dag.py:3823} INFO - Setting next_dagrun for batch_pipeline_harga_pangan to 2026-06-21 23:00:00+00:00, run_after=2026-06-22 23:00:00+00:00
[2026-06-22T13:16:22.703+0000] {processor.py:183} INFO - Processing /opt/airflow/dags/batch_pipeline_dag.py took 0.673 seconds
[2026-06-22T13:16:52.975+0000] {processor.py:161} INFO - Started process (PID=856) to work on /opt/airflow/dags/batch_pipeline_dag.py
[2026-06-22T13:16:52.981+0000] {processor.py:830} INFO - Processing file /opt/airflow/dags/batch_pipeline_dag.py for tasks to queue
[2026-06-22T13:16:52.984+0000] {logging_mixin.py:188} INFO - [2026-06-22T13:16:52.983+0000] {dagbag.py:538} INFO - Filling up the DagBag from /opt/airflow/dags/batch_pipeline_dag.py
[2026-06-22T13:16:53.267+0000] {processor.py:840} INFO - DAG(s) 'batch_pipeline_harga_pangan' retrieved from /opt/airflow/dags/batch_pipeline_dag.py
[2026-06-22T13:16:53.618+0000] {logging_mixin.py:188} INFO - [2026-06-22T13:16:53.617+0000] {dag.py:3036} INFO - Sync 1 DAGs
[2026-06-22T13:16:53.784+0000] {logging_mixin.py:188} INFO - [2026-06-22T13:16:53.783+0000] {dag.py:3823} INFO - Setting next_dagrun for batch_pipeline_harga_pangan to 2026-06-21 23:00:00+00:00, run_after=2026-06-22 23:00:00+00:00
[2026-06-22T13:16:53.884+0000] {processor.py:183} INFO - Processing /opt/airflow/dags/batch_pipeline_dag.py took 0.918 seconds
[2026-06-22T13:17:24.301+0000] {processor.py:161} INFO - Started process (PID=866) to work on /opt/airflow/dags/batch_pipeline_dag.py
[2026-06-22T13:17:24.306+0000] {processor.py:830} INFO - Processing file /opt/airflow/dags/batch_pipeline_dag.py for tasks to queue
[2026-06-22T13:17:24.310+0000] {logging_mixin.py:188} INFO - [2026-06-22T13:17:24.309+0000] {dagbag.py:538} INFO - Filling up the DagBag from /opt/airflow/dags/batch_pipeline_dag.py
[2026-06-22T13:17:24.390+0000] {processor.py:840} INFO - DAG(s) 'batch_pipeline_harga_pangan' retrieved from /opt/airflow/dags/batch_pipeline_dag.py
[2026-06-22T13:17:24.592+0000] {logging_mixin.py:188} INFO - [2026-06-22T13:17:24.591+0000] {dag.py:3036} INFO - Sync 1 DAGs
[2026-06-22T13:17:24.660+0000] {logging_mixin.py:188} INFO - [2026-06-22T13:17:24.659+0000] {dag.py:3823} INFO - Setting next_dagrun for batch_pipeline_harga_pangan to 2026-06-21 23:00:00+00:00, run_after=2026-06-22 23:00:00+00:00
[2026-06-22T13:17:24.705+0000] {processor.py:183} INFO - Processing /opt/airflow/dags/batch_pipeline_dag.py took 0.416 seconds
[2026-06-22T13:17:56.090+0000] {processor.py:161} INFO - Started process (PID=884) to work on /opt/airflow/dags/batch_pipeline_dag.py
[2026-06-22T13:17:56.093+0000] {processor.py:830} INFO - Processing file /opt/airflow/dags/batch_pipeline_dag.py for tasks to queue
[2026-06-22T13:17:56.096+0000] {logging_mixin.py:188} INFO - [2026-06-22T13:17:56.096+0000] {dagbag.py:538} INFO - Filling up the DagBag from /opt/airflow/dags/batch_pipeline_dag.py
[2026-06-22T13:17:56.215+0000] {processor.py:840} INFO - DAG(s) 'batch_pipeline_harga_pangan' retrieved from /opt/airflow/dags/batch_pipeline_dag.py
[2026-06-22T13:17:56.390+0000] {logging_mixin.py:188} INFO - [2026-06-22T13:17:56.389+0000] {dag.py:3036} INFO - Sync 1 DAGs
[2026-06-22T13:17:56.491+0000] {logging_mixin.py:188} INFO - [2026-06-22T13:17:56.491+0000] {dag.py:3823} INFO - Setting next_dagrun for batch_pipeline_harga_pangan to 2026-06-21 23:00:00+00:00, run_after=2026-06-22 23:00:00+00:00
[2026-06-22T13:17:56.565+0000] {processor.py:183} INFO - Processing /opt/airflow/dags/batch_pipeline_dag.py took 0.485 seconds
[2026-06-22T13:18:27.634+0000] {processor.py:161} INFO - Started process (PID=902) to work on /opt/airflow/dags/batch_pipeline_dag.py
[2026-06-22T13:18:27.638+0000] {processor.py:830} INFO - Processing file /opt/airflow/dags/batch_pipeline_dag.py for tasks to queue
[2026-06-22T13:18:27.642+0000] {logging_mixin.py:188} INFO - [2026-06-22T13:18:27.641+0000] {dagbag.py:538} INFO - Filling up the DagBag from /opt/airflow/dags/batch_pipeline_dag.py
[2026-06-22T13:18:27.752+0000] {processor.py:840} INFO - DAG(s) 'batch_pipeline_harga_pangan' retrieved from /opt/airflow/dags/batch_pipeline_dag.py
[2026-06-22T13:18:27.935+0000] {logging_mixin.py:188} INFO - [2026-06-22T13:18:27.935+0000] {dag.py:3036} INFO - Sync 1 DAGs
[2026-06-22T13:18:27.978+0000] {logging_mixin.py:188} INFO - [2026-06-22T13:18:27.977+0000] {dag.py:3823} INFO - Setting next_dagrun for batch_pipeline_harga_pangan to 2026-06-21 23:00:00+00:00, run_after=2026-06-22 23:00:00+00:00
[2026-06-22T13:18:28.748+0000] {processor.py:183} INFO - Processing /opt/airflow/dags/batch_pipeline_dag.py took 1.120 seconds
[2026-06-22T13:18:58.916+0000] {processor.py:161} INFO - Started process (PID=922) to work on /opt/airflow/dags/batch_pipeline_dag.py
[2026-06-22T13:18:58.918+0000] {processor.py:830} INFO - Processing file /opt/airflow/dags/batch_pipeline_dag.py for tasks to queue
[2026-06-22T13:18:58.920+0000] {logging_mixin.py:188} INFO - [2026-06-22T13:18:58.920+0000] {dagbag.py:538} INFO - Filling up the DagBag from /opt/airflow/dags/batch_pipeline_dag.py
[2026-06-22T13:18:58.980+0000] {processor.py:840} INFO - DAG(s) 'batch_pipeline_harga_pangan' retrieved from /opt/airflow/dags/batch_pipeline_dag.py
[2026-06-22T13:18:59.109+0000] {logging_mixin.py:188} INFO - [2026-06-22T13:18:59.109+0000] {dag.py:3036} INFO - Sync 1 DAGs
[2026-06-22T13:18:59.154+0000] {logging_mixin.py:188} INFO - [2026-06-22T13:18:59.153+0000] {dag.py:3823} INFO - Setting next_dagrun for batch_pipeline_harga_pangan to 2026-06-21 23:00:00+00:00, run_after=2026-06-22 23:00:00+00:00
[2026-06-22T13:18:59.214+0000] {processor.py:183} INFO - Processing /opt/airflow/dags/batch_pipeline_dag.py took 0.305 seconds
[2026-06-22T13:19:29.624+0000] {processor.py:161} INFO - Started process (PID=938) to work on /opt/airflow/dags/batch_pipeline_dag.py
[2026-06-22T13:19:29.628+0000] {processor.py:830} INFO - Processing file /opt/airflow/dags/batch_pipeline_dag.py for tasks to queue
[2026-06-22T13:19:29.632+0000] {logging_mixin.py:188} INFO - [2026-06-22T13:19:29.632+0000] {dagbag.py:538} INFO - Filling up the DagBag from /opt/airflow/dags/batch_pipeline_dag.py
[2026-06-22T13:19:29.729+0000] {processor.py:840} INFO - DAG(s) 'batch_pipeline_harga_pangan' retrieved from /opt/airflow/dags/batch_pipeline_dag.py
[2026-06-22T13:19:29.825+0000] {logging_mixin.py:188} INFO - [2026-06-22T13:19:29.825+0000] {dag.py:3036} INFO - Sync 1 DAGs
[2026-06-22T13:19:29.849+0000] {logging_mixin.py:188} INFO - [2026-06-22T13:19:29.848+0000] {dag.py:3823} INFO - Setting next_dagrun for batch_pipeline_harga_pangan to 2026-06-21 23:00:00+00:00, run_after=2026-06-22 23:00:00+00:00
[2026-06-22T13:19:29.869+0000] {processor.py:183} INFO - Processing /opt/airflow/dags/batch_pipeline_dag.py took 0.260 seconds
[2026-06-22T13:20:00.848+0000] {processor.py:161} INFO - Started process (PID=956) to work on /opt/airflow/dags/batch_pipeline_dag.py
[2026-06-22T13:20:00.851+0000] {processor.py:830} INFO - Processing file /opt/airflow/dags/batch_pipeline_dag.py for tasks to queue
[2026-06-22T13:20:00.853+0000] {logging_mixin.py:188} INFO - [2026-06-22T13:20:00.853+0000] {dagbag.py:538} INFO - Filling up the DagBag from /opt/airflow/dags/batch_pipeline_dag.py
[2026-06-22T13:20:00.902+0000] {processor.py:840} INFO - DAG(s) 'batch_pipeline_harga_pangan' retrieved from /opt/airflow/dags/batch_pipeline_dag.py
[2026-06-22T13:20:01.031+0000] {logging_mixin.py:188} INFO - [2026-06-22T13:20:01.031+0000] {dag.py:3036} INFO - Sync 1 DAGs
[2026-06-22T13:20:01.084+0000] {logging_mixin.py:188} INFO - [2026-06-22T13:20:01.084+0000] {dag.py:3823} INFO - Setting next_dagrun for batch_pipeline_harga_pangan to 2026-06-21 23:00:00+00:00, run_after=2026-06-22 23:00:00+00:00
[2026-06-22T13:20:01.132+0000] {processor.py:183} INFO - Processing /opt/airflow/dags/batch_pipeline_dag.py took 0.288 seconds
[2026-06-22T13:20:32.970+0000] {processor.py:161} INFO - Started process (PID=974) to work on /opt/airflow/dags/batch_pipeline_dag.py
[2026-06-22T13:20:32.972+0000] {processor.py:830} INFO - Processing file /opt/airflow/dags/batch_pipeline_dag.py for tasks to queue
[2026-06-22T13:20:32.973+0000] {logging_mixin.py:188} INFO - [2026-06-22T13:20:32.973+0000] {dagbag.py:538} INFO - Filling up the DagBag from /opt/airflow/dags/batch_pipeline_dag.py
[2026-06-22T13:20:33.019+0000] {processor.py:840} INFO - DAG(s) 'batch_pipeline_harga_pangan' retrieved from /opt/airflow/dags/batch_pipeline_dag.py
[2026-06-22T13:20:33.121+0000] {logging_mixin.py:188} INFO - [2026-06-22T13:20:33.121+0000] {dag.py:3036} INFO - Sync 1 DAGs
[2026-06-22T13:20:33.363+0000] {logging_mixin.py:188} INFO - [2026-06-22T13:20:33.362+0000] {dag.py:3823} INFO - Setting next_dagrun for batch_pipeline_harga_pangan to 2026-06-21 23:00:00+00:00, run_after=2026-06-22 23:00:00+00:00
[2026-06-22T13:20:33.426+0000] {processor.py:183} INFO - Processing /opt/airflow/dags/batch_pipeline_dag.py took 0.460 seconds
[2026-06-22T13:21:03.955+0000] {processor.py:161} INFO - Started process (PID=992) to work on /opt/airflow/dags/batch_pipeline_dag.py
[2026-06-22T13:21:03.957+0000] {processor.py:830} INFO - Processing file /opt/airflow/dags/batch_pipeline_dag.py for tasks to queue
[2026-06-22T13:21:03.958+0000] {logging_mixin.py:188} INFO - [2026-06-22T13:21:03.958+0000] {dagbag.py:538} INFO - Filling up the DagBag from /opt/airflow/dags/batch_pipeline_dag.py
[2026-06-22T13:21:03.999+0000] {processor.py:840} INFO - DAG(s) 'batch_pipeline_harga_pangan' retrieved from /opt/airflow/dags/batch_pipeline_dag.py
[2026-06-22T13:21:04.109+0000] {logging_mixin.py:188} INFO - [2026-06-22T13:21:04.109+0000] {dag.py:3036} INFO - Sync 1 DAGs
[2026-06-22T13:21:04.141+0000] {logging_mixin.py:188} INFO - [2026-06-22T13:21:04.141+0000] {dag.py:3823} INFO - Setting next_dagrun for batch_pipeline_harga_pangan to 2026-06-21 23:00:00+00:00, run_after=2026-06-22 23:00:00+00:00
[2026-06-22T13:21:04.175+0000] {processor.py:183} INFO - Processing /opt/airflow/dags/batch_pipeline_dag.py took 0.223 seconds
[2026-06-22T13:21:34.889+0000] {processor.py:161} INFO - Started process (PID=1002) to work on /opt/airflow/dags/batch_pipeline_dag.py
[2026-06-22T13:21:34.891+0000] {processor.py:830} INFO - Processing file /opt/airflow/dags/batch_pipeline_dag.py for tasks to queue
[2026-06-22T13:21:34.892+0000] {logging_mixin.py:188} INFO - [2026-06-22T13:21:34.892+0000] {dagbag.py:538} INFO - Filling up the DagBag from /opt/airflow/dags/batch_pipeline_dag.py
[2026-06-22T13:21:34.938+0000] {processor.py:840} INFO - DAG(s) 'batch_pipeline_harga_pangan' retrieved from /opt/airflow/dags/batch_pipeline_dag.py
[2026-06-22T13:21:35.465+0000] {logging_mixin.py:188} INFO - [2026-06-22T13:21:35.464+0000] {dag.py:3036} INFO - Sync 1 DAGs
[2026-06-22T13:21:35.499+0000] {logging_mixin.py:188} INFO - [2026-06-22T13:21:35.499+0000] {dag.py:3823} INFO - Setting next_dagrun for batch_pipeline_harga_pangan to 2026-06-21 23:00:00+00:00, run_after=2026-06-22 23:00:00+00:00
[2026-06-22T13:21:35.545+0000] {processor.py:183} INFO - Processing /opt/airflow/dags/batch_pipeline_dag.py took 0.660 seconds
[2026-06-22T13:22:06.398+0000] {processor.py:161} INFO - Started process (PID=1020) to work on /opt/airflow/dags/batch_pipeline_dag.py
[2026-06-22T13:22:06.401+0000] {processor.py:830} INFO - Processing file /opt/airflow/dags/batch_pipeline_dag.py for tasks to queue
[2026-06-22T13:22:06.404+0000] {logging_mixin.py:188} INFO - [2026-06-22T13:22:06.403+0000] {dagbag.py:538} INFO - Filling up the DagBag from /opt/airflow/dags/batch_pipeline_dag.py
[2026-06-22T13:22:06.477+0000] {processor.py:840} INFO - DAG(s) 'batch_pipeline_harga_pangan' retrieved from /opt/airflow/dags/batch_pipeline_dag.py
[2026-06-22T13:22:06.619+0000] {logging_mixin.py:188} INFO - [2026-06-22T13:22:06.619+0000] {dag.py:3036} INFO - Sync 1 DAGs
[2026-06-22T13:22:06.669+0000] {logging_mixin.py:188} INFO - [2026-06-22T13:22:06.668+0000] {dag.py:3823} INFO - Setting next_dagrun for batch_pipeline_harga_pangan to 2026-06-21 23:00:00+00:00, run_after=2026-06-22 23:00:00+00:00
[2026-06-22T13:22:06.885+0000] {processor.py:183} INFO - Processing /opt/airflow/dags/batch_pipeline_dag.py took 0.495 seconds
[2026-06-22T13:22:38.504+0000] {processor.py:161} INFO - Started process (PID=1040) to work on /opt/airflow/dags/batch_pipeline_dag.py
[2026-06-22T13:22:38.507+0000] {processor.py:830} INFO - Processing file /opt/airflow/dags/batch_pipeline_dag.py for tasks to queue
[2026-06-22T13:22:38.510+0000] {logging_mixin.py:188} INFO - [2026-06-22T13:22:38.509+0000] {dagbag.py:538} INFO - Filling up the DagBag from /opt/airflow/dags/batch_pipeline_dag.py
[2026-06-22T13:22:38.575+0000] {processor.py:840} INFO - DAG(s) 'batch_pipeline_harga_pangan' retrieved from /opt/airflow/dags/batch_pipeline_dag.py
[2026-06-22T13:22:38.838+0000] {logging_mixin.py:188} INFO - [2026-06-22T13:22:38.838+0000] {dag.py:3036} INFO - Sync 1 DAGs
[2026-06-22T13:22:38.866+0000] {logging_mixin.py:188} INFO - [2026-06-22T13:22:38.866+0000] {dag.py:3823} INFO - Setting next_dagrun for batch_pipeline_harga_pangan to 2026-06-21 23:00:00+00:00, run_after=2026-06-22 23:00:00+00:00
[2026-06-22T13:22:38.902+0000] {processor.py:183} INFO - Processing /opt/airflow/dags/batch_pipeline_dag.py took 0.404 seconds
[2026-06-22T13:23:09.813+0000] {processor.py:161} INFO - Started process (PID=1056) to work on /opt/airflow/dags/batch_pipeline_dag.py
[2026-06-22T13:23:09.818+0000] {processor.py:830} INFO - Processing file /opt/airflow/dags/batch_pipeline_dag.py for tasks to queue
[2026-06-22T13:23:09.822+0000] {logging_mixin.py:188} INFO - [2026-06-22T13:23:09.822+0000] {dagbag.py:538} INFO - Filling up the DagBag from /opt/airflow/dags/batch_pipeline_dag.py
[2026-06-22T13:23:09.877+0000] {processor.py:840} INFO - DAG(s) 'batch_pipeline_harga_pangan' retrieved from /opt/airflow/dags/batch_pipeline_dag.py
[2026-06-22T13:23:09.978+0000] {logging_mixin.py:188} INFO - [2026-06-22T13:23:09.978+0000] {dag.py:3036} INFO - Sync 1 DAGs
[2026-06-22T13:23:10.008+0000] {logging_mixin.py:188} INFO - [2026-06-22T13:23:10.008+0000] {dag.py:3823} INFO - Setting next_dagrun for batch_pipeline_harga_pangan to 2026-06-21 23:00:00+00:00, run_after=2026-06-22 23:00:00+00:00
[2026-06-22T13:23:10.038+0000] {processor.py:183} INFO - Processing /opt/airflow/dags/batch_pipeline_dag.py took 0.235 seconds
[2026-06-22T13:23:40.879+0000] {processor.py:161} INFO - Started process (PID=1074) to work on /opt/airflow/dags/batch_pipeline_dag.py
[2026-06-22T13:23:40.881+0000] {processor.py:830} INFO - Processing file /opt/airflow/dags/batch_pipeline_dag.py for tasks to queue
[2026-06-22T13:23:40.883+0000] {logging_mixin.py:188} INFO - [2026-06-22T13:23:40.883+0000] {dagbag.py:538} INFO - Filling up the DagBag from /opt/airflow/dags/batch_pipeline_dag.py
[2026-06-22T13:23:40.949+0000] {processor.py:840} INFO - DAG(s) 'batch_pipeline_harga_pangan' retrieved from /opt/airflow/dags/batch_pipeline_dag.py
[2026-06-22T13:23:41.074+0000] {logging_mixin.py:188} INFO - [2026-06-22T13:23:41.074+0000] {dag.py:3036} INFO - Sync 1 DAGs
[2026-06-22T13:23:41.109+0000] {logging_mixin.py:188} INFO - [2026-06-22T13:23:41.109+0000] {dag.py:3823} INFO - Setting next_dagrun for batch_pipeline_harga_pangan to 2026-06-21 23:00:00+00:00, run_after=2026-06-22 23:00:00+00:00
[2026-06-22T13:23:41.135+0000] {processor.py:183} INFO - Processing /opt/airflow/dags/batch_pipeline_dag.py took 0.261 seconds
[2026-06-22T13:24:12.994+0000] {processor.py:161} INFO - Started process (PID=1092) to work on /opt/airflow/dags/batch_pipeline_dag.py
[2026-06-22T13:24:12.997+0000] {processor.py:830} INFO - Processing file /opt/airflow/dags/batch_pipeline_dag.py for tasks to queue
[2026-06-22T13:24:12.999+0000] {logging_mixin.py:188} INFO - [2026-06-22T13:24:12.999+0000] {dagbag.py:538} INFO - Filling up the DagBag from /opt/airflow/dags/batch_pipeline_dag.py
[2026-06-22T13:24:13.049+0000] {processor.py:840} INFO - DAG(s) 'batch_pipeline_harga_pangan' retrieved from /opt/airflow/dags/batch_pipeline_dag.py
[2026-06-22T13:24:13.142+0000] {logging_mixin.py:188} INFO - [2026-06-22T13:24:13.142+0000] {dag.py:3036} INFO - Sync 1 DAGs
[2026-06-22T13:24:13.199+0000] {logging_mixin.py:188} INFO - [2026-06-22T13:24:13.198+0000] {dag.py:3823} INFO - Setting next_dagrun for batch_pipeline_harga_pangan to 2026-06-21 23:00:00+00:00, run_after=2026-06-22 23:00:00+00:00
[2026-06-22T13:24:13.227+0000] {processor.py:183} INFO - Processing /opt/airflow/dags/batch_pipeline_dag.py took 0.238 seconds
[2026-06-22T13:24:44.021+0000] {processor.py:161} INFO - Started process (PID=1110) to work on /opt/airflow/dags/batch_pipeline_dag.py
[2026-06-22T13:24:44.023+0000] {processor.py:830} INFO - Processing file /opt/airflow/dags/batch_pipeline_dag.py for tasks to queue
[2026-06-22T13:24:44.024+0000] {logging_mixin.py:188} INFO - [2026-06-22T13:24:44.024+0000] {dagbag.py:538} INFO - Filling up the DagBag from /opt/airflow/dags/batch_pipeline_dag.py
[2026-06-22T13:24:44.066+0000] {processor.py:840} INFO - DAG(s) 'batch_pipeline_harga_pangan' retrieved from /opt/airflow/dags/batch_pipeline_dag.py
[2026-06-22T13:24:44.160+0000] {logging_mixin.py:188} INFO - [2026-06-22T13:24:44.160+0000] {dag.py:3036} INFO - Sync 1 DAGs
[2026-06-22T13:24:44.188+0000] {logging_mixin.py:188} INFO - [2026-06-22T13:24:44.188+0000] {dag.py:3823} INFO - Setting next_dagrun for batch_pipeline_harga_pangan to 2026-06-21 23:00:00+00:00, run_after=2026-06-22 23:00:00+00:00
[2026-06-22T13:24:44.213+0000] {processor.py:183} INFO - Processing /opt/airflow/dags/batch_pipeline_dag.py took 0.194 seconds
[2026-06-22T13:25:16.065+0000] {processor.py:161} INFO - Started process (PID=1129) to work on /opt/airflow/dags/batch_pipeline_dag.py
[2026-06-22T13:25:16.067+0000] {processor.py:830} INFO - Processing file /opt/airflow/dags/batch_pipeline_dag.py for tasks to queue
[2026-06-22T13:25:16.068+0000] {logging_mixin.py:188} INFO - [2026-06-22T13:25:16.068+0000] {dagbag.py:538} INFO - Filling up the DagBag from /opt/airflow/dags/batch_pipeline_dag.py
[2026-06-22T13:25:16.113+0000] {processor.py:840} INFO - DAG(s) 'batch_pipeline_harga_pangan' retrieved from /opt/airflow/dags/batch_pipeline_dag.py
[2026-06-22T13:25:16.217+0000] {logging_mixin.py:188} INFO - [2026-06-22T13:25:16.217+0000] {dag.py:3036} INFO - Sync 1 DAGs
[2026-06-22T13:25:16.261+0000] {logging_mixin.py:188} INFO - [2026-06-22T13:25:16.260+0000] {dag.py:3823} INFO - Setting next_dagrun for batch_pipeline_harga_pangan to 2026-06-21 23:00:00+00:00, run_after=2026-06-22 23:00:00+00:00
[2026-06-22T13:25:16.297+0000] {processor.py:183} INFO - Processing /opt/airflow/dags/batch_pipeline_dag.py took 0.236 seconds
[2026-06-22T13:25:47.149+0000] {processor.py:161} INFO - Started process (PID=1147) to work on /opt/airflow/dags/batch_pipeline_dag.py
[2026-06-22T13:25:47.150+0000] {processor.py:830} INFO - Processing file /opt/airflow/dags/batch_pipeline_dag.py for tasks to queue
[2026-06-22T13:25:47.151+0000] {logging_mixin.py:188} INFO - [2026-06-22T13:25:47.151+0000] {dagbag.py:538} INFO - Filling up the DagBag from /opt/airflow/dags/batch_pipeline_dag.py
[2026-06-22T13:25:47.188+0000] {processor.py:840} INFO - DAG(s) 'batch_pipeline_harga_pangan' retrieved from /opt/airflow/dags/batch_pipeline_dag.py
[2026-06-22T13:25:47.272+0000] {logging_mixin.py:188} INFO - [2026-06-22T13:25:47.272+0000] {dag.py:3036} INFO - Sync 1 DAGs
[2026-06-22T13:25:47.298+0000] {logging_mixin.py:188} INFO - [2026-06-22T13:25:47.298+0000] {dag.py:3823} INFO - Setting next_dagrun for batch_pipeline_harga_pangan to 2026-06-21 23:00:00+00:00, run_after=2026-06-22 23:00:00+00:00
[2026-06-22T13:25:47.320+0000] {processor.py:183} INFO - Processing /opt/airflow/dags/batch_pipeline_dag.py took 0.173 seconds
[2026-06-22T13:26:18.325+0000] {processor.py:161} INFO - Started process (PID=1165) to work on /opt/airflow/dags/batch_pipeline_dag.py
[2026-06-22T13:26:18.327+0000] {processor.py:830} INFO - Processing file /opt/airflow/dags/batch_pipeline_dag.py for tasks to queue
[2026-06-22T13:26:18.328+0000] {logging_mixin.py:188} INFO - [2026-06-22T13:26:18.328+0000] {dagbag.py:538} INFO - Filling up the DagBag from /opt/airflow/dags/batch_pipeline_dag.py
[2026-06-22T13:26:18.375+0000] {processor.py:840} INFO - DAG(s) 'batch_pipeline_harga_pangan' retrieved from /opt/airflow/dags/batch_pipeline_dag.py
[2026-06-22T13:26:18.484+0000] {logging_mixin.py:188} INFO - [2026-06-22T13:26:18.484+0000] {dag.py:3036} INFO - Sync 1 DAGs
[2026-06-22T13:26:18.517+0000] {logging_mixin.py:188} INFO - [2026-06-22T13:26:18.517+0000] {dag.py:3823} INFO - Setting next_dagrun for batch_pipeline_harga_pangan to 2026-06-21 23:00:00+00:00, run_after=2026-06-22 23:00:00+00:00
[2026-06-22T13:26:18.543+0000] {processor.py:183} INFO - Processing /opt/airflow/dags/batch_pipeline_dag.py took 0.239 seconds
[2026-06-22T13:26:50.215+0000] {processor.py:161} INFO - Started process (PID=1183) to work on /opt/airflow/dags/batch_pipeline_dag.py
[2026-06-22T13:26:50.218+0000] {processor.py:830} INFO - Processing file /opt/airflow/dags/batch_pipeline_dag.py for tasks to queue
[2026-06-22T13:26:50.221+0000] {logging_mixin.py:188} INFO - [2026-06-22T13:26:50.220+0000] {dagbag.py:538} INFO - Filling up the DagBag from /opt/airflow/dags/batch_pipeline_dag.py
[2026-06-22T13:26:50.344+0000] {processor.py:840} INFO - DAG(s) 'batch_pipeline_harga_pangan' retrieved from /opt/airflow/dags/batch_pipeline_dag.py
[2026-06-22T13:26:50.509+0000] {logging_mixin.py:188} INFO - [2026-06-22T13:26:50.508+0000] {dag.py:3036} INFO - Sync 1 DAGs
[2026-06-22T13:26:50.593+0000] {logging_mixin.py:188} INFO - [2026-06-22T13:26:50.592+0000] {dag.py:3823} INFO - Setting next_dagrun for batch_pipeline_harga_pangan to 2026-06-21 23:00:00+00:00, run_after=2026-06-22 23:00:00+00:00
[2026-06-22T13:26:50.620+0000] {processor.py:183} INFO - Processing /opt/airflow/dags/batch_pipeline_dag.py took 0.409 seconds
[2026-06-22T13:27:21.467+0000] {processor.py:161} INFO - Started process (PID=1193) to work on /opt/airflow/dags/batch_pipeline_dag.py
[2026-06-22T13:27:21.469+0000] {processor.py:830} INFO - Processing file /opt/airflow/dags/batch_pipeline_dag.py for tasks to queue
[2026-06-22T13:27:21.470+0000] {logging_mixin.py:188} INFO - [2026-06-22T13:27:21.470+0000] {dagbag.py:538} INFO - Filling up the DagBag from /opt/airflow/dags/batch_pipeline_dag.py
[2026-06-22T13:27:21.528+0000] {processor.py:840} INFO - DAG(s) 'batch_pipeline_harga_pangan' retrieved from /opt/airflow/dags/batch_pipeline_dag.py
[2026-06-22T13:27:21.648+0000] {logging_mixin.py:188} INFO - [2026-06-22T13:27:21.647+0000] {dag.py:3036} INFO - Sync 1 DAGs
[2026-06-22T13:27:21.679+0000] {logging_mixin.py:188} INFO - [2026-06-22T13:27:21.679+0000] {dag.py:3823} INFO - Setting next_dagrun for batch_pipeline_harga_pangan to 2026-06-21 23:00:00+00:00, run_after=2026-06-22 23:00:00+00:00
[2026-06-22T13:27:21.704+0000] {processor.py:183} INFO - Processing /opt/airflow/dags/batch_pipeline_dag.py took 0.248 seconds
[2026-06-22T13:27:52.596+0000] {processor.py:161} INFO - Started process (PID=1211) to work on /opt/airflow/dags/batch_pipeline_dag.py
[2026-06-22T13:27:52.598+0000] {processor.py:830} INFO - Processing file /opt/airflow/dags/batch_pipeline_dag.py for tasks to queue
[2026-06-22T13:27:52.599+0000] {logging_mixin.py:188} INFO - [2026-06-22T13:27:52.599+0000] {dagbag.py:538} INFO - Filling up the DagBag from /opt/airflow/dags/batch_pipeline_dag.py
[2026-06-22T13:27:52.637+0000] {processor.py:840} INFO - DAG(s) 'batch_pipeline_harga_pangan' retrieved from /opt/airflow/dags/batch_pipeline_dag.py
[2026-06-22T13:27:52.717+0000] {logging_mixin.py:188} INFO - [2026-06-22T13:27:52.716+0000] {dag.py:3036} INFO - Sync 1 DAGs
[2026-06-22T13:27:52.739+0000] {logging_mixin.py:188} INFO - [2026-06-22T13:27:52.738+0000] {dag.py:3823} INFO - Setting next_dagrun for batch_pipeline_harga_pangan to 2026-06-21 23:00:00+00:00, run_after=2026-06-22 23:00:00+00:00
[2026-06-22T13:27:52.759+0000] {processor.py:183} INFO - Processing /opt/airflow/dags/batch_pipeline_dag.py took 0.167 seconds
[2026-06-22T13:28:24.638+0000] {processor.py:161} INFO - Started process (PID=1229) to work on /opt/airflow/dags/batch_pipeline_dag.py
[2026-06-22T13:28:24.640+0000] {processor.py:830} INFO - Processing file /opt/airflow/dags/batch_pipeline_dag.py for tasks to queue
[2026-06-22T13:28:24.641+0000] {logging_mixin.py:188} INFO - [2026-06-22T13:28:24.641+0000] {dagbag.py:538} INFO - Filling up the DagBag from /opt/airflow/dags/batch_pipeline_dag.py
[2026-06-22T13:28:24.714+0000] {processor.py:840} INFO - DAG(s) 'batch_pipeline_harga_pangan' retrieved from /opt/airflow/dags/batch_pipeline_dag.py
[2026-06-22T13:28:24.823+0000] {logging_mixin.py:188} INFO - [2026-06-22T13:28:24.822+0000] {dag.py:3036} INFO - Sync 1 DAGs
[2026-06-22T13:28:24.860+0000] {logging_mixin.py:188} INFO - [2026-06-22T13:28:24.860+0000] {dag.py:3823} INFO - Setting next_dagrun for batch_pipeline_harga_pangan to 2026-06-21 23:00:00+00:00, run_after=2026-06-22 23:00:00+00:00
[2026-06-22T13:28:24.890+0000] {processor.py:183} INFO - Processing /opt/airflow/dags/batch_pipeline_dag.py took 0.255 seconds
[2026-06-22T13:28:55.763+0000] {processor.py:161} INFO - Started process (PID=1247) to work on /opt/airflow/dags/batch_pipeline_dag.py
[2026-06-22T13:28:55.768+0000] {processor.py:830} INFO - Processing file /opt/airflow/dags/batch_pipeline_dag.py for tasks to queue
[2026-06-22T13:28:55.774+0000] {logging_mixin.py:188} INFO - [2026-06-22T13:28:55.773+0000] {dagbag.py:538} INFO - Filling up the DagBag from /opt/airflow/dags/batch_pipeline_dag.py
[2026-06-22T13:28:55.888+0000] {processor.py:840} INFO - DAG(s) 'batch_pipeline_harga_pangan' retrieved from /opt/airflow/dags/batch_pipeline_dag.py
[2026-06-22T13:28:56.085+0000] {logging_mixin.py:188} INFO - [2026-06-22T13:28:56.084+0000] {dag.py:3036} INFO - Sync 1 DAGs
[2026-06-22T13:28:56.137+0000] {logging_mixin.py:188} INFO - [2026-06-22T13:28:56.137+0000] {dag.py:3823} INFO - Setting next_dagrun for batch_pipeline_harga_pangan to 2026-06-21 23:00:00+00:00, run_after=2026-06-22 23:00:00+00:00
[2026-06-22T13:28:56.174+0000] {processor.py:183} INFO - Processing /opt/airflow/dags/batch_pipeline_dag.py took 0.425 seconds
[2026-06-22T13:29:27.067+0000] {processor.py:161} INFO - Started process (PID=1265) to work on /opt/airflow/dags/batch_pipeline_dag.py
[2026-06-22T13:29:27.069+0000] {processor.py:830} INFO - Processing file /opt/airflow/dags/batch_pipeline_dag.py for tasks to queue
[2026-06-22T13:29:27.070+0000] {logging_mixin.py:188} INFO - [2026-06-22T13:29:27.070+0000] {dagbag.py:538} INFO - Filling up the DagBag from /opt/airflow/dags/batch_pipeline_dag.py
[2026-06-22T13:29:27.131+0000] {processor.py:840} INFO - DAG(s) 'batch_pipeline_harga_pangan' retrieved from /opt/airflow/dags/batch_pipeline_dag.py
[2026-06-22T13:29:27.282+0000] {logging_mixin.py:188} INFO - [2026-06-22T13:29:27.281+0000] {dag.py:3036} INFO - Sync 1 DAGs
[2026-06-22T13:29:27.329+0000] {logging_mixin.py:188} INFO - [2026-06-22T13:29:27.329+0000] {dag.py:3823} INFO - Setting next_dagrun for batch_pipeline_harga_pangan to 2026-06-21 23:00:00+00:00, run_after=2026-06-22 23:00:00+00:00
[2026-06-22T13:29:27.373+0000] {processor.py:183} INFO - Processing /opt/airflow/dags/batch_pipeline_dag.py took 0.310 seconds
[2026-06-22T13:29:58.475+0000] {processor.py:161} INFO - Started process (PID=1283) to work on /opt/airflow/dags/batch_pipeline_dag.py
[2026-06-22T13:29:58.481+0000] {processor.py:830} INFO - Processing file /opt/airflow/dags/batch_pipeline_dag.py for tasks to queue
[2026-06-22T13:29:58.486+0000] {logging_mixin.py:188} INFO - [2026-06-22T13:29:58.485+0000] {dagbag.py:538} INFO - Filling up the DagBag from /opt/airflow/dags/batch_pipeline_dag.py
[2026-06-22T13:29:58.640+0000] {processor.py:840} INFO - DAG(s) 'batch_pipeline_harga_pangan' retrieved from /opt/airflow/dags/batch_pipeline_dag.py
[2026-06-22T13:29:58.766+0000] {logging_mixin.py:188} INFO - [2026-06-22T13:29:58.765+0000] {dag.py:3036} INFO - Sync 1 DAGs
[2026-06-22T13:29:58.814+0000] {logging_mixin.py:188} INFO - [2026-06-22T13:29:58.813+0000] {dag.py:3823} INFO - Setting next_dagrun for batch_pipeline_harga_pangan to 2026-06-21 23:00:00+00:00, run_after=2026-06-22 23:00:00+00:00
[2026-06-22T13:29:58.848+0000] {processor.py:183} INFO - Processing /opt/airflow/dags/batch_pipeline_dag.py took 0.381 seconds
[2026-06-22T13:30:29.277+0000] {processor.py:161} INFO - Started process (PID=1303) to work on /opt/airflow/dags/batch_pipeline_dag.py
[2026-06-22T13:30:29.279+0000] {processor.py:830} INFO - Processing file /opt/airflow/dags/batch_pipeline_dag.py for tasks to queue
[2026-06-22T13:30:29.280+0000] {logging_mixin.py:188} INFO - [2026-06-22T13:30:29.280+0000] {dagbag.py:538} INFO - Filling up the DagBag from /opt/airflow/dags/batch_pipeline_dag.py
[2026-06-22T13:30:29.333+0000] {processor.py:840} INFO - DAG(s) 'batch_pipeline_harga_pangan' retrieved from /opt/airflow/dags/batch_pipeline_dag.py
[2026-06-22T13:30:29.468+0000] {logging_mixin.py:188} INFO - [2026-06-22T13:30:29.468+0000] {dag.py:3036} INFO - Sync 1 DAGs
[2026-06-22T13:30:29.493+0000] {logging_mixin.py:188} INFO - [2026-06-22T13:30:29.493+0000] {dag.py:3823} INFO - Setting next_dagrun for batch_pipeline_harga_pangan to 2026-06-21 23:00:00+00:00, run_after=2026-06-22 23:00:00+00:00
[2026-06-22T13:30:29.521+0000] {processor.py:183} INFO - Processing /opt/airflow/dags/batch_pipeline_dag.py took 0.248 seconds
[2026-06-22T13:30:59.697+0000] {processor.py:161} INFO - Started process (PID=1321) to work on /opt/airflow/dags/batch_pipeline_dag.py
[2026-06-22T13:30:59.698+0000] {processor.py:830} INFO - Processing file /opt/airflow/dags/batch_pipeline_dag.py for tasks to queue
[2026-06-22T13:30:59.700+0000] {logging_mixin.py:188} INFO - [2026-06-22T13:30:59.699+0000] {dagbag.py:538} INFO - Filling up the DagBag from /opt/airflow/dags/batch_pipeline_dag.py
[2026-06-22T13:30:59.748+0000] {processor.py:840} INFO - DAG(s) 'batch_pipeline_harga_pangan' retrieved from /opt/airflow/dags/batch_pipeline_dag.py
[2026-06-22T13:30:59.678+0000] {logging_mixin.py:188} INFO - [2026-06-22T13:30:59.677+0000] {dag.py:3036} INFO - Sync 1 DAGs
[2026-06-22T13:30:59.739+0000] {logging_mixin.py:188} INFO - [2026-06-22T13:30:59.739+0000] {dag.py:3823} INFO - Setting next_dagrun for batch_pipeline_harga_pangan to 2026-06-21 23:00:00+00:00, run_after=2026-06-22 23:00:00+00:00
[2026-06-22T13:30:59.823+0000] {processor.py:183} INFO - Processing /opt/airflow/dags/batch_pipeline_dag.py took 0.348 seconds
[2026-06-22T13:31:30.218+0000] {processor.py:161} INFO - Started process (PID=1339) to work on /opt/airflow/dags/batch_pipeline_dag.py
[2026-06-22T13:31:30.219+0000] {processor.py:830} INFO - Processing file /opt/airflow/dags/batch_pipeline_dag.py for tasks to queue
[2026-06-22T13:31:30.221+0000] {logging_mixin.py:188} INFO - [2026-06-22T13:31:30.221+0000] {dagbag.py:538} INFO - Filling up the DagBag from /opt/airflow/dags/batch_pipeline_dag.py
[2026-06-22T13:31:30.273+0000] {processor.py:840} INFO - DAG(s) 'batch_pipeline_harga_pangan' retrieved from /opt/airflow/dags/batch_pipeline_dag.py
[2026-06-22T13:31:30.364+0000] {logging_mixin.py:188} INFO - [2026-06-22T13:31:30.364+0000] {dag.py:3036} INFO - Sync 1 DAGs
[2026-06-22T13:31:30.390+0000] {logging_mixin.py:188} INFO - [2026-06-22T13:31:30.390+0000] {dag.py:3823} INFO - Setting next_dagrun for batch_pipeline_harga_pangan to 2026-06-21 23:00:00+00:00, run_after=2026-06-22 23:00:00+00:00
[2026-06-22T13:31:30.419+0000] {processor.py:183} INFO - Processing /opt/airflow/dags/batch_pipeline_dag.py took 0.208 seconds
[2026-06-22T13:32:00.573+0000] {processor.py:161} INFO - Started process (PID=1357) to work on /opt/airflow/dags/batch_pipeline_dag.py
[2026-06-22T13:32:00.575+0000] {processor.py:830} INFO - Processing file /opt/airflow/dags/batch_pipeline_dag.py for tasks to queue
[2026-06-22T13:32:00.577+0000] {logging_mixin.py:188} INFO - [2026-06-22T13:32:00.576+0000] {dagbag.py:538} INFO - Filling up the DagBag from /opt/airflow/dags/batch_pipeline_dag.py
[2026-06-22T13:32:00.629+0000] {processor.py:840} INFO - DAG(s) 'batch_pipeline_harga_pangan' retrieved from /opt/airflow/dags/batch_pipeline_dag.py
[2026-06-22T13:32:00.756+0000] {logging_mixin.py:188} INFO - [2026-06-22T13:32:00.756+0000] {dag.py:3036} INFO - Sync 1 DAGs
[2026-06-22T13:32:00.792+0000] {logging_mixin.py:188} INFO - [2026-06-22T13:32:00.792+0000] {dag.py:3823} INFO - Setting next_dagrun for batch_pipeline_harga_pangan to 2026-06-21 23:00:00+00:00, run_after=2026-06-22 23:00:00+00:00
[2026-06-22T13:32:00.836+0000] {processor.py:183} INFO - Processing /opt/airflow/dags/batch_pipeline_dag.py took 0.270 seconds
[2026-06-22T13:32:31.335+0000] {processor.py:161} INFO - Started process (PID=1365) to work on /opt/airflow/dags/batch_pipeline_dag.py
[2026-06-22T13:32:31.339+0000] {processor.py:830} INFO - Processing file /opt/airflow/dags/batch_pipeline_dag.py for tasks to queue
[2026-06-22T13:32:31.343+0000] {logging_mixin.py:188} INFO - [2026-06-22T13:32:31.342+0000] {dagbag.py:538} INFO - Filling up the DagBag from /opt/airflow/dags/batch_pipeline_dag.py
[2026-06-22T13:32:31.444+0000] {processor.py:840} INFO - DAG(s) 'batch_pipeline_harga_pangan' retrieved from /opt/airflow/dags/batch_pipeline_dag.py
[2026-06-22T13:32:31.589+0000] {logging_mixin.py:188} INFO - [2026-06-22T13:32:31.588+0000] {dag.py:3036} INFO - Sync 1 DAGs
[2026-06-22T13:32:31.614+0000] {logging_mixin.py:188} INFO - [2026-06-22T13:32:31.614+0000] {dag.py:3823} INFO - Setting next_dagrun for batch_pipeline_harga_pangan to 2026-06-21 23:00:00+00:00, run_after=2026-06-22 23:00:00+00:00
[2026-06-22T13:32:31.636+0000] {processor.py:183} INFO - Processing /opt/airflow/dags/batch_pipeline_dag.py took 0.311 seconds
[2026-06-22T13:33:01.738+0000] {processor.py:161} INFO - Started process (PID=1383) to work on /opt/airflow/dags/batch_pipeline_dag.py
[2026-06-22T13:33:01.739+0000] {processor.py:830} INFO - Processing file /opt/airflow/dags/batch_pipeline_dag.py for tasks to queue
[2026-06-22T13:33:01.741+0000] {logging_mixin.py:188} INFO - [2026-06-22T13:33:01.740+0000] {dagbag.py:538} INFO - Filling up the DagBag from /opt/airflow/dags/batch_pipeline_dag.py
[2026-06-22T13:33:01.775+0000] {processor.py:840} INFO - DAG(s) 'batch_pipeline_harga_pangan' retrieved from /opt/airflow/dags/batch_pipeline_dag.py
[2026-06-22T13:33:01.855+0000] {logging_mixin.py:188} INFO - [2026-06-22T13:33:01.854+0000] {dag.py:3036} INFO - Sync 1 DAGs
[2026-06-22T13:33:01.880+0000] {logging_mixin.py:188} INFO - [2026-06-22T13:33:01.880+0000] {dag.py:3823} INFO - Setting next_dagrun for batch_pipeline_harga_pangan to 2026-06-21 23:00:00+00:00, run_after=2026-06-22 23:00:00+00:00
[2026-06-22T13:33:01.903+0000] {processor.py:183} INFO - Processing /opt/airflow/dags/batch_pipeline_dag.py took 0.169 seconds
[2026-06-22T13:33:32.820+0000] {processor.py:161} INFO - Started process (PID=1401) to work on /opt/airflow/dags/batch_pipeline_dag.py
[2026-06-22T13:33:32.823+0000] {processor.py:830} INFO - Processing file /opt/airflow/dags/batch_pipeline_dag.py for tasks to queue
[2026-06-22T13:33:32.825+0000] {logging_mixin.py:188} INFO - [2026-06-22T13:33:32.825+0000] {dagbag.py:538} INFO - Filling up the DagBag from /opt/airflow/dags/batch_pipeline_dag.py
[2026-06-22T13:33:32.899+0000] {processor.py:840} INFO - DAG(s) 'batch_pipeline_harga_pangan' retrieved from /opt/airflow/dags/batch_pipeline_dag.py
[2026-06-22T13:33:33.054+0000] {logging_mixin.py:188} INFO - [2026-06-22T13:33:33.053+0000] {dag.py:3036} INFO - Sync 1 DAGs
[2026-06-22T13:33:33.096+0000] {logging_mixin.py:188} INFO - [2026-06-22T13:33:33.095+0000] {dag.py:3823} INFO - Setting next_dagrun for batch_pipeline_harga_pangan to 2026-06-21 23:00:00+00:00, run_after=2026-06-22 23:00:00+00:00
[2026-06-22T13:33:33.159+0000] {processor.py:183} INFO - Processing /opt/airflow/dags/batch_pipeline_dag.py took 0.345 seconds
[2026-06-22T13:34:04.088+0000] {processor.py:161} INFO - Started process (PID=1419) to work on /opt/airflow/dags/batch_pipeline_dag.py
[2026-06-22T13:34:04.089+0000] {processor.py:830} INFO - Processing file /opt/airflow/dags/batch_pipeline_dag.py for tasks to queue
[2026-06-22T13:34:04.090+0000] {logging_mixin.py:188} INFO - [2026-06-22T13:34:04.090+0000] {dagbag.py:538} INFO - Filling up the DagBag from /opt/airflow/dags/batch_pipeline_dag.py
[2026-06-22T13:34:04.126+0000] {processor.py:840} INFO - DAG(s) 'batch_pipeline_harga_pangan' retrieved from /opt/airflow/dags/batch_pipeline_dag.py
[2026-06-22T13:34:04.214+0000] {logging_mixin.py:188} INFO - [2026-06-22T13:34:04.214+0000] {dag.py:3036} INFO - Sync 1 DAGs
[2026-06-22T13:34:04.245+0000] {logging_mixin.py:188} INFO - [2026-06-22T13:34:04.244+0000] {dag.py:3823} INFO - Setting next_dagrun for batch_pipeline_harga_pangan to 2026-06-21 23:00:00+00:00, run_after=2026-06-22 23:00:00+00:00
[2026-06-22T13:34:04.271+0000] {processor.py:183} INFO - Processing /opt/airflow/dags/batch_pipeline_dag.py took 0.187 seconds
[2026-06-22T13:34:35.179+0000] {processor.py:161} INFO - Started process (PID=1438) to work on /opt/airflow/dags/batch_pipeline_dag.py
[2026-06-22T13:34:35.180+0000] {processor.py:830} INFO - Processing file /opt/airflow/dags/batch_pipeline_dag.py for tasks to queue
[2026-06-22T13:34:35.181+0000] {logging_mixin.py:188} INFO - [2026-06-22T13:34:35.181+0000] {dagbag.py:538} INFO - Filling up the DagBag from /opt/airflow/dags/batch_pipeline_dag.py
[2026-06-22T13:34:35.210+0000] {processor.py:840} INFO - DAG(s) 'batch_pipeline_harga_pangan' retrieved from /opt/airflow/dags/batch_pipeline_dag.py
[2026-06-22T13:34:35.278+0000] {logging_mixin.py:188} INFO - [2026-06-22T13:34:35.278+0000] {dag.py:3036} INFO - Sync 1 DAGs
[2026-06-22T13:34:35.305+0000] {logging_mixin.py:188} INFO - [2026-06-22T13:34:35.305+0000] {dag.py:3823} INFO - Setting next_dagrun for batch_pipeline_harga_pangan to 2026-06-21 23:00:00+00:00, run_after=2026-06-22 23:00:00+00:00
[2026-06-22T13:34:35.322+0000] {processor.py:183} INFO - Processing /opt/airflow/dags/batch_pipeline_dag.py took 0.146 seconds
[2026-06-22T13:35:06.147+0000] {processor.py:161} INFO - Started process (PID=1456) to work on /opt/airflow/dags/batch_pipeline_dag.py
[2026-06-22T13:35:06.149+0000] {processor.py:830} INFO - Processing file /opt/airflow/dags/batch_pipeline_dag.py for tasks to queue
[2026-06-22T13:35:06.150+0000] {logging_mixin.py:188} INFO - [2026-06-22T13:35:06.150+0000] {dagbag.py:538} INFO - Filling up the DagBag from /opt/airflow/dags/batch_pipeline_dag.py
[2026-06-22T13:35:06.199+0000] {processor.py:840} INFO - DAG(s) 'batch_pipeline_harga_pangan' retrieved from /opt/airflow/dags/batch_pipeline_dag.py
[2026-06-22T13:35:06.317+0000] {logging_mixin.py:188} INFO - [2026-06-22T13:35:06.317+0000] {dag.py:3036} INFO - Sync 1 DAGs
[2026-06-22T13:35:06.341+0000] {logging_mixin.py:188} INFO - [2026-06-22T13:35:06.341+0000] {dag.py:3823} INFO - Setting next_dagrun for batch_pipeline_harga_pangan to 2026-06-21 23:00:00+00:00, run_after=2026-06-22 23:00:00+00:00
[2026-06-22T13:35:06.360+0000] {processor.py:183} INFO - Processing /opt/airflow/dags/batch_pipeline_dag.py took 0.216 seconds
[2026-06-22T13:35:37.332+0000] {processor.py:161} INFO - Started process (PID=1474) to work on /opt/airflow/dags/batch_pipeline_dag.py
[2026-06-22T13:35:37.335+0000] {processor.py:830} INFO - Processing file /opt/airflow/dags/batch_pipeline_dag.py for tasks to queue
[2026-06-22T13:35:37.337+0000] {logging_mixin.py:188} INFO - [2026-06-22T13:35:37.337+0000] {dagbag.py:538} INFO - Filling up the DagBag from /opt/airflow/dags/batch_pipeline_dag.py
[2026-06-22T13:35:37.420+0000] {processor.py:840} INFO - DAG(s) 'batch_pipeline_harga_pangan' retrieved from /opt/airflow/dags/batch_pipeline_dag.py
[2026-06-22T13:35:37.545+0000] {logging_mixin.py:188} INFO - [2026-06-22T13:35:37.545+0000] {dag.py:3036} INFO - Sync 1 DAGs
[2026-06-22T13:35:37.571+0000] {logging_mixin.py:188} INFO - [2026-06-22T13:35:37.571+0000] {dag.py:3823} INFO - Setting next_dagrun for batch_pipeline_harga_pangan to 2026-06-21 23:00:00+00:00, run_after=2026-06-22 23:00:00+00:00
[2026-06-22T13:35:37.596+0000] {processor.py:183} INFO - Processing /opt/airflow/dags/batch_pipeline_dag.py took 0.269 seconds
[2026-06-22T13:36:08.475+0000] {processor.py:161} INFO - Started process (PID=1492) to work on /opt/airflow/dags/batch_pipeline_dag.py
[2026-06-22T13:36:08.476+0000] {processor.py:830} INFO - Processing file /opt/airflow/dags/batch_pipeline_dag.py for tasks to queue
[2026-06-22T13:36:08.478+0000] {logging_mixin.py:188} INFO - [2026-06-22T13:36:08.477+0000] {dagbag.py:538} INFO - Filling up the DagBag from /opt/airflow/dags/batch_pipeline_dag.py
[2026-06-22T13:36:08.519+0000] {processor.py:840} INFO - DAG(s) 'batch_pipeline_harga_pangan' retrieved from /opt/airflow/dags/batch_pipeline_dag.py
[2026-06-22T13:36:08.584+0000] {logging_mixin.py:188} INFO - [2026-06-22T13:36:08.583+0000] {dag.py:3036} INFO - Sync 1 DAGs
[2026-06-22T13:36:08.607+0000] {logging_mixin.py:188} INFO - [2026-06-22T13:36:08.606+0000] {dag.py:3823} INFO - Setting next_dagrun for batch_pipeline_harga_pangan to 2026-06-21 23:00:00+00:00, run_after=2026-06-22 23:00:00+00:00
[2026-06-22T13:36:08.625+0000] {processor.py:183} INFO - Processing /opt/airflow/dags/batch_pipeline_dag.py took 0.154 seconds
[2026-06-22T13:36:39.507+0000] {processor.py:161} INFO - Started process (PID=1510) to work on /opt/airflow/dags/batch_pipeline_dag.py
[2026-06-22T13:36:39.508+0000] {processor.py:830} INFO - Processing file /opt/airflow/dags/batch_pipeline_dag.py for tasks to queue
[2026-06-22T13:36:39.510+0000] {logging_mixin.py:188} INFO - [2026-06-22T13:36:39.510+0000] {dagbag.py:538} INFO - Filling up the DagBag from /opt/airflow/dags/batch_pipeline_dag.py
[2026-06-22T13:36:39.601+0000] {processor.py:840} INFO - DAG(s) 'batch_pipeline_harga_pangan' retrieved from /opt/airflow/dags/batch_pipeline_dag.py
[2026-06-22T13:36:39.734+0000] {logging_mixin.py:188} INFO - [2026-06-22T13:36:39.734+0000] {dag.py:3036} INFO - Sync 1 DAGs
[2026-06-22T13:36:39.801+0000] {logging_mixin.py:188} INFO - [2026-06-22T13:36:39.800+0000] {dag.py:3823} INFO - Setting next_dagrun for batch_pipeline_harga_pangan to 2026-06-21 23:00:00+00:00, run_after=2026-06-22 23:00:00+00:00
[2026-06-22T13:36:39.851+0000] {processor.py:183} INFO - Processing /opt/airflow/dags/batch_pipeline_dag.py took 0.350 seconds
[2026-06-22T13:37:10.505+0000] {processor.py:161} INFO - Started process (PID=1520) to work on /opt/airflow/dags/batch_pipeline_dag.py
[2026-06-22T13:37:10.511+0000] {processor.py:830} INFO - Processing file /opt/airflow/dags/batch_pipeline_dag.py for tasks to queue
[2026-06-22T13:37:10.518+0000] {logging_mixin.py:188} INFO - [2026-06-22T13:37:10.516+0000] {dagbag.py:538} INFO - Filling up the DagBag from /opt/airflow/dags/batch_pipeline_dag.py
[2026-06-22T13:37:10.640+0000] {processor.py:840} INFO - DAG(s) 'batch_pipeline_harga_pangan' retrieved from /opt/airflow/dags/batch_pipeline_dag.py
[2026-06-22T13:37:10.820+0000] {logging_mixin.py:188} INFO - [2026-06-22T13:37:10.819+0000] {dag.py:3036} INFO - Sync 1 DAGs
[2026-06-22T13:37:10.852+0000] {logging_mixin.py:188} INFO - [2026-06-22T13:37:10.851+0000] {dag.py:3823} INFO - Setting next_dagrun for batch_pipeline_harga_pangan to 2026-06-21 23:00:00+00:00, run_after=2026-06-22 23:00:00+00:00
[2026-06-22T13:37:10.887+0000] {processor.py:183} INFO - Processing /opt/airflow/dags/batch_pipeline_dag.py took 0.398 seconds
[2026-06-22T13:37:41.057+0000] {processor.py:161} INFO - Started process (PID=1537) to work on /opt/airflow/dags/batch_pipeline_dag.py
[2026-06-22T13:37:41.060+0000] {processor.py:830} INFO - Processing file /opt/airflow/dags/batch_pipeline_dag.py for tasks to queue
[2026-06-22T13:37:41.062+0000] {logging_mixin.py:188} INFO - [2026-06-22T13:37:41.061+0000] {dagbag.py:538} INFO - Filling up the DagBag from /opt/airflow/dags/batch_pipeline_dag.py
[2026-06-22T13:37:41.120+0000] {processor.py:840} INFO - DAG(s) 'batch_pipeline_harga_pangan' retrieved from /opt/airflow/dags/batch_pipeline_dag.py
[2026-06-22T13:37:41.217+0000] {logging_mixin.py:188} INFO - [2026-06-22T13:37:41.217+0000] {dag.py:3036} INFO - Sync 1 DAGs
[2026-06-22T13:37:41.243+0000] {logging_mixin.py:188} INFO - [2026-06-22T13:37:41.243+0000] {dag.py:3823} INFO - Setting next_dagrun for batch_pipeline_harga_pangan to 2026-06-21 23:00:00+00:00, run_after=2026-06-22 23:00:00+00:00
[2026-06-22T13:37:41.277+0000] {processor.py:183} INFO - Processing /opt/airflow/dags/batch_pipeline_dag.py took 0.226 seconds
[2026-06-22T13:38:12.041+0000] {processor.py:161} INFO - Started process (PID=1555) to work on /opt/airflow/dags/batch_pipeline_dag.py
[2026-06-22T13:38:12.043+0000] {processor.py:830} INFO - Processing file /opt/airflow/dags/batch_pipeline_dag.py for tasks to queue
[2026-06-22T13:38:12.044+0000] {logging_mixin.py:188} INFO - [2026-06-22T13:38:12.044+0000] {dagbag.py:538} INFO - Filling up the DagBag from /opt/airflow/dags/batch_pipeline_dag.py
[2026-06-22T13:38:12.109+0000] {processor.py:840} INFO - DAG(s) 'batch_pipeline_harga_pangan' retrieved from /opt/airflow/dags/batch_pipeline_dag.py
[2026-06-22T13:38:12.246+0000] {logging_mixin.py:188} INFO - [2026-06-22T13:38:12.245+0000] {dag.py:3036} INFO - Sync 1 DAGs
[2026-06-22T13:38:12.278+0000] {logging_mixin.py:188} INFO - [2026-06-22T13:38:12.278+0000] {dag.py:3823} INFO - Setting next_dagrun for batch_pipeline_harga_pangan to 2026-06-21 23:00:00+00:00, run_after=2026-06-22 23:00:00+00:00
[2026-06-22T13:38:12.300+0000] {processor.py:183} INFO - Processing /opt/airflow/dags/batch_pipeline_dag.py took 0.262 seconds
[2026-06-22T13:38:43.250+0000] {processor.py:161} INFO - Started process (PID=1573) to work on /opt/airflow/dags/batch_pipeline_dag.py
[2026-06-22T13:38:43.253+0000] {processor.py:830} INFO - Processing file /opt/airflow/dags/batch_pipeline_dag.py for tasks to queue
[2026-06-22T13:38:43.258+0000] {logging_mixin.py:188} INFO - [2026-06-22T13:38:43.257+0000] {dagbag.py:538} INFO - Filling up the DagBag from /opt/airflow/dags/batch_pipeline_dag.py
[2026-06-22T13:38:43.353+0000] {processor.py:840} INFO - DAG(s) 'batch_pipeline_harga_pangan' retrieved from /opt/airflow/dags/batch_pipeline_dag.py
[2026-06-22T13:38:43.482+0000] {logging_mixin.py:188} INFO - [2026-06-22T13:38:43.482+0000] {dag.py:3036} INFO - Sync 1 DAGs
[2026-06-22T13:38:43.509+0000] {logging_mixin.py:188} INFO - [2026-06-22T13:38:43.509+0000] {dag.py:3823} INFO - Setting next_dagrun for batch_pipeline_harga_pangan to 2026-06-21 23:00:00+00:00, run_after=2026-06-22 23:00:00+00:00
[2026-06-22T13:38:43.529+0000] {processor.py:183} INFO - Processing /opt/airflow/dags/batch_pipeline_dag.py took 0.287 seconds
[2026-06-22T13:39:14.369+0000] {processor.py:161} INFO - Started process (PID=1591) to work on /opt/airflow/dags/batch_pipeline_dag.py
[2026-06-22T13:39:14.372+0000] {processor.py:830} INFO - Processing file /opt/airflow/dags/batch_pipeline_dag.py for tasks to queue
[2026-06-22T13:39:14.375+0000] {logging_mixin.py:188} INFO - [2026-06-22T13:39:14.374+0000] {dagbag.py:538} INFO - Filling up the DagBag from /opt/airflow/dags/batch_pipeline_dag.py
[2026-06-22T13:39:14.442+0000] {processor.py:840} INFO - DAG(s) 'batch_pipeline_harga_pangan' retrieved from /opt/airflow/dags/batch_pipeline_dag.py
[2026-06-22T13:39:14.545+0000] {logging_mixin.py:188} INFO - [2026-06-22T13:39:14.544+0000] {dag.py:3036} INFO - Sync 1 DAGs
[2026-06-22T13:39:14.577+0000] {logging_mixin.py:188} INFO - [2026-06-22T13:39:14.577+0000] {dag.py:3823} INFO - Setting next_dagrun for batch_pipeline_harga_pangan to 2026-06-21 23:00:00+00:00, run_after=2026-06-22 23:00:00+00:00
[2026-06-22T13:39:14.604+0000] {processor.py:183} INFO - Processing /opt/airflow/dags/batch_pipeline_dag.py took 0.244 seconds
[2026-06-22T13:39:45.254+0000] {processor.py:161} INFO - Started process (PID=1609) to work on /opt/airflow/dags/batch_pipeline_dag.py
[2026-06-22T13:39:45.255+0000] {processor.py:830} INFO - Processing file /opt/airflow/dags/batch_pipeline_dag.py for tasks to queue
[2026-06-22T13:39:45.256+0000] {logging_mixin.py:188} INFO - [2026-06-22T13:39:45.255+0000] {dagbag.py:538} INFO - Filling up the DagBag from /opt/airflow/dags/batch_pipeline_dag.py
[2026-06-22T13:39:45.291+0000] {processor.py:840} INFO - DAG(s) 'batch_pipeline_harga_pangan' retrieved from /opt/airflow/dags/batch_pipeline_dag.py
[2026-06-22T13:39:45.360+0000] {logging_mixin.py:188} INFO - [2026-06-22T13:39:45.359+0000] {dag.py:3036} INFO - Sync 1 DAGs
[2026-06-22T13:39:45.383+0000] {logging_mixin.py:188} INFO - [2026-06-22T13:39:45.383+0000] {dag.py:3823} INFO - Setting next_dagrun for batch_pipeline_harga_pangan to 2026-06-21 23:00:00+00:00, run_after=2026-06-22 23:00:00+00:00
[2026-06-22T13:39:45.403+0000] {processor.py:183} INFO - Processing /opt/airflow/dags/batch_pipeline_dag.py took 0.153 seconds
[2026-06-22T13:40:15.482+0000] {processor.py:161} INFO - Started process (PID=1627) to work on /opt/airflow/dags/batch_pipeline_dag.py
[2026-06-22T13:40:15.483+0000] {processor.py:830} INFO - Processing file /opt/airflow/dags/batch_pipeline_dag.py for tasks to queue
[2026-06-22T13:40:15.484+0000] {logging_mixin.py:188} INFO - [2026-06-22T13:40:15.484+0000] {dagbag.py:538} INFO - Filling up the DagBag from /opt/airflow/dags/batch_pipeline_dag.py
[2026-06-22T13:40:15.521+0000] {processor.py:840} INFO - DAG(s) 'batch_pipeline_harga_pangan' retrieved from /opt/airflow/dags/batch_pipeline_dag.py
[2026-06-22T13:40:15.601+0000] {logging_mixin.py:188} INFO - [2026-06-22T13:40:15.601+0000] {dag.py:3036} INFO - Sync 1 DAGs
[2026-06-22T13:40:15.621+0000] {logging_mixin.py:188} INFO - [2026-06-22T13:40:15.621+0000] {dag.py:3823} INFO - Setting next_dagrun for batch_pipeline_harga_pangan to 2026-06-21 23:00:00+00:00, run_after=2026-06-22 23:00:00+00:00
[2026-06-22T13:40:15.640+0000] {processor.py:183} INFO - Processing /opt/airflow/dags/batch_pipeline_dag.py took 0.162 seconds
[2026-06-22T13:40:46.630+0000] {processor.py:161} INFO - Started process (PID=1644) to work on /opt/airflow/dags/batch_pipeline_dag.py
[2026-06-22T13:40:46.632+0000] {processor.py:830} INFO - Processing file /opt/airflow/dags/batch_pipeline_dag.py for tasks to queue
[2026-06-22T13:40:46.633+0000] {logging_mixin.py:188} INFO - [2026-06-22T13:40:46.633+0000] {dagbag.py:538} INFO - Filling up the DagBag from /opt/airflow/dags/batch_pipeline_dag.py
[2026-06-22T13:40:46.667+0000] {processor.py:840} INFO - DAG(s) 'batch_pipeline_harga_pangan' retrieved from /opt/airflow/dags/batch_pipeline_dag.py
[2026-06-22T13:40:46.747+0000] {logging_mixin.py:188} INFO - [2026-06-22T13:40:46.747+0000] {dag.py:3036} INFO - Sync 1 DAGs
[2026-06-22T13:40:46.780+0000] {logging_mixin.py:188} INFO - [2026-06-22T13:40:46.780+0000] {dag.py:3823} INFO - Setting next_dagrun for batch_pipeline_harga_pangan to 2026-06-21 23:00:00+00:00, run_after=2026-06-22 23:00:00+00:00
[2026-06-22T13:40:46.810+0000] {processor.py:183} INFO - Processing /opt/airflow/dags/batch_pipeline_dag.py took 0.182 seconds
[2026-06-22T13:41:17.726+0000] {processor.py:161} INFO - Started process (PID=1662) to work on /opt/airflow/dags/batch_pipeline_dag.py
[2026-06-22T13:41:17.728+0000] {processor.py:830} INFO - Processing file /opt/airflow/dags/batch_pipeline_dag.py for tasks to queue
[2026-06-22T13:41:17.730+0000] {logging_mixin.py:188} INFO - [2026-06-22T13:41:17.730+0000] {dagbag.py:538} INFO - Filling up the DagBag from /opt/airflow/dags/batch_pipeline_dag.py
[2026-06-22T13:41:17.793+0000] {processor.py:840} INFO - DAG(s) 'batch_pipeline_harga_pangan' retrieved from /opt/airflow/dags/batch_pipeline_dag.py
[2026-06-22T13:41:17.905+0000] {logging_mixin.py:188} INFO - [2026-06-22T13:41:17.904+0000] {dag.py:3036} INFO - Sync 1 DAGs
[2026-06-22T13:41:17.936+0000] {logging_mixin.py:188} INFO - [2026-06-22T13:41:17.936+0000] {dag.py:3823} INFO - Setting next_dagrun for batch_pipeline_harga_pangan to 2026-06-21 23:00:00+00:00, run_after=2026-06-22 23:00:00+00:00
[2026-06-22T13:41:17.970+0000] {processor.py:183} INFO - Processing /opt/airflow/dags/batch_pipeline_dag.py took 0.250 seconds
[2026-06-22T13:41:48.833+0000] {processor.py:161} INFO - Started process (PID=1680) to work on /opt/airflow/dags/batch_pipeline_dag.py
[2026-06-22T13:41:48.834+0000] {processor.py:830} INFO - Processing file /opt/airflow/dags/batch_pipeline_dag.py for tasks to queue
[2026-06-22T13:41:48.835+0000] {logging_mixin.py:188} INFO - [2026-06-22T13:41:48.835+0000] {dagbag.py:538} INFO - Filling up the DagBag from /opt/airflow/dags/batch_pipeline_dag.py
[2026-06-22T13:41:48.871+0000] {processor.py:840} INFO - DAG(s) 'batch_pipeline_harga_pangan' retrieved from /opt/airflow/dags/batch_pipeline_dag.py
[2026-06-22T13:41:48.950+0000] {logging_mixin.py:188} INFO - [2026-06-22T13:41:48.950+0000] {dag.py:3036} INFO - Sync 1 DAGs
[2026-06-22T13:41:48.973+0000] {logging_mixin.py:188} INFO - [2026-06-22T13:41:48.973+0000] {dag.py:3823} INFO - Setting next_dagrun for batch_pipeline_harga_pangan to 2026-06-21 23:00:00+00:00, run_after=2026-06-22 23:00:00+00:00
[2026-06-22T13:41:48.995+0000] {processor.py:183} INFO - Processing /opt/airflow/dags/batch_pipeline_dag.py took 0.165 seconds
[2026-06-22T13:42:19.830+0000] {processor.py:161} INFO - Started process (PID=1698) to work on /opt/airflow/dags/batch_pipeline_dag.py
[2026-06-22T13:42:19.832+0000] {processor.py:830} INFO - Processing file /opt/airflow/dags/batch_pipeline_dag.py for tasks to queue
[2026-06-22T13:42:19.834+0000] {logging_mixin.py:188} INFO - [2026-06-22T13:42:19.833+0000] {dagbag.py:538} INFO - Filling up the DagBag from /opt/airflow/dags/batch_pipeline_dag.py
[2026-06-22T13:42:19.879+0000] {processor.py:840} INFO - DAG(s) 'batch_pipeline_harga_pangan' retrieved from /opt/airflow/dags/batch_pipeline_dag.py
[2026-06-22T13:42:19.991+0000] {logging_mixin.py:188} INFO - [2026-06-22T13:42:19.991+0000] {dag.py:3036} INFO - Sync 1 DAGs
[2026-06-22T13:42:20.035+0000] {logging_mixin.py:188} INFO - [2026-06-22T13:42:20.034+0000] {dag.py:3823} INFO - Setting next_dagrun for batch_pipeline_harga_pangan to 2026-06-21 23:00:00+00:00, run_after=2026-06-22 23:00:00+00:00
[2026-06-22T13:42:20.065+0000] {processor.py:183} INFO - Processing /opt/airflow/dags/batch_pipeline_dag.py took 0.240 seconds
[2026-06-22T13:42:51.023+0000] {processor.py:161} INFO - Started process (PID=1708) to work on /opt/airflow/dags/batch_pipeline_dag.py
[2026-06-22T13:42:51.025+0000] {processor.py:830} INFO - Processing file /opt/airflow/dags/batch_pipeline_dag.py for tasks to queue
[2026-06-22T13:42:51.027+0000] {logging_mixin.py:188} INFO - [2026-06-22T13:42:51.026+0000] {dagbag.py:538} INFO - Filling up the DagBag from /opt/airflow/dags/batch_pipeline_dag.py
[2026-06-22T13:42:51.064+0000] {processor.py:840} INFO - DAG(s) 'batch_pipeline_harga_pangan' retrieved from /opt/airflow/dags/batch_pipeline_dag.py
[2026-06-22T13:42:51.146+0000] {logging_mixin.py:188} INFO - [2026-06-22T13:42:51.146+0000] {dag.py:3036} INFO - Sync 1 DAGs
[2026-06-22T13:42:51.181+0000] {logging_mixin.py:188} INFO - [2026-06-22T13:42:51.180+0000] {dag.py:3823} INFO - Setting next_dagrun for batch_pipeline_harga_pangan to 2026-06-21 23:00:00+00:00, run_after=2026-06-22 23:00:00+00:00
[2026-06-22T13:42:51.199+0000] {processor.py:183} INFO - Processing /opt/airflow/dags/batch_pipeline_dag.py took 0.180 seconds
[2026-06-22T13:43:22.161+0000] {processor.py:161} INFO - Started process (PID=1726) to work on /opt/airflow/dags/batch_pipeline_dag.py
[2026-06-22T13:43:22.162+0000] {processor.py:830} INFO - Processing file /opt/airflow/dags/batch_pipeline_dag.py for tasks to queue
[2026-06-22T13:43:22.163+0000] {logging_mixin.py:188} INFO - [2026-06-22T13:43:22.163+0000] {dagbag.py:538} INFO - Filling up the DagBag from /opt/airflow/dags/batch_pipeline_dag.py
[2026-06-22T13:43:22.198+0000] {processor.py:840} INFO - DAG(s) 'batch_pipeline_harga_pangan' retrieved from /opt/airflow/dags/batch_pipeline_dag.py
[2026-06-22T13:43:22.270+0000] {logging_mixin.py:188} INFO - [2026-06-22T13:43:22.270+0000] {dag.py:3036} INFO - Sync 1 DAGs
[2026-06-22T13:43:22.297+0000] {logging_mixin.py:188} INFO - [2026-06-22T13:43:22.296+0000] {dag.py:3823} INFO - Setting next_dagrun for batch_pipeline_harga_pangan to 2026-06-21 23:00:00+00:00, run_after=2026-06-22 23:00:00+00:00
[2026-06-22T13:43:22.319+0000] {processor.py:183} INFO - Processing /opt/airflow/dags/batch_pipeline_dag.py took 0.162 seconds
[2026-06-22T13:43:53.267+0000] {processor.py:161} INFO - Started process (PID=1744) to work on /opt/airflow/dags/batch_pipeline_dag.py
[2026-06-22T13:43:53.269+0000] {processor.py:830} INFO - Processing file /opt/airflow/dags/batch_pipeline_dag.py for tasks to queue
[2026-06-22T13:43:53.270+0000] {logging_mixin.py:188} INFO - [2026-06-22T13:43:53.270+0000] {dagbag.py:538} INFO - Filling up the DagBag from /opt/airflow/dags/batch_pipeline_dag.py
[2026-06-22T13:43:53.307+0000] {processor.py:840} INFO - DAG(s) 'batch_pipeline_harga_pangan' retrieved from /opt/airflow/dags/batch_pipeline_dag.py
[2026-06-22T13:43:53.394+0000] {logging_mixin.py:188} INFO - [2026-06-22T13:43:53.393+0000] {dag.py:3036} INFO - Sync 1 DAGs
[2026-06-22T13:43:53.420+0000] {logging_mixin.py:188} INFO - [2026-06-22T13:43:53.419+0000] {dag.py:3823} INFO - Setting next_dagrun for batch_pipeline_harga_pangan to 2026-06-21 23:00:00+00:00, run_after=2026-06-22 23:00:00+00:00
[2026-06-22T13:43:53.444+0000] {processor.py:183} INFO - Processing /opt/airflow/dags/batch_pipeline_dag.py took 0.181 seconds
[2026-06-22T13:44:23.831+0000] {processor.py:161} INFO - Started process (PID=1764) to work on /opt/airflow/dags/batch_pipeline_dag.py
[2026-06-22T13:44:23.833+0000] {processor.py:830} INFO - Processing file /opt/airflow/dags/batch_pipeline_dag.py for tasks to queue
[2026-06-22T13:44:23.834+0000] {logging_mixin.py:188} INFO - [2026-06-22T13:44:23.834+0000] {dagbag.py:538} INFO - Filling up the DagBag from /opt/airflow/dags/batch_pipeline_dag.py
[2026-06-22T13:44:23.881+0000] {processor.py:840} INFO - DAG(s) 'batch_pipeline_harga_pangan' retrieved from /opt/airflow/dags/batch_pipeline_dag.py
[2026-06-22T13:44:23.975+0000] {logging_mixin.py:188} INFO - [2026-06-22T13:44:23.975+0000] {dag.py:3036} INFO - Sync 1 DAGs
[2026-06-22T13:44:24.004+0000] {logging_mixin.py:188} INFO - [2026-06-22T13:44:24.004+0000] {dag.py:3823} INFO - Setting next_dagrun for batch_pipeline_harga_pangan to 2026-06-21 23:00:00+00:00, run_after=2026-06-22 23:00:00+00:00
[2026-06-22T13:44:24.030+0000] {processor.py:183} INFO - Processing /opt/airflow/dags/batch_pipeline_dag.py took 0.203 seconds
[2026-06-22T13:44:54.307+0000] {processor.py:161} INFO - Started process (PID=1782) to work on /opt/airflow/dags/batch_pipeline_dag.py
[2026-06-22T13:44:54.308+0000] {processor.py:830} INFO - Processing file /opt/airflow/dags/batch_pipeline_dag.py for tasks to queue
[2026-06-22T13:44:54.310+0000] {logging_mixin.py:188} INFO - [2026-06-22T13:44:54.309+0000] {dagbag.py:538} INFO - Filling up the DagBag from /opt/airflow/dags/batch_pipeline_dag.py
[2026-06-22T13:44:54.353+0000] {processor.py:840} INFO - DAG(s) 'batch_pipeline_harga_pangan' retrieved from /opt/airflow/dags/batch_pipeline_dag.py
[2026-06-22T13:44:54.436+0000] {logging_mixin.py:188} INFO - [2026-06-22T13:44:54.436+0000] {dag.py:3036} INFO - Sync 1 DAGs
[2026-06-22T13:44:54.459+0000] {logging_mixin.py:188} INFO - [2026-06-22T13:44:54.458+0000] {dag.py:3823} INFO - Setting next_dagrun for batch_pipeline_harga_pangan to 2026-06-21 23:00:00+00:00, run_after=2026-06-22 23:00:00+00:00
[2026-06-22T13:44:54.478+0000] {processor.py:183} INFO - Processing /opt/airflow/dags/batch_pipeline_dag.py took 0.176 seconds
[2026-06-22T13:45:24.636+0000] {processor.py:161} INFO - Started process (PID=1800) to work on /opt/airflow/dags/batch_pipeline_dag.py
[2026-06-22T13:45:24.637+0000] {processor.py:830} INFO - Processing file /opt/airflow/dags/batch_pipeline_dag.py for tasks to queue
[2026-06-22T13:45:24.638+0000] {logging_mixin.py:188} INFO - [2026-06-22T13:45:24.638+0000] {dagbag.py:538} INFO - Filling up the DagBag from /opt/airflow/dags/batch_pipeline_dag.py
[2026-06-22T13:45:24.680+0000] {processor.py:840} INFO - DAG(s) 'batch_pipeline_harga_pangan' retrieved from /opt/airflow/dags/batch_pipeline_dag.py
[2026-06-22T13:45:24.767+0000] {logging_mixin.py:188} INFO - [2026-06-22T13:45:24.767+0000] {dag.py:3036} INFO - Sync 1 DAGs
[2026-06-22T13:45:24.792+0000] {logging_mixin.py:188} INFO - [2026-06-22T13:45:24.792+0000] {dag.py:3823} INFO - Setting next_dagrun for batch_pipeline_harga_pangan to 2026-06-21 23:00:00+00:00, run_after=2026-06-22 23:00:00+00:00
[2026-06-22T13:45:24.818+0000] {processor.py:183} INFO - Processing /opt/airflow/dags/batch_pipeline_dag.py took 0.187 seconds
[2026-06-22T13:45:55.217+0000] {processor.py:161} INFO - Started process (PID=1818) to work on /opt/airflow/dags/batch_pipeline_dag.py
[2026-06-22T13:45:55.220+0000] {processor.py:830} INFO - Processing file /opt/airflow/dags/batch_pipeline_dag.py for tasks to queue
[2026-06-22T13:45:55.222+0000] {logging_mixin.py:188} INFO - [2026-06-22T13:45:55.222+0000] {dagbag.py:538} INFO - Filling up the DagBag from /opt/airflow/dags/batch_pipeline_dag.py
[2026-06-22T13:45:55.280+0000] {processor.py:840} INFO - DAG(s) 'batch_pipeline_harga_pangan' retrieved from /opt/airflow/dags/batch_pipeline_dag.py
[2026-06-22T13:45:55.460+0000] {logging_mixin.py:188} INFO - [2026-06-22T13:45:55.459+0000] {dag.py:3036} INFO - Sync 1 DAGs
[2026-06-22T13:45:55.488+0000] {logging_mixin.py:188} INFO - [2026-06-22T13:45:55.488+0000] {dag.py:3823} INFO - Setting next_dagrun for batch_pipeline_harga_pangan to 2026-06-21 23:00:00+00:00, run_after=2026-06-22 23:00:00+00:00
[2026-06-22T13:45:55.514+0000] {processor.py:183} INFO - Processing /opt/airflow/dags/batch_pipeline_dag.py took 0.305 seconds
[2026-06-22T13:46:25.678+0000] {processor.py:161} INFO - Started process (PID=1836) to work on /opt/airflow/dags/batch_pipeline_dag.py
[2026-06-22T13:46:25.679+0000] {processor.py:830} INFO - Processing file /opt/airflow/dags/batch_pipeline_dag.py for tasks to queue
[2026-06-22T13:46:25.682+0000] {logging_mixin.py:188} INFO - [2026-06-22T13:46:25.681+0000] {dagbag.py:538} INFO - Filling up the DagBag from /opt/airflow/dags/batch_pipeline_dag.py
[2026-06-22T13:46:25.729+0000] {processor.py:840} INFO - DAG(s) 'batch_pipeline_harga_pangan' retrieved from /opt/airflow/dags/batch_pipeline_dag.py
[2026-06-22T13:46:25.836+0000] {logging_mixin.py:188} INFO - [2026-06-22T13:46:25.836+0000] {dag.py:3036} INFO - Sync 1 DAGs
[2026-06-22T13:46:25.871+0000] {logging_mixin.py:188} INFO - [2026-06-22T13:46:25.871+0000] {dag.py:3823} INFO - Setting next_dagrun for batch_pipeline_harga_pangan to 2026-06-21 23:00:00+00:00, run_after=2026-06-22 23:00:00+00:00
[2026-06-22T13:46:25.905+0000] {processor.py:183} INFO - Processing /opt/airflow/dags/batch_pipeline_dag.py took 0.235 seconds
[2026-06-22T13:46:56.156+0000] {processor.py:161} INFO - Started process (PID=1854) to work on /opt/airflow/dags/batch_pipeline_dag.py
[2026-06-22T13:46:56.158+0000] {processor.py:830} INFO - Processing file /opt/airflow/dags/batch_pipeline_dag.py for tasks to queue
[2026-06-22T13:46:56.160+0000] {logging_mixin.py:188} INFO - [2026-06-22T13:46:56.159+0000] {dagbag.py:538} INFO - Filling up the DagBag from /opt/airflow/dags/batch_pipeline_dag.py
[2026-06-22T13:46:56.210+0000] {processor.py:840} INFO - DAG(s) 'batch_pipeline_harga_pangan' retrieved from /opt/airflow/dags/batch_pipeline_dag.py
[2026-06-22T13:46:56.301+0000] {logging_mixin.py:188} INFO - [2026-06-22T13:46:56.301+0000] {dag.py:3036} INFO - Sync 1 DAGs
[2026-06-22T13:46:56.328+0000] {logging_mixin.py:188} INFO - [2026-06-22T13:46:56.327+0000] {dag.py:3823} INFO - Setting next_dagrun for batch_pipeline_harga_pangan to 2026-06-21 23:00:00+00:00, run_after=2026-06-22 23:00:00+00:00
[2026-06-22T13:46:56.356+0000] {processor.py:183} INFO - Processing /opt/airflow/dags/batch_pipeline_dag.py took 0.206 seconds
[2026-06-22T13:47:26.620+0000] {processor.py:161} INFO - Started process (PID=1864) to work on /opt/airflow/dags/batch_pipeline_dag.py
[2026-06-22T13:47:26.623+0000] {processor.py:830} INFO - Processing file /opt/airflow/dags/batch_pipeline_dag.py for tasks to queue
[2026-06-22T13:47:26.625+0000] {logging_mixin.py:188} INFO - [2026-06-22T13:47:26.625+0000] {dagbag.py:538} INFO - Filling up the DagBag from /opt/airflow/dags/batch_pipeline_dag.py
[2026-06-22T13:47:26.683+0000] {processor.py:840} INFO - DAG(s) 'batch_pipeline_harga_pangan' retrieved from /opt/airflow/dags/batch_pipeline_dag.py
[2026-06-22T13:47:26.766+0000] {logging_mixin.py:188} INFO - [2026-06-22T13:47:26.766+0000] {dag.py:3036} INFO - Sync 1 DAGs
[2026-06-22T13:47:26.789+0000] {logging_mixin.py:188} INFO - [2026-06-22T13:47:26.788+0000] {dag.py:3823} INFO - Setting next_dagrun for batch_pipeline_harga_pangan to 2026-06-21 23:00:00+00:00, run_after=2026-06-22 23:00:00+00:00
[2026-06-22T13:47:26.815+0000] {processor.py:183} INFO - Processing /opt/airflow/dags/batch_pipeline_dag.py took 0.203 seconds
[2026-06-22T13:47:57.036+0000] {processor.py:161} INFO - Started process (PID=1882) to work on /opt/airflow/dags/batch_pipeline_dag.py
[2026-06-22T13:47:57.041+0000] {processor.py:830} INFO - Processing file /opt/airflow/dags/batch_pipeline_dag.py for tasks to queue
[2026-06-22T13:47:57.043+0000] {logging_mixin.py:188} INFO - [2026-06-22T13:47:57.043+0000] {dagbag.py:538} INFO - Filling up the DagBag from /opt/airflow/dags/batch_pipeline_dag.py
[2026-06-22T13:47:57.125+0000] {processor.py:840} INFO - DAG(s) 'batch_pipeline_harga_pangan' retrieved from /opt/airflow/dags/batch_pipeline_dag.py
[2026-06-22T13:47:57.272+0000] {logging_mixin.py:188} INFO - [2026-06-22T13:47:57.272+0000] {dag.py:3036} INFO - Sync 1 DAGs
[2026-06-22T13:47:57.308+0000] {logging_mixin.py:188} INFO - [2026-06-22T13:47:57.308+0000] {dag.py:3823} INFO - Setting next_dagrun for batch_pipeline_harga_pangan to 2026-06-21 23:00:00+00:00, run_after=2026-06-22 23:00:00+00:00
[2026-06-22T13:47:57.337+0000] {processor.py:183} INFO - Processing /opt/airflow/dags/batch_pipeline_dag.py took 0.311 seconds
[2026-06-22T13:48:27.509+0000] {processor.py:161} INFO - Started process (PID=1900) to work on /opt/airflow/dags/batch_pipeline_dag.py
[2026-06-22T13:48:27.512+0000] {processor.py:830} INFO - Processing file /opt/airflow/dags/batch_pipeline_dag.py for tasks to queue
[2026-06-22T13:48:27.515+0000] {logging_mixin.py:188} INFO - [2026-06-22T13:48:27.514+0000] {dagbag.py:538} INFO - Filling up the DagBag from /opt/airflow/dags/batch_pipeline_dag.py
[2026-06-22T13:48:27.621+0000] {processor.py:840} INFO - DAG(s) 'batch_pipeline_harga_pangan' retrieved from /opt/airflow/dags/batch_pipeline_dag.py
[2026-06-22T13:48:27.785+0000] {logging_mixin.py:188} INFO - [2026-06-22T13:48:27.784+0000] {dag.py:3036} INFO - Sync 1 DAGs
[2026-06-22T13:48:27.842+0000] {logging_mixin.py:188} INFO - [2026-06-22T13:48:27.842+0000] {dag.py:3823} INFO - Setting next_dagrun for batch_pipeline_harga_pangan to 2026-06-21 23:00:00+00:00, run_after=2026-06-22 23:00:00+00:00
[2026-06-22T13:48:27.887+0000] {processor.py:183} INFO - Processing /opt/airflow/dags/batch_pipeline_dag.py took 0.388 seconds
[2026-06-22T13:48:58.717+0000] {processor.py:161} INFO - Started process (PID=1918) to work on /opt/airflow/dags/batch_pipeline_dag.py
[2026-06-22T13:48:58.719+0000] {processor.py:830} INFO - Processing file /opt/airflow/dags/batch_pipeline_dag.py for tasks to queue
[2026-06-22T13:48:58.721+0000] {logging_mixin.py:188} INFO - [2026-06-22T13:48:58.721+0000] {dagbag.py:538} INFO - Filling up the DagBag from /opt/airflow/dags/batch_pipeline_dag.py
[2026-06-22T13:48:58.783+0000] {processor.py:840} INFO - DAG(s) 'batch_pipeline_harga_pangan' retrieved from /opt/airflow/dags/batch_pipeline_dag.py
[2026-06-22T13:48:58.924+0000] {logging_mixin.py:188} INFO - [2026-06-22T13:48:58.924+0000] {dag.py:3036} INFO - Sync 1 DAGs
[2026-06-22T13:48:58.958+0000] {logging_mixin.py:188} INFO - [2026-06-22T13:48:58.957+0000] {dag.py:3823} INFO - Setting next_dagrun for batch_pipeline_harga_pangan to 2026-06-21 23:00:00+00:00, run_after=2026-06-22 23:00:00+00:00
[2026-06-22T13:48:58.998+0000] {processor.py:183} INFO - Processing /opt/airflow/dags/batch_pipeline_dag.py took 0.286 seconds
[2026-06-22T13:49:29.386+0000] {processor.py:161} INFO - Started process (PID=1936) to work on /opt/airflow/dags/batch_pipeline_dag.py
[2026-06-22T13:49:29.389+0000] {processor.py:830} INFO - Processing file /opt/airflow/dags/batch_pipeline_dag.py for tasks to queue
[2026-06-22T13:49:29.391+0000] {logging_mixin.py:188} INFO - [2026-06-22T13:49:29.391+0000] {dagbag.py:538} INFO - Filling up the DagBag from /opt/airflow/dags/batch_pipeline_dag.py
[2026-06-22T13:49:29.474+0000] {processor.py:840} INFO - DAG(s) 'batch_pipeline_harga_pangan' retrieved from /opt/airflow/dags/batch_pipeline_dag.py
[2026-06-22T13:49:29.618+0000] {logging_mixin.py:188} INFO - [2026-06-22T13:49:29.618+0000] {dag.py:3036} INFO - Sync 1 DAGs
[2026-06-22T13:49:29.647+0000] {logging_mixin.py:188} INFO - [2026-06-22T13:49:29.647+0000] {dag.py:3823} INFO - Setting next_dagrun for batch_pipeline_harga_pangan to 2026-06-21 23:00:00+00:00, run_after=2026-06-22 23:00:00+00:00
[2026-06-22T13:49:29.679+0000] {processor.py:183} INFO - Processing /opt/airflow/dags/batch_pipeline_dag.py took 0.304 seconds
[2026-06-22T13:50:00.147+0000] {processor.py:161} INFO - Started process (PID=1954) to work on /opt/airflow/dags/batch_pipeline_dag.py
[2026-06-22T13:50:00.150+0000] {processor.py:830} INFO - Processing file /opt/airflow/dags/batch_pipeline_dag.py for tasks to queue
[2026-06-22T13:50:00.154+0000] {logging_mixin.py:188} INFO - [2026-06-22T13:50:00.153+0000] {dagbag.py:538} INFO - Filling up the DagBag from /opt/airflow/dags/batch_pipeline_dag.py
[2026-06-22T13:50:00.224+0000] {processor.py:840} INFO - DAG(s) 'batch_pipeline_harga_pangan' retrieved from /opt/airflow/dags/batch_pipeline_dag.py
[2026-06-22T13:50:00.320+0000] {logging_mixin.py:188} INFO - [2026-06-22T13:50:00.320+0000] {dag.py:3036} INFO - Sync 1 DAGs
[2026-06-22T13:50:00.346+0000] {logging_mixin.py:188} INFO - [2026-06-22T13:50:00.346+0000] {dag.py:3823} INFO - Setting next_dagrun for batch_pipeline_harga_pangan to 2026-06-21 23:00:00+00:00, run_after=2026-06-22 23:00:00+00:00
[2026-06-22T13:50:00.372+0000] {processor.py:183} INFO - Processing /opt/airflow/dags/batch_pipeline_dag.py took 0.237 seconds
[2026-06-22T13:50:30.635+0000] {processor.py:161} INFO - Started process (PID=1972) to work on /opt/airflow/dags/batch_pipeline_dag.py
[2026-06-22T13:50:30.641+0000] {processor.py:830} INFO - Processing file /opt/airflow/dags/batch_pipeline_dag.py for tasks to queue
[2026-06-22T13:50:30.650+0000] {logging_mixin.py:188} INFO - [2026-06-22T13:50:30.649+0000] {dagbag.py:538} INFO - Filling up the DagBag from /opt/airflow/dags/batch_pipeline_dag.py
[2026-06-22T13:50:30.740+0000] {processor.py:840} INFO - DAG(s) 'batch_pipeline_harga_pangan' retrieved from /opt/airflow/dags/batch_pipeline_dag.py
[2026-06-22T13:50:30.894+0000] {logging_mixin.py:188} INFO - [2026-06-22T13:50:30.893+0000] {dag.py:3036} INFO - Sync 1 DAGs
[2026-06-22T13:50:30.926+0000] {logging_mixin.py:188} INFO - [2026-06-22T13:50:30.925+0000] {dag.py:3823} INFO - Setting next_dagrun for batch_pipeline_harga_pangan to 2026-06-21 23:00:00+00:00, run_after=2026-06-22 23:00:00+00:00
[2026-06-22T13:50:30.954+0000] {processor.py:183} INFO - Processing /opt/airflow/dags/batch_pipeline_dag.py took 0.335 seconds
[2026-06-22T13:51:01.100+0000] {processor.py:161} INFO - Started process (PID=1990) to work on /opt/airflow/dags/batch_pipeline_dag.py
[2026-06-22T13:51:01.102+0000] {processor.py:830} INFO - Processing file /opt/airflow/dags/batch_pipeline_dag.py for tasks to queue
[2026-06-22T13:51:01.105+0000] {logging_mixin.py:188} INFO - [2026-06-22T13:51:01.104+0000] {dagbag.py:538} INFO - Filling up the DagBag from /opt/airflow/dags/batch_pipeline_dag.py
[2026-06-22T13:51:01.151+0000] {processor.py:840} INFO - DAG(s) 'batch_pipeline_harga_pangan' retrieved from /opt/airflow/dags/batch_pipeline_dag.py
[2026-06-22T13:51:01.253+0000] {logging_mixin.py:188} INFO - [2026-06-22T13:51:01.252+0000] {dag.py:3036} INFO - Sync 1 DAGs
[2026-06-22T13:51:01.280+0000] {logging_mixin.py:188} INFO - [2026-06-22T13:51:01.280+0000] {dag.py:3823} INFO - Setting next_dagrun for batch_pipeline_harga_pangan to 2026-06-21 23:00:00+00:00, run_after=2026-06-22 23:00:00+00:00
[2026-06-22T13:51:01.307+0000] {processor.py:183} INFO - Processing /opt/airflow/dags/batch_pipeline_dag.py took 0.213 seconds
[2026-06-22T13:51:31.716+0000] {processor.py:161} INFO - Started process (PID=2000) to work on /opt/airflow/dags/batch_pipeline_dag.py
[2026-06-22T13:51:31.718+0000] {processor.py:830} INFO - Processing file /opt/airflow/dags/batch_pipeline_dag.py for tasks to queue
[2026-06-22T13:51:31.720+0000] {logging_mixin.py:188} INFO - [2026-06-22T13:51:31.719+0000] {dagbag.py:538} INFO - Filling up the DagBag from /opt/airflow/dags/batch_pipeline_dag.py
[2026-06-22T13:51:31.787+0000] {processor.py:840} INFO - DAG(s) 'batch_pipeline_harga_pangan' retrieved from /opt/airflow/dags/batch_pipeline_dag.py
[2026-06-22T13:51:31.936+0000] {logging_mixin.py:188} INFO - [2026-06-22T13:51:31.935+0000] {dag.py:3036} INFO - Sync 1 DAGs
[2026-06-22T13:51:31.974+0000] {logging_mixin.py:188} INFO - [2026-06-22T13:51:31.973+0000] {dag.py:3823} INFO - Setting next_dagrun for batch_pipeline_harga_pangan to 2026-06-21 23:00:00+00:00, run_after=2026-06-22 23:00:00+00:00
[2026-06-22T13:51:32.013+0000] {processor.py:183} INFO - Processing /opt/airflow/dags/batch_pipeline_dag.py took 0.303 seconds
[2026-06-22T13:52:02.553+0000] {processor.py:161} INFO - Started process (PID=2018) to work on /opt/airflow/dags/batch_pipeline_dag.py
[2026-06-22T13:52:02.555+0000] {processor.py:830} INFO - Processing file /opt/airflow/dags/batch_pipeline_dag.py for tasks to queue
[2026-06-22T13:52:02.558+0000] {logging_mixin.py:188} INFO - [2026-06-22T13:52:02.557+0000] {dagbag.py:538} INFO - Filling up the DagBag from /opt/airflow/dags/batch_pipeline_dag.py
[2026-06-22T13:52:02.630+0000] {processor.py:840} INFO - DAG(s) 'batch_pipeline_harga_pangan' retrieved from /opt/airflow/dags/batch_pipeline_dag.py
[2026-06-22T13:52:02.774+0000] {logging_mixin.py:188} INFO - [2026-06-22T13:52:02.774+0000] {dag.py:3036} INFO - Sync 1 DAGs
[2026-06-22T13:52:02.818+0000] {logging_mixin.py:188} INFO - [2026-06-22T13:52:02.818+0000] {dag.py:3823} INFO - Setting next_dagrun for batch_pipeline_harga_pangan to 2026-06-21 23:00:00+00:00, run_after=2026-06-22 23:00:00+00:00
[2026-06-22T13:52:02.849+0000] {processor.py:183} INFO - Processing /opt/airflow/dags/batch_pipeline_dag.py took 0.304 seconds
[2026-06-22T13:52:32.987+0000] {processor.py:161} INFO - Started process (PID=2034) to work on /opt/airflow/dags/batch_pipeline_dag.py
[2026-06-22T13:52:32.988+0000] {processor.py:830} INFO - Processing file /opt/airflow/dags/batch_pipeline_dag.py for tasks to queue
[2026-06-22T13:52:32.990+0000] {logging_mixin.py:188} INFO - [2026-06-22T13:52:32.989+0000] {dagbag.py:538} INFO - Filling up the DagBag from /opt/airflow/dags/batch_pipeline_dag.py
[2026-06-22T13:52:33.046+0000] {processor.py:840} INFO - DAG(s) 'batch_pipeline_harga_pangan' retrieved from /opt/airflow/dags/batch_pipeline_dag.py
[2026-06-22T13:52:33.161+0000] {logging_mixin.py:188} INFO - [2026-06-22T13:52:33.160+0000] {dag.py:3036} INFO - Sync 1 DAGs
[2026-06-22T13:52:33.182+0000] {logging_mixin.py:188} INFO - [2026-06-22T13:52:33.181+0000] {dag.py:3823} INFO - Setting next_dagrun for batch_pipeline_harga_pangan to 2026-06-21 23:00:00+00:00, run_after=2026-06-22 23:00:00+00:00
[2026-06-22T13:52:33.201+0000] {processor.py:183} INFO - Processing /opt/airflow/dags/batch_pipeline_dag.py took 0.219 seconds
[2026-06-22T13:53:04.033+0000] {processor.py:161} INFO - Started process (PID=2052) to work on /opt/airflow/dags/batch_pipeline_dag.py
[2026-06-22T13:53:04.034+0000] {processor.py:830} INFO - Processing file /opt/airflow/dags/batch_pipeline_dag.py for tasks to queue
[2026-06-22T13:53:04.037+0000] {logging_mixin.py:188} INFO - [2026-06-22T13:53:04.036+0000] {dagbag.py:538} INFO - Filling up the DagBag from /opt/airflow/dags/batch_pipeline_dag.py
[2026-06-22T13:53:04.095+0000] {processor.py:840} INFO - DAG(s) 'batch_pipeline_harga_pangan' retrieved from /opt/airflow/dags/batch_pipeline_dag.py
[2026-06-22T13:53:04.185+0000] {logging_mixin.py:188} INFO - [2026-06-22T13:53:04.185+0000] {dag.py:3036} INFO - Sync 1 DAGs
[2026-06-22T13:53:04.214+0000] {logging_mixin.py:188} INFO - [2026-06-22T13:53:04.213+0000] {dag.py:3823} INFO - Setting next_dagrun for batch_pipeline_harga_pangan to 2026-06-21 23:00:00+00:00, run_after=2026-06-22 23:00:00+00:00
[2026-06-22T13:53:04.240+0000] {processor.py:183} INFO - Processing /opt/airflow/dags/batch_pipeline_dag.py took 0.213 seconds
[2026-06-22T13:53:36.036+0000] {processor.py:161} INFO - Started process (PID=2070) to work on /opt/airflow/dags/batch_pipeline_dag.py
[2026-06-22T13:53:36.041+0000] {processor.py:830} INFO - Processing file /opt/airflow/dags/batch_pipeline_dag.py for tasks to queue
[2026-06-22T13:53:36.048+0000] {logging_mixin.py:188} INFO - [2026-06-22T13:53:36.047+0000] {dagbag.py:538} INFO - Filling up the DagBag from /opt/airflow/dags/batch_pipeline_dag.py
[2026-06-22T13:53:36.130+0000] {processor.py:840} INFO - DAG(s) 'batch_pipeline_harga_pangan' retrieved from /opt/airflow/dags/batch_pipeline_dag.py
[2026-06-22T13:53:36.240+0000] {logging_mixin.py:188} INFO - [2026-06-22T13:53:36.240+0000] {dag.py:3036} INFO - Sync 1 DAGs
[2026-06-22T13:53:36.267+0000] {logging_mixin.py:188} INFO - [2026-06-22T13:53:36.266+0000] {dag.py:3823} INFO - Setting next_dagrun for batch_pipeline_harga_pangan to 2026-06-21 23:00:00+00:00, run_after=2026-06-22 23:00:00+00:00
[2026-06-22T13:53:36.297+0000] {processor.py:183} INFO - Processing /opt/airflow/dags/batch_pipeline_dag.py took 0.266 seconds
[2026-06-22T13:54:08.231+0000] {processor.py:161} INFO - Started process (PID=2088) to work on /opt/airflow/dags/batch_pipeline_dag.py
[2026-06-22T13:54:08.235+0000] {processor.py:830} INFO - Processing file /opt/airflow/dags/batch_pipeline_dag.py for tasks to queue
[2026-06-22T13:54:08.239+0000] {logging_mixin.py:188} INFO - [2026-06-22T13:54:08.238+0000] {dagbag.py:538} INFO - Filling up the DagBag from /opt/airflow/dags/batch_pipeline_dag.py
[2026-06-22T13:54:08.331+0000] {processor.py:840} INFO - DAG(s) 'batch_pipeline_harga_pangan' retrieved from /opt/airflow/dags/batch_pipeline_dag.py
[2026-06-22T13:54:08.479+0000] {logging_mixin.py:188} INFO - [2026-06-22T13:54:08.478+0000] {dag.py:3036} INFO - Sync 1 DAGs
[2026-06-22T13:54:08.526+0000] {logging_mixin.py:188} INFO - [2026-06-22T13:54:08.525+0000] {dag.py:3823} INFO - Setting next_dagrun for batch_pipeline_harga_pangan to 2026-06-21 23:00:00+00:00, run_after=2026-06-22 23:00:00+00:00
[2026-06-22T13:54:08.562+0000] {processor.py:183} INFO - Processing /opt/airflow/dags/batch_pipeline_dag.py took 0.341 seconds
[2026-06-22T13:54:39.537+0000] {processor.py:161} INFO - Started process (PID=2106) to work on /opt/airflow/dags/batch_pipeline_dag.py
[2026-06-22T13:54:39.538+0000] {processor.py:830} INFO - Processing file /opt/airflow/dags/batch_pipeline_dag.py for tasks to queue
[2026-06-22T13:54:39.540+0000] {logging_mixin.py:188} INFO - [2026-06-22T13:54:39.539+0000] {dagbag.py:538} INFO - Filling up the DagBag from /opt/airflow/dags/batch_pipeline_dag.py
[2026-06-22T13:54:39.580+0000] {processor.py:840} INFO - DAG(s) 'batch_pipeline_harga_pangan' retrieved from /opt/airflow/dags/batch_pipeline_dag.py
[2026-06-22T13:54:39.759+0000] {logging_mixin.py:188} INFO - [2026-06-22T13:54:39.759+0000] {dag.py:3036} INFO - Sync 1 DAGs
[2026-06-22T13:54:39.832+0000] {logging_mixin.py:188} INFO - [2026-06-22T13:54:39.831+0000] {dag.py:3823} INFO - Setting next_dagrun for batch_pipeline_harga_pangan to 2026-06-21 23:00:00+00:00, run_after=2026-06-22 23:00:00+00:00
[2026-06-22T13:54:39.878+0000] {processor.py:183} INFO - Processing /opt/airflow/dags/batch_pipeline_dag.py took 0.346 seconds
[2026-06-22T13:55:11.596+0000] {processor.py:161} INFO - Started process (PID=2124) to work on /opt/airflow/dags/batch_pipeline_dag.py
[2026-06-22T13:55:11.601+0000] {processor.py:830} INFO - Processing file /opt/airflow/dags/batch_pipeline_dag.py for tasks to queue
[2026-06-22T13:55:11.609+0000] {logging_mixin.py:188} INFO - [2026-06-22T13:55:11.607+0000] {dagbag.py:538} INFO - Filling up the DagBag from /opt/airflow/dags/batch_pipeline_dag.py
[2026-06-22T13:55:11.666+0000] {processor.py:840} INFO - DAG(s) 'batch_pipeline_harga_pangan' retrieved from /opt/airflow/dags/batch_pipeline_dag.py
[2026-06-22T13:55:11.748+0000] {logging_mixin.py:188} INFO - [2026-06-22T13:55:11.747+0000] {dag.py:3036} INFO - Sync 1 DAGs
[2026-06-22T13:55:11.770+0000] {logging_mixin.py:188} INFO - [2026-06-22T13:55:11.770+0000] {dag.py:3823} INFO - Setting next_dagrun for batch_pipeline_harga_pangan to 2026-06-21 23:00:00+00:00, run_after=2026-06-22 23:00:00+00:00
[2026-06-22T13:55:11.791+0000] {processor.py:183} INFO - Processing /opt/airflow/dags/batch_pipeline_dag.py took 0.206 seconds
