[2026-06-22T12:55:32.300+0000] {processor.py:161} INFO - Started process (PID=180) to work on /opt/airflow/dags/stream_monitor_dag.py
[2026-06-22T12:55:32.305+0000] {processor.py:830} INFO - Processing file /opt/airflow/dags/stream_monitor_dag.py for tasks to queue
[2026-06-22T12:55:32.319+0000] {logging_mixin.py:188} INFO - [2026-06-22T12:55:32.315+0000] {dagbag.py:538} INFO - Filling up the DagBag from /opt/airflow/dags/stream_monitor_dag.py
[2026-06-22T12:55:32.781+0000] {processor.py:840} INFO - DAG(s) 'stream_monitor_harga_pangan' retrieved from /opt/airflow/dags/stream_monitor_dag.py
[2026-06-22T12:55:33.919+0000] {logging_mixin.py:188} INFO - [2026-06-22T12:55:33.917+0000] {override.py:1769} INFO - Created Permission View: can delete on DAG:stream_monitor_harga_pangan
[2026-06-22T12:55:33.953+0000] {logging_mixin.py:188} INFO - [2026-06-22T12:55:33.952+0000] {override.py:1769} INFO - Created Permission View: can edit on DAG:stream_monitor_harga_pangan
[2026-06-22T12:55:33.974+0000] {logging_mixin.py:188} INFO - [2026-06-22T12:55:33.973+0000] {override.py:1769} INFO - Created Permission View: can read on DAG:stream_monitor_harga_pangan
[2026-06-22T12:55:33.976+0000] {logging_mixin.py:188} INFO - [2026-06-22T12:55:33.975+0000] {dag.py:3036} INFO - Sync 1 DAGs
[2026-06-22T12:55:34.019+0000] {logging_mixin.py:188} INFO - [2026-06-22T12:55:34.019+0000] {dag.py:3058} INFO - Creating ORM DAG for stream_monitor_harga_pangan
[2026-06-22T12:55:34.062+0000] {logging_mixin.py:188} INFO - [2026-06-22T12:55:34.061+0000] {dag.py:3823} INFO - Setting next_dagrun for stream_monitor_harga_pangan to 2026-06-22 11:00:00+00:00, run_after=2026-06-22 12:00:00+00:00
[2026-06-22T12:55:34.160+0000] {processor.py:183} INFO - Processing /opt/airflow/dags/stream_monitor_dag.py took 1.961 seconds
[2026-06-22T12:56:04.473+0000] {processor.py:161} INFO - Started process (PID=199) to work on /opt/airflow/dags/stream_monitor_dag.py
[2026-06-22T12:56:04.478+0000] {processor.py:830} INFO - Processing file /opt/airflow/dags/stream_monitor_dag.py for tasks to queue
[2026-06-22T12:56:04.482+0000] {logging_mixin.py:188} INFO - [2026-06-22T12:56:04.481+0000] {dagbag.py:538} INFO - Filling up the DagBag from /opt/airflow/dags/stream_monitor_dag.py
[2026-06-22T12:56:04.621+0000] {processor.py:840} INFO - DAG(s) 'stream_monitor_harga_pangan' retrieved from /opt/airflow/dags/stream_monitor_dag.py
[2026-06-22T12:56:04.763+0000] {logging_mixin.py:188} INFO - [2026-06-22T12:56:04.762+0000] {dag.py:3036} INFO - Sync 1 DAGs
[2026-06-22T12:56:04.828+0000] {logging_mixin.py:188} INFO - [2026-06-22T12:56:04.827+0000] {dag.py:3823} INFO - Setting next_dagrun for stream_monitor_harga_pangan to 2026-06-22 11:00:00+00:00, run_after=2026-06-22 12:00:00+00:00
[2026-06-22T12:56:04.884+0000] {processor.py:183} INFO - Processing /opt/airflow/dags/stream_monitor_dag.py took 0.430 seconds
[2026-06-22T12:56:35.474+0000] {processor.py:161} INFO - Started process (PID=216) to work on /opt/airflow/dags/stream_monitor_dag.py
[2026-06-22T12:56:35.479+0000] {processor.py:830} INFO - Processing file /opt/airflow/dags/stream_monitor_dag.py for tasks to queue
[2026-06-22T12:56:35.484+0000] {logging_mixin.py:188} INFO - [2026-06-22T12:56:35.483+0000] {dagbag.py:538} INFO - Filling up the DagBag from /opt/airflow/dags/stream_monitor_dag.py
[2026-06-22T12:56:35.684+0000] {processor.py:840} INFO - DAG(s) 'stream_monitor_harga_pangan' retrieved from /opt/airflow/dags/stream_monitor_dag.py
[2026-06-22T12:56:36.096+0000] {logging_mixin.py:188} INFO - [2026-06-22T12:56:36.084+0000] {dag.py:3036} INFO - Sync 1 DAGs
[2026-06-22T12:56:36.335+0000] {logging_mixin.py:188} INFO - [2026-06-22T12:56:36.334+0000] {dag.py:3823} INFO - Setting next_dagrun for stream_monitor_harga_pangan to 2026-06-22 11:00:00+00:00, run_after=2026-06-22 12:00:00+00:00
[2026-06-22T12:56:36.484+0000] {processor.py:183} INFO - Processing /opt/airflow/dags/stream_monitor_dag.py took 1.026 seconds
[2026-06-22T12:57:06.729+0000] {processor.py:161} INFO - Started process (PID=226) to work on /opt/airflow/dags/stream_monitor_dag.py
[2026-06-22T12:57:06.734+0000] {processor.py:830} INFO - Processing file /opt/airflow/dags/stream_monitor_dag.py for tasks to queue
[2026-06-22T12:57:06.739+0000] {logging_mixin.py:188} INFO - [2026-06-22T12:57:06.737+0000] {dagbag.py:538} INFO - Filling up the DagBag from /opt/airflow/dags/stream_monitor_dag.py
[2026-06-22T12:57:06.821+0000] {processor.py:840} INFO - DAG(s) 'stream_monitor_harga_pangan' retrieved from /opt/airflow/dags/stream_monitor_dag.py
[2026-06-22T12:57:06.943+0000] {logging_mixin.py:188} INFO - [2026-06-22T12:57:06.943+0000] {dag.py:3036} INFO - Sync 1 DAGs
[2026-06-22T12:57:07.026+0000] {logging_mixin.py:188} INFO - [2026-06-22T12:57:07.025+0000] {dag.py:3823} INFO - Setting next_dagrun for stream_monitor_harga_pangan to 2026-06-22 11:00:00+00:00, run_after=2026-06-22 12:00:00+00:00
[2026-06-22T12:57:07.082+0000] {processor.py:183} INFO - Processing /opt/airflow/dags/stream_monitor_dag.py took 0.367 seconds
[2026-06-22T12:57:37.495+0000] {processor.py:161} INFO - Started process (PID=244) to work on /opt/airflow/dags/stream_monitor_dag.py
[2026-06-22T12:57:37.499+0000] {processor.py:830} INFO - Processing file /opt/airflow/dags/stream_monitor_dag.py for tasks to queue
[2026-06-22T12:57:37.503+0000] {logging_mixin.py:188} INFO - [2026-06-22T12:57:37.502+0000] {dagbag.py:538} INFO - Filling up the DagBag from /opt/airflow/dags/stream_monitor_dag.py
[2026-06-22T12:57:37.597+0000] {processor.py:840} INFO - DAG(s) 'stream_monitor_harga_pangan' retrieved from /opt/airflow/dags/stream_monitor_dag.py
[2026-06-22T12:57:37.735+0000] {logging_mixin.py:188} INFO - [2026-06-22T12:57:37.735+0000] {dag.py:3036} INFO - Sync 1 DAGs
[2026-06-22T12:57:37.810+0000] {logging_mixin.py:188} INFO - [2026-06-22T12:57:37.809+0000] {dag.py:3823} INFO - Setting next_dagrun for stream_monitor_harga_pangan to 2026-06-22 11:00:00+00:00, run_after=2026-06-22 12:00:00+00:00
[2026-06-22T12:57:37.876+0000] {processor.py:183} INFO - Processing /opt/airflow/dags/stream_monitor_dag.py took 0.393 seconds
[2026-06-22T12:58:08.120+0000] {processor.py:161} INFO - Started process (PID=262) to work on /opt/airflow/dags/stream_monitor_dag.py
[2026-06-22T12:58:08.125+0000] {processor.py:830} INFO - Processing file /opt/airflow/dags/stream_monitor_dag.py for tasks to queue
[2026-06-22T12:58:08.128+0000] {logging_mixin.py:188} INFO - [2026-06-22T12:58:08.127+0000] {dagbag.py:538} INFO - Filling up the DagBag from /opt/airflow/dags/stream_monitor_dag.py
[2026-06-22T12:58:08.208+0000] {processor.py:840} INFO - DAG(s) 'stream_monitor_harga_pangan' retrieved from /opt/airflow/dags/stream_monitor_dag.py
[2026-06-22T12:58:08.349+0000] {logging_mixin.py:188} INFO - [2026-06-22T12:58:08.348+0000] {dag.py:3036} INFO - Sync 1 DAGs
[2026-06-22T12:58:08.417+0000] {logging_mixin.py:188} INFO - [2026-06-22T12:58:08.416+0000] {dag.py:3823} INFO - Setting next_dagrun for stream_monitor_harga_pangan to 2026-06-22 11:00:00+00:00, run_after=2026-06-22 12:00:00+00:00
[2026-06-22T12:58:08.488+0000] {processor.py:183} INFO - Processing /opt/airflow/dags/stream_monitor_dag.py took 0.382 seconds
[2026-06-22T12:58:38.861+0000] {processor.py:161} INFO - Started process (PID=280) to work on /opt/airflow/dags/stream_monitor_dag.py
[2026-06-22T12:58:38.866+0000] {processor.py:830} INFO - Processing file /opt/airflow/dags/stream_monitor_dag.py for tasks to queue
[2026-06-22T12:58:38.869+0000] {logging_mixin.py:188} INFO - [2026-06-22T12:58:38.869+0000] {dagbag.py:538} INFO - Filling up the DagBag from /opt/airflow/dags/stream_monitor_dag.py
[2026-06-22T12:58:38.971+0000] {processor.py:840} INFO - DAG(s) 'stream_monitor_harga_pangan' retrieved from /opt/airflow/dags/stream_monitor_dag.py
[2026-06-22T12:58:39.141+0000] {logging_mixin.py:188} INFO - [2026-06-22T12:58:39.141+0000] {dag.py:3036} INFO - Sync 1 DAGs
[2026-06-22T12:58:39.280+0000] {logging_mixin.py:188} INFO - [2026-06-22T12:58:39.279+0000] {dag.py:3823} INFO - Setting next_dagrun for stream_monitor_harga_pangan to 2026-06-22 11:00:00+00:00, run_after=2026-06-22 12:00:00+00:00
[2026-06-22T12:58:39.390+0000] {processor.py:183} INFO - Processing /opt/airflow/dags/stream_monitor_dag.py took 0.543 seconds
[2026-06-22T12:59:10.324+0000] {processor.py:161} INFO - Started process (PID=290) to work on /opt/airflow/dags/stream_monitor_dag.py
[2026-06-22T12:59:10.329+0000] {processor.py:830} INFO - Processing file /opt/airflow/dags/stream_monitor_dag.py for tasks to queue
[2026-06-22T12:59:10.332+0000] {logging_mixin.py:188} INFO - [2026-06-22T12:59:10.331+0000] {dagbag.py:538} INFO - Filling up the DagBag from /opt/airflow/dags/stream_monitor_dag.py
[2026-06-22T12:59:10.429+0000] {processor.py:840} INFO - DAG(s) 'stream_monitor_harga_pangan' retrieved from /opt/airflow/dags/stream_monitor_dag.py
[2026-06-22T12:59:10.537+0000] {logging_mixin.py:188} INFO - [2026-06-22T12:59:10.537+0000] {dag.py:3036} INFO - Sync 1 DAGs
[2026-06-22T12:59:10.598+0000] {logging_mixin.py:188} INFO - [2026-06-22T12:59:10.598+0000] {dag.py:3823} INFO - Setting next_dagrun for stream_monitor_harga_pangan to 2026-06-22 11:00:00+00:00, run_after=2026-06-22 12:00:00+00:00
[2026-06-22T12:59:10.670+0000] {processor.py:183} INFO - Processing /opt/airflow/dags/stream_monitor_dag.py took 0.357 seconds
[2026-06-22T12:59:41.259+0000] {processor.py:161} INFO - Started process (PID=308) to work on /opt/airflow/dags/stream_monitor_dag.py
[2026-06-22T12:59:41.273+0000] {processor.py:830} INFO - Processing file /opt/airflow/dags/stream_monitor_dag.py for tasks to queue
[2026-06-22T12:59:41.278+0000] {logging_mixin.py:188} INFO - [2026-06-22T12:59:41.277+0000] {dagbag.py:538} INFO - Filling up the DagBag from /opt/airflow/dags/stream_monitor_dag.py
[2026-06-22T12:59:41.443+0000] {processor.py:840} INFO - DAG(s) 'stream_monitor_harga_pangan' retrieved from /opt/airflow/dags/stream_monitor_dag.py
[2026-06-22T12:59:41.566+0000] {logging_mixin.py:188} INFO - [2026-06-22T12:59:41.565+0000] {dag.py:3036} INFO - Sync 1 DAGs
[2026-06-22T12:59:41.645+0000] {logging_mixin.py:188} INFO - [2026-06-22T12:59:41.645+0000] {dag.py:3823} INFO - Setting next_dagrun for stream_monitor_harga_pangan to 2026-06-22 11:00:00+00:00, run_after=2026-06-22 12:00:00+00:00
[2026-06-22T12:59:41.708+0000] {processor.py:183} INFO - Processing /opt/airflow/dags/stream_monitor_dag.py took 0.471 seconds
[2026-06-22T13:00:12.354+0000] {processor.py:161} INFO - Started process (PID=326) to work on /opt/airflow/dags/stream_monitor_dag.py
[2026-06-22T13:00:12.357+0000] {processor.py:830} INFO - Processing file /opt/airflow/dags/stream_monitor_dag.py for tasks to queue
[2026-06-22T13:00:12.360+0000] {logging_mixin.py:188} INFO - [2026-06-22T13:00:12.359+0000] {dagbag.py:538} INFO - Filling up the DagBag from /opt/airflow/dags/stream_monitor_dag.py
[2026-06-22T13:00:12.438+0000] {processor.py:840} INFO - DAG(s) 'stream_monitor_harga_pangan' retrieved from /opt/airflow/dags/stream_monitor_dag.py
[2026-06-22T13:00:12.576+0000] {logging_mixin.py:188} INFO - [2026-06-22T13:00:12.576+0000] {dag.py:3036} INFO - Sync 1 DAGs
[2026-06-22T13:00:12.635+0000] {logging_mixin.py:188} INFO - [2026-06-22T13:00:12.634+0000] {dag.py:3823} INFO - Setting next_dagrun for stream_monitor_harga_pangan to 2026-06-22 12:00:00+00:00, run_after=2026-06-22 13:00:00+00:00
[2026-06-22T13:00:12.691+0000] {processor.py:183} INFO - Processing /opt/airflow/dags/stream_monitor_dag.py took 0.349 seconds
[2026-06-22T13:00:43.818+0000] {processor.py:161} INFO - Started process (PID=344) to work on /opt/airflow/dags/stream_monitor_dag.py
[2026-06-22T13:00:43.821+0000] {processor.py:830} INFO - Processing file /opt/airflow/dags/stream_monitor_dag.py for tasks to queue
[2026-06-22T13:00:43.825+0000] {logging_mixin.py:188} INFO - [2026-06-22T13:00:43.824+0000] {dagbag.py:538} INFO - Filling up the DagBag from /opt/airflow/dags/stream_monitor_dag.py
[2026-06-22T13:00:43.953+0000] {processor.py:840} INFO - DAG(s) 'stream_monitor_harga_pangan' retrieved from /opt/airflow/dags/stream_monitor_dag.py
[2026-06-22T13:00:44.198+0000] {logging_mixin.py:188} INFO - [2026-06-22T13:00:44.197+0000] {dag.py:3036} INFO - Sync 1 DAGs
[2026-06-22T13:00:44.298+0000] {logging_mixin.py:188} INFO - [2026-06-22T13:00:44.297+0000] {dag.py:3823} INFO - Setting next_dagrun for stream_monitor_harga_pangan to 2026-06-22 12:00:00+00:00, run_after=2026-06-22 13:00:00+00:00
[2026-06-22T13:00:44.362+0000] {processor.py:183} INFO - Processing /opt/airflow/dags/stream_monitor_dag.py took 0.562 seconds
[2026-06-22T13:01:14.560+0000] {processor.py:161} INFO - Started process (PID=361) to work on /opt/airflow/dags/stream_monitor_dag.py
[2026-06-22T13:01:14.564+0000] {processor.py:830} INFO - Processing file /opt/airflow/dags/stream_monitor_dag.py for tasks to queue
[2026-06-22T13:01:14.567+0000] {logging_mixin.py:188} INFO - [2026-06-22T13:01:14.566+0000] {dagbag.py:538} INFO - Filling up the DagBag from /opt/airflow/dags/stream_monitor_dag.py
[2026-06-22T13:01:14.722+0000] {processor.py:840} INFO - DAG(s) 'stream_monitor_harga_pangan' retrieved from /opt/airflow/dags/stream_monitor_dag.py
[2026-06-22T13:01:14.915+0000] {logging_mixin.py:188} INFO - [2026-06-22T13:01:14.915+0000] {dag.py:3036} INFO - Sync 1 DAGs
[2026-06-22T13:01:15.003+0000] {logging_mixin.py:188} INFO - [2026-06-22T13:01:15.002+0000] {dag.py:3823} INFO - Setting next_dagrun for stream_monitor_harga_pangan to 2026-06-22 12:00:00+00:00, run_after=2026-06-22 13:00:00+00:00
[2026-06-22T13:01:15.138+0000] {processor.py:183} INFO - Processing /opt/airflow/dags/stream_monitor_dag.py took 0.592 seconds
[2026-06-22T13:01:45.907+0000] {processor.py:161} INFO - Started process (PID=371) to work on /opt/airflow/dags/stream_monitor_dag.py
[2026-06-22T13:01:45.909+0000] {processor.py:830} INFO - Processing file /opt/airflow/dags/stream_monitor_dag.py for tasks to queue
[2026-06-22T13:01:45.913+0000] {logging_mixin.py:188} INFO - [2026-06-22T13:01:45.912+0000] {dagbag.py:538} INFO - Filling up the DagBag from /opt/airflow/dags/stream_monitor_dag.py
[2026-06-22T13:01:46.009+0000] {processor.py:840} INFO - DAG(s) 'stream_monitor_harga_pangan' retrieved from /opt/airflow/dags/stream_monitor_dag.py
[2026-06-22T13:01:46.432+0000] {logging_mixin.py:188} INFO - [2026-06-22T13:01:46.432+0000] {dag.py:3036} INFO - Sync 1 DAGs
[2026-06-22T13:01:46.554+0000] {logging_mixin.py:188} INFO - [2026-06-22T13:01:46.551+0000] {dag.py:3823} INFO - Setting next_dagrun for stream_monitor_harga_pangan to 2026-06-22 12:00:00+00:00, run_after=2026-06-22 13:00:00+00:00
[2026-06-22T13:01:46.646+0000] {processor.py:183} INFO - Processing /opt/airflow/dags/stream_monitor_dag.py took 0.747 seconds
[2026-06-22T13:02:17.354+0000] {processor.py:161} INFO - Started process (PID=388) to work on /opt/airflow/dags/stream_monitor_dag.py
[2026-06-22T13:02:17.358+0000] {processor.py:830} INFO - Processing file /opt/airflow/dags/stream_monitor_dag.py for tasks to queue
[2026-06-22T13:02:17.362+0000] {logging_mixin.py:188} INFO - [2026-06-22T13:02:17.361+0000] {dagbag.py:538} INFO - Filling up the DagBag from /opt/airflow/dags/stream_monitor_dag.py
[2026-06-22T13:02:17.439+0000] {processor.py:840} INFO - DAG(s) 'stream_monitor_harga_pangan' retrieved from /opt/airflow/dags/stream_monitor_dag.py
[2026-06-22T13:02:17.553+0000] {logging_mixin.py:188} INFO - [2026-06-22T13:02:17.552+0000] {dag.py:3036} INFO - Sync 1 DAGs
[2026-06-22T13:02:17.658+0000] {logging_mixin.py:188} INFO - [2026-06-22T13:02:17.657+0000] {dag.py:3823} INFO - Setting next_dagrun for stream_monitor_harga_pangan to 2026-06-22 12:00:00+00:00, run_after=2026-06-22 13:00:00+00:00
[2026-06-22T13:02:17.722+0000] {processor.py:183} INFO - Processing /opt/airflow/dags/stream_monitor_dag.py took 0.381 seconds
[2026-06-22T13:02:47.994+0000] {processor.py:161} INFO - Started process (PID=406) to work on /opt/airflow/dags/stream_monitor_dag.py
[2026-06-22T13:02:47.999+0000] {processor.py:830} INFO - Processing file /opt/airflow/dags/stream_monitor_dag.py for tasks to queue
[2026-06-22T13:02:48.004+0000] {logging_mixin.py:188} INFO - [2026-06-22T13:02:48.003+0000] {dagbag.py:538} INFO - Filling up the DagBag from /opt/airflow/dags/stream_monitor_dag.py
[2026-06-22T13:02:48.100+0000] {processor.py:840} INFO - DAG(s) 'stream_monitor_harga_pangan' retrieved from /opt/airflow/dags/stream_monitor_dag.py
[2026-06-22T13:02:48.254+0000] {logging_mixin.py:188} INFO - [2026-06-22T13:02:48.252+0000] {dag.py:3036} INFO - Sync 1 DAGs
[2026-06-22T13:02:48.380+0000] {logging_mixin.py:188} INFO - [2026-06-22T13:02:48.380+0000] {dag.py:3823} INFO - Setting next_dagrun for stream_monitor_harga_pangan to 2026-06-22 12:00:00+00:00, run_after=2026-06-22 13:00:00+00:00
[2026-06-22T13:02:48.465+0000] {processor.py:183} INFO - Processing /opt/airflow/dags/stream_monitor_dag.py took 0.482 seconds
[2026-06-22T13:03:19.076+0000] {processor.py:161} INFO - Started process (PID=424) to work on /opt/airflow/dags/stream_monitor_dag.py
[2026-06-22T13:03:19.086+0000] {processor.py:830} INFO - Processing file /opt/airflow/dags/stream_monitor_dag.py for tasks to queue
[2026-06-22T13:03:19.110+0000] {logging_mixin.py:188} INFO - [2026-06-22T13:03:19.109+0000] {dagbag.py:538} INFO - Filling up the DagBag from /opt/airflow/dags/stream_monitor_dag.py
[2026-06-22T13:03:19.288+0000] {processor.py:840} INFO - DAG(s) 'stream_monitor_harga_pangan' retrieved from /opt/airflow/dags/stream_monitor_dag.py
[2026-06-22T13:03:19.431+0000] {logging_mixin.py:188} INFO - [2026-06-22T13:03:19.430+0000] {dag.py:3036} INFO - Sync 1 DAGs
[2026-06-22T13:03:19.526+0000] {logging_mixin.py:188} INFO - [2026-06-22T13:03:19.526+0000] {dag.py:3823} INFO - Setting next_dagrun for stream_monitor_harga_pangan to 2026-06-22 12:00:00+00:00, run_after=2026-06-22 13:00:00+00:00
[2026-06-22T13:03:19.593+0000] {processor.py:183} INFO - Processing /opt/airflow/dags/stream_monitor_dag.py took 0.527 seconds
[2026-06-22T13:03:50.040+0000] {processor.py:161} INFO - Started process (PID=442) to work on /opt/airflow/dags/stream_monitor_dag.py
[2026-06-22T13:03:50.044+0000] {processor.py:830} INFO - Processing file /opt/airflow/dags/stream_monitor_dag.py for tasks to queue
[2026-06-22T13:03:50.047+0000] {logging_mixin.py:188} INFO - [2026-06-22T13:03:50.046+0000] {dagbag.py:538} INFO - Filling up the DagBag from /opt/airflow/dags/stream_monitor_dag.py
[2026-06-22T13:03:50.174+0000] {processor.py:840} INFO - DAG(s) 'stream_monitor_harga_pangan' retrieved from /opt/airflow/dags/stream_monitor_dag.py
[2026-06-22T13:03:50.296+0000] {logging_mixin.py:188} INFO - [2026-06-22T13:03:50.295+0000] {dag.py:3036} INFO - Sync 1 DAGs
[2026-06-22T13:03:50.381+0000] {logging_mixin.py:188} INFO - [2026-06-22T13:03:50.380+0000] {dag.py:3823} INFO - Setting next_dagrun for stream_monitor_harga_pangan to 2026-06-22 12:00:00+00:00, run_after=2026-06-22 13:00:00+00:00
[2026-06-22T13:03:50.453+0000] {processor.py:183} INFO - Processing /opt/airflow/dags/stream_monitor_dag.py took 0.429 seconds
[2026-06-22T13:04:21.091+0000] {processor.py:161} INFO - Started process (PID=452) to work on /opt/airflow/dags/stream_monitor_dag.py
[2026-06-22T13:04:21.096+0000] {processor.py:830} INFO - Processing file /opt/airflow/dags/stream_monitor_dag.py for tasks to queue
[2026-06-22T13:04:21.108+0000] {logging_mixin.py:188} INFO - [2026-06-22T13:04:21.106+0000] {dagbag.py:538} INFO - Filling up the DagBag from /opt/airflow/dags/stream_monitor_dag.py
[2026-06-22T13:04:22.140+0000] {processor.py:840} INFO - DAG(s) 'stream_monitor_harga_pangan' retrieved from /opt/airflow/dags/stream_monitor_dag.py
[2026-06-22T13:04:22.757+0000] {logging_mixin.py:188} INFO - [2026-06-22T13:04:22.757+0000] {dag.py:3036} INFO - Sync 1 DAGs
[2026-06-22T13:04:22.875+0000] {logging_mixin.py:188} INFO - [2026-06-22T13:04:22.874+0000] {dag.py:3823} INFO - Setting next_dagrun for stream_monitor_harga_pangan to 2026-06-22 12:00:00+00:00, run_after=2026-06-22 13:00:00+00:00
[2026-06-22T13:04:23.032+0000] {processor.py:183} INFO - Processing /opt/airflow/dags/stream_monitor_dag.py took 1.970 seconds
[2026-06-22T13:04:53.297+0000] {processor.py:161} INFO - Started process (PID=470) to work on /opt/airflow/dags/stream_monitor_dag.py
[2026-06-22T13:04:53.300+0000] {processor.py:830} INFO - Processing file /opt/airflow/dags/stream_monitor_dag.py for tasks to queue
[2026-06-22T13:04:53.311+0000] {logging_mixin.py:188} INFO - [2026-06-22T13:04:53.304+0000] {dagbag.py:538} INFO - Filling up the DagBag from /opt/airflow/dags/stream_monitor_dag.py
[2026-06-22T13:04:53.579+0000] {processor.py:840} INFO - DAG(s) 'stream_monitor_harga_pangan' retrieved from /opt/airflow/dags/stream_monitor_dag.py
[2026-06-22T13:04:53.711+0000] {logging_mixin.py:188} INFO - [2026-06-22T13:04:53.710+0000] {dag.py:3036} INFO - Sync 1 DAGs
[2026-06-22T13:04:53.770+0000] {logging_mixin.py:188} INFO - [2026-06-22T13:04:53.770+0000] {dag.py:3823} INFO - Setting next_dagrun for stream_monitor_harga_pangan to 2026-06-22 12:00:00+00:00, run_after=2026-06-22 13:00:00+00:00
[2026-06-22T13:04:53.830+0000] {processor.py:183} INFO - Processing /opt/airflow/dags/stream_monitor_dag.py took 0.543 seconds
[2026-06-22T13:05:24.135+0000] {processor.py:161} INFO - Started process (PID=488) to work on /opt/airflow/dags/stream_monitor_dag.py
[2026-06-22T13:05:24.139+0000] {processor.py:830} INFO - Processing file /opt/airflow/dags/stream_monitor_dag.py for tasks to queue
[2026-06-22T13:05:24.142+0000] {logging_mixin.py:188} INFO - [2026-06-22T13:05:24.141+0000] {dagbag.py:538} INFO - Filling up the DagBag from /opt/airflow/dags/stream_monitor_dag.py
[2026-06-22T13:05:24.337+0000] {processor.py:840} INFO - DAG(s) 'stream_monitor_harga_pangan' retrieved from /opt/airflow/dags/stream_monitor_dag.py
[2026-06-22T13:05:24.642+0000] {logging_mixin.py:188} INFO - [2026-06-22T13:05:24.641+0000] {dag.py:3036} INFO - Sync 1 DAGs
[2026-06-22T13:05:24.720+0000] {logging_mixin.py:188} INFO - [2026-06-22T13:05:24.718+0000] {dag.py:3823} INFO - Setting next_dagrun for stream_monitor_harga_pangan to 2026-06-22 12:00:00+00:00, run_after=2026-06-22 13:00:00+00:00
[2026-06-22T13:05:24.811+0000] {processor.py:183} INFO - Processing /opt/airflow/dags/stream_monitor_dag.py took 0.687 seconds
[2026-06-22T13:05:55.755+0000] {processor.py:161} INFO - Started process (PID=506) to work on /opt/airflow/dags/stream_monitor_dag.py
[2026-06-22T13:05:55.762+0000] {processor.py:830} INFO - Processing file /opt/airflow/dags/stream_monitor_dag.py for tasks to queue
[2026-06-22T13:05:55.766+0000] {logging_mixin.py:188} INFO - [2026-06-22T13:05:55.765+0000] {dagbag.py:538} INFO - Filling up the DagBag from /opt/airflow/dags/stream_monitor_dag.py
[2026-06-22T13:05:55.883+0000] {processor.py:840} INFO - DAG(s) 'stream_monitor_harga_pangan' retrieved from /opt/airflow/dags/stream_monitor_dag.py
[2026-06-22T13:05:56.019+0000] {logging_mixin.py:188} INFO - [2026-06-22T13:05:56.019+0000] {dag.py:3036} INFO - Sync 1 DAGs
[2026-06-22T13:05:56.080+0000] {logging_mixin.py:188} INFO - [2026-06-22T13:05:56.079+0000] {dag.py:3823} INFO - Setting next_dagrun for stream_monitor_harga_pangan to 2026-06-22 12:00:00+00:00, run_after=2026-06-22 13:00:00+00:00
[2026-06-22T13:05:56.138+0000] {processor.py:183} INFO - Processing /opt/airflow/dags/stream_monitor_dag.py took 0.399 seconds
[2026-06-22T13:06:27.535+0000] {processor.py:161} INFO - Started process (PID=524) to work on /opt/airflow/dags/stream_monitor_dag.py
[2026-06-22T13:06:27.540+0000] {processor.py:830} INFO - Processing file /opt/airflow/dags/stream_monitor_dag.py for tasks to queue
[2026-06-22T13:06:27.544+0000] {logging_mixin.py:188} INFO - [2026-06-22T13:06:27.543+0000] {dagbag.py:538} INFO - Filling up the DagBag from /opt/airflow/dags/stream_monitor_dag.py
[2026-06-22T13:06:27.654+0000] {processor.py:840} INFO - DAG(s) 'stream_monitor_harga_pangan' retrieved from /opt/airflow/dags/stream_monitor_dag.py
[2026-06-22T13:06:27.791+0000] {logging_mixin.py:188} INFO - [2026-06-22T13:06:27.790+0000] {dag.py:3036} INFO - Sync 1 DAGs
[2026-06-22T13:06:27.892+0000] {logging_mixin.py:188} INFO - [2026-06-22T13:06:27.892+0000] {dag.py:3823} INFO - Setting next_dagrun for stream_monitor_harga_pangan to 2026-06-22 12:00:00+00:00, run_after=2026-06-22 13:00:00+00:00
[2026-06-22T13:06:27.991+0000] {processor.py:183} INFO - Processing /opt/airflow/dags/stream_monitor_dag.py took 0.492 seconds
[2026-06-22T13:06:59.123+0000] {processor.py:161} INFO - Started process (PID=534) to work on /opt/airflow/dags/stream_monitor_dag.py
[2026-06-22T13:06:59.126+0000] {processor.py:830} INFO - Processing file /opt/airflow/dags/stream_monitor_dag.py for tasks to queue
[2026-06-22T13:06:59.129+0000] {logging_mixin.py:188} INFO - [2026-06-22T13:06:59.128+0000] {dagbag.py:538} INFO - Filling up the DagBag from /opt/airflow/dags/stream_monitor_dag.py
[2026-06-22T13:06:59.205+0000] {processor.py:840} INFO - DAG(s) 'stream_monitor_harga_pangan' retrieved from /opt/airflow/dags/stream_monitor_dag.py
[2026-06-22T13:06:59.340+0000] {logging_mixin.py:188} INFO - [2026-06-22T13:06:59.339+0000] {dag.py:3036} INFO - Sync 1 DAGs
[2026-06-22T13:06:59.424+0000] {logging_mixin.py:188} INFO - [2026-06-22T13:06:59.424+0000] {dag.py:3823} INFO - Setting next_dagrun for stream_monitor_harga_pangan to 2026-06-22 12:00:00+00:00, run_after=2026-06-22 13:00:00+00:00
[2026-06-22T13:06:59.562+0000] {processor.py:183} INFO - Processing /opt/airflow/dags/stream_monitor_dag.py took 0.446 seconds
[2026-06-22T13:07:30.484+0000] {processor.py:161} INFO - Started process (PID=552) to work on /opt/airflow/dags/stream_monitor_dag.py
[2026-06-22T13:07:30.488+0000] {processor.py:830} INFO - Processing file /opt/airflow/dags/stream_monitor_dag.py for tasks to queue
[2026-06-22T13:07:30.492+0000] {logging_mixin.py:188} INFO - [2026-06-22T13:07:30.491+0000] {dagbag.py:538} INFO - Filling up the DagBag from /opt/airflow/dags/stream_monitor_dag.py
[2026-06-22T13:07:30.624+0000] {processor.py:840} INFO - DAG(s) 'stream_monitor_harga_pangan' retrieved from /opt/airflow/dags/stream_monitor_dag.py
[2026-06-22T13:07:30.757+0000] {logging_mixin.py:188} INFO - [2026-06-22T13:07:30.756+0000] {dag.py:3036} INFO - Sync 1 DAGs
[2026-06-22T13:07:30.866+0000] {logging_mixin.py:188} INFO - [2026-06-22T13:07:30.865+0000] {dag.py:3823} INFO - Setting next_dagrun for stream_monitor_harga_pangan to 2026-06-22 12:00:00+00:00, run_after=2026-06-22 13:00:00+00:00
[2026-06-22T13:07:30.939+0000] {processor.py:183} INFO - Processing /opt/airflow/dags/stream_monitor_dag.py took 0.471 seconds
[2026-06-22T13:08:01.767+0000] {processor.py:161} INFO - Started process (PID=570) to work on /opt/airflow/dags/stream_monitor_dag.py
[2026-06-22T13:08:01.772+0000] {processor.py:830} INFO - Processing file /opt/airflow/dags/stream_monitor_dag.py for tasks to queue
[2026-06-22T13:08:01.775+0000] {logging_mixin.py:188} INFO - [2026-06-22T13:08:01.774+0000] {dagbag.py:538} INFO - Filling up the DagBag from /opt/airflow/dags/stream_monitor_dag.py
[2026-06-22T13:08:01.867+0000] {processor.py:840} INFO - DAG(s) 'stream_monitor_harga_pangan' retrieved from /opt/airflow/dags/stream_monitor_dag.py
[2026-06-22T13:08:01.982+0000] {logging_mixin.py:188} INFO - [2026-06-22T13:08:01.981+0000] {dag.py:3036} INFO - Sync 1 DAGs
[2026-06-22T13:08:02.048+0000] {logging_mixin.py:188} INFO - [2026-06-22T13:08:02.048+0000] {dag.py:3823} INFO - Setting next_dagrun for stream_monitor_harga_pangan to 2026-06-22 12:00:00+00:00, run_after=2026-06-22 13:00:00+00:00
[2026-06-22T13:08:02.160+0000] {processor.py:183} INFO - Processing /opt/airflow/dags/stream_monitor_dag.py took 0.422 seconds
[2026-06-22T13:08:32.579+0000] {processor.py:161} INFO - Started process (PID=588) to work on /opt/airflow/dags/stream_monitor_dag.py
[2026-06-22T13:08:32.582+0000] {processor.py:830} INFO - Processing file /opt/airflow/dags/stream_monitor_dag.py for tasks to queue
[2026-06-22T13:08:32.585+0000] {logging_mixin.py:188} INFO - [2026-06-22T13:08:32.585+0000] {dagbag.py:538} INFO - Filling up the DagBag from /opt/airflow/dags/stream_monitor_dag.py
[2026-06-22T13:08:33.746+0000] {processor.py:840} INFO - DAG(s) 'stream_monitor_harga_pangan' retrieved from /opt/airflow/dags/stream_monitor_dag.py
[2026-06-22T13:08:33.994+0000] {logging_mixin.py:188} INFO - [2026-06-22T13:08:33.993+0000] {dag.py:3036} INFO - Sync 1 DAGs
[2026-06-22T13:08:34.056+0000] {logging_mixin.py:188} INFO - [2026-06-22T13:08:34.055+0000] {dag.py:3823} INFO - Setting next_dagrun for stream_monitor_harga_pangan to 2026-06-22 12:00:00+00:00, run_after=2026-06-22 13:00:00+00:00
[2026-06-22T13:08:34.170+0000] {processor.py:183} INFO - Processing /opt/airflow/dags/stream_monitor_dag.py took 1.606 seconds
[2026-06-22T13:09:04.488+0000] {processor.py:161} INFO - Started process (PID=606) to work on /opt/airflow/dags/stream_monitor_dag.py
[2026-06-22T13:09:04.490+0000] {processor.py:830} INFO - Processing file /opt/airflow/dags/stream_monitor_dag.py for tasks to queue
[2026-06-22T13:09:04.492+0000] {logging_mixin.py:188} INFO - [2026-06-22T13:09:04.492+0000] {dagbag.py:538} INFO - Filling up the DagBag from /opt/airflow/dags/stream_monitor_dag.py
[2026-06-22T13:09:04.567+0000] {processor.py:840} INFO - DAG(s) 'stream_monitor_harga_pangan' retrieved from /opt/airflow/dags/stream_monitor_dag.py
[2026-06-22T13:09:04.717+0000] {logging_mixin.py:188} INFO - [2026-06-22T13:09:04.716+0000] {dag.py:3036} INFO - Sync 1 DAGs
[2026-06-22T13:09:04.794+0000] {logging_mixin.py:188} INFO - [2026-06-22T13:09:04.793+0000] {dag.py:3823} INFO - Setting next_dagrun for stream_monitor_harga_pangan to 2026-06-22 12:00:00+00:00, run_after=2026-06-22 13:00:00+00:00
[2026-06-22T13:09:04.901+0000] {processor.py:183} INFO - Processing /opt/airflow/dags/stream_monitor_dag.py took 0.421 seconds
[2026-06-22T13:09:35.101+0000] {processor.py:161} INFO - Started process (PID=616) to work on /opt/airflow/dags/stream_monitor_dag.py
[2026-06-22T13:09:35.105+0000] {processor.py:830} INFO - Processing file /opt/airflow/dags/stream_monitor_dag.py for tasks to queue
[2026-06-22T13:09:35.107+0000] {logging_mixin.py:188} INFO - [2026-06-22T13:09:35.106+0000] {dagbag.py:538} INFO - Filling up the DagBag from /opt/airflow/dags/stream_monitor_dag.py
[2026-06-22T13:09:35.182+0000] {processor.py:840} INFO - DAG(s) 'stream_monitor_harga_pangan' retrieved from /opt/airflow/dags/stream_monitor_dag.py
[2026-06-22T13:09:35.313+0000] {logging_mixin.py:188} INFO - [2026-06-22T13:09:35.312+0000] {dag.py:3036} INFO - Sync 1 DAGs
[2026-06-22T13:09:35.380+0000] {logging_mixin.py:188} INFO - [2026-06-22T13:09:35.380+0000] {dag.py:3823} INFO - Setting next_dagrun for stream_monitor_harga_pangan to 2026-06-22 12:00:00+00:00, run_after=2026-06-22 13:00:00+00:00
[2026-06-22T13:09:35.422+0000] {processor.py:183} INFO - Processing /opt/airflow/dags/stream_monitor_dag.py took 0.330 seconds
[2026-06-22T13:10:05.784+0000] {processor.py:161} INFO - Started process (PID=634) to work on /opt/airflow/dags/stream_monitor_dag.py
[2026-06-22T13:10:05.787+0000] {processor.py:830} INFO - Processing file /opt/airflow/dags/stream_monitor_dag.py for tasks to queue
[2026-06-22T13:10:05.792+0000] {logging_mixin.py:188} INFO - [2026-06-22T13:10:05.791+0000] {dagbag.py:538} INFO - Filling up the DagBag from /opt/airflow/dags/stream_monitor_dag.py
[2026-06-22T13:10:05.888+0000] {processor.py:840} INFO - DAG(s) 'stream_monitor_harga_pangan' retrieved from /opt/airflow/dags/stream_monitor_dag.py
[2026-06-22T13:10:06.064+0000] {logging_mixin.py:188} INFO - [2026-06-22T13:10:06.063+0000] {dag.py:3036} INFO - Sync 1 DAGs
[2026-06-22T13:10:06.126+0000] {logging_mixin.py:188} INFO - [2026-06-22T13:10:06.126+0000] {dag.py:3823} INFO - Setting next_dagrun for stream_monitor_harga_pangan to 2026-06-22 12:00:00+00:00, run_after=2026-06-22 13:00:00+00:00
[2026-06-22T13:10:06.176+0000] {processor.py:183} INFO - Processing /opt/airflow/dags/stream_monitor_dag.py took 0.401 seconds
[2026-06-22T13:10:36.900+0000] {processor.py:161} INFO - Started process (PID=652) to work on /opt/airflow/dags/stream_monitor_dag.py
[2026-06-22T13:10:36.905+0000] {processor.py:830} INFO - Processing file /opt/airflow/dags/stream_monitor_dag.py for tasks to queue
[2026-06-22T13:10:36.912+0000] {logging_mixin.py:188} INFO - [2026-06-22T13:10:36.911+0000] {dagbag.py:538} INFO - Filling up the DagBag from /opt/airflow/dags/stream_monitor_dag.py
[2026-06-22T13:10:37.071+0000] {processor.py:840} INFO - DAG(s) 'stream_monitor_harga_pangan' retrieved from /opt/airflow/dags/stream_monitor_dag.py
[2026-06-22T13:10:37.233+0000] {logging_mixin.py:188} INFO - [2026-06-22T13:10:37.232+0000] {dag.py:3036} INFO - Sync 1 DAGs
[2026-06-22T13:10:37.303+0000] {logging_mixin.py:188} INFO - [2026-06-22T13:10:37.302+0000] {dag.py:3823} INFO - Setting next_dagrun for stream_monitor_harga_pangan to 2026-06-22 12:00:00+00:00, run_after=2026-06-22 13:00:00+00:00
[2026-06-22T13:10:37.383+0000] {processor.py:183} INFO - Processing /opt/airflow/dags/stream_monitor_dag.py took 0.514 seconds
[2026-06-22T13:11:08.472+0000] {processor.py:161} INFO - Started process (PID=670) to work on /opt/airflow/dags/stream_monitor_dag.py
[2026-06-22T13:11:08.478+0000] {processor.py:830} INFO - Processing file /opt/airflow/dags/stream_monitor_dag.py for tasks to queue
[2026-06-22T13:11:08.483+0000] {logging_mixin.py:188} INFO - [2026-06-22T13:11:08.481+0000] {dagbag.py:538} INFO - Filling up the DagBag from /opt/airflow/dags/stream_monitor_dag.py
[2026-06-22T13:11:08.731+0000] {processor.py:840} INFO - DAG(s) 'stream_monitor_harga_pangan' retrieved from /opt/airflow/dags/stream_monitor_dag.py
[2026-06-22T13:11:09.210+0000] {logging_mixin.py:188} INFO - [2026-06-22T13:11:09.209+0000] {dag.py:3036} INFO - Sync 1 DAGs
[2026-06-22T13:11:09.348+0000] {logging_mixin.py:188} INFO - [2026-06-22T13:11:09.347+0000] {dag.py:3823} INFO - Setting next_dagrun for stream_monitor_harga_pangan to 2026-06-22 12:00:00+00:00, run_after=2026-06-22 13:00:00+00:00
[2026-06-22T13:11:09.472+0000] {processor.py:183} INFO - Processing /opt/airflow/dags/stream_monitor_dag.py took 1.053 seconds
[2026-06-22T13:11:40.177+0000] {processor.py:161} INFO - Started process (PID=688) to work on /opt/airflow/dags/stream_monitor_dag.py
[2026-06-22T13:11:40.189+0000] {processor.py:830} INFO - Processing file /opt/airflow/dags/stream_monitor_dag.py for tasks to queue
[2026-06-22T13:11:40.197+0000] {logging_mixin.py:188} INFO - [2026-06-22T13:11:40.195+0000] {dagbag.py:538} INFO - Filling up the DagBag from /opt/airflow/dags/stream_monitor_dag.py
[2026-06-22T13:11:40.364+0000] {processor.py:840} INFO - DAG(s) 'stream_monitor_harga_pangan' retrieved from /opt/airflow/dags/stream_monitor_dag.py
[2026-06-22T13:11:40.775+0000] {logging_mixin.py:188} INFO - [2026-06-22T13:11:40.775+0000] {dag.py:3036} INFO - Sync 1 DAGs
[2026-06-22T13:11:40.992+0000] {logging_mixin.py:188} INFO - [2026-06-22T13:11:40.991+0000] {dag.py:3823} INFO - Setting next_dagrun for stream_monitor_harga_pangan to 2026-06-22 12:00:00+00:00, run_after=2026-06-22 13:00:00+00:00
[2026-06-22T13:11:41.107+0000] {processor.py:183} INFO - Processing /opt/airflow/dags/stream_monitor_dag.py took 0.981 seconds
[2026-06-22T13:12:11.705+0000] {processor.py:161} INFO - Started process (PID=698) to work on /opt/airflow/dags/stream_monitor_dag.py
[2026-06-22T13:12:11.708+0000] {processor.py:830} INFO - Processing file /opt/airflow/dags/stream_monitor_dag.py for tasks to queue
[2026-06-22T13:12:11.713+0000] {logging_mixin.py:188} INFO - [2026-06-22T13:12:11.711+0000] {dagbag.py:538} INFO - Filling up the DagBag from /opt/airflow/dags/stream_monitor_dag.py
[2026-06-22T13:12:11.787+0000] {processor.py:840} INFO - DAG(s) 'stream_monitor_harga_pangan' retrieved from /opt/airflow/dags/stream_monitor_dag.py
[2026-06-22T13:12:11.885+0000] {logging_mixin.py:188} INFO - [2026-06-22T13:12:11.884+0000] {dag.py:3036} INFO - Sync 1 DAGs
[2026-06-22T13:12:11.953+0000] {logging_mixin.py:188} INFO - [2026-06-22T13:12:11.953+0000] {dag.py:3823} INFO - Setting next_dagrun for stream_monitor_harga_pangan to 2026-06-22 12:00:00+00:00, run_after=2026-06-22 13:00:00+00:00
[2026-06-22T13:12:12.005+0000] {processor.py:183} INFO - Processing /opt/airflow/dags/stream_monitor_dag.py took 0.310 seconds
[2026-06-22T13:12:42.149+0000] {processor.py:161} INFO - Started process (PID=716) to work on /opt/airflow/dags/stream_monitor_dag.py
[2026-06-22T13:12:42.151+0000] {processor.py:830} INFO - Processing file /opt/airflow/dags/stream_monitor_dag.py for tasks to queue
[2026-06-22T13:12:42.153+0000] {logging_mixin.py:188} INFO - [2026-06-22T13:12:42.153+0000] {dagbag.py:538} INFO - Filling up the DagBag from /opt/airflow/dags/stream_monitor_dag.py
[2026-06-22T13:12:42.241+0000] {processor.py:840} INFO - DAG(s) 'stream_monitor_harga_pangan' retrieved from /opt/airflow/dags/stream_monitor_dag.py
[2026-06-22T13:12:42.399+0000] {logging_mixin.py:188} INFO - [2026-06-22T13:12:42.398+0000] {dag.py:3036} INFO - Sync 1 DAGs
[2026-06-22T13:12:42.492+0000] {logging_mixin.py:188} INFO - [2026-06-22T13:12:42.491+0000] {dag.py:3823} INFO - Setting next_dagrun for stream_monitor_harga_pangan to 2026-06-22 12:00:00+00:00, run_after=2026-06-22 13:00:00+00:00
[2026-06-22T13:12:42.543+0000] {processor.py:183} INFO - Processing /opt/airflow/dags/stream_monitor_dag.py took 0.403 seconds
[2026-06-22T13:13:13.269+0000] {processor.py:161} INFO - Started process (PID=735) to work on /opt/airflow/dags/stream_monitor_dag.py
[2026-06-22T13:13:13.275+0000] {processor.py:830} INFO - Processing file /opt/airflow/dags/stream_monitor_dag.py for tasks to queue
[2026-06-22T13:13:13.279+0000] {logging_mixin.py:188} INFO - [2026-06-22T13:13:13.278+0000] {dagbag.py:538} INFO - Filling up the DagBag from /opt/airflow/dags/stream_monitor_dag.py
[2026-06-22T13:13:13.449+0000] {processor.py:840} INFO - DAG(s) 'stream_monitor_harga_pangan' retrieved from /opt/airflow/dags/stream_monitor_dag.py
[2026-06-22T13:13:13.561+0000] {logging_mixin.py:188} INFO - [2026-06-22T13:13:13.560+0000] {dag.py:3036} INFO - Sync 1 DAGs
[2026-06-22T13:13:13.640+0000] {logging_mixin.py:188} INFO - [2026-06-22T13:13:13.640+0000] {dag.py:3823} INFO - Setting next_dagrun for stream_monitor_harga_pangan to 2026-06-22 12:00:00+00:00, run_after=2026-06-22 13:00:00+00:00
[2026-06-22T13:13:13.707+0000] {processor.py:183} INFO - Processing /opt/airflow/dags/stream_monitor_dag.py took 0.448 seconds
[2026-06-22T13:13:44.835+0000] {processor.py:161} INFO - Started process (PID=753) to work on /opt/airflow/dags/stream_monitor_dag.py
[2026-06-22T13:13:44.839+0000] {processor.py:830} INFO - Processing file /opt/airflow/dags/stream_monitor_dag.py for tasks to queue
[2026-06-22T13:13:44.843+0000] {logging_mixin.py:188} INFO - [2026-06-22T13:13:44.842+0000] {dagbag.py:538} INFO - Filling up the DagBag from /opt/airflow/dags/stream_monitor_dag.py
[2026-06-22T13:13:44.950+0000] {processor.py:840} INFO - DAG(s) 'stream_monitor_harga_pangan' retrieved from /opt/airflow/dags/stream_monitor_dag.py
[2026-06-22T13:13:45.145+0000] {logging_mixin.py:188} INFO - [2026-06-22T13:13:45.144+0000] {dag.py:3036} INFO - Sync 1 DAGs
[2026-06-22T13:13:45.259+0000] {logging_mixin.py:188} INFO - [2026-06-22T13:13:45.258+0000] {dag.py:3823} INFO - Setting next_dagrun for stream_monitor_harga_pangan to 2026-06-22 12:00:00+00:00, run_after=2026-06-22 13:00:00+00:00
[2026-06-22T13:13:45.334+0000] {processor.py:183} INFO - Processing /opt/airflow/dags/stream_monitor_dag.py took 0.511 seconds
[2026-06-22T13:14:15.749+0000] {processor.py:161} INFO - Started process (PID=771) to work on /opt/airflow/dags/stream_monitor_dag.py
[2026-06-22T13:14:15.754+0000] {processor.py:830} INFO - Processing file /opt/airflow/dags/stream_monitor_dag.py for tasks to queue
[2026-06-22T13:14:15.761+0000] {logging_mixin.py:188} INFO - [2026-06-22T13:14:15.759+0000] {dagbag.py:538} INFO - Filling up the DagBag from /opt/airflow/dags/stream_monitor_dag.py
[2026-06-22T13:14:15.872+0000] {processor.py:840} INFO - DAG(s) 'stream_monitor_harga_pangan' retrieved from /opt/airflow/dags/stream_monitor_dag.py
[2026-06-22T13:14:16.110+0000] {logging_mixin.py:188} INFO - [2026-06-22T13:14:16.109+0000] {dag.py:3036} INFO - Sync 1 DAGs
[2026-06-22T13:14:16.289+0000] {logging_mixin.py:188} INFO - [2026-06-22T13:14:16.288+0000] {dag.py:3823} INFO - Setting next_dagrun for stream_monitor_harga_pangan to 2026-06-22 12:00:00+00:00, run_after=2026-06-22 13:00:00+00:00
[2026-06-22T13:14:16.387+0000] {processor.py:183} INFO - Processing /opt/airflow/dags/stream_monitor_dag.py took 0.658 seconds
[2026-06-22T13:14:47.451+0000] {processor.py:161} INFO - Started process (PID=781) to work on /opt/airflow/dags/stream_monitor_dag.py
[2026-06-22T13:14:47.454+0000] {processor.py:830} INFO - Processing file /opt/airflow/dags/stream_monitor_dag.py for tasks to queue
[2026-06-22T13:14:47.463+0000] {logging_mixin.py:188} INFO - [2026-06-22T13:14:47.458+0000] {dagbag.py:538} INFO - Filling up the DagBag from /opt/airflow/dags/stream_monitor_dag.py
[2026-06-22T13:14:47.675+0000] {processor.py:840} INFO - DAG(s) 'stream_monitor_harga_pangan' retrieved from /opt/airflow/dags/stream_monitor_dag.py
[2026-06-22T13:14:47.864+0000] {logging_mixin.py:188} INFO - [2026-06-22T13:14:47.863+0000] {dag.py:3036} INFO - Sync 1 DAGs
[2026-06-22T13:14:47.991+0000] {logging_mixin.py:188} INFO - [2026-06-22T13:14:47.991+0000] {dag.py:3823} INFO - Setting next_dagrun for stream_monitor_harga_pangan to 2026-06-22 12:00:00+00:00, run_after=2026-06-22 13:00:00+00:00
[2026-06-22T13:14:48.140+0000] {processor.py:183} INFO - Processing /opt/airflow/dags/stream_monitor_dag.py took 0.707 seconds
[2026-06-22T13:15:18.574+0000] {processor.py:161} INFO - Started process (PID=799) to work on /opt/airflow/dags/stream_monitor_dag.py
[2026-06-22T13:15:18.585+0000] {processor.py:830} INFO - Processing file /opt/airflow/dags/stream_monitor_dag.py for tasks to queue
[2026-06-22T13:15:18.594+0000] {logging_mixin.py:188} INFO - [2026-06-22T13:15:18.593+0000] {dagbag.py:538} INFO - Filling up the DagBag from /opt/airflow/dags/stream_monitor_dag.py
[2026-06-22T13:15:18.976+0000] {processor.py:840} INFO - DAG(s) 'stream_monitor_harga_pangan' retrieved from /opt/airflow/dags/stream_monitor_dag.py
[2026-06-22T13:15:19.081+0000] {logging_mixin.py:188} INFO - [2026-06-22T13:15:19.081+0000] {dag.py:3036} INFO - Sync 1 DAGs
[2026-06-22T13:15:19.143+0000] {logging_mixin.py:188} INFO - [2026-06-22T13:15:19.143+0000] {dag.py:3823} INFO - Setting next_dagrun for stream_monitor_harga_pangan to 2026-06-22 12:00:00+00:00, run_after=2026-06-22 13:00:00+00:00
[2026-06-22T13:15:19.191+0000] {processor.py:183} INFO - Processing /opt/airflow/dags/stream_monitor_dag.py took 0.626 seconds
[2026-06-22T13:15:50.150+0000] {processor.py:161} INFO - Started process (PID=817) to work on /opt/airflow/dags/stream_monitor_dag.py
[2026-06-22T13:15:50.157+0000] {processor.py:830} INFO - Processing file /opt/airflow/dags/stream_monitor_dag.py for tasks to queue
[2026-06-22T13:15:50.167+0000] {logging_mixin.py:188} INFO - [2026-06-22T13:15:50.166+0000] {dagbag.py:538} INFO - Filling up the DagBag from /opt/airflow/dags/stream_monitor_dag.py
[2026-06-22T13:15:50.803+0000] {processor.py:840} INFO - DAG(s) 'stream_monitor_harga_pangan' retrieved from /opt/airflow/dags/stream_monitor_dag.py
[2026-06-22T13:15:51.346+0000] {logging_mixin.py:188} INFO - [2026-06-22T13:15:51.345+0000] {dag.py:3036} INFO - Sync 1 DAGs
[2026-06-22T13:15:51.424+0000] {logging_mixin.py:188} INFO - [2026-06-22T13:15:51.424+0000] {dag.py:3823} INFO - Setting next_dagrun for stream_monitor_harga_pangan to 2026-06-22 12:00:00+00:00, run_after=2026-06-22 13:00:00+00:00
[2026-06-22T13:15:51.491+0000] {processor.py:183} INFO - Processing /opt/airflow/dags/stream_monitor_dag.py took 1.349 seconds
[2026-06-22T13:16:22.014+0000] {processor.py:161} INFO - Started process (PID=834) to work on /opt/airflow/dags/stream_monitor_dag.py
[2026-06-22T13:16:22.022+0000] {processor.py:830} INFO - Processing file /opt/airflow/dags/stream_monitor_dag.py for tasks to queue
[2026-06-22T13:16:22.026+0000] {logging_mixin.py:188} INFO - [2026-06-22T13:16:22.024+0000] {dagbag.py:538} INFO - Filling up the DagBag from /opt/airflow/dags/stream_monitor_dag.py
[2026-06-22T13:16:22.324+0000] {processor.py:840} INFO - DAG(s) 'stream_monitor_harga_pangan' retrieved from /opt/airflow/dags/stream_monitor_dag.py
[2026-06-22T13:16:22.499+0000] {logging_mixin.py:188} INFO - [2026-06-22T13:16:22.498+0000] {dag.py:3036} INFO - Sync 1 DAGs
[2026-06-22T13:16:22.569+0000] {logging_mixin.py:188} INFO - [2026-06-22T13:16:22.569+0000] {dag.py:3823} INFO - Setting next_dagrun for stream_monitor_harga_pangan to 2026-06-22 12:00:00+00:00, run_after=2026-06-22 13:00:00+00:00
[2026-06-22T13:16:22.633+0000] {processor.py:183} INFO - Processing /opt/airflow/dags/stream_monitor_dag.py took 0.649 seconds
[2026-06-22T13:16:52.955+0000] {processor.py:161} INFO - Started process (PID=853) to work on /opt/airflow/dags/stream_monitor_dag.py
[2026-06-22T13:16:52.959+0000] {processor.py:830} INFO - Processing file /opt/airflow/dags/stream_monitor_dag.py for tasks to queue
[2026-06-22T13:16:52.963+0000] {logging_mixin.py:188} INFO - [2026-06-22T13:16:52.962+0000] {dagbag.py:538} INFO - Filling up the DagBag from /opt/airflow/dags/stream_monitor_dag.py
[2026-06-22T13:16:53.170+0000] {processor.py:840} INFO - DAG(s) 'stream_monitor_harga_pangan' retrieved from /opt/airflow/dags/stream_monitor_dag.py
[2026-06-22T13:16:53.357+0000] {logging_mixin.py:188} INFO - [2026-06-22T13:16:53.356+0000] {dag.py:3036} INFO - Sync 1 DAGs
[2026-06-22T13:16:53.432+0000] {logging_mixin.py:188} INFO - [2026-06-22T13:16:53.431+0000] {dag.py:3823} INFO - Setting next_dagrun for stream_monitor_harga_pangan to 2026-06-22 12:00:00+00:00, run_after=2026-06-22 13:00:00+00:00
[2026-06-22T13:16:53.577+0000] {processor.py:183} INFO - Processing /opt/airflow/dags/stream_monitor_dag.py took 0.633 seconds
[2026-06-22T13:17:24.266+0000] {processor.py:161} INFO - Started process (PID=863) to work on /opt/airflow/dags/stream_monitor_dag.py
[2026-06-22T13:17:24.274+0000] {processor.py:830} INFO - Processing file /opt/airflow/dags/stream_monitor_dag.py for tasks to queue
[2026-06-22T13:17:24.277+0000] {logging_mixin.py:188} INFO - [2026-06-22T13:17:24.276+0000] {dagbag.py:538} INFO - Filling up the DagBag from /opt/airflow/dags/stream_monitor_dag.py
[2026-06-22T13:17:24.367+0000] {processor.py:840} INFO - DAG(s) 'stream_monitor_harga_pangan' retrieved from /opt/airflow/dags/stream_monitor_dag.py
[2026-06-22T13:17:24.476+0000] {logging_mixin.py:188} INFO - [2026-06-22T13:17:24.475+0000] {dag.py:3036} INFO - Sync 1 DAGs
[2026-06-22T13:17:24.566+0000] {logging_mixin.py:188} INFO - [2026-06-22T13:17:24.565+0000] {dag.py:3823} INFO - Setting next_dagrun for stream_monitor_harga_pangan to 2026-06-22 12:00:00+00:00, run_after=2026-06-22 13:00:00+00:00
[2026-06-22T13:17:24.641+0000] {processor.py:183} INFO - Processing /opt/airflow/dags/stream_monitor_dag.py took 0.387 seconds
[2026-06-22T13:17:56.076+0000] {processor.py:161} INFO - Started process (PID=881) to work on /opt/airflow/dags/stream_monitor_dag.py
[2026-06-22T13:17:56.080+0000] {processor.py:830} INFO - Processing file /opt/airflow/dags/stream_monitor_dag.py for tasks to queue
[2026-06-22T13:17:56.083+0000] {logging_mixin.py:188} INFO - [2026-06-22T13:17:56.082+0000] {dagbag.py:538} INFO - Filling up the DagBag from /opt/airflow/dags/stream_monitor_dag.py
[2026-06-22T13:17:56.172+0000] {processor.py:840} INFO - DAG(s) 'stream_monitor_harga_pangan' retrieved from /opt/airflow/dags/stream_monitor_dag.py
[2026-06-22T13:17:56.308+0000] {logging_mixin.py:188} INFO - [2026-06-22T13:17:56.307+0000] {dag.py:3036} INFO - Sync 1 DAGs
[2026-06-22T13:17:56.386+0000] {logging_mixin.py:188} INFO - [2026-06-22T13:17:56.385+0000] {dag.py:3823} INFO - Setting next_dagrun for stream_monitor_harga_pangan to 2026-06-22 12:00:00+00:00, run_after=2026-06-22 13:00:00+00:00
[2026-06-22T13:17:56.458+0000] {processor.py:183} INFO - Processing /opt/airflow/dags/stream_monitor_dag.py took 0.410 seconds
[2026-06-22T13:18:27.615+0000] {processor.py:161} INFO - Started process (PID=899) to work on /opt/airflow/dags/stream_monitor_dag.py
[2026-06-22T13:18:27.619+0000] {processor.py:830} INFO - Processing file /opt/airflow/dags/stream_monitor_dag.py for tasks to queue
[2026-06-22T13:18:27.625+0000] {logging_mixin.py:188} INFO - [2026-06-22T13:18:27.624+0000] {dagbag.py:538} INFO - Filling up the DagBag from /opt/airflow/dags/stream_monitor_dag.py
[2026-06-22T13:18:27.735+0000] {processor.py:840} INFO - DAG(s) 'stream_monitor_harga_pangan' retrieved from /opt/airflow/dags/stream_monitor_dag.py
[2026-06-22T13:18:27.877+0000] {logging_mixin.py:188} INFO - [2026-06-22T13:18:27.876+0000] {dag.py:3036} INFO - Sync 1 DAGs
[2026-06-22T13:18:27.931+0000] {logging_mixin.py:188} INFO - [2026-06-22T13:18:27.931+0000] {dag.py:3823} INFO - Setting next_dagrun for stream_monitor_harga_pangan to 2026-06-22 12:00:00+00:00, run_after=2026-06-22 13:00:00+00:00
[2026-06-22T13:18:27.968+0000] {processor.py:183} INFO - Processing /opt/airflow/dags/stream_monitor_dag.py took 0.360 seconds
[2026-06-22T13:18:58.564+0000] {processor.py:161} INFO - Started process (PID=917) to work on /opt/airflow/dags/stream_monitor_dag.py
[2026-06-22T13:18:58.568+0000] {processor.py:830} INFO - Processing file /opt/airflow/dags/stream_monitor_dag.py for tasks to queue
[2026-06-22T13:18:58.572+0000] {logging_mixin.py:188} INFO - [2026-06-22T13:18:58.571+0000] {dagbag.py:538} INFO - Filling up the DagBag from /opt/airflow/dags/stream_monitor_dag.py
[2026-06-22T13:18:58.684+0000] {processor.py:840} INFO - DAG(s) 'stream_monitor_harga_pangan' retrieved from /opt/airflow/dags/stream_monitor_dag.py
[2026-06-22T13:18:58.762+0000] {logging_mixin.py:188} INFO - [2026-06-22T13:18:58.761+0000] {dag.py:3036} INFO - Sync 1 DAGs
[2026-06-22T13:18:58.804+0000] {logging_mixin.py:188} INFO - [2026-06-22T13:18:58.804+0000] {dag.py:3823} INFO - Setting next_dagrun for stream_monitor_harga_pangan to 2026-06-22 12:00:00+00:00, run_after=2026-06-22 13:00:00+00:00
[2026-06-22T13:18:58.835+0000] {processor.py:183} INFO - Processing /opt/airflow/dags/stream_monitor_dag.py took 0.281 seconds
[2026-06-22T13:19:29.577+0000] {processor.py:161} INFO - Started process (PID=935) to work on /opt/airflow/dags/stream_monitor_dag.py
[2026-06-22T13:19:29.582+0000] {processor.py:830} INFO - Processing file /opt/airflow/dags/stream_monitor_dag.py for tasks to queue
[2026-06-22T13:19:29.586+0000] {logging_mixin.py:188} INFO - [2026-06-22T13:19:29.585+0000] {dagbag.py:538} INFO - Filling up the DagBag from /opt/airflow/dags/stream_monitor_dag.py
[2026-06-22T13:19:29.721+0000] {processor.py:840} INFO - DAG(s) 'stream_monitor_harga_pangan' retrieved from /opt/airflow/dags/stream_monitor_dag.py
[2026-06-22T13:19:29.775+0000] {logging_mixin.py:188} INFO - [2026-06-22T13:19:29.775+0000] {dag.py:3036} INFO - Sync 1 DAGs
[2026-06-22T13:19:29.807+0000] {logging_mixin.py:188} INFO - [2026-06-22T13:19:29.807+0000] {dag.py:3823} INFO - Setting next_dagrun for stream_monitor_harga_pangan to 2026-06-22 12:00:00+00:00, run_after=2026-06-22 13:00:00+00:00
[2026-06-22T13:19:29.833+0000] {processor.py:183} INFO - Processing /opt/airflow/dags/stream_monitor_dag.py took 0.268 seconds
[2026-06-22T13:20:00.832+0000] {processor.py:161} INFO - Started process (PID=953) to work on /opt/airflow/dags/stream_monitor_dag.py
[2026-06-22T13:20:00.834+0000] {processor.py:830} INFO - Processing file /opt/airflow/dags/stream_monitor_dag.py for tasks to queue
[2026-06-22T13:20:00.836+0000] {logging_mixin.py:188} INFO - [2026-06-22T13:20:00.836+0000] {dagbag.py:538} INFO - Filling up the DagBag from /opt/airflow/dags/stream_monitor_dag.py
[2026-06-22T13:20:00.888+0000] {processor.py:840} INFO - DAG(s) 'stream_monitor_harga_pangan' retrieved from /opt/airflow/dags/stream_monitor_dag.py
[2026-06-22T13:20:00.974+0000] {logging_mixin.py:188} INFO - [2026-06-22T13:20:00.974+0000] {dag.py:3036} INFO - Sync 1 DAGs
[2026-06-22T13:20:01.027+0000] {logging_mixin.py:188} INFO - [2026-06-22T13:20:01.026+0000] {dag.py:3823} INFO - Setting next_dagrun for stream_monitor_harga_pangan to 2026-06-22 12:00:00+00:00, run_after=2026-06-22 13:00:00+00:00
[2026-06-22T13:20:01.083+0000] {processor.py:183} INFO - Processing /opt/airflow/dags/stream_monitor_dag.py took 0.257 seconds
[2026-06-22T13:20:32.965+0000] {processor.py:161} INFO - Started process (PID=971) to work on /opt/airflow/dags/stream_monitor_dag.py
[2026-06-22T13:20:32.967+0000] {processor.py:830} INFO - Processing file /opt/airflow/dags/stream_monitor_dag.py for tasks to queue
[2026-06-22T13:20:32.970+0000] {logging_mixin.py:188} INFO - [2026-06-22T13:20:32.969+0000] {dagbag.py:538} INFO - Filling up the DagBag from /opt/airflow/dags/stream_monitor_dag.py
[2026-06-22T13:20:33.016+0000] {processor.py:840} INFO - DAG(s) 'stream_monitor_harga_pangan' retrieved from /opt/airflow/dags/stream_monitor_dag.py
[2026-06-22T13:20:33.082+0000] {logging_mixin.py:188} INFO - [2026-06-22T13:20:33.082+0000] {dag.py:3036} INFO - Sync 1 DAGs
[2026-06-22T13:20:33.109+0000] {logging_mixin.py:188} INFO - [2026-06-22T13:20:33.109+0000] {dag.py:3823} INFO - Setting next_dagrun for stream_monitor_harga_pangan to 2026-06-22 12:00:00+00:00, run_after=2026-06-22 13:00:00+00:00
[2026-06-22T13:20:33.137+0000] {processor.py:183} INFO - Processing /opt/airflow/dags/stream_monitor_dag.py took 0.177 seconds
[2026-06-22T13:21:03.942+0000] {processor.py:161} INFO - Started process (PID=989) to work on /opt/airflow/dags/stream_monitor_dag.py
[2026-06-22T13:21:03.943+0000] {processor.py:830} INFO - Processing file /opt/airflow/dags/stream_monitor_dag.py for tasks to queue
[2026-06-22T13:21:03.944+0000] {logging_mixin.py:188} INFO - [2026-06-22T13:21:03.944+0000] {dagbag.py:538} INFO - Filling up the DagBag from /opt/airflow/dags/stream_monitor_dag.py
[2026-06-22T13:21:03.981+0000] {processor.py:840} INFO - DAG(s) 'stream_monitor_harga_pangan' retrieved from /opt/airflow/dags/stream_monitor_dag.py
[2026-06-22T13:21:04.040+0000] {logging_mixin.py:188} INFO - [2026-06-22T13:21:04.040+0000] {dag.py:3036} INFO - Sync 1 DAGs
[2026-06-22T13:21:04.075+0000] {logging_mixin.py:188} INFO - [2026-06-22T13:21:04.074+0000] {dag.py:3823} INFO - Setting next_dagrun for stream_monitor_harga_pangan to 2026-06-22 12:00:00+00:00, run_after=2026-06-22 13:00:00+00:00
[2026-06-22T13:21:04.100+0000] {processor.py:183} INFO - Processing /opt/airflow/dags/stream_monitor_dag.py took 0.162 seconds
[2026-06-22T13:21:34.880+0000] {processor.py:161} INFO - Started process (PID=999) to work on /opt/airflow/dags/stream_monitor_dag.py
[2026-06-22T13:21:34.881+0000] {processor.py:830} INFO - Processing file /opt/airflow/dags/stream_monitor_dag.py for tasks to queue
[2026-06-22T13:21:34.883+0000] {logging_mixin.py:188} INFO - [2026-06-22T13:21:34.882+0000] {dagbag.py:538} INFO - Filling up the DagBag from /opt/airflow/dags/stream_monitor_dag.py
[2026-06-22T13:21:34.923+0000] {processor.py:840} INFO - DAG(s) 'stream_monitor_harga_pangan' retrieved from /opt/airflow/dags/stream_monitor_dag.py
[2026-06-22T13:21:34.978+0000] {logging_mixin.py:188} INFO - [2026-06-22T13:21:34.977+0000] {dag.py:3036} INFO - Sync 1 DAGs
[2026-06-22T13:21:35.412+0000] {logging_mixin.py:188} INFO - [2026-06-22T13:21:35.411+0000] {dag.py:3823} INFO - Setting next_dagrun for stream_monitor_harga_pangan to 2026-06-22 12:00:00+00:00, run_after=2026-06-22 13:00:00+00:00
[2026-06-22T13:21:35.468+0000] {processor.py:183} INFO - Processing /opt/airflow/dags/stream_monitor_dag.py took 0.591 seconds
[2026-06-22T13:22:06.378+0000] {processor.py:161} INFO - Started process (PID=1017) to work on /opt/airflow/dags/stream_monitor_dag.py
[2026-06-22T13:22:06.380+0000] {processor.py:830} INFO - Processing file /opt/airflow/dags/stream_monitor_dag.py for tasks to queue
[2026-06-22T13:22:06.383+0000] {logging_mixin.py:188} INFO - [2026-06-22T13:22:06.383+0000] {dagbag.py:538} INFO - Filling up the DagBag from /opt/airflow/dags/stream_monitor_dag.py
[2026-06-22T13:22:06.450+0000] {processor.py:840} INFO - DAG(s) 'stream_monitor_harga_pangan' retrieved from /opt/airflow/dags/stream_monitor_dag.py
[2026-06-22T13:22:06.542+0000] {logging_mixin.py:188} INFO - [2026-06-22T13:22:06.542+0000] {dag.py:3036} INFO - Sync 1 DAGs
[2026-06-22T13:22:06.614+0000] {logging_mixin.py:188} INFO - [2026-06-22T13:22:06.614+0000] {dag.py:3823} INFO - Setting next_dagrun for stream_monitor_harga_pangan to 2026-06-22 12:00:00+00:00, run_after=2026-06-22 13:00:00+00:00
[2026-06-22T13:22:06.653+0000] {processor.py:183} INFO - Processing /opt/airflow/dags/stream_monitor_dag.py took 0.283 seconds
[2026-06-22T13:22:37.903+0000] {processor.py:161} INFO - Started process (PID=1035) to work on /opt/airflow/dags/stream_monitor_dag.py
[2026-06-22T13:22:37.908+0000] {processor.py:830} INFO - Processing file /opt/airflow/dags/stream_monitor_dag.py for tasks to queue
[2026-06-22T13:22:37.913+0000] {logging_mixin.py:188} INFO - [2026-06-22T13:22:37.912+0000] {dagbag.py:538} INFO - Filling up the DagBag from /opt/airflow/dags/stream_monitor_dag.py
[2026-06-22T13:22:38.017+0000] {processor.py:840} INFO - DAG(s) 'stream_monitor_harga_pangan' retrieved from /opt/airflow/dags/stream_monitor_dag.py
[2026-06-22T13:22:38.154+0000] {logging_mixin.py:188} INFO - [2026-06-22T13:22:38.153+0000] {dag.py:3036} INFO - Sync 1 DAGs
[2026-06-22T13:22:38.362+0000] {logging_mixin.py:188} INFO - [2026-06-22T13:22:38.361+0000] {dag.py:3823} INFO - Setting next_dagrun for stream_monitor_harga_pangan to 2026-06-22 12:00:00+00:00, run_after=2026-06-22 13:00:00+00:00
[2026-06-22T13:22:38.392+0000] {processor.py:183} INFO - Processing /opt/airflow/dags/stream_monitor_dag.py took 0.497 seconds
[2026-06-22T13:23:09.756+0000] {processor.py:161} INFO - Started process (PID=1053) to work on /opt/airflow/dags/stream_monitor_dag.py
[2026-06-22T13:23:09.759+0000] {processor.py:830} INFO - Processing file /opt/airflow/dags/stream_monitor_dag.py for tasks to queue
[2026-06-22T13:23:09.762+0000] {logging_mixin.py:188} INFO - [2026-06-22T13:23:09.761+0000] {dagbag.py:538} INFO - Filling up the DagBag from /opt/airflow/dags/stream_monitor_dag.py
[2026-06-22T13:23:09.849+0000] {processor.py:840} INFO - DAG(s) 'stream_monitor_harga_pangan' retrieved from /opt/airflow/dags/stream_monitor_dag.py
[2026-06-22T13:23:09.919+0000] {logging_mixin.py:188} INFO - [2026-06-22T13:23:09.919+0000] {dag.py:3036} INFO - Sync 1 DAGs
[2026-06-22T13:23:09.947+0000] {logging_mixin.py:188} INFO - [2026-06-22T13:23:09.947+0000] {dag.py:3823} INFO - Setting next_dagrun for stream_monitor_harga_pangan to 2026-06-22 12:00:00+00:00, run_after=2026-06-22 13:00:00+00:00
[2026-06-22T13:23:09.975+0000] {processor.py:183} INFO - Processing /opt/airflow/dags/stream_monitor_dag.py took 0.229 seconds
[2026-06-22T13:23:40.866+0000] {processor.py:161} INFO - Started process (PID=1071) to work on /opt/airflow/dags/stream_monitor_dag.py
[2026-06-22T13:23:40.869+0000] {processor.py:830} INFO - Processing file /opt/airflow/dags/stream_monitor_dag.py for tasks to queue
[2026-06-22T13:23:40.872+0000] {logging_mixin.py:188} INFO - [2026-06-22T13:23:40.871+0000] {dagbag.py:538} INFO - Filling up the DagBag from /opt/airflow/dags/stream_monitor_dag.py
[2026-06-22T13:23:40.932+0000] {processor.py:840} INFO - DAG(s) 'stream_monitor_harga_pangan' retrieved from /opt/airflow/dags/stream_monitor_dag.py
[2026-06-22T13:23:41.017+0000] {logging_mixin.py:188} INFO - [2026-06-22T13:23:41.016+0000] {dag.py:3036} INFO - Sync 1 DAGs
[2026-06-22T13:23:41.045+0000] {logging_mixin.py:188} INFO - [2026-06-22T13:23:41.044+0000] {dag.py:3823} INFO - Setting next_dagrun for stream_monitor_harga_pangan to 2026-06-22 12:00:00+00:00, run_after=2026-06-22 13:00:00+00:00
[2026-06-22T13:23:41.085+0000] {processor.py:183} INFO - Processing /opt/airflow/dags/stream_monitor_dag.py took 0.225 seconds
[2026-06-22T13:24:12.970+0000] {processor.py:161} INFO - Started process (PID=1089) to work on /opt/airflow/dags/stream_monitor_dag.py
[2026-06-22T13:24:12.973+0000] {processor.py:830} INFO - Processing file /opt/airflow/dags/stream_monitor_dag.py for tasks to queue
[2026-06-22T13:24:12.977+0000] {logging_mixin.py:188} INFO - [2026-06-22T13:24:12.975+0000] {dagbag.py:538} INFO - Filling up the DagBag from /opt/airflow/dags/stream_monitor_dag.py
[2026-06-22T13:24:13.036+0000] {processor.py:840} INFO - DAG(s) 'stream_monitor_harga_pangan' retrieved from /opt/airflow/dags/stream_monitor_dag.py
[2026-06-22T13:24:13.100+0000] {logging_mixin.py:188} INFO - [2026-06-22T13:24:13.099+0000] {dag.py:3036} INFO - Sync 1 DAGs
[2026-06-22T13:24:13.130+0000] {logging_mixin.py:188} INFO - [2026-06-22T13:24:13.130+0000] {dag.py:3823} INFO - Setting next_dagrun for stream_monitor_harga_pangan to 2026-06-22 12:00:00+00:00, run_after=2026-06-22 13:00:00+00:00
[2026-06-22T13:24:13.175+0000] {processor.py:183} INFO - Processing /opt/airflow/dags/stream_monitor_dag.py took 0.212 seconds
[2026-06-22T13:24:44.013+0000] {processor.py:161} INFO - Started process (PID=1107) to work on /opt/airflow/dags/stream_monitor_dag.py
[2026-06-22T13:24:44.014+0000] {processor.py:830} INFO - Processing file /opt/airflow/dags/stream_monitor_dag.py for tasks to queue
[2026-06-22T13:24:44.016+0000] {logging_mixin.py:188} INFO - [2026-06-22T13:24:44.016+0000] {dagbag.py:538} INFO - Filling up the DagBag from /opt/airflow/dags/stream_monitor_dag.py
[2026-06-22T13:24:44.052+0000] {processor.py:840} INFO - DAG(s) 'stream_monitor_harga_pangan' retrieved from /opt/airflow/dags/stream_monitor_dag.py
[2026-06-22T13:24:44.113+0000] {logging_mixin.py:188} INFO - [2026-06-22T13:24:44.112+0000] {dag.py:3036} INFO - Sync 1 DAGs
[2026-06-22T13:24:44.140+0000] {logging_mixin.py:188} INFO - [2026-06-22T13:24:44.140+0000] {dag.py:3823} INFO - Setting next_dagrun for stream_monitor_harga_pangan to 2026-06-22 12:00:00+00:00, run_after=2026-06-22 13:00:00+00:00
[2026-06-22T13:24:44.169+0000] {processor.py:183} INFO - Processing /opt/airflow/dags/stream_monitor_dag.py took 0.166 seconds
[2026-06-22T13:25:16.042+0000] {processor.py:161} INFO - Started process (PID=1126) to work on /opt/airflow/dags/stream_monitor_dag.py
[2026-06-22T13:25:16.045+0000] {processor.py:830} INFO - Processing file /opt/airflow/dags/stream_monitor_dag.py for tasks to queue
[2026-06-22T13:25:16.047+0000] {logging_mixin.py:188} INFO - [2026-06-22T13:25:16.047+0000] {dagbag.py:538} INFO - Filling up the DagBag from /opt/airflow/dags/stream_monitor_dag.py
[2026-06-22T13:25:16.097+0000] {processor.py:840} INFO - DAG(s) 'stream_monitor_harga_pangan' retrieved from /opt/airflow/dags/stream_monitor_dag.py
[2026-06-22T13:25:16.163+0000] {logging_mixin.py:188} INFO - [2026-06-22T13:25:16.163+0000] {dag.py:3036} INFO - Sync 1 DAGs
[2026-06-22T13:25:16.195+0000] {logging_mixin.py:188} INFO - [2026-06-22T13:25:16.195+0000] {dag.py:3823} INFO - Setting next_dagrun for stream_monitor_harga_pangan to 2026-06-22 12:00:00+00:00, run_after=2026-06-22 13:00:00+00:00
[2026-06-22T13:25:16.231+0000] {processor.py:183} INFO - Processing /opt/airflow/dags/stream_monitor_dag.py took 0.197 seconds
[2026-06-22T13:25:47.127+0000] {processor.py:161} INFO - Started process (PID=1144) to work on /opt/airflow/dags/stream_monitor_dag.py
[2026-06-22T13:25:47.129+0000] {processor.py:830} INFO - Processing file /opt/airflow/dags/stream_monitor_dag.py for tasks to queue
[2026-06-22T13:25:47.130+0000] {logging_mixin.py:188} INFO - [2026-06-22T13:25:47.130+0000] {dagbag.py:538} INFO - Filling up the DagBag from /opt/airflow/dags/stream_monitor_dag.py
[2026-06-22T13:25:47.168+0000] {processor.py:840} INFO - DAG(s) 'stream_monitor_harga_pangan' retrieved from /opt/airflow/dags/stream_monitor_dag.py
[2026-06-22T13:25:47.225+0000] {logging_mixin.py:188} INFO - [2026-06-22T13:25:47.224+0000] {dag.py:3036} INFO - Sync 1 DAGs
[2026-06-22T13:25:47.249+0000] {logging_mixin.py:188} INFO - [2026-06-22T13:25:47.249+0000] {dag.py:3823} INFO - Setting next_dagrun for stream_monitor_harga_pangan to 2026-06-22 12:00:00+00:00, run_after=2026-06-22 13:00:00+00:00
[2026-06-22T13:25:47.273+0000] {processor.py:183} INFO - Processing /opt/airflow/dags/stream_monitor_dag.py took 0.149 seconds
[2026-06-22T13:26:18.291+0000] {processor.py:161} INFO - Started process (PID=1162) to work on /opt/airflow/dags/stream_monitor_dag.py
[2026-06-22T13:26:18.296+0000] {processor.py:830} INFO - Processing file /opt/airflow/dags/stream_monitor_dag.py for tasks to queue
[2026-06-22T13:26:18.301+0000] {logging_mixin.py:188} INFO - [2026-06-22T13:26:18.300+0000] {dagbag.py:538} INFO - Filling up the DagBag from /opt/airflow/dags/stream_monitor_dag.py
[2026-06-22T13:26:18.357+0000] {processor.py:840} INFO - DAG(s) 'stream_monitor_harga_pangan' retrieved from /opt/airflow/dags/stream_monitor_dag.py
[2026-06-22T13:26:18.423+0000] {logging_mixin.py:188} INFO - [2026-06-22T13:26:18.422+0000] {dag.py:3036} INFO - Sync 1 DAGs
[2026-06-22T13:26:18.456+0000] {logging_mixin.py:188} INFO - [2026-06-22T13:26:18.455+0000] {dag.py:3823} INFO - Setting next_dagrun for stream_monitor_harga_pangan to 2026-06-22 12:00:00+00:00, run_after=2026-06-22 13:00:00+00:00
[2026-06-22T13:26:18.488+0000] {processor.py:183} INFO - Processing /opt/airflow/dags/stream_monitor_dag.py took 0.227 seconds
[2026-06-22T13:26:50.191+0000] {processor.py:161} INFO - Started process (PID=1180) to work on /opt/airflow/dags/stream_monitor_dag.py
[2026-06-22T13:26:50.194+0000] {processor.py:830} INFO - Processing file /opt/airflow/dags/stream_monitor_dag.py for tasks to queue
[2026-06-22T13:26:50.196+0000] {logging_mixin.py:188} INFO - [2026-06-22T13:26:50.195+0000] {dagbag.py:538} INFO - Filling up the DagBag from /opt/airflow/dags/stream_monitor_dag.py
[2026-06-22T13:26:50.299+0000] {processor.py:840} INFO - DAG(s) 'stream_monitor_harga_pangan' retrieved from /opt/airflow/dags/stream_monitor_dag.py
[2026-06-22T13:26:50.427+0000] {logging_mixin.py:188} INFO - [2026-06-22T13:26:50.427+0000] {dag.py:3036} INFO - Sync 1 DAGs
[2026-06-22T13:26:50.486+0000] {logging_mixin.py:188} INFO - [2026-06-22T13:26:50.485+0000] {dag.py:3823} INFO - Setting next_dagrun for stream_monitor_harga_pangan to 2026-06-22 12:00:00+00:00, run_after=2026-06-22 13:00:00+00:00
[2026-06-22T13:26:50.528+0000] {processor.py:183} INFO - Processing /opt/airflow/dags/stream_monitor_dag.py took 0.344 seconds
[2026-06-22T13:27:21.446+0000] {processor.py:161} INFO - Started process (PID=1190) to work on /opt/airflow/dags/stream_monitor_dag.py
[2026-06-22T13:27:21.449+0000] {processor.py:830} INFO - Processing file /opt/airflow/dags/stream_monitor_dag.py for tasks to queue
[2026-06-22T13:27:21.451+0000] {logging_mixin.py:188} INFO - [2026-06-22T13:27:21.451+0000] {dagbag.py:538} INFO - Filling up the DagBag from /opt/airflow/dags/stream_monitor_dag.py
[2026-06-22T13:27:21.498+0000] {processor.py:840} INFO - DAG(s) 'stream_monitor_harga_pangan' retrieved from /opt/airflow/dags/stream_monitor_dag.py
[2026-06-22T13:27:21.568+0000] {logging_mixin.py:188} INFO - [2026-06-22T13:27:21.568+0000] {dag.py:3036} INFO - Sync 1 DAGs
[2026-06-22T13:27:21.598+0000] {logging_mixin.py:188} INFO - [2026-06-22T13:27:21.598+0000] {dag.py:3823} INFO - Setting next_dagrun for stream_monitor_harga_pangan to 2026-06-22 12:00:00+00:00, run_after=2026-06-22 13:00:00+00:00
[2026-06-22T13:27:21.638+0000] {processor.py:183} INFO - Processing /opt/airflow/dags/stream_monitor_dag.py took 0.199 seconds
[2026-06-22T13:27:52.580+0000] {processor.py:161} INFO - Started process (PID=1208) to work on /opt/airflow/dags/stream_monitor_dag.py
[2026-06-22T13:27:52.583+0000] {processor.py:830} INFO - Processing file /opt/airflow/dags/stream_monitor_dag.py for tasks to queue
[2026-06-22T13:27:52.584+0000] {logging_mixin.py:188} INFO - [2026-06-22T13:27:52.584+0000] {dagbag.py:538} INFO - Filling up the DagBag from /opt/airflow/dags/stream_monitor_dag.py
[2026-06-22T13:27:52.619+0000] {processor.py:840} INFO - DAG(s) 'stream_monitor_harga_pangan' retrieved from /opt/airflow/dags/stream_monitor_dag.py
[2026-06-22T13:27:52.676+0000] {logging_mixin.py:188} INFO - [2026-06-22T13:27:52.676+0000] {dag.py:3036} INFO - Sync 1 DAGs
[2026-06-22T13:27:52.701+0000] {logging_mixin.py:188} INFO - [2026-06-22T13:27:52.701+0000] {dag.py:3823} INFO - Setting next_dagrun for stream_monitor_harga_pangan to 2026-06-22 12:00:00+00:00, run_after=2026-06-22 13:00:00+00:00
[2026-06-22T13:27:52.722+0000] {processor.py:183} INFO - Processing /opt/airflow/dags/stream_monitor_dag.py took 0.149 seconds
[2026-06-22T13:28:24.624+0000] {processor.py:161} INFO - Started process (PID=1226) to work on /opt/airflow/dags/stream_monitor_dag.py
[2026-06-22T13:28:24.625+0000] {processor.py:830} INFO - Processing file /opt/airflow/dags/stream_monitor_dag.py for tasks to queue
[2026-06-22T13:28:24.627+0000] {logging_mixin.py:188} INFO - [2026-06-22T13:28:24.626+0000] {dagbag.py:538} INFO - Filling up the DagBag from /opt/airflow/dags/stream_monitor_dag.py
[2026-06-22T13:28:24.672+0000] {processor.py:840} INFO - DAG(s) 'stream_monitor_harga_pangan' retrieved from /opt/airflow/dags/stream_monitor_dag.py
[2026-06-22T13:28:24.754+0000] {logging_mixin.py:188} INFO - [2026-06-22T13:28:24.754+0000] {dag.py:3036} INFO - Sync 1 DAGs
[2026-06-22T13:28:24.781+0000] {logging_mixin.py:188} INFO - [2026-06-22T13:28:24.780+0000] {dag.py:3823} INFO - Setting next_dagrun for stream_monitor_harga_pangan to 2026-06-22 12:00:00+00:00, run_after=2026-06-22 13:00:00+00:00
[2026-06-22T13:28:24.813+0000] {processor.py:183} INFO - Processing /opt/airflow/dags/stream_monitor_dag.py took 0.194 seconds
[2026-06-22T13:28:55.726+0000] {processor.py:161} INFO - Started process (PID=1244) to work on /opt/airflow/dags/stream_monitor_dag.py
[2026-06-22T13:28:55.731+0000] {processor.py:830} INFO - Processing file /opt/airflow/dags/stream_monitor_dag.py for tasks to queue
[2026-06-22T13:28:55.735+0000] {logging_mixin.py:188} INFO - [2026-06-22T13:28:55.734+0000] {dagbag.py:538} INFO - Filling up the DagBag from /opt/airflow/dags/stream_monitor_dag.py
[2026-06-22T13:28:55.859+0000] {processor.py:840} INFO - DAG(s) 'stream_monitor_harga_pangan' retrieved from /opt/airflow/dags/stream_monitor_dag.py
[2026-06-22T13:28:56.026+0000] {logging_mixin.py:188} INFO - [2026-06-22T13:28:56.026+0000] {dag.py:3036} INFO - Sync 1 DAGs
[2026-06-22T13:28:56.070+0000] {logging_mixin.py:188} INFO - [2026-06-22T13:28:56.070+0000] {dag.py:3823} INFO - Setting next_dagrun for stream_monitor_harga_pangan to 2026-06-22 12:00:00+00:00, run_after=2026-06-22 13:00:00+00:00
[2026-06-22T13:28:56.123+0000] {processor.py:183} INFO - Processing /opt/airflow/dags/stream_monitor_dag.py took 0.417 seconds
[2026-06-22T13:29:27.060+0000] {processor.py:161} INFO - Started process (PID=1262) to work on /opt/airflow/dags/stream_monitor_dag.py
[2026-06-22T13:29:27.061+0000] {processor.py:830} INFO - Processing file /opt/airflow/dags/stream_monitor_dag.py for tasks to queue
[2026-06-22T13:29:27.063+0000] {logging_mixin.py:188} INFO - [2026-06-22T13:29:27.063+0000] {dagbag.py:538} INFO - Filling up the DagBag from /opt/airflow/dags/stream_monitor_dag.py
[2026-06-22T13:29:27.113+0000] {processor.py:840} INFO - DAG(s) 'stream_monitor_harga_pangan' retrieved from /opt/airflow/dags/stream_monitor_dag.py
[2026-06-22T13:29:27.209+0000] {logging_mixin.py:188} INFO - [2026-06-22T13:29:27.209+0000] {dag.py:3036} INFO - Sync 1 DAGs
[2026-06-22T13:29:27.259+0000] {logging_mixin.py:188} INFO - [2026-06-22T13:29:27.258+0000] {dag.py:3823} INFO - Setting next_dagrun for stream_monitor_harga_pangan to 2026-06-22 12:00:00+00:00, run_after=2026-06-22 13:00:00+00:00
[2026-06-22T13:29:27.302+0000] {processor.py:183} INFO - Processing /opt/airflow/dags/stream_monitor_dag.py took 0.247 seconds
[2026-06-22T13:29:58.428+0000] {processor.py:161} INFO - Started process (PID=1280) to work on /opt/airflow/dags/stream_monitor_dag.py
[2026-06-22T13:29:58.433+0000] {processor.py:830} INFO - Processing file /opt/airflow/dags/stream_monitor_dag.py for tasks to queue
[2026-06-22T13:29:58.441+0000] {logging_mixin.py:188} INFO - [2026-06-22T13:29:58.440+0000] {dagbag.py:538} INFO - Filling up the DagBag from /opt/airflow/dags/stream_monitor_dag.py
[2026-06-22T13:29:58.609+0000] {processor.py:840} INFO - DAG(s) 'stream_monitor_harga_pangan' retrieved from /opt/airflow/dags/stream_monitor_dag.py
[2026-06-22T13:29:58.710+0000] {logging_mixin.py:188} INFO - [2026-06-22T13:29:58.709+0000] {dag.py:3036} INFO - Sync 1 DAGs
[2026-06-22T13:29:58.745+0000] {logging_mixin.py:188} INFO - [2026-06-22T13:29:58.744+0000] {dag.py:3823} INFO - Setting next_dagrun for stream_monitor_harga_pangan to 2026-06-22 12:00:00+00:00, run_after=2026-06-22 13:00:00+00:00
[2026-06-22T13:29:58.787+0000] {processor.py:183} INFO - Processing /opt/airflow/dags/stream_monitor_dag.py took 0.367 seconds
[2026-06-22T13:30:28.904+0000] {processor.py:161} INFO - Started process (PID=1298) to work on /opt/airflow/dags/stream_monitor_dag.py
[2026-06-22T13:30:28.910+0000] {processor.py:830} INFO - Processing file /opt/airflow/dags/stream_monitor_dag.py for tasks to queue
[2026-06-22T13:30:28.914+0000] {logging_mixin.py:188} INFO - [2026-06-22T13:30:28.913+0000] {dagbag.py:538} INFO - Filling up the DagBag from /opt/airflow/dags/stream_monitor_dag.py
[2026-06-22T13:30:29.004+0000] {processor.py:840} INFO - DAG(s) 'stream_monitor_harga_pangan' retrieved from /opt/airflow/dags/stream_monitor_dag.py
[2026-06-22T13:30:29.122+0000] {logging_mixin.py:188} INFO - [2026-06-22T13:30:29.122+0000] {dag.py:3036} INFO - Sync 1 DAGs
[2026-06-22T13:30:29.164+0000] {logging_mixin.py:188} INFO - [2026-06-22T13:30:29.164+0000] {dag.py:3823} INFO - Setting next_dagrun for stream_monitor_harga_pangan to 2026-06-22 12:00:00+00:00, run_after=2026-06-22 13:00:00+00:00
[2026-06-22T13:30:29.210+0000] {processor.py:183} INFO - Processing /opt/airflow/dags/stream_monitor_dag.py took 0.322 seconds
[2026-06-22T13:30:59.351+0000] {processor.py:161} INFO - Started process (PID=1316) to work on /opt/airflow/dags/stream_monitor_dag.py
[2026-06-22T13:30:59.354+0000] {processor.py:830} INFO - Processing file /opt/airflow/dags/stream_monitor_dag.py for tasks to queue
[2026-06-22T13:30:59.357+0000] {logging_mixin.py:188} INFO - [2026-06-22T13:30:59.355+0000] {dagbag.py:538} INFO - Filling up the DagBag from /opt/airflow/dags/stream_monitor_dag.py
[2026-06-22T13:30:59.408+0000] {processor.py:840} INFO - DAG(s) 'stream_monitor_harga_pangan' retrieved from /opt/airflow/dags/stream_monitor_dag.py
[2026-06-22T13:30:59.504+0000] {logging_mixin.py:188} INFO - [2026-06-22T13:30:59.503+0000] {dag.py:3036} INFO - Sync 1 DAGs
[2026-06-22T13:30:59.532+0000] {logging_mixin.py:188} INFO - [2026-06-22T13:30:59.532+0000] {dag.py:3823} INFO - Setting next_dagrun for stream_monitor_harga_pangan to 2026-06-22 12:00:00+00:00, run_after=2026-06-22 13:00:00+00:00
[2026-06-22T13:30:59.586+0000] {processor.py:183} INFO - Processing /opt/airflow/dags/stream_monitor_dag.py took 0.244 seconds
[2026-06-22T13:31:29.901+0000] {processor.py:161} INFO - Started process (PID=1334) to work on /opt/airflow/dags/stream_monitor_dag.py
[2026-06-22T13:31:29.905+0000] {processor.py:830} INFO - Processing file /opt/airflow/dags/stream_monitor_dag.py for tasks to queue
[2026-06-22T13:31:29.908+0000] {logging_mixin.py:188} INFO - [2026-06-22T13:31:29.908+0000] {dagbag.py:538} INFO - Filling up the DagBag from /opt/airflow/dags/stream_monitor_dag.py
[2026-06-22T13:31:29.980+0000] {processor.py:840} INFO - DAG(s) 'stream_monitor_harga_pangan' retrieved from /opt/airflow/dags/stream_monitor_dag.py
[2026-06-22T13:31:30.041+0000] {logging_mixin.py:188} INFO - [2026-06-22T13:31:30.040+0000] {dag.py:3036} INFO - Sync 1 DAGs
[2026-06-22T13:31:30.064+0000] {logging_mixin.py:188} INFO - [2026-06-22T13:31:30.064+0000] {dag.py:3823} INFO - Setting next_dagrun for stream_monitor_harga_pangan to 2026-06-22 12:00:00+00:00, run_after=2026-06-22 13:00:00+00:00
[2026-06-22T13:31:30.089+0000] {processor.py:183} INFO - Processing /opt/airflow/dags/stream_monitor_dag.py took 0.201 seconds
[2026-06-22T13:32:00.296+0000] {processor.py:161} INFO - Started process (PID=1352) to work on /opt/airflow/dags/stream_monitor_dag.py
[2026-06-22T13:32:00.298+0000] {processor.py:830} INFO - Processing file /opt/airflow/dags/stream_monitor_dag.py for tasks to queue
[2026-06-22T13:32:00.300+0000] {logging_mixin.py:188} INFO - [2026-06-22T13:32:00.299+0000] {dagbag.py:538} INFO - Filling up the DagBag from /opt/airflow/dags/stream_monitor_dag.py
[2026-06-22T13:32:00.344+0000] {processor.py:840} INFO - DAG(s) 'stream_monitor_harga_pangan' retrieved from /opt/airflow/dags/stream_monitor_dag.py
[2026-06-22T13:32:00.420+0000] {logging_mixin.py:188} INFO - [2026-06-22T13:32:00.419+0000] {dag.py:3036} INFO - Sync 1 DAGs
[2026-06-22T13:32:00.456+0000] {logging_mixin.py:188} INFO - [2026-06-22T13:32:00.456+0000] {dag.py:3823} INFO - Setting next_dagrun for stream_monitor_harga_pangan to 2026-06-22 12:00:00+00:00, run_after=2026-06-22 13:00:00+00:00
[2026-06-22T13:32:00.492+0000] {processor.py:183} INFO - Processing /opt/airflow/dags/stream_monitor_dag.py took 0.201 seconds
[2026-06-22T13:32:31.311+0000] {processor.py:161} INFO - Started process (PID=1362) to work on /opt/airflow/dags/stream_monitor_dag.py
[2026-06-22T13:32:31.314+0000] {processor.py:830} INFO - Processing file /opt/airflow/dags/stream_monitor_dag.py for tasks to queue
[2026-06-22T13:32:31.318+0000] {logging_mixin.py:188} INFO - [2026-06-22T13:32:31.316+0000] {dagbag.py:538} INFO - Filling up the DagBag from /opt/airflow/dags/stream_monitor_dag.py
[2026-06-22T13:32:31.391+0000] {processor.py:840} INFO - DAG(s) 'stream_monitor_harga_pangan' retrieved from /opt/airflow/dags/stream_monitor_dag.py
[2026-06-22T13:32:31.523+0000] {logging_mixin.py:188} INFO - [2026-06-22T13:32:31.522+0000] {dag.py:3036} INFO - Sync 1 DAGs
[2026-06-22T13:32:31.576+0000] {logging_mixin.py:188} INFO - [2026-06-22T13:32:31.576+0000] {dag.py:3823} INFO - Setting next_dagrun for stream_monitor_harga_pangan to 2026-06-22 12:00:00+00:00, run_after=2026-06-22 13:00:00+00:00
[2026-06-22T13:32:31.604+0000] {processor.py:183} INFO - Processing /opt/airflow/dags/stream_monitor_dag.py took 0.301 seconds
[2026-06-22T13:33:01.723+0000] {processor.py:161} INFO - Started process (PID=1380) to work on /opt/airflow/dags/stream_monitor_dag.py
[2026-06-22T13:33:01.725+0000] {processor.py:830} INFO - Processing file /opt/airflow/dags/stream_monitor_dag.py for tasks to queue
[2026-06-22T13:33:01.726+0000] {logging_mixin.py:188} INFO - [2026-06-22T13:33:01.726+0000] {dagbag.py:538} INFO - Filling up the DagBag from /opt/airflow/dags/stream_monitor_dag.py
[2026-06-22T13:33:01.761+0000] {processor.py:840} INFO - DAG(s) 'stream_monitor_harga_pangan' retrieved from /opt/airflow/dags/stream_monitor_dag.py
[2026-06-22T13:33:01.816+0000] {logging_mixin.py:188} INFO - [2026-06-22T13:33:01.816+0000] {dag.py:3036} INFO - Sync 1 DAGs
[2026-06-22T13:33:01.839+0000] {logging_mixin.py:188} INFO - [2026-06-22T13:33:01.839+0000] {dag.py:3823} INFO - Setting next_dagrun for stream_monitor_harga_pangan to 2026-06-22 12:00:00+00:00, run_after=2026-06-22 13:00:00+00:00
[2026-06-22T13:33:01.861+0000] {processor.py:183} INFO - Processing /opt/airflow/dags/stream_monitor_dag.py took 0.143 seconds
[2026-06-22T13:33:32.794+0000] {processor.py:161} INFO - Started process (PID=1398) to work on /opt/airflow/dags/stream_monitor_dag.py
[2026-06-22T13:33:32.798+0000] {processor.py:830} INFO - Processing file /opt/airflow/dags/stream_monitor_dag.py for tasks to queue
[2026-06-22T13:33:32.800+0000] {logging_mixin.py:188} INFO - [2026-06-22T13:33:32.800+0000] {dagbag.py:538} INFO - Filling up the DagBag from /opt/airflow/dags/stream_monitor_dag.py
[2026-06-22T13:33:32.882+0000] {processor.py:840} INFO - DAG(s) 'stream_monitor_harga_pangan' retrieved from /opt/airflow/dags/stream_monitor_dag.py
[2026-06-22T13:33:32.987+0000] {logging_mixin.py:188} INFO - [2026-06-22T13:33:32.986+0000] {dag.py:3036} INFO - Sync 1 DAGs
[2026-06-22T13:33:33.038+0000] {logging_mixin.py:188} INFO - [2026-06-22T13:33:33.038+0000] {dag.py:3823} INFO - Setting next_dagrun for stream_monitor_harga_pangan to 2026-06-22 12:00:00+00:00, run_after=2026-06-22 13:00:00+00:00
[2026-06-22T13:33:33.084+0000] {processor.py:183} INFO - Processing /opt/airflow/dags/stream_monitor_dag.py took 0.300 seconds
[2026-06-22T13:34:04.079+0000] {processor.py:161} INFO - Started process (PID=1416) to work on /opt/airflow/dags/stream_monitor_dag.py
[2026-06-22T13:34:04.080+0000] {processor.py:830} INFO - Processing file /opt/airflow/dags/stream_monitor_dag.py for tasks to queue
[2026-06-22T13:34:04.081+0000] {logging_mixin.py:188} INFO - [2026-06-22T13:34:04.081+0000] {dagbag.py:538} INFO - Filling up the DagBag from /opt/airflow/dags/stream_monitor_dag.py
[2026-06-22T13:34:04.116+0000] {processor.py:840} INFO - DAG(s) 'stream_monitor_harga_pangan' retrieved from /opt/airflow/dags/stream_monitor_dag.py
[2026-06-22T13:34:04.174+0000] {logging_mixin.py:188} INFO - [2026-06-22T13:34:04.174+0000] {dag.py:3036} INFO - Sync 1 DAGs
[2026-06-22T13:34:04.206+0000] {logging_mixin.py:188} INFO - [2026-06-22T13:34:04.205+0000] {dag.py:3823} INFO - Setting next_dagrun for stream_monitor_harga_pangan to 2026-06-22 12:00:00+00:00, run_after=2026-06-22 13:00:00+00:00
[2026-06-22T13:34:04.234+0000] {processor.py:183} INFO - Processing /opt/airflow/dags/stream_monitor_dag.py took 0.160 seconds
[2026-06-22T13:34:35.164+0000] {processor.py:161} INFO - Started process (PID=1435) to work on /opt/airflow/dags/stream_monitor_dag.py
[2026-06-22T13:34:35.166+0000] {processor.py:830} INFO - Processing file /opt/airflow/dags/stream_monitor_dag.py for tasks to queue
[2026-06-22T13:34:35.167+0000] {logging_mixin.py:188} INFO - [2026-06-22T13:34:35.167+0000] {dagbag.py:538} INFO - Filling up the DagBag from /opt/airflow/dags/stream_monitor_dag.py
[2026-06-22T13:34:35.197+0000] {processor.py:840} INFO - DAG(s) 'stream_monitor_harga_pangan' retrieved from /opt/airflow/dags/stream_monitor_dag.py
[2026-06-22T13:34:35.239+0000] {logging_mixin.py:188} INFO - [2026-06-22T13:34:35.239+0000] {dag.py:3036} INFO - Sync 1 DAGs
[2026-06-22T13:34:35.260+0000] {logging_mixin.py:188} INFO - [2026-06-22T13:34:35.260+0000] {dag.py:3823} INFO - Setting next_dagrun for stream_monitor_harga_pangan to 2026-06-22 12:00:00+00:00, run_after=2026-06-22 13:00:00+00:00
[2026-06-22T13:34:35.281+0000] {processor.py:183} INFO - Processing /opt/airflow/dags/stream_monitor_dag.py took 0.120 seconds
[2026-06-22T13:35:06.130+0000] {processor.py:161} INFO - Started process (PID=1453) to work on /opt/airflow/dags/stream_monitor_dag.py
[2026-06-22T13:35:06.133+0000] {processor.py:830} INFO - Processing file /opt/airflow/dags/stream_monitor_dag.py for tasks to queue
[2026-06-22T13:35:06.137+0000] {logging_mixin.py:188} INFO - [2026-06-22T13:35:06.136+0000] {dagbag.py:538} INFO - Filling up the DagBag from /opt/airflow/dags/stream_monitor_dag.py
[2026-06-22T13:35:06.176+0000] {processor.py:840} INFO - DAG(s) 'stream_monitor_harga_pangan' retrieved from /opt/airflow/dags/stream_monitor_dag.py
[2026-06-22T13:35:06.254+0000] {logging_mixin.py:188} INFO - [2026-06-22T13:35:06.254+0000] {dag.py:3036} INFO - Sync 1 DAGs
[2026-06-22T13:35:06.289+0000] {logging_mixin.py:188} INFO - [2026-06-22T13:35:06.289+0000] {dag.py:3823} INFO - Setting next_dagrun for stream_monitor_harga_pangan to 2026-06-22 12:00:00+00:00, run_after=2026-06-22 13:00:00+00:00
[2026-06-22T13:35:06.319+0000] {processor.py:183} INFO - Processing /opt/airflow/dags/stream_monitor_dag.py took 0.194 seconds
[2026-06-22T13:35:37.307+0000] {processor.py:161} INFO - Started process (PID=1471) to work on /opt/airflow/dags/stream_monitor_dag.py
[2026-06-22T13:35:37.310+0000] {processor.py:830} INFO - Processing file /opt/airflow/dags/stream_monitor_dag.py for tasks to queue
[2026-06-22T13:35:37.313+0000] {logging_mixin.py:188} INFO - [2026-06-22T13:35:37.312+0000] {dagbag.py:538} INFO - Filling up the DagBag from /opt/airflow/dags/stream_monitor_dag.py
[2026-06-22T13:35:37.387+0000] {processor.py:840} INFO - DAG(s) 'stream_monitor_harga_pangan' retrieved from /opt/airflow/dags/stream_monitor_dag.py
[2026-06-22T13:35:37.482+0000] {logging_mixin.py:188} INFO - [2026-06-22T13:35:37.482+0000] {dag.py:3036} INFO - Sync 1 DAGs
[2026-06-22T13:35:37.523+0000] {logging_mixin.py:188} INFO - [2026-06-22T13:35:37.523+0000] {dag.py:3823} INFO - Setting next_dagrun for stream_monitor_harga_pangan to 2026-06-22 12:00:00+00:00, run_after=2026-06-22 13:00:00+00:00
[2026-06-22T13:35:37.550+0000] {processor.py:183} INFO - Processing /opt/airflow/dags/stream_monitor_dag.py took 0.248 seconds
[2026-06-22T13:36:08.457+0000] {processor.py:161} INFO - Started process (PID=1489) to work on /opt/airflow/dags/stream_monitor_dag.py
[2026-06-22T13:36:08.459+0000] {processor.py:830} INFO - Processing file /opt/airflow/dags/stream_monitor_dag.py for tasks to queue
[2026-06-22T13:36:08.461+0000] {logging_mixin.py:188} INFO - [2026-06-22T13:36:08.460+0000] {dagbag.py:538} INFO - Filling up the DagBag from /opt/airflow/dags/stream_monitor_dag.py
[2026-06-22T13:36:08.500+0000] {processor.py:840} INFO - DAG(s) 'stream_monitor_harga_pangan' retrieved from /opt/airflow/dags/stream_monitor_dag.py
[2026-06-22T13:36:08.549+0000] {logging_mixin.py:188} INFO - [2026-06-22T13:36:08.548+0000] {dag.py:3036} INFO - Sync 1 DAGs
[2026-06-22T13:36:08.571+0000] {logging_mixin.py:188} INFO - [2026-06-22T13:36:08.571+0000] {dag.py:3823} INFO - Setting next_dagrun for stream_monitor_harga_pangan to 2026-06-22 12:00:00+00:00, run_after=2026-06-22 13:00:00+00:00
[2026-06-22T13:36:08.594+0000] {processor.py:183} INFO - Processing /opt/airflow/dags/stream_monitor_dag.py took 0.146 seconds
[2026-06-22T13:36:39.497+0000] {processor.py:161} INFO - Started process (PID=1507) to work on /opt/airflow/dags/stream_monitor_dag.py
[2026-06-22T13:36:39.499+0000] {processor.py:830} INFO - Processing file /opt/airflow/dags/stream_monitor_dag.py for tasks to queue
[2026-06-22T13:36:39.501+0000] {logging_mixin.py:188} INFO - [2026-06-22T13:36:39.500+0000] {dagbag.py:538} INFO - Filling up the DagBag from /opt/airflow/dags/stream_monitor_dag.py
[2026-06-22T13:36:39.579+0000] {processor.py:840} INFO - DAG(s) 'stream_monitor_harga_pangan' retrieved from /opt/airflow/dags/stream_monitor_dag.py
[2026-06-22T13:36:39.676+0000] {logging_mixin.py:188} INFO - [2026-06-22T13:36:39.676+0000] {dag.py:3036} INFO - Sync 1 DAGs
[2026-06-22T13:36:39.725+0000] {logging_mixin.py:188} INFO - [2026-06-22T13:36:39.725+0000] {dag.py:3823} INFO - Setting next_dagrun for stream_monitor_harga_pangan to 2026-06-22 12:00:00+00:00, run_after=2026-06-22 13:00:00+00:00
[2026-06-22T13:36:39.775+0000] {processor.py:183} INFO - Processing /opt/airflow/dags/stream_monitor_dag.py took 0.287 seconds
[2026-06-22T13:37:10.453+0000] {processor.py:161} INFO - Started process (PID=1517) to work on /opt/airflow/dags/stream_monitor_dag.py
[2026-06-22T13:37:10.456+0000] {processor.py:830} INFO - Processing file /opt/airflow/dags/stream_monitor_dag.py for tasks to queue
[2026-06-22T13:37:10.460+0000] {logging_mixin.py:188} INFO - [2026-06-22T13:37:10.459+0000] {dagbag.py:538} INFO - Filling up the DagBag from /opt/airflow/dags/stream_monitor_dag.py
[2026-06-22T13:37:10.590+0000] {processor.py:840} INFO - DAG(s) 'stream_monitor_harga_pangan' retrieved from /opt/airflow/dags/stream_monitor_dag.py
[2026-06-22T13:37:10.698+0000] {logging_mixin.py:188} INFO - [2026-06-22T13:37:10.698+0000] {dag.py:3036} INFO - Sync 1 DAGs
[2026-06-22T13:37:10.750+0000] {logging_mixin.py:188} INFO - [2026-06-22T13:37:10.749+0000] {dag.py:3823} INFO - Setting next_dagrun for stream_monitor_harga_pangan to 2026-06-22 12:00:00+00:00, run_after=2026-06-22 13:00:00+00:00
[2026-06-22T13:37:10.803+0000] {processor.py:183} INFO - Processing /opt/airflow/dags/stream_monitor_dag.py took 0.361 seconds
[2026-06-22T13:37:40.971+0000] {processor.py:161} INFO - Started process (PID=1534) to work on /opt/airflow/dags/stream_monitor_dag.py
[2026-06-22T13:37:40.973+0000] {processor.py:830} INFO - Processing file /opt/airflow/dags/stream_monitor_dag.py for tasks to queue
[2026-06-22T13:37:40.976+0000] {logging_mixin.py:188} INFO - [2026-06-22T13:37:40.975+0000] {dagbag.py:538} INFO - Filling up the DagBag from /opt/airflow/dags/stream_monitor_dag.py
[2026-06-22T13:37:41.045+0000] {processor.py:840} INFO - DAG(s) 'stream_monitor_harga_pangan' retrieved from /opt/airflow/dags/stream_monitor_dag.py
[2026-06-22T13:37:41.123+0000] {logging_mixin.py:188} INFO - [2026-06-22T13:37:41.123+0000] {dag.py:3036} INFO - Sync 1 DAGs
[2026-06-22T13:37:41.157+0000] {logging_mixin.py:188} INFO - [2026-06-22T13:37:41.157+0000] {dag.py:3823} INFO - Setting next_dagrun for stream_monitor_harga_pangan to 2026-06-22 12:00:00+00:00, run_after=2026-06-22 13:00:00+00:00
[2026-06-22T13:37:41.189+0000] {processor.py:183} INFO - Processing /opt/airflow/dags/stream_monitor_dag.py took 0.226 seconds
[2026-06-22T13:38:12.034+0000] {processor.py:161} INFO - Started process (PID=1552) to work on /opt/airflow/dags/stream_monitor_dag.py
[2026-06-22T13:38:12.035+0000] {processor.py:830} INFO - Processing file /opt/airflow/dags/stream_monitor_dag.py for tasks to queue
[2026-06-22T13:38:12.036+0000] {logging_mixin.py:188} INFO - [2026-06-22T13:38:12.036+0000] {dagbag.py:538} INFO - Filling up the DagBag from /opt/airflow/dags/stream_monitor_dag.py
[2026-06-22T13:38:12.084+0000] {processor.py:840} INFO - DAG(s) 'stream_monitor_harga_pangan' retrieved from /opt/airflow/dags/stream_monitor_dag.py
[2026-06-22T13:38:12.187+0000] {logging_mixin.py:188} INFO - [2026-06-22T13:38:12.187+0000] {dag.py:3036} INFO - Sync 1 DAGs
[2026-06-22T13:38:12.225+0000] {logging_mixin.py:188} INFO - [2026-06-22T13:38:12.225+0000] {dag.py:3823} INFO - Setting next_dagrun for stream_monitor_harga_pangan to 2026-06-22 12:00:00+00:00, run_after=2026-06-22 13:00:00+00:00
[2026-06-22T13:38:12.261+0000] {processor.py:183} INFO - Processing /opt/airflow/dags/stream_monitor_dag.py took 0.230 seconds
[2026-06-22T13:38:43.228+0000] {processor.py:161} INFO - Started process (PID=1570) to work on /opt/airflow/dags/stream_monitor_dag.py
[2026-06-22T13:38:43.233+0000] {processor.py:830} INFO - Processing file /opt/airflow/dags/stream_monitor_dag.py for tasks to queue
[2026-06-22T13:38:43.237+0000] {logging_mixin.py:188} INFO - [2026-06-22T13:38:43.236+0000] {dagbag.py:538} INFO - Filling up the DagBag from /opt/airflow/dags/stream_monitor_dag.py
[2026-06-22T13:38:43.316+0000] {processor.py:840} INFO - DAG(s) 'stream_monitor_harga_pangan' retrieved from /opt/airflow/dags/stream_monitor_dag.py
[2026-06-22T13:38:43.421+0000] {logging_mixin.py:188} INFO - [2026-06-22T13:38:43.421+0000] {dag.py:3036} INFO - Sync 1 DAGs
[2026-06-22T13:38:43.461+0000] {logging_mixin.py:188} INFO - [2026-06-22T13:38:43.461+0000] {dag.py:3823} INFO - Setting next_dagrun for stream_monitor_harga_pangan to 2026-06-22 12:00:00+00:00, run_after=2026-06-22 13:00:00+00:00
[2026-06-22T13:38:43.484+0000] {processor.py:183} INFO - Processing /opt/airflow/dags/stream_monitor_dag.py took 0.266 seconds
[2026-06-22T13:39:14.331+0000] {processor.py:161} INFO - Started process (PID=1588) to work on /opt/airflow/dags/stream_monitor_dag.py
[2026-06-22T13:39:14.336+0000] {processor.py:830} INFO - Processing file /opt/airflow/dags/stream_monitor_dag.py for tasks to queue
[2026-06-22T13:39:14.340+0000] {logging_mixin.py:188} INFO - [2026-06-22T13:39:14.339+0000] {dagbag.py:538} INFO - Filling up the DagBag from /opt/airflow/dags/stream_monitor_dag.py
[2026-06-22T13:39:14.424+0000] {processor.py:840} INFO - DAG(s) 'stream_monitor_harga_pangan' retrieved from /opt/airflow/dags/stream_monitor_dag.py
[2026-06-22T13:39:14.494+0000] {logging_mixin.py:188} INFO - [2026-06-22T13:39:14.494+0000] {dag.py:3036} INFO - Sync 1 DAGs
[2026-06-22T13:39:14.522+0000] {logging_mixin.py:188} INFO - [2026-06-22T13:39:14.522+0000] {dag.py:3823} INFO - Setting next_dagrun for stream_monitor_harga_pangan to 2026-06-22 12:00:00+00:00, run_after=2026-06-22 13:00:00+00:00
[2026-06-22T13:39:14.555+0000] {processor.py:183} INFO - Processing /opt/airflow/dags/stream_monitor_dag.py took 0.234 seconds
[2026-06-22T13:39:45.240+0000] {processor.py:161} INFO - Started process (PID=1606) to work on /opt/airflow/dags/stream_monitor_dag.py
[2026-06-22T13:39:45.241+0000] {processor.py:830} INFO - Processing file /opt/airflow/dags/stream_monitor_dag.py for tasks to queue
[2026-06-22T13:39:45.242+0000] {logging_mixin.py:188} INFO - [2026-06-22T13:39:45.242+0000] {dagbag.py:538} INFO - Filling up the DagBag from /opt/airflow/dags/stream_monitor_dag.py
[2026-06-22T13:39:45.274+0000] {processor.py:840} INFO - DAG(s) 'stream_monitor_harga_pangan' retrieved from /opt/airflow/dags/stream_monitor_dag.py
[2026-06-22T13:39:45.323+0000] {logging_mixin.py:188} INFO - [2026-06-22T13:39:45.323+0000] {dag.py:3036} INFO - Sync 1 DAGs
[2026-06-22T13:39:45.344+0000] {logging_mixin.py:188} INFO - [2026-06-22T13:39:45.344+0000] {dag.py:3823} INFO - Setting next_dagrun for stream_monitor_harga_pangan to 2026-06-22 12:00:00+00:00, run_after=2026-06-22 13:00:00+00:00
[2026-06-22T13:39:45.365+0000] {processor.py:183} INFO - Processing /opt/airflow/dags/stream_monitor_dag.py took 0.129 seconds
[2026-06-22T13:40:15.462+0000] {processor.py:161} INFO - Started process (PID=1624) to work on /opt/airflow/dags/stream_monitor_dag.py
[2026-06-22T13:40:15.463+0000] {processor.py:830} INFO - Processing file /opt/airflow/dags/stream_monitor_dag.py for tasks to queue
[2026-06-22T13:40:15.464+0000] {logging_mixin.py:188} INFO - [2026-06-22T13:40:15.464+0000] {dagbag.py:538} INFO - Filling up the DagBag from /opt/airflow/dags/stream_monitor_dag.py
[2026-06-22T13:40:15.496+0000] {processor.py:840} INFO - DAG(s) 'stream_monitor_harga_pangan' retrieved from /opt/airflow/dags/stream_monitor_dag.py
[2026-06-22T13:40:15.545+0000] {logging_mixin.py:188} INFO - [2026-06-22T13:40:15.545+0000] {dag.py:3036} INFO - Sync 1 DAGs
[2026-06-22T13:40:15.568+0000] {logging_mixin.py:188} INFO - [2026-06-22T13:40:15.567+0000] {dag.py:3823} INFO - Setting next_dagrun for stream_monitor_harga_pangan to 2026-06-22 12:00:00+00:00, run_after=2026-06-22 13:00:00+00:00
[2026-06-22T13:40:15.589+0000] {processor.py:183} INFO - Processing /opt/airflow/dags/stream_monitor_dag.py took 0.130 seconds
[2026-06-22T13:40:46.617+0000] {processor.py:161} INFO - Started process (PID=1641) to work on /opt/airflow/dags/stream_monitor_dag.py
[2026-06-22T13:40:46.619+0000] {processor.py:830} INFO - Processing file /opt/airflow/dags/stream_monitor_dag.py for tasks to queue
[2026-06-22T13:40:46.620+0000] {logging_mixin.py:188} INFO - [2026-06-22T13:40:46.620+0000] {dagbag.py:538} INFO - Filling up the DagBag from /opt/airflow/dags/stream_monitor_dag.py
[2026-06-22T13:40:46.653+0000] {processor.py:840} INFO - DAG(s) 'stream_monitor_harga_pangan' retrieved from /opt/airflow/dags/stream_monitor_dag.py
[2026-06-22T13:40:46.707+0000] {logging_mixin.py:188} INFO - [2026-06-22T13:40:46.707+0000] {dag.py:3036} INFO - Sync 1 DAGs
[2026-06-22T13:40:46.729+0000] {logging_mixin.py:188} INFO - [2026-06-22T13:40:46.729+0000] {dag.py:3823} INFO - Setting next_dagrun for stream_monitor_harga_pangan to 2026-06-22 12:00:00+00:00, run_after=2026-06-22 13:00:00+00:00
[2026-06-22T13:40:46.752+0000] {processor.py:183} INFO - Processing /opt/airflow/dags/stream_monitor_dag.py took 0.138 seconds
[2026-06-22T13:41:17.691+0000] {processor.py:161} INFO - Started process (PID=1659) to work on /opt/airflow/dags/stream_monitor_dag.py
[2026-06-22T13:41:17.693+0000] {processor.py:830} INFO - Processing file /opt/airflow/dags/stream_monitor_dag.py for tasks to queue
[2026-06-22T13:41:17.699+0000] {logging_mixin.py:188} INFO - [2026-06-22T13:41:17.698+0000] {dagbag.py:538} INFO - Filling up the DagBag from /opt/airflow/dags/stream_monitor_dag.py
[2026-06-22T13:41:17.775+0000] {processor.py:840} INFO - DAG(s) 'stream_monitor_harga_pangan' retrieved from /opt/airflow/dags/stream_monitor_dag.py
[2026-06-22T13:41:17.859+0000] {logging_mixin.py:188} INFO - [2026-06-22T13:41:17.859+0000] {dag.py:3036} INFO - Sync 1 DAGs
[2026-06-22T13:41:17.893+0000] {logging_mixin.py:188} INFO - [2026-06-22T13:41:17.892+0000] {dag.py:3823} INFO - Setting next_dagrun for stream_monitor_harga_pangan to 2026-06-22 12:00:00+00:00, run_after=2026-06-22 13:00:00+00:00
[2026-06-22T13:41:17.926+0000] {processor.py:183} INFO - Processing /opt/airflow/dags/stream_monitor_dag.py took 0.243 seconds
[2026-06-22T13:41:48.820+0000] {processor.py:161} INFO - Started process (PID=1677) to work on /opt/airflow/dags/stream_monitor_dag.py
[2026-06-22T13:41:48.822+0000] {processor.py:830} INFO - Processing file /opt/airflow/dags/stream_monitor_dag.py for tasks to queue
[2026-06-22T13:41:48.823+0000] {logging_mixin.py:188} INFO - [2026-06-22T13:41:48.823+0000] {dagbag.py:538} INFO - Filling up the DagBag from /opt/airflow/dags/stream_monitor_dag.py
[2026-06-22T13:41:48.856+0000] {processor.py:840} INFO - DAG(s) 'stream_monitor_harga_pangan' retrieved from /opt/airflow/dags/stream_monitor_dag.py
[2026-06-22T13:41:48.905+0000] {logging_mixin.py:188} INFO - [2026-06-22T13:41:48.905+0000] {dag.py:3036} INFO - Sync 1 DAGs
[2026-06-22T13:41:48.929+0000] {logging_mixin.py:188} INFO - [2026-06-22T13:41:48.929+0000] {dag.py:3823} INFO - Setting next_dagrun for stream_monitor_harga_pangan to 2026-06-22 12:00:00+00:00, run_after=2026-06-22 13:00:00+00:00
[2026-06-22T13:41:48.954+0000] {processor.py:183} INFO - Processing /opt/airflow/dags/stream_monitor_dag.py took 0.138 seconds
[2026-06-22T13:42:19.811+0000] {processor.py:161} INFO - Started process (PID=1695) to work on /opt/airflow/dags/stream_monitor_dag.py
[2026-06-22T13:42:19.813+0000] {processor.py:830} INFO - Processing file /opt/airflow/dags/stream_monitor_dag.py for tasks to queue
[2026-06-22T13:42:19.815+0000] {logging_mixin.py:188} INFO - [2026-06-22T13:42:19.815+0000] {dagbag.py:538} INFO - Filling up the DagBag from /opt/airflow/dags/stream_monitor_dag.py
[2026-06-22T13:42:19.872+0000] {processor.py:840} INFO - DAG(s) 'stream_monitor_harga_pangan' retrieved from /opt/airflow/dags/stream_monitor_dag.py
[2026-06-22T13:42:19.935+0000] {logging_mixin.py:188} INFO - [2026-06-22T13:42:19.934+0000] {dag.py:3036} INFO - Sync 1 DAGs
[2026-06-22T13:42:19.965+0000] {logging_mixin.py:188} INFO - [2026-06-22T13:42:19.965+0000] {dag.py:3823} INFO - Setting next_dagrun for stream_monitor_harga_pangan to 2026-06-22 12:00:00+00:00, run_after=2026-06-22 13:00:00+00:00
[2026-06-22T13:42:20.007+0000] {processor.py:183} INFO - Processing /opt/airflow/dags/stream_monitor_dag.py took 0.202 seconds
[2026-06-22T13:42:51.009+0000] {processor.py:161} INFO - Started process (PID=1705) to work on /opt/airflow/dags/stream_monitor_dag.py
[2026-06-22T13:42:51.011+0000] {processor.py:830} INFO - Processing file /opt/airflow/dags/stream_monitor_dag.py for tasks to queue
[2026-06-22T13:42:51.013+0000] {logging_mixin.py:188} INFO - [2026-06-22T13:42:51.012+0000] {dagbag.py:538} INFO - Filling up the DagBag from /opt/airflow/dags/stream_monitor_dag.py
[2026-06-22T13:42:51.051+0000] {processor.py:840} INFO - DAG(s) 'stream_monitor_harga_pangan' retrieved from /opt/airflow/dags/stream_monitor_dag.py
[2026-06-22T13:42:51.096+0000] {logging_mixin.py:188} INFO - [2026-06-22T13:42:51.096+0000] {dag.py:3036} INFO - Sync 1 DAGs
[2026-06-22T13:42:51.126+0000] {logging_mixin.py:188} INFO - [2026-06-22T13:42:51.126+0000] {dag.py:3823} INFO - Setting next_dagrun for stream_monitor_harga_pangan to 2026-06-22 12:00:00+00:00, run_after=2026-06-22 13:00:00+00:00
[2026-06-22T13:42:51.159+0000] {processor.py:183} INFO - Processing /opt/airflow/dags/stream_monitor_dag.py took 0.155 seconds
[2026-06-22T13:43:22.147+0000] {processor.py:161} INFO - Started process (PID=1723) to work on /opt/airflow/dags/stream_monitor_dag.py
[2026-06-22T13:43:22.149+0000] {processor.py:830} INFO - Processing file /opt/airflow/dags/stream_monitor_dag.py for tasks to queue
[2026-06-22T13:43:22.151+0000] {logging_mixin.py:188} INFO - [2026-06-22T13:43:22.150+0000] {dagbag.py:538} INFO - Filling up the DagBag from /opt/airflow/dags/stream_monitor_dag.py
[2026-06-22T13:43:22.184+0000] {processor.py:840} INFO - DAG(s) 'stream_monitor_harga_pangan' retrieved from /opt/airflow/dags/stream_monitor_dag.py
[2026-06-22T13:43:22.232+0000] {logging_mixin.py:188} INFO - [2026-06-22T13:43:22.232+0000] {dag.py:3036} INFO - Sync 1 DAGs
[2026-06-22T13:43:22.253+0000] {logging_mixin.py:188} INFO - [2026-06-22T13:43:22.252+0000] {dag.py:3823} INFO - Setting next_dagrun for stream_monitor_harga_pangan to 2026-06-22 12:00:00+00:00, run_after=2026-06-22 13:00:00+00:00
[2026-06-22T13:43:22.273+0000] {processor.py:183} INFO - Processing /opt/airflow/dags/stream_monitor_dag.py took 0.129 seconds
[2026-06-22T13:43:53.251+0000] {processor.py:161} INFO - Started process (PID=1741) to work on /opt/airflow/dags/stream_monitor_dag.py
[2026-06-22T13:43:53.255+0000] {processor.py:830} INFO - Processing file /opt/airflow/dags/stream_monitor_dag.py for tasks to queue
[2026-06-22T13:43:53.258+0000] {logging_mixin.py:188} INFO - [2026-06-22T13:43:53.257+0000] {dagbag.py:538} INFO - Filling up the DagBag from /opt/airflow/dags/stream_monitor_dag.py
[2026-06-22T13:43:53.296+0000] {processor.py:840} INFO - DAG(s) 'stream_monitor_harga_pangan' retrieved from /opt/airflow/dags/stream_monitor_dag.py
[2026-06-22T13:43:53.348+0000] {logging_mixin.py:188} INFO - [2026-06-22T13:43:53.348+0000] {dag.py:3036} INFO - Sync 1 DAGs
[2026-06-22T13:43:53.372+0000] {logging_mixin.py:188} INFO - [2026-06-22T13:43:53.372+0000] {dag.py:3823} INFO - Setting next_dagrun for stream_monitor_harga_pangan to 2026-06-22 12:00:00+00:00, run_after=2026-06-22 13:00:00+00:00
[2026-06-22T13:43:53.395+0000] {processor.py:183} INFO - Processing /opt/airflow/dags/stream_monitor_dag.py took 0.150 seconds
[2026-06-22T13:44:23.499+0000] {processor.py:161} INFO - Started process (PID=1759) to work on /opt/airflow/dags/stream_monitor_dag.py
[2026-06-22T13:44:23.502+0000] {processor.py:830} INFO - Processing file /opt/airflow/dags/stream_monitor_dag.py for tasks to queue
[2026-06-22T13:44:23.508+0000] {logging_mixin.py:188} INFO - [2026-06-22T13:44:23.506+0000] {dagbag.py:538} INFO - Filling up the DagBag from /opt/airflow/dags/stream_monitor_dag.py
[2026-06-22T13:44:23.581+0000] {processor.py:840} INFO - DAG(s) 'stream_monitor_harga_pangan' retrieved from /opt/airflow/dags/stream_monitor_dag.py
[2026-06-22T13:44:23.667+0000] {logging_mixin.py:188} INFO - [2026-06-22T13:44:23.666+0000] {dag.py:3036} INFO - Sync 1 DAGs
[2026-06-22T13:44:23.713+0000] {logging_mixin.py:188} INFO - [2026-06-22T13:44:23.712+0000] {dag.py:3823} INFO - Setting next_dagrun for stream_monitor_harga_pangan to 2026-06-22 12:00:00+00:00, run_after=2026-06-22 13:00:00+00:00
[2026-06-22T13:44:23.764+0000] {processor.py:183} INFO - Processing /opt/airflow/dags/stream_monitor_dag.py took 0.277 seconds
[2026-06-22T13:44:54.019+0000] {processor.py:161} INFO - Started process (PID=1777) to work on /opt/airflow/dags/stream_monitor_dag.py
[2026-06-22T13:44:54.023+0000] {processor.py:830} INFO - Processing file /opt/airflow/dags/stream_monitor_dag.py for tasks to queue
[2026-06-22T13:44:54.026+0000] {logging_mixin.py:188} INFO - [2026-06-22T13:44:54.025+0000] {dagbag.py:538} INFO - Filling up the DagBag from /opt/airflow/dags/stream_monitor_dag.py
[2026-06-22T13:44:54.105+0000] {processor.py:840} INFO - DAG(s) 'stream_monitor_harga_pangan' retrieved from /opt/airflow/dags/stream_monitor_dag.py
[2026-06-22T13:44:54.182+0000] {logging_mixin.py:188} INFO - [2026-06-22T13:44:54.182+0000] {dag.py:3036} INFO - Sync 1 DAGs
[2026-06-22T13:44:54.216+0000] {logging_mixin.py:188} INFO - [2026-06-22T13:44:54.215+0000] {dag.py:3823} INFO - Setting next_dagrun for stream_monitor_harga_pangan to 2026-06-22 12:00:00+00:00, run_after=2026-06-22 13:00:00+00:00
[2026-06-22T13:44:54.249+0000] {processor.py:183} INFO - Processing /opt/airflow/dags/stream_monitor_dag.py took 0.242 seconds
[2026-06-22T13:45:24.398+0000] {processor.py:161} INFO - Started process (PID=1795) to work on /opt/airflow/dags/stream_monitor_dag.py
[2026-06-22T13:45:24.401+0000] {processor.py:830} INFO - Processing file /opt/airflow/dags/stream_monitor_dag.py for tasks to queue
[2026-06-22T13:45:24.403+0000] {logging_mixin.py:188} INFO - [2026-06-22T13:45:24.403+0000] {dagbag.py:538} INFO - Filling up the DagBag from /opt/airflow/dags/stream_monitor_dag.py
[2026-06-22T13:45:24.464+0000] {processor.py:840} INFO - DAG(s) 'stream_monitor_harga_pangan' retrieved from /opt/airflow/dags/stream_monitor_dag.py
[2026-06-22T13:45:24.536+0000] {logging_mixin.py:188} INFO - [2026-06-22T13:45:24.536+0000] {dag.py:3036} INFO - Sync 1 DAGs
[2026-06-22T13:45:24.562+0000] {logging_mixin.py:188} INFO - [2026-06-22T13:45:24.562+0000] {dag.py:3823} INFO - Setting next_dagrun for stream_monitor_harga_pangan to 2026-06-22 12:00:00+00:00, run_after=2026-06-22 13:00:00+00:00
[2026-06-22T13:45:24.587+0000] {processor.py:183} INFO - Processing /opt/airflow/dags/stream_monitor_dag.py took 0.195 seconds
[2026-06-22T13:45:54.754+0000] {processor.py:161} INFO - Started process (PID=1813) to work on /opt/airflow/dags/stream_monitor_dag.py
[2026-06-22T13:45:54.757+0000] {processor.py:830} INFO - Processing file /opt/airflow/dags/stream_monitor_dag.py for tasks to queue
[2026-06-22T13:45:54.762+0000] {logging_mixin.py:188} INFO - [2026-06-22T13:45:54.761+0000] {dagbag.py:538} INFO - Filling up the DagBag from /opt/airflow/dags/stream_monitor_dag.py
[2026-06-22T13:45:54.857+0000] {processor.py:840} INFO - DAG(s) 'stream_monitor_harga_pangan' retrieved from /opt/airflow/dags/stream_monitor_dag.py
[2026-06-22T13:45:54.965+0000] {logging_mixin.py:188} INFO - [2026-06-22T13:45:54.965+0000] {dag.py:3036} INFO - Sync 1 DAGs
[2026-06-22T13:45:55.022+0000] {logging_mixin.py:188} INFO - [2026-06-22T13:45:55.021+0000] {dag.py:3823} INFO - Setting next_dagrun for stream_monitor_harga_pangan to 2026-06-22 12:00:00+00:00, run_after=2026-06-22 13:00:00+00:00
[2026-06-22T13:45:55.088+0000] {processor.py:183} INFO - Processing /opt/airflow/dags/stream_monitor_dag.py took 0.350 seconds
[2026-06-22T13:46:25.251+0000] {processor.py:161} INFO - Started process (PID=1831) to work on /opt/airflow/dags/stream_monitor_dag.py
[2026-06-22T13:46:25.256+0000] {processor.py:830} INFO - Processing file /opt/airflow/dags/stream_monitor_dag.py for tasks to queue
[2026-06-22T13:46:25.260+0000] {logging_mixin.py:188} INFO - [2026-06-22T13:46:25.259+0000] {dagbag.py:538} INFO - Filling up the DagBag from /opt/airflow/dags/stream_monitor_dag.py
[2026-06-22T13:46:25.362+0000] {processor.py:840} INFO - DAG(s) 'stream_monitor_harga_pangan' retrieved from /opt/airflow/dags/stream_monitor_dag.py
[2026-06-22T13:46:25.521+0000] {logging_mixin.py:188} INFO - [2026-06-22T13:46:25.521+0000] {dag.py:3036} INFO - Sync 1 DAGs
[2026-06-22T13:46:25.579+0000] {logging_mixin.py:188} INFO - [2026-06-22T13:46:25.579+0000] {dag.py:3823} INFO - Setting next_dagrun for stream_monitor_harga_pangan to 2026-06-22 12:00:00+00:00, run_after=2026-06-22 13:00:00+00:00
[2026-06-22T13:46:25.630+0000] {processor.py:183} INFO - Processing /opt/airflow/dags/stream_monitor_dag.py took 0.399 seconds
[2026-06-22T13:46:55.873+0000] {processor.py:161} INFO - Started process (PID=1849) to work on /opt/airflow/dags/stream_monitor_dag.py
[2026-06-22T13:46:55.876+0000] {processor.py:830} INFO - Processing file /opt/airflow/dags/stream_monitor_dag.py for tasks to queue
[2026-06-22T13:46:55.879+0000] {logging_mixin.py:188} INFO - [2026-06-22T13:46:55.878+0000] {dagbag.py:538} INFO - Filling up the DagBag from /opt/airflow/dags/stream_monitor_dag.py
[2026-06-22T13:46:55.938+0000] {processor.py:840} INFO - DAG(s) 'stream_monitor_harga_pangan' retrieved from /opt/airflow/dags/stream_monitor_dag.py
[2026-06-22T13:46:56.007+0000] {logging_mixin.py:188} INFO - [2026-06-22T13:46:56.007+0000] {dag.py:3036} INFO - Sync 1 DAGs
[2026-06-22T13:46:56.046+0000] {logging_mixin.py:188} INFO - [2026-06-22T13:46:56.046+0000] {dag.py:3823} INFO - Setting next_dagrun for stream_monitor_harga_pangan to 2026-06-22 12:00:00+00:00, run_after=2026-06-22 13:00:00+00:00
[2026-06-22T13:46:56.079+0000] {processor.py:183} INFO - Processing /opt/airflow/dags/stream_monitor_dag.py took 0.218 seconds
[2026-06-22T13:47:26.286+0000] {processor.py:161} INFO - Started process (PID=1859) to work on /opt/airflow/dags/stream_monitor_dag.py
[2026-06-22T13:47:26.289+0000] {processor.py:830} INFO - Processing file /opt/airflow/dags/stream_monitor_dag.py for tasks to queue
[2026-06-22T13:47:26.292+0000] {logging_mixin.py:188} INFO - [2026-06-22T13:47:26.291+0000] {dagbag.py:538} INFO - Filling up the DagBag from /opt/airflow/dags/stream_monitor_dag.py
[2026-06-22T13:47:26.353+0000] {processor.py:840} INFO - DAG(s) 'stream_monitor_harga_pangan' retrieved from /opt/airflow/dags/stream_monitor_dag.py
[2026-06-22T13:47:26.415+0000] {logging_mixin.py:188} INFO - [2026-06-22T13:47:26.415+0000] {dag.py:3036} INFO - Sync 1 DAGs
[2026-06-22T13:47:26.449+0000] {logging_mixin.py:188} INFO - [2026-06-22T13:47:26.449+0000] {dag.py:3823} INFO - Setting next_dagrun for stream_monitor_harga_pangan to 2026-06-22 12:00:00+00:00, run_after=2026-06-22 13:00:00+00:00
[2026-06-22T13:47:26.489+0000] {processor.py:183} INFO - Processing /opt/airflow/dags/stream_monitor_dag.py took 0.210 seconds
[2026-06-22T13:47:56.743+0000] {processor.py:161} INFO - Started process (PID=1877) to work on /opt/airflow/dags/stream_monitor_dag.py
[2026-06-22T13:47:56.744+0000] {processor.py:830} INFO - Processing file /opt/airflow/dags/stream_monitor_dag.py for tasks to queue
[2026-06-22T13:47:56.746+0000] {logging_mixin.py:188} INFO - [2026-06-22T13:47:56.745+0000] {dagbag.py:538} INFO - Filling up the DagBag from /opt/airflow/dags/stream_monitor_dag.py
[2026-06-22T13:47:56.797+0000] {processor.py:840} INFO - DAG(s) 'stream_monitor_harga_pangan' retrieved from /opt/airflow/dags/stream_monitor_dag.py
[2026-06-22T13:47:56.875+0000] {logging_mixin.py:188} INFO - [2026-06-22T13:47:56.874+0000] {dag.py:3036} INFO - Sync 1 DAGs
[2026-06-22T13:47:56.907+0000] {logging_mixin.py:188} INFO - [2026-06-22T13:47:56.906+0000] {dag.py:3823} INFO - Setting next_dagrun for stream_monitor_harga_pangan to 2026-06-22 12:00:00+00:00, run_after=2026-06-22 13:00:00+00:00
[2026-06-22T13:47:56.947+0000] {processor.py:183} INFO - Processing /opt/airflow/dags/stream_monitor_dag.py took 0.208 seconds
[2026-06-22T13:48:27.208+0000] {processor.py:161} INFO - Started process (PID=1895) to work on /opt/airflow/dags/stream_monitor_dag.py
[2026-06-22T13:48:27.212+0000] {processor.py:830} INFO - Processing file /opt/airflow/dags/stream_monitor_dag.py for tasks to queue
[2026-06-22T13:48:27.216+0000] {logging_mixin.py:188} INFO - [2026-06-22T13:48:27.215+0000] {dagbag.py:538} INFO - Filling up the DagBag from /opt/airflow/dags/stream_monitor_dag.py
[2026-06-22T13:48:27.279+0000] {processor.py:840} INFO - DAG(s) 'stream_monitor_harga_pangan' retrieved from /opt/airflow/dags/stream_monitor_dag.py
[2026-06-22T13:48:27.373+0000] {logging_mixin.py:188} INFO - [2026-06-22T13:48:27.372+0000] {dag.py:3036} INFO - Sync 1 DAGs
[2026-06-22T13:48:27.403+0000] {logging_mixin.py:188} INFO - [2026-06-22T13:48:27.403+0000] {dag.py:3823} INFO - Setting next_dagrun for stream_monitor_harga_pangan to 2026-06-22 12:00:00+00:00, run_after=2026-06-22 13:00:00+00:00
[2026-06-22T13:48:27.431+0000] {processor.py:183} INFO - Processing /opt/airflow/dags/stream_monitor_dag.py took 0.235 seconds
[2026-06-22T13:48:57.604+0000] {processor.py:161} INFO - Started process (PID=1913) to work on /opt/airflow/dags/stream_monitor_dag.py
[2026-06-22T13:48:57.608+0000] {processor.py:830} INFO - Processing file /opt/airflow/dags/stream_monitor_dag.py for tasks to queue
[2026-06-22T13:48:57.612+0000] {logging_mixin.py:188} INFO - [2026-06-22T13:48:57.611+0000] {dagbag.py:538} INFO - Filling up the DagBag from /opt/airflow/dags/stream_monitor_dag.py
[2026-06-22T13:48:57.658+0000] {processor.py:840} INFO - DAG(s) 'stream_monitor_harga_pangan' retrieved from /opt/airflow/dags/stream_monitor_dag.py
[2026-06-22T13:48:57.721+0000] {logging_mixin.py:188} INFO - [2026-06-22T13:48:57.721+0000] {dag.py:3036} INFO - Sync 1 DAGs
[2026-06-22T13:48:57.754+0000] {logging_mixin.py:188} INFO - [2026-06-22T13:48:57.754+0000] {dag.py:3823} INFO - Setting next_dagrun for stream_monitor_harga_pangan to 2026-06-22 12:00:00+00:00, run_after=2026-06-22 13:00:00+00:00
[2026-06-22T13:48:57.776+0000] {processor.py:183} INFO - Processing /opt/airflow/dags/stream_monitor_dag.py took 0.182 seconds
[2026-06-22T13:49:28.041+0000] {processor.py:161} INFO - Started process (PID=1931) to work on /opt/airflow/dags/stream_monitor_dag.py
[2026-06-22T13:49:28.059+0000] {processor.py:830} INFO - Processing file /opt/airflow/dags/stream_monitor_dag.py for tasks to queue
[2026-06-22T13:49:28.067+0000] {logging_mixin.py:188} INFO - [2026-06-22T13:49:28.066+0000] {dagbag.py:538} INFO - Filling up the DagBag from /opt/airflow/dags/stream_monitor_dag.py
[2026-06-22T13:49:28.138+0000] {processor.py:840} INFO - DAG(s) 'stream_monitor_harga_pangan' retrieved from /opt/airflow/dags/stream_monitor_dag.py
[2026-06-22T13:49:28.199+0000] {logging_mixin.py:188} INFO - [2026-06-22T13:49:28.199+0000] {dag.py:3036} INFO - Sync 1 DAGs
[2026-06-22T13:49:28.230+0000] {logging_mixin.py:188} INFO - [2026-06-22T13:49:28.230+0000] {dag.py:3823} INFO - Setting next_dagrun for stream_monitor_harga_pangan to 2026-06-22 12:00:00+00:00, run_after=2026-06-22 13:00:00+00:00
[2026-06-22T13:49:28.260+0000] {processor.py:183} INFO - Processing /opt/airflow/dags/stream_monitor_dag.py took 0.228 seconds
[2026-06-22T13:49:58.690+0000] {processor.py:161} INFO - Started process (PID=1949) to work on /opt/airflow/dags/stream_monitor_dag.py
[2026-06-22T13:49:58.692+0000] {processor.py:830} INFO - Processing file /opt/airflow/dags/stream_monitor_dag.py for tasks to queue
[2026-06-22T13:49:58.694+0000] {logging_mixin.py:188} INFO - [2026-06-22T13:49:58.694+0000] {dagbag.py:538} INFO - Filling up the DagBag from /opt/airflow/dags/stream_monitor_dag.py
[2026-06-22T13:49:58.814+0000] {processor.py:840} INFO - DAG(s) 'stream_monitor_harga_pangan' retrieved from /opt/airflow/dags/stream_monitor_dag.py
[2026-06-22T13:49:58.951+0000] {logging_mixin.py:188} INFO - [2026-06-22T13:49:58.950+0000] {dag.py:3036} INFO - Sync 1 DAGs
[2026-06-22T13:49:58.985+0000] {logging_mixin.py:188} INFO - [2026-06-22T13:49:58.985+0000] {dag.py:3823} INFO - Setting next_dagrun for stream_monitor_harga_pangan to 2026-06-22 12:00:00+00:00, run_after=2026-06-22 13:00:00+00:00
[2026-06-22T13:49:59.031+0000] {processor.py:183} INFO - Processing /opt/airflow/dags/stream_monitor_dag.py took 0.348 seconds
[2026-06-22T13:50:29.340+0000] {processor.py:161} INFO - Started process (PID=1967) to work on /opt/airflow/dags/stream_monitor_dag.py
[2026-06-22T13:50:29.342+0000] {processor.py:830} INFO - Processing file /opt/airflow/dags/stream_monitor_dag.py for tasks to queue
[2026-06-22T13:50:29.345+0000] {logging_mixin.py:188} INFO - [2026-06-22T13:50:29.344+0000] {dagbag.py:538} INFO - Filling up the DagBag from /opt/airflow/dags/stream_monitor_dag.py
[2026-06-22T13:50:29.407+0000] {processor.py:840} INFO - DAG(s) 'stream_monitor_harga_pangan' retrieved from /opt/airflow/dags/stream_monitor_dag.py
[2026-06-22T13:50:29.487+0000] {logging_mixin.py:188} INFO - [2026-06-22T13:50:29.487+0000] {dag.py:3036} INFO - Sync 1 DAGs
[2026-06-22T13:50:29.531+0000] {logging_mixin.py:188} INFO - [2026-06-22T13:50:29.531+0000] {dag.py:3823} INFO - Setting next_dagrun for stream_monitor_harga_pangan to 2026-06-22 12:00:00+00:00, run_after=2026-06-22 13:00:00+00:00
[2026-06-22T13:50:29.554+0000] {processor.py:183} INFO - Processing /opt/airflow/dags/stream_monitor_dag.py took 0.222 seconds
[2026-06-22T13:50:59.890+0000] {processor.py:161} INFO - Started process (PID=1985) to work on /opt/airflow/dags/stream_monitor_dag.py
[2026-06-22T13:50:59.892+0000] {processor.py:830} INFO - Processing file /opt/airflow/dags/stream_monitor_dag.py for tasks to queue
[2026-06-22T13:50:59.893+0000] {logging_mixin.py:188} INFO - [2026-06-22T13:50:59.893+0000] {dagbag.py:538} INFO - Filling up the DagBag from /opt/airflow/dags/stream_monitor_dag.py
[2026-06-22T13:50:59.930+0000] {processor.py:840} INFO - DAG(s) 'stream_monitor_harga_pangan' retrieved from /opt/airflow/dags/stream_monitor_dag.py
[2026-06-22T13:50:59.979+0000] {logging_mixin.py:188} INFO - [2026-06-22T13:50:59.979+0000] {dag.py:3036} INFO - Sync 1 DAGs
[2026-06-22T13:51:00.005+0000] {logging_mixin.py:188} INFO - [2026-06-22T13:51:00.004+0000] {dag.py:3823} INFO - Setting next_dagrun for stream_monitor_harga_pangan to 2026-06-22 12:00:00+00:00, run_after=2026-06-22 13:00:00+00:00
[2026-06-22T13:51:00.026+0000] {processor.py:183} INFO - Processing /opt/airflow/dags/stream_monitor_dag.py took 0.140 seconds
[2026-06-22T13:51:30.288+0000] {processor.py:161} INFO - Started process (PID=1995) to work on /opt/airflow/dags/stream_monitor_dag.py
[2026-06-22T13:51:30.290+0000] {processor.py:830} INFO - Processing file /opt/airflow/dags/stream_monitor_dag.py for tasks to queue
[2026-06-22T13:51:30.291+0000] {logging_mixin.py:188} INFO - [2026-06-22T13:51:30.291+0000] {dagbag.py:538} INFO - Filling up the DagBag from /opt/airflow/dags/stream_monitor_dag.py
[2026-06-22T13:51:30.331+0000] {processor.py:840} INFO - DAG(s) 'stream_monitor_harga_pangan' retrieved from /opt/airflow/dags/stream_monitor_dag.py
[2026-06-22T13:51:30.419+0000] {logging_mixin.py:188} INFO - [2026-06-22T13:51:30.418+0000] {dag.py:3036} INFO - Sync 1 DAGs
[2026-06-22T13:51:30.478+0000] {logging_mixin.py:188} INFO - [2026-06-22T13:51:30.477+0000] {dag.py:3823} INFO - Setting next_dagrun for stream_monitor_harga_pangan to 2026-06-22 12:00:00+00:00, run_after=2026-06-22 13:00:00+00:00
[2026-06-22T13:51:30.544+0000] {processor.py:183} INFO - Processing /opt/airflow/dags/stream_monitor_dag.py took 0.263 seconds
[2026-06-22T13:52:01.486+0000] {processor.py:161} INFO - Started process (PID=2013) to work on /opt/airflow/dags/stream_monitor_dag.py
[2026-06-22T13:52:01.489+0000] {processor.py:830} INFO - Processing file /opt/airflow/dags/stream_monitor_dag.py for tasks to queue
[2026-06-22T13:52:01.492+0000] {logging_mixin.py:188} INFO - [2026-06-22T13:52:01.491+0000] {dagbag.py:538} INFO - Filling up the DagBag from /opt/airflow/dags/stream_monitor_dag.py
[2026-06-22T13:52:01.536+0000] {processor.py:840} INFO - DAG(s) 'stream_monitor_harga_pangan' retrieved from /opt/airflow/dags/stream_monitor_dag.py
[2026-06-22T13:52:01.597+0000] {logging_mixin.py:188} INFO - [2026-06-22T13:52:01.596+0000] {dag.py:3036} INFO - Sync 1 DAGs
[2026-06-22T13:52:01.620+0000] {logging_mixin.py:188} INFO - [2026-06-22T13:52:01.619+0000] {dag.py:3823} INFO - Setting next_dagrun for stream_monitor_harga_pangan to 2026-06-22 12:00:00+00:00, run_after=2026-06-22 13:00:00+00:00
[2026-06-22T13:52:01.647+0000] {processor.py:183} INFO - Processing /opt/airflow/dags/stream_monitor_dag.py took 0.168 seconds
[2026-06-22T13:52:31.854+0000] {processor.py:161} INFO - Started process (PID=2031) to work on /opt/airflow/dags/stream_monitor_dag.py
[2026-06-22T13:52:31.855+0000] {processor.py:830} INFO - Processing file /opt/airflow/dags/stream_monitor_dag.py for tasks to queue
[2026-06-22T13:52:31.857+0000] {logging_mixin.py:188} INFO - [2026-06-22T13:52:31.857+0000] {dagbag.py:538} INFO - Filling up the DagBag from /opt/airflow/dags/stream_monitor_dag.py
[2026-06-22T13:52:31.939+0000] {processor.py:840} INFO - DAG(s) 'stream_monitor_harga_pangan' retrieved from /opt/airflow/dags/stream_monitor_dag.py
[2026-06-22T13:52:32.942+0000] {logging_mixin.py:188} INFO - [2026-06-22T13:52:32.942+0000] {dag.py:3036} INFO - Sync 1 DAGs
[2026-06-22T13:52:32.973+0000] {logging_mixin.py:188} INFO - [2026-06-22T13:52:32.973+0000] {dag.py:3823} INFO - Setting next_dagrun for stream_monitor_harga_pangan to 2026-06-22 12:00:00+00:00, run_after=2026-06-22 13:00:00+00:00
[2026-06-22T13:52:32.997+0000] {processor.py:183} INFO - Processing /opt/airflow/dags/stream_monitor_dag.py took 0.216 seconds
[2026-06-22T13:53:04.018+0000] {processor.py:161} INFO - Started process (PID=2049) to work on /opt/airflow/dags/stream_monitor_dag.py
[2026-06-22T13:53:04.020+0000] {processor.py:830} INFO - Processing file /opt/airflow/dags/stream_monitor_dag.py for tasks to queue
[2026-06-22T13:53:04.021+0000] {logging_mixin.py:188} INFO - [2026-06-22T13:53:04.021+0000] {dagbag.py:538} INFO - Filling up the DagBag from /opt/airflow/dags/stream_monitor_dag.py
[2026-06-22T13:53:04.075+0000] {processor.py:840} INFO - DAG(s) 'stream_monitor_harga_pangan' retrieved from /opt/airflow/dags/stream_monitor_dag.py
[2026-06-22T13:53:04.143+0000] {logging_mixin.py:188} INFO - [2026-06-22T13:53:04.143+0000] {dag.py:3036} INFO - Sync 1 DAGs
[2026-06-22T13:53:04.173+0000] {logging_mixin.py:188} INFO - [2026-06-22T13:53:04.173+0000] {dag.py:3823} INFO - Setting next_dagrun for stream_monitor_harga_pangan to 2026-06-22 12:00:00+00:00, run_after=2026-06-22 13:00:00+00:00
[2026-06-22T13:53:04.199+0000] {processor.py:183} INFO - Processing /opt/airflow/dags/stream_monitor_dag.py took 0.189 seconds
[2026-06-22T13:53:36.023+0000] {processor.py:161} INFO - Started process (PID=2067) to work on /opt/airflow/dags/stream_monitor_dag.py
[2026-06-22T13:53:36.025+0000] {processor.py:830} INFO - Processing file /opt/airflow/dags/stream_monitor_dag.py for tasks to queue
[2026-06-22T13:53:36.027+0000] {logging_mixin.py:188} INFO - [2026-06-22T13:53:36.027+0000] {dagbag.py:538} INFO - Filling up the DagBag from /opt/airflow/dags/stream_monitor_dag.py
[2026-06-22T13:53:36.106+0000] {processor.py:840} INFO - DAG(s) 'stream_monitor_harga_pangan' retrieved from /opt/airflow/dags/stream_monitor_dag.py
[2026-06-22T13:53:36.196+0000] {logging_mixin.py:188} INFO - [2026-06-22T13:53:36.196+0000] {dag.py:3036} INFO - Sync 1 DAGs
[2026-06-22T13:53:36.226+0000] {logging_mixin.py:188} INFO - [2026-06-22T13:53:36.226+0000] {dag.py:3823} INFO - Setting next_dagrun for stream_monitor_harga_pangan to 2026-06-22 12:00:00+00:00, run_after=2026-06-22 13:00:00+00:00
[2026-06-22T13:53:36.251+0000] {processor.py:183} INFO - Processing /opt/airflow/dags/stream_monitor_dag.py took 0.234 seconds
[2026-06-22T13:54:08.195+0000] {processor.py:161} INFO - Started process (PID=2085) to work on /opt/airflow/dags/stream_monitor_dag.py
[2026-06-22T13:54:08.200+0000] {processor.py:830} INFO - Processing file /opt/airflow/dags/stream_monitor_dag.py for tasks to queue
[2026-06-22T13:54:08.204+0000] {logging_mixin.py:188} INFO - [2026-06-22T13:54:08.203+0000] {dagbag.py:538} INFO - Filling up the DagBag from /opt/airflow/dags/stream_monitor_dag.py
[2026-06-22T13:54:08.295+0000] {processor.py:840} INFO - DAG(s) 'stream_monitor_harga_pangan' retrieved from /opt/airflow/dags/stream_monitor_dag.py
[2026-06-22T13:54:08.396+0000] {logging_mixin.py:188} INFO - [2026-06-22T13:54:08.396+0000] {dag.py:3036} INFO - Sync 1 DAGs
[2026-06-22T13:54:08.446+0000] {logging_mixin.py:188} INFO - [2026-06-22T13:54:08.445+0000] {dag.py:3823} INFO - Setting next_dagrun for stream_monitor_harga_pangan to 2026-06-22 12:00:00+00:00, run_after=2026-06-22 13:00:00+00:00
[2026-06-22T13:54:08.494+0000] {processor.py:183} INFO - Processing /opt/airflow/dags/stream_monitor_dag.py took 0.316 seconds
[2026-06-22T13:54:39.524+0000] {processor.py:161} INFO - Started process (PID=2103) to work on /opt/airflow/dags/stream_monitor_dag.py
[2026-06-22T13:54:39.526+0000] {processor.py:830} INFO - Processing file /opt/airflow/dags/stream_monitor_dag.py for tasks to queue
[2026-06-22T13:54:39.527+0000] {logging_mixin.py:188} INFO - [2026-06-22T13:54:39.527+0000] {dagbag.py:538} INFO - Filling up the DagBag from /opt/airflow/dags/stream_monitor_dag.py
[2026-06-22T13:54:39.567+0000] {processor.py:840} INFO - DAG(s) 'stream_monitor_harga_pangan' retrieved from /opt/airflow/dags/stream_monitor_dag.py
[2026-06-22T13:54:39.652+0000] {logging_mixin.py:188} INFO - [2026-06-22T13:54:39.652+0000] {dag.py:3036} INFO - Sync 1 DAGs
[2026-06-22T13:54:39.732+0000] {logging_mixin.py:188} INFO - [2026-06-22T13:54:39.731+0000] {dag.py:3823} INFO - Setting next_dagrun for stream_monitor_harga_pangan to 2026-06-22 12:00:00+00:00, run_after=2026-06-22 13:00:00+00:00
[2026-06-22T13:54:39.809+0000] {processor.py:183} INFO - Processing /opt/airflow/dags/stream_monitor_dag.py took 0.289 seconds
[2026-06-22T13:55:11.581+0000] {processor.py:161} INFO - Started process (PID=2121) to work on /opt/airflow/dags/stream_monitor_dag.py
[2026-06-22T13:55:11.583+0000] {processor.py:830} INFO - Processing file /opt/airflow/dags/stream_monitor_dag.py for tasks to queue
[2026-06-22T13:55:11.584+0000] {logging_mixin.py:188} INFO - [2026-06-22T13:55:11.584+0000] {dagbag.py:538} INFO - Filling up the DagBag from /opt/airflow/dags/stream_monitor_dag.py
[2026-06-22T13:55:11.655+0000] {processor.py:840} INFO - DAG(s) 'stream_monitor_harga_pangan' retrieved from /opt/airflow/dags/stream_monitor_dag.py
[2026-06-22T13:55:11.721+0000] {logging_mixin.py:188} INFO - [2026-06-22T13:55:11.720+0000] {dag.py:3036} INFO - Sync 1 DAGs
[2026-06-22T13:55:11.749+0000] {logging_mixin.py:188} INFO - [2026-06-22T13:55:11.749+0000] {dag.py:3823} INFO - Setting next_dagrun for stream_monitor_harga_pangan to 2026-06-22 12:00:00+00:00, run_after=2026-06-22 13:00:00+00:00
[2026-06-22T13:55:11.774+0000] {processor.py:183} INFO - Processing /opt/airflow/dags/stream_monitor_dag.py took 0.198 seconds
