tanggal,provinsi,kab_kota,latitude,longitude,suhu_max,suhu_min,suhu_mean,suhu_feels_like_max,curah_hujan_mm,kelembapan,kecepatan_angin,tekanan_udara,awan_persen,waktu_ingest,sumber
2026-01-01,DKI JAKARTA,KABUPATEN KEPULAUAN SERIBU,-5.5985,106.55271,28.5,25.4,27.4,32.4,8.2,80,23.6,1008.5,100,2026-06-01T21:02:39.039627,Open-Meteo_Archive
2026-01-02,DKI JAKARTA,KABUPATEN KEPULAUAN SERIBU,-5.5985,106.55271,27.4,25.4,26.4,31.8,27.8,83,23.4,1010.0,100,2026-06-01T21:02:42.246556,Open-Meteo_Archive
2026-01-03,DKI JAKARTA,KABUPATEN KEPULAUAN SERIBU,-5.5985,106.55271,27.8,26.1,26.9,31.6,12.8,80,27.2,1010.6,100,2026-06-01T21:02:44.976963,Open-Meteo_Archive
2026-01-04,DKI JAKARTA,KABUPATEN KEPULAUAN SERIBU,-5.5985,106.55271,28.8,26.0,27.6,32.8,4.7,78,23.9,1011.0,100,2026-06-01T21:02:47.317141,Open-Meteo_Archive
2026-01-05,DKI JAKARTA,KABUPATEN KEPULAUAN SERIBU,-5.5985,106.55271,29.0,26.2,27.9,33.2,1.6,79,22.8,1011.1,96,2026-06-01T21:02:52.508043,Open-Meteo_Archive
2026-01-06,DKI JAKARTA,KABUPATEN KEPULAUAN SERIBU,-5.5985,106.55271,29.3,27.2,28.2,34.0,0.7,79,23.5,1010.5,99,2026-06-01T21:02:55.086503,Open-Meteo_Archive
2026-01-07,DKI JAKARTA,KABUPATEN KEPULAUAN SERIBU,-5.5985,106.55271,29.8,25.6,27.7,34.5,7.8,81,22.2,1010.6,100,2026-06-01T21:03:01.345517,Open-Meteo_Archive
2026-01-01,DKI JAKARTA,KOTA JAKARTA SELATAN,-6.266,106.8135,29.8,23.8,26.1,35.9,7.5,86,14.3,1008.6,98,2026-06-01T21:03:09.242984,Open-Meteo_Archive
2026-01-02,DKI JAKARTA,KOTA JAKARTA SELATAN,-6.266,106.8135,30.4,23.4,25.5,36.9,34.0,88,9.4,1009.9,97,2026-06-01T21:03:15.559532,Open-Meteo_Archive
2026-01-03,DKI JAKARTA,KOTA JAKARTA SELATAN,-6.266,106.8135,26.8,23.6,24.7,31.2,18.1,90,11.8,1010.7,100,2026-06-01T21:03:21.150394,Open-Meteo_Archive
2026-01-04,DKI JAKARTA,KOTA JAKARTA SELATAN,-6.266,106.8135,29.8,22.4,26.1,36.1,4.9,83,10.1,1011.3,96,2026-06-01T21:03:24.115837,Open-Meteo_Archive
2026-01-05,DKI JAKARTA,KOTA JAKARTA SELATAN,-6.266,106.8135,30.3,23.5,27.0,36.6,1.8,83,9.2,1011.2,80,2026-06-01T21:03:29.632849,Open-Meteo_Archive
2026-01-06,DKI JAKARTA,KOTA JAKARTA SELATAN,-6.266,106.8135,32.1,24.0,27.6,38.2,0.9,80,10.8,1010.5,99,2026-06-01T21:03:36.646261,Open-Meteo_Archive
2026-01-07,DKI JAKARTA,KOTA JAKARTA SELATAN,-6.266,106.8135,30.2,23.7,26.9,35.2,10.6,85,12.1,1010.5,100,2026-06-01T21:03:39.437041,Open-Meteo_Archive
2026-01-01,DKI JAKARTA,KOTA JAKARTA TIMUR,-6.2521,106.884,30.1,23.8,26.5,36.0,7.4,84,10.0,1008.5,96,2026-06-01T21:03:42.080946,Open-Meteo_Archive
2026-01-02,DKI JAKARTA,KOTA JAKARTA TIMUR,-6.2521,106.884,29.8,23.6,25.9,35.9,36.5,87,9.4,1009.9,96,2026-06-01T21:03:44.473696,Open-Meteo_Archive
2026-01-03,DKI JAKARTA,KOTA JAKARTA TIMUR,-6.2521,106.884,27.1,23.7,24.9,31.3,15.6,89,10.5,1010.6,100,2026-06-01T21:03:47.118323,Open-Meteo_Archive
2026-01-04,DKI JAKARTA,KOTA JAKARTA TIMUR,-6.2521,106.884,29.7,22.5,26.3,35.5,5.0,82,9.3,1011.2,98,2026-06-01T21:03:53.160933,Open-Meteo_Archive
2026-01-05,DKI JAKARTA,KOTA JAKARTA TIMUR,-6.2521,106.884,30.4,23.9,27.3,36.3,3.4,82,10.3,1011.1,85,2026-06-01T21:03:55.995472,Open-Meteo_Archive
2026-01-06,DKI JAKARTA,KOTA JAKARTA TIMUR,-6.2521,106.884,31.7,25.0,28.1,37.6,1.6,79,10.6,1010.4,99,2026-06-01T21:03:58.508435,Open-Meteo_Archive
2026-01-07,DKI JAKARTA,KOTA JAKARTA TIMUR,-6.2521,106.884,30.1,24.3,27.3,34.4,7.5,83,10.6,1010.4,100,2026-06-01T21:04:03.865201,Open-Meteo_Archive
2026-01-01,DKI JAKARTA,KOTA JAKARTA PUSAT,-6.1777,106.8403,29.5,23.8,26.5,34.7,5.5,83,13.7,1008.5,97,2026-06-01T21:04:07.010009,Open-Meteo_Archive
2026-01-02,DKI JAKARTA,KOTA JAKARTA PUSAT,-6.1777,106.8403,29.5,24.2,26.0,35.2,29.1,86,15.3,1009.8,96,2026-06-01T21:04:09.670423,Open-Meteo_Archive
2026-01-03,DKI JAKARTA,KOTA JAKARTA PUSAT,-6.1777,106.8403,26.8,24.0,25.0,31.4,16.7,89,11.6,1010.6,100,2026-06-01T21:04:14.196230,Open-Meteo_Archive
2026-01-04,DKI JAKARTA,KOTA JAKARTA PUSAT,-6.1777,106.8403,29.2,23.0,26.3,35.0,7.3,83,10.4,1011.2,98,2026-06-01T21:04:17.175774,Open-Meteo_Archive
2026-01-05,DKI JAKARTA,KOTA JAKARTA PUSAT,-6.1777,106.8403,29.6,24.4,27.2,34.5,4.6,83,15.5,1011.1,85,2026-06-01T21:04:23.579687,Open-Meteo_Archive
2026-01-06,DKI JAKARTA,KOTA JAKARTA PUSAT,-6.1777,106.8403,30.9,25.2,27.9,36.6,0.7,81,15.2,1010.4,98,2026-06-01T21:04:30.844764,Open-Meteo_Archive
2026-01-07,DKI JAKARTA,KOTA JAKARTA PUSAT,-6.1777,106.8403,29.2,24.9,27.2,34.0,7.1,83,15.4,1010.5,100,2026-06-01T21:04:33.516554,Open-Meteo_Archive
2026-01-01,DKI JAKARTA,KOTA JAKARTA BARAT,-6.1676,106.7673,29.7,23.3,26.3,35.0,7.0,84,13.6,1008.5,96,2026-06-01T21:04:39.448440,Open-Meteo_Archive
2026-01-02,DKI JAKARTA,KOTA JAKARTA BARAT,-6.1676,106.7673,29.6,24.0,25.8,35.4,35.4,86,13.6,1009.9,97,2026-06-01T21:04:42.520332,Open-Meteo_Archive
2026-01-03,DKI JAKARTA,KOTA JAKARTA BARAT,-6.1676,106.7673,26.8,23.5,24.8,31.6,17.6,91,10.4,1010.7,100,2026-06-01T21:04:45.166047,Open-Meteo_Archive
2026-01-04,DKI JAKARTA,KOTA JAKARTA BARAT,-6.1676,106.7673,29.4,22.8,26.2,35.1,5.8,84,9.2,1011.2,96,2026-06-01T21:04:47.907048,Open-Meteo_Archive
2026-01-05,DKI JAKARTA,KOTA JAKARTA BARAT,-6.1676,106.7673,29.9,24.0,27.2,35.0,2.2,83,15.0,1011.2,85,2026-06-01T21:04:50.526187,Open-Meteo_Archive
2026-01-06,DKI JAKARTA,KOTA JAKARTA BARAT,-6.1676,106.7673,31.3,24.8,27.8,37.2,0.1,81,13.8,1010.4,99,2026-06-01T21:04:53.190896,Open-Meteo_Archive
2026-01-07,DKI JAKARTA,KOTA JAKARTA BARAT,-6.1676,106.7673,29.2,24.6,27.1,34.0,9.1,84,14.1,1010.5,100,2026-06-01T21:04:55.768578,Open-Meteo_Archive
2026-01-01,DKI JAKARTA,KOTA JAKARTA UTARA,-6.1339,106.8823,29.5,23.9,26.5,34.2,4.4,84,14.9,1008.5,95,2026-06-01T21:04:58.644272,Open-Meteo_Archive
2026-01-02,DKI JAKARTA,KOTA JAKARTA UTARA,-6.1339,106.8823,29.4,24.1,26.0,35.1,28.8,86,15.4,1009.8,94,2026-06-01T21:05:01.247712,Open-Meteo_Archive
2026-01-03,DKI JAKARTA,KOTA JAKARTA UTARA,-6.1339,106.8823,26.8,24.1,25.0,30.8,16.5,89,12.8,1010.6,100,2026-06-01T21:05:04.018986,Open-Meteo_Archive
2026-01-04,DKI JAKARTA,KOTA JAKARTA UTARA,-6.1339,106.8823,29.0,23.0,26.2,34.6,6.5,83,11.4,1011.2,98,2026-06-01T21:05:06.857133,Open-Meteo_Archive
2026-01-05,DKI JAKARTA,KOTA JAKARTA UTARA,-6.1339,106.8823,29.6,24.1,27.1,34.5,4.2,83,15.8,1011.1,86,2026-06-01T21:05:09.538344,Open-Meteo_Archive
2026-01-06,DKI JAKARTA,KOTA JAKARTA UTARA,-6.1339,106.8823,30.4,25.4,27.9,36.2,0.1,82,16.4,1010.4,98,2026-06-01T21:05:12.099315,Open-Meteo_Archive
2026-01-07,DKI JAKARTA,KOTA JAKARTA UTARA,-6.1339,106.8823,28.9,24.8,27.2,33.9,7.9,85,15.9,1010.4,100,2026-06-01T21:05:17.512174,Open-Meteo_Archive
2026-01-01,JAWA BARAT,KABUPATEN BOGOR,-6.58333,106.71667,28.9,21.9,24.6,34.6,12.0,87,15.4,1009.2,99,2026-06-01T21:05:20.759161,Open-Meteo_Archive
2026-01-02,JAWA BARAT,KABUPATEN BOGOR,-6.58333,106.71667,29.3,21.6,24.4,34.6,17.7,86,8.9,1010.5,98,2026-06-01T21:05:23.223435,Open-Meteo_Archive
2026-01-03,JAWA BARAT,KABUPATEN BOGOR,-6.58333,106.71667,25.5,22.4,23.5,29.7,23.2,91,11.7,1011.2,100,2026-06-01T21:05:29.583128,Open-Meteo_Archive
2026-01-04,JAWA BARAT,KABUPATEN BOGOR,-6.58333,106.71667,29.0,21.3,24.5,34.2,8.7,86,13.0,1011.9,96,2026-06-01T21:05:32.219952,Open-Meteo_Archive
2026-01-05,JAWA BARAT,KABUPATEN BOGOR,-6.58333,106.71667,29.5,22.8,26.0,35.5,1.5,81,10.6,1011.8,90,2026-06-01T21:05:36.971628,Open-Meteo_Archive
2026-01-06,JAWA BARAT,KABUPATEN BOGOR,-6.58333,106.71667,31.1,20.8,25.9,36.3,2.6,80,12.5,1011.1,97,2026-06-01T21:05:39.644254,Open-Meteo_Archive
2026-01-07,JAWA BARAT,KABUPATEN BOGOR,-6.58333,106.71667,30.4,22.5,25.6,35.8,1.6,84,16.8,1011.1,100,2026-06-01T21:05:44.435430,Open-Meteo_Archive
2026-01-01,JAWA BARAT,KABUPATEN SUKABUMI,-7.06667,106.7,23.9,18.4,20.4,28.2,19.0,98,19.2,1010.1,100,2026-06-01T21:05:51.888305,Open-Meteo_Archive
2026-01-02,JAWA BARAT,KABUPATEN SUKABUMI,-7.06667,106.7,26.3,18.6,21.4,31.3,19.4,90,12.2,1011.1,99,2026-06-01T21:05:57.732016,Open-Meteo_Archive
2026-01-03,JAWA BARAT,KABUPATEN SUKABUMI,-7.06667,106.7,21.4,19.5,20.0,24.6,30.6,98,14.1,1011.8,100,2026-06-01T21:06:00.463447,Open-Meteo_Archive
2026-01-04,JAWA BARAT,KABUPATEN SUKABUMI,-7.06667,106.7,26.6,18.2,21.8,31.6,2.3,87,13.8,1012.3,99,2026-06-01T21:06:05.110359,Open-Meteo_Archive
2026-01-05,JAWA BARAT,KABUPATEN SUKABUMI,-7.06667,106.7,28.5,20.1,23.2,33.6,0.0,80,10.1,1012.2,81,2026-06-01T21:06:07.837104,Open-Meteo_Archive
2026-01-06,JAWA BARAT,KABUPATEN SUKABUMI,-7.06667,106.7,28.8,19.0,22.9,32.1,1.5,83,11.9,1012.1,94,2026-06-01T21:06:13.775198,Open-Meteo_Archive
2026-01-07,JAWA BARAT,KABUPATEN SUKABUMI,-7.06667,106.7,28.1,19.8,23.1,30.9,0.0,81,14.4,1012.1,100,2026-06-01T21:06:16.365154,Open-Meteo_Archive
2026-01-01,JAWA BARAT,KABUPATEN CIANJUR,-6.7725,107.08306,23.6,17.1,19.3,26.7,7.6,91,8.8,1011.6,100,2026-06-01T21:06:22.472152,Open-Meteo_Archive
2026-01-02,JAWA BARAT,KABUPATEN CIANJUR,-6.7725,107.08306,23.4,17.5,19.3,26.9,32.6,91,5.1,1012.9,100,2026-06-01T21:06:28.290914,Open-Meteo_Archive
2026-01-03,JAWA BARAT,KABUPATEN CIANJUR,-6.7725,107.08306,20.1,17.5,18.6,22.9,25.2,97,8.1,1013.4,100,2026-06-01T21:06:30.759424,Open-Meteo_Archive
2026-01-04,JAWA BARAT,KABUPATEN CIANJUR,-6.7725,107.08306,23.4,17.1,19.5,26.1,5.4,89,6.6,1014.3,100,2026-06-01T21:06:33.181647,Open-Meteo_Archive
2026-01-05,JAWA BARAT,KABUPATEN CIANJUR,-6.7725,107.08306,24.8,17.9,20.5,29.8,2.2,88,7.5,1014.5,87,2026-06-01T21:06:37.851458,Open-Meteo_Archive
2026-01-06,JAWA BARAT,KABUPATEN CIANJUR,-6.7725,107.08306,26.0,17.1,21.1,29.6,0.9,79,7.2,1013.9,98,2026-06-01T21:06:40.522355,Open-Meteo_Archive
2026-01-07,JAWA BARAT,KABUPATEN CIANJUR,-6.7725,107.08306,25.1,18.5,20.8,27.7,0.0,79,12.8,1013.8,99,2026-06-01T21:06:43.147147,Open-Meteo_Archive
2026-01-01,JAWA BARAT,KABUPATEN BANDUNG,-7.1,107.6,23.5,17.1,19.9,26.5,12.3,88,14.3,1010.8,100,2026-06-01T21:06:50.951282,Open-Meteo_Archive
2026-01-02,JAWA BARAT,KABUPATEN BANDUNG,-7.1,107.6,24.7,17.6,20.4,27.7,1.7,83,10.3,1012.0,97,2026-06-01T21:06:57.685791,Open-Meteo_Archive
2026-01-03,JAWA BARAT,KABUPATEN BANDUNG,-7.1,107.6,21.9,18.3,19.4,24.0,21.1,94,7.5,1012.6,100,2026-06-01T21:07:03.820159,Open-Meteo_Archive
2026-01-04,JAWA BARAT,KABUPATEN BANDUNG,-7.1,107.6,23.7,17.8,20.4,26.5,4.4,85,9.1,1013.4,99,2026-06-01T21:07:06.682864,Open-Meteo_Archive
2026-01-05,JAWA BARAT,KABUPATEN BANDUNG,-7.1,107.6,26.1,17.6,21.2,28.9,3.2,84,13.4,1013.4,86,2026-06-01T21:07:13.445832,Open-Meteo_Archive
2026-01-06,JAWA BARAT,KABUPATEN BANDUNG,-7.1,107.6,27.0,16.7,21.1,29.5,11.2,81,10.2,1012.9,99,2026-06-01T21:07:16.353504,Open-Meteo_Archive
2026-01-07,JAWA BARAT,KABUPATEN BANDUNG,-7.1,107.6,25.4,17.5,20.9,28.5,3.8,84,9.0,1012.8,99,2026-06-01T21:07:22.323733,Open-Meteo_Archive
2026-01-01,JAWA BARAT,KABUPATEN GARUT,-7.38333,107.76667,22.5,15.8,17.7,24.8,34.4,93,8.8,1012.0,99,2026-06-01T21:07:25.386879,Open-Meteo_Archive
2026-01-02,JAWA BARAT,KABUPATEN GARUT,-7.38333,107.76667,22.0,15.3,17.8,24.5,11.8,89,5.6,1013.5,98,2026-06-01T21:07:31.940559,Open-Meteo_Archive
2026-01-03,JAWA BARAT,KABUPATEN GARUT,-7.38333,107.76667,19.5,16.5,17.7,22.3,19.0,93,7.7,1013.7,100,2026-06-01T21:07:34.678260,Open-Meteo_Archive
2026-01-04,JAWA BARAT,KABUPATEN GARUT,-7.38333,107.76667,22.2,16.2,18.1,24.0,6.3,87,6.7,1014.9,100,2026-06-01T21:07:37.105848,Open-Meteo_Archive
2026-01-05,JAWA BARAT,KABUPATEN GARUT,-7.38333,107.76667,24.5,16.4,19.3,26.6,0.0,79,11.6,1015.1,92,2026-06-01T21:07:39.820303,Open-Meteo_Archive
2026-01-06,JAWA BARAT,KABUPATEN GARUT,-7.38333,107.76667,23.9,15.3,18.8,25.7,2.4,81,11.5,1014.8,98,2026-06-01T21:07:42.245032,Open-Meteo_Archive
2026-01-07,JAWA BARAT,KABUPATEN GARUT,-7.38333,107.76667,22.6,14.9,18.0,24.3,4.3,88,10.4,1015.0,99,2026-06-01T21:07:48.640898,Open-Meteo_Archive
2026-01-01,JAWA BARAT,KABUPATEN TASIKMALAYA,-7.5,108.13333,27.0,21.0,23.1,31.6,24.6,93,11.2,1009.1,99,2026-06-01T21:07:51.646851,Open-Meteo_Archive
2026-01-02,JAWA BARAT,KABUPATEN TASIKMALAYA,-7.5,108.13333,28.1,21.3,23.7,33.7,6.6,90,9.7,1010.8,100,2026-06-01T21:07:54.258614,Open-Meteo_Archive
2026-01-03,JAWA BARAT,KABUPATEN TASIKMALAYA,-7.5,108.13333,25.5,21.8,23.0,30.3,15.6,94,6.7,1011.1,100,2026-06-01T21:07:57.301193,Open-Meteo_Archive
2026-01-04,JAWA BARAT,KABUPATEN TASIKMALAYA,-7.5,108.13333,27.8,21.1,23.2,33.3,19.7,93,6.1,1012.0,100,2026-06-01T21:08:03.430666,Open-Meteo_Archive
2026-01-05,JAWA BARAT,KABUPATEN TASIKMALAYA,-7.5,108.13333,29.1,21.4,24.6,35.5,0.2,84,9.9,1012.0,95,2026-06-01T21:08:05.921140,Open-Meteo_Archive
2026-01-06,JAWA BARAT,KABUPATEN TASIKMALAYA,-7.5,108.13333,29.9,19.7,24.5,36.8,0.4,84,13.5,1011.5,90,2026-06-01T21:08:11.768578,Open-Meteo_Archive
2026-01-07,JAWA BARAT,KABUPATEN TASIKMALAYA,-7.5,108.13333,29.0,20.6,24.3,34.0,3.3,87,12.5,1011.5,98,2026-06-01T21:08:14.311672,Open-Meteo_Archive
2026-01-01,JAWA BARAT,KABUPATEN CIAMIS,-7.28333,108.41667,29.7,21.9,24.1,36.5,20.4,92,6.8,1008.7,100,2026-06-01T21:08:20.497429,Open-Meteo_Archive
2026-01-02,JAWA BARAT,KABUPATEN CIAMIS,-7.28333,108.41667,29.5,21.7,24.4,34.2,13.7,90,8.9,1010.4,99,2026-06-01T21:08:22.874950,Open-Meteo_Archive
2026-01-03,JAWA BARAT,KABUPATEN CIAMIS,-7.28333,108.41667,28.1,22.1,24.0,32.4,21.7,94,6.2,1010.7,100,2026-06-01T21:08:28.178369,Open-Meteo_Archive
2026-01-04,JAWA BARAT,KABUPATEN CIAMIS,-7.28333,108.41667,29.5,22.0,24.0,36.0,17.3,94,9.4,1011.7,100,2026-06-01T21:08:30.632774,Open-Meteo_Archive
2026-01-05,JAWA BARAT,KABUPATEN CIAMIS,-7.28333,108.41667,31.1,22.0,25.3,38.2,1.3,87,10.0,1011.7,90,2026-06-01T21:08:33.080095,Open-Meteo_Archive
2026-01-06,JAWA BARAT,KABUPATEN CIAMIS,-7.28333,108.41667,31.9,21.5,25.1,38.3,8.6,86,8.7,1011.1,93,2026-06-01T21:08:39.118777,Open-Meteo_Archive
2026-01-07,JAWA BARAT,KABUPATEN CIAMIS,-7.28333,108.41667,29.8,22.5,24.9,36.3,11.5,89,9.7,1011.2,99,2026-06-01T21:08:41.774605,Open-Meteo_Archive
2026-01-01,JAWA BARAT,KABUPATEN KUNINGAN,-7.0,108.55,30.2,23.8,26.0,36.6,38.1,89,8.8,1008.4,100,2026-06-01T21:08:49.064048,Open-Meteo_Archive
2026-01-02,JAWA BARAT,KABUPATEN KUNINGAN,-7.0,108.55,29.7,23.2,25.9,35.7,14.3,88,8.2,1010.1,99,2026-06-01T21:08:55.290573,Open-Meteo_Archive
2026-01-03,JAWA BARAT,KABUPATEN KUNINGAN,-7.0,108.55,26.8,23.8,24.9,32.4,12.3,94,9.0,1010.5,100,2026-06-01T21:09:01.859684,Open-Meteo_Archive
2026-01-04,JAWA BARAT,KABUPATEN KUNINGAN,-7.0,108.55,29.0,23.6,25.7,35.0,10.7,90,9.3,1011.3,98,2026-06-01T21:09:04.325065,Open-Meteo_Archive
2026-01-05,JAWA BARAT,KABUPATEN KUNINGAN,-7.0,108.55,29.9,24.1,26.4,36.0,1.9,87,9.3,1011.4,95,2026-06-01T21:09:06.781186,Open-Meteo_Archive
2026-01-06,JAWA BARAT,KABUPATEN KUNINGAN,-7.0,108.55,31.7,22.5,26.8,39.2,2.2,84,10.3,1010.6,97,2026-06-01T21:09:11.516736,Open-Meteo_Archive
2026-01-07,JAWA BARAT,KABUPATEN KUNINGAN,-7.0,108.55,30.4,24.6,26.7,37.6,2.2,86,12.3,1010.7,100,2026-06-01T21:09:18.375754,Open-Meteo_Archive
2026-01-01,JAWA BARAT,KABUPATEN CIREBON,-6.8,108.56667,30.2,23.0,25.6,34.4,6.0,85,21.3,1008.4,100,2026-06-01T21:09:25.123807,Open-Meteo_Archive
2026-01-02,JAWA BARAT,KABUPATEN CIREBON,-6.8,108.56667,28.9,23.0,25.4,34.7,2.6,85,13.9,1010.0,100,2026-06-01T21:09:31.463246,Open-Meteo_Archive
2026-01-03,JAWA BARAT,KABUPATEN CIREBON,-6.8,108.56667,25.6,23.2,24.3,30.1,6.1,92,12.9,1010.5,100,2026-06-01T21:09:38.906847,Open-Meteo_Archive
2026-01-04,JAWA BARAT,KABUPATEN CIREBON,-6.8,108.56667,29.0,22.6,25.4,33.5,10.6,86,17.4,1011.2,99,2026-06-01T21:09:45.835731,Open-Meteo_Archive
2026-01-05,JAWA BARAT,KABUPATEN CIREBON,-6.8,108.56667,29.9,24.1,26.0,35.5,4.9,85,11.0,1011.4,93,2026-06-01T21:09:52.618682,Open-Meteo_Archive
2026-01-06,JAWA BARAT,KABUPATEN CIREBON,-6.8,108.56667,30.6,23.9,26.6,37.0,17.8,81,15.8,1010.6,95,2026-06-01T21:09:58.390326,Open-Meteo_Archive
2026-01-07,JAWA BARAT,KABUPATEN CIREBON,-6.8,108.56667,29.4,23.5,25.9,34.9,18.3,84,9.2,1010.7,100,2026-06-01T21:10:03.985297,Open-Meteo_Archive
2026-01-01,JAWA BARAT,KABUPATEN MAJALENGKA,-6.81667,108.28333,29.6,23.5,25.2,35.9,5.5,83,12.1,1008.7,100,2026-06-01T21:10:06.569717,Open-Meteo_Archive
2026-01-02,JAWA BARAT,KABUPATEN MAJALENGKA,-6.81667,108.28333,28.8,23.3,25.3,34.4,3.8,84,12.8,1010.1,100,2026-06-01T21:10:12.347535,Open-Meteo_Archive
2026-01-03,JAWA BARAT,KABUPATEN MAJALENGKA,-6.81667,108.28333,26.4,23.2,24.3,31.1,8.9,89,9.9,1010.7,100,2026-06-01T21:10:18.209640,Open-Meteo_Archive
2026-01-04,JAWA BARAT,KABUPATEN MAJALENGKA,-6.81667,108.28333,28.5,23.3,25.3,34.3,5.6,83,10.1,1011.5,98,2026-06-01T21:10:24.106337,Open-Meteo_Archive
2026-01-05,JAWA BARAT,KABUPATEN MAJALENGKA,-6.81667,108.28333,30.4,23.6,25.9,37.3,9.9,84,8.2,1011.5,92,2026-06-01T21:10:29.251370,Open-Meteo_Archive
2026-01-06,JAWA BARAT,KABUPATEN MAJALENGKA,-6.81667,108.28333,30.8,22.8,25.9,37.7,14.5,83,11.2,1010.7,96,2026-06-01T21:10:36.230987,Open-Meteo_Archive
2026-01-07,JAWA BARAT,KABUPATEN MAJALENGKA,-6.81667,108.28333,30.2,23.3,25.7,36.3,8.1,86,12.4,1010.7,100,2026-06-01T21:10:41.713895,Open-Meteo_Archive
2026-01-01,JAWA BARAT,KABUPATEN SUMEDANG,-6.81667,107.98333,28.1,21.3,23.8,32.7,7.3,88,16.2,1009.6,100,2026-06-01T21:10:44.294302,Open-Meteo_Archive
2026-01-02,JAWA BARAT,KABUPATEN SUMEDANG,-6.81667,107.98333,27.1,22.1,23.5,32.7,7.7,89,6.5,1011.2,97,2026-06-01T21:10:49.254033,Open-Meteo_Archive
2026-01-03,JAWA BARAT,KABUPATEN SUMEDANG,-6.81667,107.98333,24.6,21.8,22.7,29.2,12.2,96,6.4,1011.6,100,2026-06-01T21:10:51.715185,Open-Meteo_Archive
2026-01-04,JAWA BARAT,KABUPATEN SUMEDANG,-6.81667,107.98333,26.6,21.8,23.5,30.7,8.6,90,9.2,1012.6,99,2026-06-01T21:10:57.725491,Open-Meteo_Archive
2026-01-05,JAWA BARAT,KABUPATEN SUMEDANG,-6.81667,107.98333,27.8,21.5,24.0,33.7,4.1,89,9.3,1012.7,98,2026-06-01T21:11:03.697161,Open-Meteo_Archive
2026-01-06,JAWA BARAT,KABUPATEN SUMEDANG,-6.81667,107.98333,28.8,20.8,24.3,34.9,4.9,87,8.2,1012.0,97,2026-06-01T21:11:10.269837,Open-Meteo_Archive
2026-01-07,JAWA BARAT,KABUPATEN SUMEDANG,-6.81667,107.98333,28.4,22.1,24.0,34.3,13.5,90,8.3,1011.9,100,2026-06-01T21:11:17.413316,Open-Meteo_Archive
2026-01-01,JAWA BARAT,KABUPATEN INDRAMAYU,-6.45,108.16667,29.9,23.9,26.4,35.4,5.7,85,15.0,1008.2,100,2026-06-01T21:11:23.703382,Open-Meteo_Archive
2026-01-02,JAWA BARAT,KABUPATEN INDRAMAYU,-6.45,108.16667,30.8,23.5,25.9,37.5,19.5,89,10.9,1009.8,97,2026-06-01T21:11:29.636630,Open-Meteo_Archive
2026-01-03,JAWA BARAT,KABUPATEN INDRAMAYU,-6.45,108.16667,26.2,23.4,24.6,30.6,14.6,91,15.0,1010.4,100,2026-06-01T21:11:35.043361,Open-Meteo_Archive
2026-01-04,JAWA BARAT,KABUPATEN INDRAMAYU,-6.45,108.16667,29.3,23.6,25.7,35.6,4.1,87,15.1,1011.2,97,2026-06-01T21:11:37.540293,Open-Meteo_Archive
2026-01-05,JAWA BARAT,KABUPATEN INDRAMAYU,-6.45,108.16667,30.9,23.8,26.3,37.3,8.4,87,10.2,1011.1,87,2026-06-01T21:11:42.935202,Open-Meteo_Archive
2026-01-06,JAWA BARAT,KABUPATEN INDRAMAYU,-6.45,108.16667,31.7,24.2,27.1,38.7,19.4,85,11.6,1010.4,97,2026-06-01T21:11:49.085879,Open-Meteo_Archive
2026-01-07,JAWA BARAT,KABUPATEN INDRAMAYU,-6.45,108.16667,29.9,24.0,26.4,35.9,6.3,88,14.5,1010.4,97,2026-06-01T21:11:56.092614,Open-Meteo_Archive
2026-01-01,JAWA BARAT,KABUPATEN SUBANG,-6.50833,107.7025,30.2,23.3,26.1,35.4,4.3,85,17.2,1008.4,100,2026-06-01T21:12:02.544057,Open-Meteo_Archive
2026-01-02,JAWA BARAT,KABUPATEN SUBANG,-6.50833,107.7025,30.2,23.4,25.5,36.2,9.7,86,13.3,1009.9,100,2026-06-01T21:12:07.991177,Open-Meteo_Archive
2026-01-03,JAWA BARAT,KABUPATEN SUBANG,-6.50833,107.7025,26.9,23.2,24.4,30.3,14.8,93,18.1,1010.5,100,2026-06-01T21:12:10.524884,Open-Meteo_Archive
2026-01-04,JAWA BARAT,KABUPATEN SUBANG,-6.50833,107.7025,29.2,22.7,25.4,34.2,6.2,87,14.1,1011.3,94,2026-06-01T21:12:15.703271,Open-Meteo_Archive
2026-01-05,JAWA BARAT,KABUPATEN SUBANG,-6.50833,107.7025,30.8,23.5,26.5,36.8,4.1,83,12.5,1011.2,90,2026-06-01T21:12:21.882846,Open-Meteo_Archive
2026-01-06,JAWA BARAT,KABUPATEN SUBANG,-6.50833,107.7025,32.5,23.5,27.3,37.7,3.2,80,13.6,1010.4,95,2026-06-01T21:12:27.918817,Open-Meteo_Archive
2026-01-07,JAWA BARAT,KABUPATEN SUBANG,-6.50833,107.7025,30.8,23.8,26.7,36.7,3.1,85,16.0,1010.4,100,2026-06-01T21:12:33.540461,Open-Meteo_Archive
2026-01-01,JAWA BARAT,KABUPATEN PURWAKARTA,-6.58333,107.45,29.3,23.0,25.7,34.8,4.2,82,13.7,1008.7,100,2026-06-01T21:12:39.726346,Open-Meteo_Archive
2026-01-02,JAWA BARAT,KABUPATEN PURWAKARTA,-6.58333,107.45,29.5,22.5,25.2,35.7,8.8,84,13.2,1010.2,99,2026-06-01T21:12:46.850913,Open-Meteo_Archive
2026-01-03,JAWA BARAT,KABUPATEN PURWAKARTA,-6.58333,107.45,27.1,23.2,24.6,31.0,19.4,90,11.9,1010.7,100,2026-06-01T21:12:52.675871,Open-Meteo_Archive
2026-01-04,JAWA BARAT,KABUPATEN PURWAKARTA,-6.58333,107.45,28.3,22.8,25.0,33.1,3.7,87,14.6,1011.6,97,2026-06-01T21:12:58.513114,Open-Meteo_Archive
2026-01-05,JAWA BARAT,KABUPATEN PURWAKARTA,-6.58333,107.45,30.1,23.3,25.9,35.9,10.4,84,11.6,1011.6,95,2026-06-01T21:13:03.694345,Open-Meteo_Archive
2026-01-06,JAWA BARAT,KABUPATEN PURWAKARTA,-6.58333,107.45,31.0,23.9,26.8,36.0,3.7,79,11.7,1010.8,97,2026-06-01T21:13:10.661053,Open-Meteo_Archive
2026-01-07,JAWA BARAT,KABUPATEN PURWAKARTA,-6.58333,107.45,30.5,23.8,26.6,37.1,10.1,84,10.8,1010.7,100,2026-06-01T21:13:16.828312,Open-Meteo_Archive
2026-01-01,JAWA BARAT,KABUPATEN KARAWANG,-6.26667,107.41667,31.0,23.6,26.6,35.0,2.5,84,19.7,1008.3,100,2026-06-01T21:13:23.237100,Open-Meteo_Archive
2026-01-02,JAWA BARAT,KABUPATEN KARAWANG,-6.26667,107.41667,31.2,24.0,26.1,38.4,28.0,87,12.6,1009.8,99,2026-06-01T21:13:28.675948,Open-Meteo_Archive
2026-01-03,JAWA BARAT,KABUPATEN KARAWANG,-6.26667,107.41667,26.9,23.8,24.8,30.6,12.4,91,15.5,1010.5,100,2026-06-01T21:13:33.784748,Open-Meteo_Archive
2026-01-04,JAWA BARAT,KABUPATEN KARAWANG,-6.26667,107.41667,29.6,22.8,25.8,33.5,4.3,87,12.4,1011.2,99,2026-06-01T21:13:40.797081,Open-Meteo_Archive
2026-01-05,JAWA BARAT,KABUPATEN KARAWANG,-6.26667,107.41667,30.5,24.1,27.1,36.5,6.3,85,15.3,1011.1,85,2026-06-01T21:13:46.663987,Open-Meteo_Archive
2026-01-06,JAWA BARAT,KABUPATEN KARAWANG,-6.26667,107.41667,32.7,24.3,27.6,36.9,15.6,81,15.3,1010.3,97,2026-06-01T21:13:49.190417,Open-Meteo_Archive
2026-01-07,JAWA BARAT,KABUPATEN KARAWANG,-6.26667,107.41667,29.9,23.8,26.8,34.9,12.3,86,15.3,1010.4,100,2026-06-01T21:13:53.971971,Open-Meteo_Archive
2026-01-01,JAWA BARAT,KABUPATEN BEKASI,-6.24667,107.10833,30.4,23.5,26.5,35.1,4.5,84,16.9,1008.5,98,2026-06-01T21:14:00.087279,Open-Meteo_Archive
2026-01-02,JAWA BARAT,KABUPATEN BEKASI,-6.24667,107.10833,30.5,23.8,26.1,37.0,28.6,86,11.5,1009.8,95,2026-06-01T21:14:05.559899,Open-Meteo_Archive
2026-01-03,JAWA BARAT,KABUPATEN BEKASI,-6.24667,107.10833,26.5,23.6,24.8,30.5,16.6,91,15.9,1010.6,100,2026-06-01T21:14:11.450989,Open-Meteo_Archive
2026-01-04,JAWA BARAT,KABUPATEN BEKASI,-6.24667,107.10833,29.5,22.5,25.9,34.1,5.1,84,12.6,1011.3,94,2026-06-01T21:14:16.974619,Open-Meteo_Archive
2026-01-05,JAWA BARAT,KABUPATEN BEKASI,-6.24667,107.10833,29.9,23.4,27.0,34.7,3.6,83,15.7,1011.2,89,2026-06-01T21:14:22.495379,Open-Meteo_Archive
2026-01-06,JAWA BARAT,KABUPATEN BEKASI,-6.24667,107.10833,31.2,24.8,27.7,37.2,6.6,81,16.1,1010.4,97,2026-06-01T21:14:28.659833,Open-Meteo_Archive
2026-01-07,JAWA BARAT,KABUPATEN BEKASI,-6.24667,107.10833,30.1,24.1,26.9,35.0,4.8,85,16.8,1010.5,100,2026-06-01T21:14:34.038318,Open-Meteo_Archive
2026-01-01,JAWA BARAT,KABUPATEN BANDUNG BARAT,-6.83333,107.48333,25.6,19.7,21.8,29.1,10.8,86,19.6,1010.2,100,2026-06-01T21:14:39.814976,Open-Meteo_Archive
2026-01-02,JAWA BARAT,KABUPATEN BANDUNG BARAT,-6.83333,107.48333,26.8,20.3,22.2,30.5,5.7,83,13.4,1011.5,99,2026-06-01T21:14:45.099456,Open-Meteo_Archive
2026-01-03,JAWA BARAT,KABUPATEN BANDUNG BARAT,-6.83333,107.48333,23.1,19.9,20.8,26.1,26.2,94,8.3,1012.2,100,2026-06-01T21:14:51.536334,Open-Meteo_Archive
2026-01-04,JAWA BARAT,KABUPATEN BANDUNG BARAT,-6.83333,107.48333,25.4,18.8,21.7,29.1,3.9,87,13.9,1013.0,98,2026-06-01T21:14:57.111745,Open-Meteo_Archive
2026-01-05,JAWA BARAT,KABUPATEN BANDUNG BARAT,-6.83333,107.48333,27.7,20.0,23.0,32.6,1.0,83,15.1,1013.0,84,2026-06-01T21:15:03.146715,Open-Meteo_Archive
2026-01-06,JAWA BARAT,KABUPATEN BANDUNG BARAT,-6.83333,107.48333,27.8,19.8,23.4,31.5,0.9,78,13.4,1012.3,98,2026-06-01T21:15:05.589727,Open-Meteo_Archive
2026-01-07,JAWA BARAT,KABUPATEN BANDUNG BARAT,-6.83333,107.48333,28.0,20.8,23.4,30.9,15.0,80,12.2,1012.2,100,2026-06-01T21:15:10.725171,Open-Meteo_Archive
2026-01-01,JAWA BARAT,KABUPATEN PANGANDARAN,-7.6673,108.64037,29.3,23.9,25.5,36.8,17.7,92,16.2,1008.5,100,2026-06-01T21:15:13.190645,Open-Meteo_Archive
2026-01-02,JAWA BARAT,KABUPATEN PANGANDARAN,-7.6673,108.64037,29.7,23.6,25.9,36.7,9.5,86,11.6,1010.0,99,2026-06-01T21:15:19.078150,Open-Meteo_Archive
2026-01-03,JAWA BARAT,KABUPATEN PANGANDARAN,-7.6673,108.64037,28.2,24.1,25.4,34.4,20.5,93,5.8,1010.4,100,2026-06-01T21:15:21.583471,Open-Meteo_Archive
2026-01-04,JAWA BARAT,KABUPATEN PANGANDARAN,-7.6673,108.64037,28.9,24.0,25.8,35.9,15.2,92,8.7,1011.3,100,2026-06-01T21:15:26.937500,Open-Meteo_Archive
2026-01-05,JAWA BARAT,KABUPATEN PANGANDARAN,-7.6673,108.64037,29.9,24.1,26.8,37.1,2.0,84,10.2,1011.3,91,2026-06-01T21:15:29.437836,Open-Meteo_Archive
2026-01-06,JAWA BARAT,KABUPATEN PANGANDARAN,-7.6673,108.64037,30.2,24.8,27.4,36.9,0.1,80,14.5,1010.8,89,2026-06-01T21:15:34.352137,Open-Meteo_Archive
2026-01-07,JAWA BARAT,KABUPATEN PANGANDARAN,-7.6673,108.64037,29.8,25.2,27.5,36.9,7.0,81,13.7,1010.9,96,2026-06-01T21:15:36.851703,Open-Meteo_Archive
2026-01-01,JAWA BARAT,KOTA BOGOR,-6.59167,106.8,29.1,22.3,24.9,35.3,15.9,87,15.3,1009.1,98,2026-06-01T21:15:42.773185,Open-Meteo_Archive
2026-01-02,JAWA BARAT,KOTA BOGOR,-6.59167,106.8,29.5,22.0,24.8,35.7,25.1,86,7.6,1010.4,99,2026-06-01T21:15:45.184902,Open-Meteo_Archive
2026-01-03,JAWA BARAT,KOTA BOGOR,-6.59167,106.8,26.1,22.5,23.8,30.0,24.3,91,9.1,1011.2,100,2026-06-01T21:15:50.075822,Open-Meteo_Archive
2026-01-04,JAWA BARAT,KOTA BOGOR,-6.59167,106.8,29.7,21.2,24.8,35.9,14.3,86,9.8,1011.8,96,2026-06-01T21:15:56.134125,Open-Meteo_Archive
2026-01-05,JAWA BARAT,KOTA BOGOR,-6.59167,106.8,29.9,23.2,26.4,36.1,1.3,81,9.2,1011.7,90,2026-06-01T21:16:01.712098,Open-Meteo_Archive
2026-01-06,JAWA BARAT,KOTA BOGOR,-6.59167,106.8,31.5,21.8,26.4,37.4,6.8,80,10.7,1010.9,97,2026-06-01T21:16:07.224484,Open-Meteo_Archive
2026-01-07,JAWA BARAT,KOTA BOGOR,-6.59167,106.8,30.4,23.1,26.2,36.4,1.6,83,16.2,1010.9,100,2026-06-01T21:16:09.616643,Open-Meteo_Archive
2026-01-01,JAWA BARAT,KOTA SUKABUMI,-6.95,106.93333,27.3,20.0,22.5,32.2,24.5,92,17.0,1010.5,100,2026-06-01T21:16:15.795512,Open-Meteo_Archive
2026-01-02,JAWA BARAT,KOTA SUKABUMI,-6.95,106.93333,27.7,20.6,23.0,31.9,18.1,89,11.0,1011.7,99,2026-06-01T21:16:20.811662,Open-Meteo_Archive
2026-01-03,JAWA BARAT,KOTA SUKABUMI,-6.95,106.93333,24.5,21.2,22.2,28.8,30.0,95,10.6,1012.3,100,2026-06-01T21:16:25.685569,Open-Meteo_Archive
2026-01-04,JAWA BARAT,KOTA SUKABUMI,-6.95,106.93333,27.9,20.6,23.6,31.8,4.8,85,13.0,1012.8,99,2026-06-01T21:16:31.894107,Open-Meteo_Archive
2026-01-05,JAWA BARAT,KOTA SUKABUMI,-6.95,106.93333,29.8,20.6,24.8,34.4,1.3,81,11.2,1012.8,84,2026-06-01T21:16:37.786625,Open-Meteo_Archive
2026-01-06,JAWA BARAT,KOTA SUKABUMI,-6.95,106.93333,30.0,21.3,24.8,33.7,2.2,79,14.8,1012.7,97,2026-06-01T21:16:43.681437,Open-Meteo_Archive
2026-01-07,JAWA BARAT,KOTA SUKABUMI,-6.95,106.93333,29.3,21.3,24.4,31.4,0.0,78,14.4,1012.8,98,2026-06-01T21:16:48.863872,Open-Meteo_Archive
2026-01-01,JAWA BARAT,KOTA BANDUNG,-6.9175,107.62444,26.8,19.8,22.7,30.0,3.6,78,17.4,1010.0,100,2026-06-01T21:16:54.396753,Open-Meteo_Archive
2026-01-02,JAWA BARAT,KOTA BANDUNG,-6.9175,107.62444,27.8,20.6,23.0,31.3,4.4,77,11.7,1011.4,96,2026-06-01T21:16:59.491781,Open-Meteo_Archive
2026-01-03,JAWA BARAT,KOTA BANDUNG,-6.9175,107.62444,23.9,20.5,21.7,26.7,25.5,87,8.4,1012.1,100,2026-06-01T21:17:04.261481,Open-Meteo_Archive
2026-01-04,JAWA BARAT,KOTA BANDUNG,-6.9175,107.62444,26.3,19.5,22.7,29.8,2.2,80,12.2,1012.8,97,2026-06-01T21:17:09.747048,Open-Meteo_Archive
2026-01-05,JAWA BARAT,KOTA BANDUNG,-6.9175,107.62444,27.7,20.2,23.7,31.4,0.8,76,13.8,1012.9,89,2026-06-01T21:17:14.756986,Open-Meteo_Archive
2026-01-06,JAWA BARAT,KOTA BANDUNG,-6.9175,107.62444,29.0,20.4,24.1,31.8,0.5,72,12.8,1012.3,98,2026-06-01T21:17:19.837638,Open-Meteo_Archive
2026-01-07,JAWA BARAT,KOTA BANDUNG,-6.9175,107.62444,27.9,21.0,23.9,30.8,1.5,74,11.6,1012.2,100,2026-06-01T21:17:24.907137,Open-Meteo_Archive
2026-01-01,JAWA BARAT,KOTA CIREBON,-6.75,108.55,30.5,23.8,26.1,35.5,8.6,85,18.7,1008.1,100,2026-06-01T21:17:27.424722,Open-Meteo_Archive
2026-01-02,JAWA BARAT,KOTA CIREBON,-6.75,108.55,29.6,24.2,26.3,35.7,6.2,83,13.6,1009.7,100,2026-06-01T21:17:31.819045,Open-Meteo_Archive
2026-01-03,JAWA BARAT,KOTA CIREBON,-6.75,108.55,26.3,23.8,25.0,30.9,5.2,91,15.1,1010.2,100,2026-06-01T21:17:37.745114,Open-Meteo_Archive
2026-01-04,JAWA BARAT,KOTA CIREBON,-6.75,108.55,29.1,23.7,26.0,34.2,11.4,86,16.5,1011.0,97,2026-06-01T21:17:41.401520,Open-Meteo_Archive
2026-01-05,JAWA BARAT,KOTA CIREBON,-6.75,108.55,30.8,24.7,26.6,36.9,6.1,84,11.7,1011.1,92,2026-06-01T21:17:44.269857,Open-Meteo_Archive
2026-01-06,JAWA BARAT,KOTA CIREBON,-6.75,108.55,31.7,24.3,27.2,38.2,15.7,80,14.6,1010.3,96,2026-06-01T21:17:50.044756,Open-Meteo_Archive
2026-01-07,JAWA BARAT,KOTA CIREBON,-6.75,108.55,31.1,23.9,26.6,37.0,12.0,84,10.4,1010.3,100,2026-06-01T21:17:55.689804,Open-Meteo_Archive
2026-01-01,JAWA BARAT,KOTA BEKASI,-6.28333,106.98333,29.9,23.4,26.1,35.2,5.9,85,13.0,1008.5,98,2026-06-01T21:18:00.846932,Open-Meteo_Archive
2026-01-02,JAWA BARAT,KOTA BEKASI,-6.28333,106.98333,30.6,23.5,25.7,37.3,22.7,88,10.0,1009.9,98,2026-06-01T21:18:06.529262,Open-Meteo_Archive
2026-01-03,JAWA BARAT,KOTA BEKASI,-6.28333,106.98333,26.4,23.4,24.5,30.5,14.8,90,14.2,1010.7,100,2026-06-01T21:18:11.901024,Open-Meteo_Archive
2026-01-04,JAWA BARAT,KOTA BEKASI,-6.28333,106.98333,29.6,22.1,25.7,34.9,5.7,85,11.7,1011.3,97,2026-06-01T21:18:17.370348,Open-Meteo_Archive
2026-01-05,JAWA BARAT,KOTA BEKASI,-6.28333,106.98333,29.6,23.1,26.6,35.2,6.4,84,13.2,1011.3,88,2026-06-01T21:18:22.033603,Open-Meteo_Archive
2026-01-06,JAWA BARAT,KOTA BEKASI,-6.28333,106.98333,31.7,24.1,27.5,36.9,10.3,80,12.6,1010.5,98,2026-06-01T21:18:24.439867,Open-Meteo_Archive
2026-01-07,JAWA BARAT,KOTA BEKASI,-6.28333,106.98333,29.9,23.5,26.6,35.1,4.4,86,16.1,1010.5,100,2026-06-01T21:18:29.292890,Open-Meteo_Archive
2026-01-01,JAWA BARAT,KOTA DEPOK,-6.4,106.81667,29.4,23.0,25.5,34.6,12.1,86,15.7,1008.7,98,2026-06-01T21:18:34.552930,Open-Meteo_Archive
2026-01-02,JAWA BARAT,KOTA DEPOK,-6.4,106.81667,30.0,22.7,25.2,36.9,26.5,88,9.7,1010.0,99,2026-06-01T21:18:39.107170,Open-Meteo_Archive
2026-01-03,JAWA BARAT,KOTA DEPOK,-6.4,106.81667,26.4,23.1,24.2,30.5,25.3,89,13.0,1010.9,100,2026-06-01T21:18:44.097012,Open-Meteo_Archive
2026-01-04,JAWA BARAT,KOTA DEPOK,-6.4,106.81667,29.5,21.5,25.2,35.9,14.1,86,10.4,1011.5,96,2026-06-01T21:18:50.021913,Open-Meteo_Archive
2026-01-05,JAWA BARAT,KOTA DEPOK,-6.4,106.81667,30.4,23.3,26.6,36.6,2.3,84,11.9,1011.4,82,2026-06-01T21:18:55.079245,Open-Meteo_Archive
2026-01-06,JAWA BARAT,KOTA DEPOK,-6.4,106.81667,32.1,22.8,27.0,37.7,6.3,80,13.7,1010.6,98,2026-06-01T21:19:00.080434,Open-Meteo_Archive
2026-01-07,JAWA BARAT,KOTA DEPOK,-6.4,106.81667,29.9,23.3,26.5,35.1,2.4,85,13.6,1010.6,100,2026-06-01T21:19:05.038191,Open-Meteo_Archive
2026-01-01,JAWA BARAT,KOTA CIMAHI,-6.89167,107.55,26.1,19.3,22.1,29.5,3.2,81,19.1,1010.0,100,2026-06-01T21:19:10.730463,Open-Meteo_Archive
2026-01-02,JAWA BARAT,KOTA CIMAHI,-6.89167,107.55,27.1,19.7,22.2,30.7,2.7,79,12.9,1011.4,98,2026-06-01T21:19:15.199941,Open-Meteo_Archive
2026-01-03,JAWA BARAT,KOTA CIMAHI,-6.89167,107.55,23.6,20.1,21.1,26.3,26.9,89,10.9,1012.0,100,2026-06-01T21:19:20.917614,Open-Meteo_Archive
2026-01-04,JAWA BARAT,KOTA CIMAHI,-6.89167,107.55,25.8,19.4,22.1,29.2,2.7,81,13.9,1012.8,97,2026-06-01T21:19:25.909252,Open-Meteo_Archive
2026-01-05,JAWA BARAT,KOTA CIMAHI,-6.89167,107.55,27.1,20.1,23.0,31.2,1.2,79,15.8,1012.9,89,2026-06-01T21:19:31.867223,Open-Meteo_Archive
2026-01-06,JAWA BARAT,KOTA CIMAHI,-6.89167,107.55,28.1,18.5,23.0,31.3,2.2,77,13.6,1012.3,98,2026-06-01T21:19:36.900678,Open-Meteo_Archive
2026-01-07,JAWA BARAT,KOTA CIMAHI,-6.89167,107.55,27.6,20.0,23.2,31.5,2.8,78,11.0,1012.1,100,2026-06-01T21:19:42.127031,Open-Meteo_Archive
2026-01-01,JAWA BARAT,KOTA TASIKMALAYA,-7.35,108.21667,29.0,21.0,23.7,34.3,26.7,91,10.3,1009.0,100,2026-06-01T21:19:47.006683,Open-Meteo_Archive
2026-01-02,JAWA BARAT,KOTA TASIKMALAYA,-7.35,108.21667,28.8,21.5,24.0,33.4,19.6,89,8.0,1010.7,99,2026-06-01T21:19:52.813074,Open-Meteo_Archive
2026-01-03,JAWA BARAT,KOTA TASIKMALAYA,-7.35,108.21667,27.9,21.8,23.4,31.7,18.8,93,6.2,1011.0,100,2026-06-01T21:19:58.394945,Open-Meteo_Archive
2026-01-04,JAWA BARAT,KOTA TASIKMALAYA,-7.35,108.21667,29.2,21.5,23.6,34.9,28.6,93,5.2,1012.0,100,2026-06-01T21:20:04.467151,Open-Meteo_Archive
2026-01-05,JAWA BARAT,KOTA TASIKMALAYA,-7.35,108.21667,29.8,21.7,25.1,35.1,1.3,85,6.5,1012.0,92,2026-06-01T21:20:11.087748,Open-Meteo_Archive
2026-01-06,JAWA BARAT,KOTA TASIKMALAYA,-7.35,108.21667,30.4,21.0,25.0,36.5,2.6,82,8.8,1011.5,93,2026-06-01T21:20:16.398136,Open-Meteo_Archive
2026-01-07,JAWA BARAT,KOTA TASIKMALAYA,-7.35,108.21667,29.1,21.9,24.3,35.0,10.4,88,9.8,1011.6,98,2026-06-01T21:20:21.227630,Open-Meteo_Archive
2026-01-01,JAWA BARAT,KOTA BANJAR,-7.36996,108.53209,29.2,23.2,25.2,35.6,28.2,92,6.5,1008.2,100,2026-06-01T21:20:26.427878,Open-Meteo_Archive
2026-01-02,JAWA BARAT,KOTA BANJAR,-7.36996,108.53209,31.1,22.6,25.8,36.0,8.3,86,6.9,1009.8,99,2026-06-01T21:20:30.705179,Open-Meteo_Archive
2026-01-03,JAWA BARAT,KOTA BANJAR,-7.36996,108.53209,28.9,23.6,25.0,34.3,15.5,93,6.6,1010.2,100,2026-06-01T21:20:36.689535,Open-Meteo_Archive
2026-01-04,JAWA BARAT,KOTA BANJAR,-7.36996,108.53209,29.4,23.3,25.3,36.3,8.8,91,10.7,1011.1,99,2026-06-01T21:20:41.687402,Open-Meteo_Archive
2026-01-05,JAWA BARAT,KOTA BANJAR,-7.36996,108.53209,31.9,23.4,26.5,39.2,2.8,85,10.4,1011.0,93,2026-06-01T21:20:47.343289,Open-Meteo_Archive
2026-01-06,JAWA BARAT,KOTA BANJAR,-7.36996,108.53209,32.2,22.5,26.5,39.2,9.0,86,9.0,1010.5,94,2026-06-01T21:20:53.316073,Open-Meteo_Archive
2026-01-07,JAWA BARAT,KOTA BANJAR,-7.36996,108.53209,30.5,23.8,26.1,39.2,15.6,87,10.9,1010.6,98,2026-06-01T21:20:58.179849,Open-Meteo_Archive
2026-01-01,JAWA TENGAH,KABUPATEN CILACAP,-7.57417,108.98861,30.5,22.9,25.1,36.8,43.8,89,14.3,1008.3,100,2026-06-01T21:21:04.102259,Open-Meteo_Archive
2026-01-02,JAWA TENGAH,KABUPATEN CILACAP,-7.57417,108.98861,30.9,21.5,25.6,37.5,8.0,85,9.3,1009.9,94,2026-06-01T21:21:10.041659,Open-Meteo_Archive
2026-01-03,JAWA TENGAH,KABUPATEN CILACAP,-7.57417,108.98861,29.1,22.6,24.5,35.0,22.8,93,8.7,1010.3,100,2026-06-01T21:21:14.623678,Open-Meteo_Archive
2026-01-04,JAWA TENGAH,KABUPATEN CILACAP,-7.57417,108.98861,30.0,22.5,25.0,37.4,18.4,92,10.7,1011.2,100,2026-06-01T21:21:19.907585,Open-Meteo_Archive
2026-01-05,JAWA TENGAH,KABUPATEN CILACAP,-7.57417,108.98861,31.5,22.5,26.3,38.3,0.9,84,8.8,1011.2,91,2026-06-01T21:21:26.021809,Open-Meteo_Archive
2026-01-06,JAWA TENGAH,KABUPATEN CILACAP,-7.57417,108.98861,31.8,23.1,27.0,37.9,0.4,80,14.8,1010.6,90,2026-06-01T21:21:30.772217,Open-Meteo_Archive
2026-01-07,JAWA TENGAH,KABUPATEN CILACAP,-7.57417,108.98861,30.8,23.1,26.5,37.3,3.5,83,12.7,1010.7,96,2026-06-01T21:21:37.038917,Open-Meteo_Archive
2026-01-01,JAWA TENGAH,KABUPATEN BANYUMAS,-7.45,109.16667,30.8,22.8,25.1,35.5,6.9,84,10.5,1008.6,99,2026-06-01T21:21:42.456351,Open-Meteo_Archive
2026-01-02,JAWA TENGAH,KABUPATEN BANYUMAS,-7.45,109.16667,29.7,22.1,25.1,35.0,6.4,81,6.9,1010.3,93,2026-06-01T21:21:46.995501,Open-Meteo_Archive
2026-01-03,JAWA TENGAH,KABUPATEN BANYUMAS,-7.45,109.16667,27.6,22.5,24.1,32.2,12.3,92,8.6,1010.7,100,2026-06-01T21:21:49.626491,Open-Meteo_Archive
2026-01-04,JAWA TENGAH,KABUPATEN BANYUMAS,-7.45,109.16667,28.2,22.6,24.4,33.9,31.1,90,11.7,1011.5,100,2026-06-01T21:21:53.388170,Open-Meteo_Archive
2026-01-05,JAWA TENGAH,KABUPATEN BANYUMAS,-7.45,109.16667,30.5,22.5,26.1,35.8,2.3,77,6.7,1011.6,89,2026-06-01T21:21:59.238326,Open-Meteo_Archive
2026-01-06,JAWA TENGAH,KABUPATEN BANYUMAS,-7.45,109.16667,30.9,23.6,26.8,37.2,0.1,68,8.7,1011.0,93,2026-06-01T21:22:04.184581,Open-Meteo_Archive
2026-01-07,JAWA TENGAH,KABUPATEN BANYUMAS,-7.45,109.16667,30.4,23.0,25.8,37.1,3.6,79,9.6,1011.3,98,2026-06-01T21:22:10.159587,Open-Meteo_Archive
2026-01-01,JAWA TENGAH,KABUPATEN PURBALINGGA,-7.28417,109.35028,28.7,22.1,24.3,33.4,14.0,91,9.1,1009.5,100,2026-06-01T21:22:15.669570,Open-Meteo_Archive
2026-01-02,JAWA TENGAH,KABUPATEN PURBALINGGA,-7.28417,109.35028,28.9,21.2,24.3,35.4,26.8,92,4.7,1011.2,100,2026-06-01T21:22:20.746750,Open-Meteo_Archive
2026-01-03,JAWA TENGAH,KABUPATEN PURBALINGGA,-7.28417,109.35028,26.5,22.6,23.7,31.3,22.7,98,6.8,1011.5,100,2026-06-01T21:22:25.511426,Open-Meteo_Archive
2026-01-04,JAWA TENGAH,KABUPATEN PURBALINGGA,-7.28417,109.35028,27.0,22.2,23.8,32.6,66.0,96,6.1,1012.4,100,2026-06-01T21:22:29.767253,Open-Meteo_Archive
2026-01-05,JAWA TENGAH,KABUPATEN PURBALINGGA,-7.28417,109.35028,28.0,22.2,24.9,32.2,4.9,87,9.2,1012.5,99,2026-06-01T21:22:35.472921,Open-Meteo_Archive
2026-01-06,JAWA TENGAH,KABUPATEN PURBALINGGA,-7.28417,109.35028,30.3,22.3,25.8,35.4,0.2,76,13.0,1011.9,95,2026-06-01T21:22:39.854032,Open-Meteo_Archive
2026-01-07,JAWA TENGAH,KABUPATEN PURBALINGGA,-7.28417,109.35028,29.4,22.1,25.0,34.0,4.0,86,14.0,1012.1,98,2026-06-01T21:22:45.798433,Open-Meteo_Archive
2026-01-01,JAWA TENGAH,KABUPATEN BANJARNEGARA,-7.35111,109.5875,29.2,20.4,23.6,32.6,7.3,88,15.5,1009.2,100,2026-06-01T21:22:50.812182,Open-Meteo_Archive
2026-01-02,JAWA TENGAH,KABUPATEN BANJARNEGARA,-7.35111,109.5875,29.0,19.9,23.7,33.6,17.0,87,8.2,1010.8,99,2026-06-01T21:22:54.714766,Open-Meteo_Archive
2026-01-03,JAWA TENGAH,KABUPATEN BANJARNEGARA,-7.35111,109.5875,27.6,21.6,23.2,32.5,13.6,94,7.2,1011.2,100,2026-06-01T21:22:59.545623,Open-Meteo_Archive
2026-01-04,JAWA TENGAH,KABUPATEN BANJARNEGARA,-7.35111,109.5875,27.5,21.0,23.4,32.0,7.7,90,9.3,1012.0,100,2026-06-01T21:23:04.996718,Open-Meteo_Archive
2026-01-05,JAWA TENGAH,KABUPATEN BANJARNEGARA,-7.35111,109.5875,28.4,21.1,24.3,33.7,3.4,82,7.6,1012.3,98,2026-06-01T21:23:10.633779,Open-Meteo_Archive
2026-01-06,JAWA TENGAH,KABUPATEN BANJARNEGARA,-7.35111,109.5875,30.5,20.8,25.3,35.9,0.2,71,8.5,1011.6,98,2026-06-01T21:23:14.965749,Open-Meteo_Archive
2026-01-07,JAWA TENGAH,KABUPATEN BANJARNEGARA,-7.35111,109.5875,28.8,20.9,23.9,35.2,7.7,85,11.7,1012.0,99,2026-06-01T21:23:20.315085,Open-Meteo_Archive
2026-01-01,JAWA TENGAH,KABUPATEN KEBUMEN,-7.63917,109.66056,30.5,22.4,25.2,35.7,31.6,87,10.0,1008.4,100,2026-06-01T21:23:25.385438,Open-Meteo_Archive
2026-01-02,JAWA TENGAH,KABUPATEN KEBUMEN,-7.63917,109.66056,29.8,21.9,25.6,35.4,2.1,84,12.1,1009.9,99,2026-06-01T21:23:33.038065,Open-Meteo_Archive
2026-01-03,JAWA TENGAH,KABUPATEN KEBUMEN,-7.63917,109.66056,29.5,22.9,24.8,34.9,21.3,92,9.3,1010.4,100,2026-06-01T21:23:35.479304,Open-Meteo_Archive
2026-01-04,JAWA TENGAH,KABUPATEN KEBUMEN,-7.63917,109.66056,29.5,22.8,25.1,36.1,17.5,90,10.0,1011.2,99,2026-06-01T21:23:39.494699,Open-Meteo_Archive
2026-01-05,JAWA TENGAH,KABUPATEN KEBUMEN,-7.63917,109.66056,30.5,22.5,26.1,35.1,0.3,79,11.0,1011.3,99,2026-06-01T21:23:44.222788,Open-Meteo_Archive
2026-01-06,JAWA TENGAH,KABUPATEN KEBUMEN,-7.63917,109.66056,31.0,22.9,26.7,37.9,0.0,74,10.6,1010.7,99,2026-06-01T21:23:48.818318,Open-Meteo_Archive
2026-01-07,JAWA TENGAH,KABUPATEN KEBUMEN,-7.63917,109.66056,30.4,22.8,26.3,37.5,0.6,79,12.7,1010.9,97,2026-06-01T21:23:53.491983,Open-Meteo_Archive
2026-01-01,JAWA TENGAH,KABUPATEN PURWOREJO,-7.7,109.96667,31.2,23.0,25.4,37.3,18.7,88,10.6,1008.4,100,2026-06-01T21:23:58.280245,Open-Meteo_Archive
2026-01-02,JAWA TENGAH,KABUPATEN PURWOREJO,-7.7,109.96667,30.6,21.9,25.8,35.1,6.0,83,11.8,1010.0,96,2026-06-01T21:24:02.672838,Open-Meteo_Archive
2026-01-03,JAWA TENGAH,KABUPATEN PURWOREJO,-7.7,109.96667,30.0,22.8,24.8,35.1,22.0,92,6.7,1010.5,100,2026-06-01T21:24:08.215326,Open-Meteo_Archive
2026-01-04,JAWA TENGAH,KABUPATEN PURWOREJO,-7.7,109.96667,29.2,22.5,25.1,34.6,8.0,89,12.2,1011.2,99,2026-06-01T21:24:13.745539,Open-Meteo_Archive
2026-01-05,JAWA TENGAH,KABUPATEN PURWOREJO,-7.7,109.96667,30.4,22.8,26.2,35.3,1.6,81,6.4,1011.3,99,2026-06-01T21:24:18.350384,Open-Meteo_Archive
2026-01-06,JAWA TENGAH,KABUPATEN PURWOREJO,-7.7,109.96667,32.2,23.2,27.3,38.0,0.0,73,9.7,1010.7,98,2026-06-01T21:24:23.336270,Open-Meteo_Archive
2026-01-07,JAWA TENGAH,KABUPATEN PURWOREJO,-7.7,109.96667,31.2,22.9,26.7,37.4,2.4,77,13.5,1010.8,95,2026-06-01T21:24:28.362838,Open-Meteo_Archive
2026-01-01,JAWA TENGAH,KABUPATEN WONOSOBO,-7.36139,109.92667,26.5,18.9,21.7,29.9,35.9,87,14.9,1010.4,100,2026-06-01T21:24:33.665527,Open-Meteo_Archive
2026-01-02,JAWA TENGAH,KABUPATEN WONOSOBO,-7.36139,109.92667,26.7,18.0,21.5,29.6,6.0,87,9.9,1012.1,97,2026-06-01T21:24:39.073718,Open-Meteo_Archive
2026-01-03,JAWA TENGAH,KABUPATEN WONOSOBO,-7.36139,109.92667,25.1,19.7,21.4,27.9,6.4,90,8.8,1012.4,100,2026-06-01T21:24:43.304988,Open-Meteo_Archive
2026-01-04,JAWA TENGAH,KABUPATEN WONOSOBO,-7.36139,109.92667,26.6,19.0,21.6,30.4,2.4,87,10.6,1013.2,99,2026-06-01T21:24:49.121045,Open-Meteo_Archive
2026-01-05,JAWA TENGAH,KABUPATEN WONOSOBO,-7.36139,109.92667,25.1,18.8,21.5,27.4,0.3,80,10.6,1013.8,99,2026-06-01T21:24:53.729782,Open-Meteo_Archive
2026-01-06,JAWA TENGAH,KABUPATEN WONOSOBO,-7.36139,109.92667,27.2,18.9,22.4,31.8,0.3,71,8.9,1013.2,100,2026-06-01T21:24:58.963344,Open-Meteo_Archive
2026-01-07,JAWA TENGAH,KABUPATEN WONOSOBO,-7.36139,109.92667,25.9,18.8,21.4,30.2,4.6,83,9.5,1013.4,99,2026-06-01T21:25:03.900445,Open-Meteo_Archive
2026-01-01,JAWA TENGAH,KABUPATEN MAGELANG,-7.4275,110.16194,26.6,19.3,21.8,31.8,42.9,93,8.4,1010.3,100,2026-06-01T21:25:06.756249,Open-Meteo_Archive
2026-01-02,JAWA TENGAH,KABUPATEN MAGELANG,-7.4275,110.16194,27.3,18.8,22.0,31.3,15.9,89,7.7,1011.8,96,2026-06-01T21:25:11.770642,Open-Meteo_Archive
2026-01-03,JAWA TENGAH,KABUPATEN MAGELANG,-7.4275,110.16194,26.1,20.1,21.4,29.5,22.6,94,6.9,1012.3,100,2026-06-01T21:25:16.156077,Open-Meteo_Archive
2026-01-04,JAWA TENGAH,KABUPATEN MAGELANG,-7.4275,110.16194,25.8,19.0,21.5,30.6,15.3,93,8.0,1013.0,99,2026-06-01T21:25:21.695054,Open-Meteo_Archive
2026-01-05,JAWA TENGAH,KABUPATEN MAGELANG,-7.4275,110.16194,25.6,19.4,22.1,28.0,0.3,85,8.2,1013.1,100,2026-06-01T21:25:26.790018,Open-Meteo_Archive
2026-01-06,JAWA TENGAH,KABUPATEN MAGELANG,-7.4275,110.16194,29.0,18.9,23.2,32.6,0.1,72,10.5,1012.3,99,2026-06-01T21:25:31.915108,Open-Meteo_Archive
2026-01-07,JAWA TENGAH,KABUPATEN MAGELANG,-7.4275,110.16194,27.2,19.1,22.5,30.5,2.5,79,12.3,1012.4,98,2026-06-01T21:25:37.122196,Open-Meteo_Archive
2026-01-01,JAWA TENGAH,KABUPATEN BOYOLALI,-7.5,110.7,29.5,23.1,25.5,33.2,40.5,87,14.2,1008.7,100,2026-06-01T21:25:42.273531,Open-Meteo_Archive
2026-01-02,JAWA TENGAH,KABUPATEN BOYOLALI,-7.5,110.7,29.5,22.5,25.3,34.2,39.1,88,12.7,1010.1,95,2026-06-01T21:25:47.236090,Open-Meteo_Archive
2026-01-03,JAWA TENGAH,KABUPATEN BOYOLALI,-7.5,110.7,26.7,23.0,24.1,30.9,24.0,95,11.9,1010.8,100,2026-06-01T21:25:52.203437,Open-Meteo_Archive
2026-01-04,JAWA TENGAH,KABUPATEN BOYOLALI,-7.5,110.7,29.2,23.2,25.0,35.9,6.6,89,7.3,1011.4,100,2026-06-01T21:25:56.558995,Open-Meteo_Archive
2026-01-05,JAWA TENGAH,KABUPATEN BOYOLALI,-7.5,110.7,28.7,23.0,25.2,34.8,0.3,86,12.2,1011.4,99,2026-06-01T21:26:01.511070,Open-Meteo_Archive
2026-01-06,JAWA TENGAH,KABUPATEN BOYOLALI,-7.5,110.7,32.2,22.6,26.9,36.2,0.0,73,18.0,1010.3,97,2026-06-01T21:26:07.104132,Open-Meteo_Archive
2026-01-07,JAWA TENGAH,KABUPATEN BOYOLALI,-7.5,110.7,31.7,23.2,27.0,36.9,0.0,74,10.4,1010.2,100,2026-06-01T21:26:12.337701,Open-Meteo_Archive
2026-01-01,JAWA TENGAH,KABUPATEN KLATEN,-7.68333,110.61667,28.9,23.6,25.4,33.2,41.0,90,14.4,1008.6,100,2026-06-01T21:26:17.426070,Open-Meteo_Archive
2026-01-02,JAWA TENGAH,KABUPATEN KLATEN,-7.68333,110.61667,31.1,22.3,26.1,35.6,6.0,81,13.9,1009.9,91,2026-06-01T21:26:22.180063,Open-Meteo_Archive
2026-01-03,JAWA TENGAH,KABUPATEN KLATEN,-7.68333,110.61667,27.4,23.5,24.8,31.9,10.0,91,12.7,1010.7,100,2026-06-01T21:26:27.326087,Open-Meteo_Archive
2026-01-04,JAWA TENGAH,KABUPATEN KLATEN,-7.68333,110.61667,29.9,23.1,25.5,34.9,14.9,88,16.4,1011.2,100,2026-06-01T21:26:32.244837,Open-Meteo_Archive
2026-01-05,JAWA TENGAH,KABUPATEN KLATEN,-7.68333,110.61667,30.9,22.9,26.3,35.0,1.0,81,16.8,1011.1,99,2026-06-01T21:26:37.357647,Open-Meteo_Archive
2026-01-06,JAWA TENGAH,KABUPATEN KLATEN,-7.68333,110.61667,32.1,24.2,27.6,36.3,0.0,67,19.4,1010.4,96,2026-06-01T21:26:42.412926,Open-Meteo_Archive
2026-01-07,JAWA TENGAH,KABUPATEN KLATEN,-7.68333,110.61667,31.6,23.6,27.6,35.3,0.0,69,20.9,1010.3,100,2026-06-01T21:26:47.980666,Open-Meteo_Archive
2026-01-01,JAWA TENGAH,KABUPATEN SUKOHARJO,-7.68333,110.83333,29.6,23.1,25.4,34.2,45.2,89,15.3,1008.6,100,2026-06-01T21:26:53.184248,Open-Meteo_Archive
2026-01-02,JAWA TENGAH,KABUPATEN SUKOHARJO,-7.68333,110.83333,31.5,22.5,26.3,36.5,30.3,82,11.2,1009.9,92,2026-06-01T21:26:58.199575,Open-Meteo_Archive
2026-01-03,JAWA TENGAH,KABUPATEN SUKOHARJO,-7.68333,110.83333,27.2,23.1,24.6,31.3,15.7,92,12.5,1010.7,100,2026-06-01T21:27:03.349936,Open-Meteo_Archive
2026-01-04,JAWA TENGAH,KABUPATEN SUKOHARJO,-7.68333,110.83333,30.5,22.9,25.6,36.1,14.0,87,10.7,1011.3,100,2026-06-01T21:27:08.420557,Open-Meteo_Archive
2026-01-05,JAWA TENGAH,KABUPATEN SUKOHARJO,-7.68333,110.83333,30.6,23.0,25.9,35.0,0.1,84,14.9,1011.2,99,2026-06-01T21:27:13.826476,Open-Meteo_Archive
2026-01-06,JAWA TENGAH,KABUPATEN SUKOHARJO,-7.68333,110.83333,32.0,23.4,27.0,37.0,0.0,77,14.5,1010.5,94,2026-06-01T21:27:19.232063,Open-Meteo_Archive
2026-01-07,JAWA TENGAH,KABUPATEN SUKOHARJO,-7.68333,110.83333,31.1,23.5,27.0,35.6,0.3,75,16.2,1010.5,100,2026-06-01T21:27:23.598094,Open-Meteo_Archive
2026-01-01,JAWA TENGAH,KABUPATEN WONOGIRI,-7.91667,111.0,29.8,23.4,25.4,33.8,58.7,87,17.1,1008.8,100,2026-06-01T21:27:26.243192,Open-Meteo_Archive
2026-01-02,JAWA TENGAH,KABUPATEN WONOGIRI,-7.91667,111.0,31.1,23.0,26.2,36.0,20.4,79,12.2,1010.2,92,2026-06-01T21:27:30.774257,Open-Meteo_Archive
2026-01-03,JAWA TENGAH,KABUPATEN WONOGIRI,-7.91667,111.0,28.1,23.1,24.9,33.0,3.4,87,9.0,1010.8,100,2026-06-01T21:27:35.329441,Open-Meteo_Archive
2026-01-04,JAWA TENGAH,KABUPATEN WONOGIRI,-7.91667,111.0,29.6,23.0,25.7,34.1,7.9,82,12.7,1011.5,100,2026-06-01T21:27:37.687306,Open-Meteo_Archive
2026-01-05,JAWA TENGAH,KABUPATEN WONOGIRI,-7.91667,111.0,29.5,23.1,25.6,34.2,0.8,83,10.9,1011.5,100,2026-06-01T21:27:42.221385,Open-Meteo_Archive
2026-01-06,JAWA TENGAH,KABUPATEN WONOGIRI,-7.91667,111.0,31.0,22.6,26.3,36.2,0.3,78,13.8,1010.8,94,2026-06-01T21:27:47.970749,Open-Meteo_Archive
2026-01-07,JAWA TENGAH,KABUPATEN WONOGIRI,-7.91667,111.0,30.0,23.0,26.5,34.4,1.0,77,15.8,1010.8,96,2026-06-01T21:27:53.579408,Open-Meteo_Archive
2026-01-01,JAWA TENGAH,KABUPATEN KARANGANYAR,-7.62806,111.0625,27.6,22.1,23.9,31.1,26.6,88,19.9,1009.9,100,2026-06-01T21:28:00.155870,Open-Meteo_Archive
2026-01-02,JAWA TENGAH,KABUPATEN KARANGANYAR,-7.62806,111.0625,28.8,20.7,24.2,32.8,36.6,83,17.2,1011.2,92,2026-06-01T21:28:04.801249,Open-Meteo_Archive
2026-01-03,JAWA TENGAH,KABUPATEN KARANGANYAR,-7.62806,111.0625,24.9,21.9,23.1,29.5,7.6,92,11.3,1011.9,100,2026-06-01T21:28:10.378531,Open-Meteo_Archive
2026-01-04,JAWA TENGAH,KABUPATEN KARANGANYAR,-7.62806,111.0625,28.1,21.3,23.7,32.0,9.3,85,17.3,1012.5,100,2026-06-01T21:28:15.972617,Open-Meteo_Archive
2026-01-05,JAWA TENGAH,KABUPATEN KARANGANYAR,-7.62806,111.0625,27.5,22.7,24.7,30.8,0.9,76,17.5,1012.7,98,2026-06-01T21:28:21.219710,Open-Meteo_Archive
2026-01-06,JAWA TENGAH,KABUPATEN KARANGANYAR,-7.62806,111.0625,29.1,23.7,25.8,32.6,0.0,65,18.8,1011.9,98,2026-06-01T21:28:26.479331,Open-Meteo_Archive
2026-01-07,JAWA TENGAH,KABUPATEN KARANGANYAR,-7.62806,111.0625,27.7,22.6,24.9,31.3,1.7,78,19.4,1011.9,100,2026-06-01T21:28:32.074167,Open-Meteo_Archive
2026-01-01,JAWA TENGAH,KABUPATEN SRAGEN,-7.41278,110.935,29.6,23.4,25.6,34.3,13.8,89,18.2,1008.6,100,2026-06-01T21:28:37.248794,Open-Meteo_Archive
2026-01-02,JAWA TENGAH,KABUPATEN SRAGEN,-7.41278,110.935,31.0,22.4,25.9,37.0,28.4,84,12.5,1009.9,93,2026-06-01T21:28:42.160962,Open-Meteo_Archive
2026-01-03,JAWA TENGAH,KABUPATEN SRAGEN,-7.41278,110.935,27.0,23.5,24.6,31.4,22.8,94,12.2,1010.6,100,2026-06-01T21:28:47.336193,Open-Meteo_Archive
2026-01-04,JAWA TENGAH,KABUPATEN SRAGEN,-7.41278,110.935,30.7,23.0,25.4,38.1,18.3,88,10.1,1011.1,100,2026-06-01T21:28:52.527532,Open-Meteo_Archive
2026-01-05,JAWA TENGAH,KABUPATEN SRAGEN,-7.41278,110.935,30.4,23.4,25.9,36.3,2.2,86,11.7,1011.0,99,2026-06-01T21:28:57.638509,Open-Meteo_Archive
2026-01-06,JAWA TENGAH,KABUPATEN SRAGEN,-7.41278,110.935,31.6,23.3,27.0,36.1,0.0,76,15.9,1010.1,98,2026-06-01T21:29:02.864667,Open-Meteo_Archive
2026-01-07,JAWA TENGAH,KABUPATEN SRAGEN,-7.41278,110.935,31.5,23.6,27.2,36.4,1.0,76,17.3,1010.0,96,2026-06-01T21:29:07.893803,Open-Meteo_Archive
2026-01-01,JAWA TENGAH,KABUPATEN GROBOGAN,-7.11667,110.91667,29.0,23.8,25.8,33.1,8.9,88,17.0,1008.4,98,2026-06-01T21:29:13.107685,Open-Meteo_Archive
2026-01-02,JAWA TENGAH,KABUPATEN GROBOGAN,-7.11667,110.91667,30.8,23.4,26.4,36.7,15.2,84,11.3,1009.8,95,2026-06-01T21:29:18.554371,Open-Meteo_Archive
2026-01-03,JAWA TENGAH,KABUPATEN GROBOGAN,-7.11667,110.91667,27.0,23.7,25.0,31.2,30.6,91,14.8,1010.5,100,2026-06-01T21:29:23.100408,Open-Meteo_Archive
2026-01-04,JAWA TENGAH,KABUPATEN GROBOGAN,-7.11667,110.91667,29.5,23.8,26.0,34.6,10.2,86,14.9,1011.0,100,2026-06-01T21:29:28.431965,Open-Meteo_Archive
2026-01-05,JAWA TENGAH,KABUPATEN GROBOGAN,-7.11667,110.91667,29.9,24.0,26.6,35.5,0.4,85,12.2,1010.9,98,2026-06-01T21:29:34.360734,Open-Meteo_Archive
2026-01-06,JAWA TENGAH,KABUPATEN GROBOGAN,-7.11667,110.91667,31.9,24.4,27.6,39.1,0.6,78,10.8,1010.0,100,2026-06-01T21:29:39.628482,Open-Meteo_Archive
2026-01-07,JAWA TENGAH,KABUPATEN GROBOGAN,-7.11667,110.91667,30.2,24.0,26.8,36.4,1.1,85,15.9,1009.9,94,2026-06-01T21:29:44.279440,Open-Meteo_Archive
2026-01-01,JAWA TENGAH,KABUPATEN BLORA,-7.06667,111.38333,29.8,22.4,25.6,36.7,23.2,89,12.5,1008.6,100,2026-06-01T21:29:50.321816,Open-Meteo_Archive
2026-01-02,JAWA TENGAH,KABUPATEN BLORA,-7.06667,111.38333,30.5,22.9,26.0,35.4,9.8,85,11.7,1009.8,96,2026-06-01T21:29:55.517297,Open-Meteo_Archive
2026-01-03,JAWA TENGAH,KABUPATEN BLORA,-7.06667,111.38333,27.0,23.3,24.8,30.9,12.5,92,14.4,1010.7,100,2026-06-01T21:30:00.736877,Open-Meteo_Archive
2026-01-04,JAWA TENGAH,KABUPATEN BLORA,-7.06667,111.38333,30.2,23.3,25.8,35.2,2.5,86,17.7,1011.0,100,2026-06-01T21:30:07.314533,Open-Meteo_Archive
2026-01-05,JAWA TENGAH,KABUPATEN BLORA,-7.06667,111.38333,29.6,23.5,26.0,34.7,1.4,86,14.5,1010.9,100,2026-06-01T21:30:12.582521,Open-Meteo_Archive
2026-01-06,JAWA TENGAH,KABUPATEN BLORA,-7.06667,111.38333,32.0,24.6,27.6,36.7,0.0,77,13.0,1009.9,100,2026-06-01T21:30:17.393638,Open-Meteo_Archive
2026-01-07,JAWA TENGAH,KABUPATEN BLORA,-7.06667,111.38333,30.9,23.8,27.0,36.1,3.4,80,19.8,1009.8,97,2026-06-01T21:30:19.797090,Open-Meteo_Archive
2026-01-01,JAWA TENGAH,KABUPATEN REMBANG,-6.78333,111.46667,28.5,23.1,25.5,35.3,26.6,90,16.3,1008.7,100,2026-06-01T21:30:24.494565,Open-Meteo_Archive
2026-01-02,JAWA TENGAH,KABUPATEN REMBANG,-6.78333,111.46667,29.0,22.6,25.6,34.7,18.8,87,11.5,1009.9,95,2026-06-01T21:30:29.816455,Open-Meteo_Archive
2026-01-03,JAWA TENGAH,KABUPATEN REMBANG,-6.78333,111.46667,26.8,22.5,24.3,31.6,23.7,93,13.8,1010.8,100,2026-06-01T21:30:35.416318,Open-Meteo_Archive
2026-01-04,JAWA TENGAH,KABUPATEN REMBANG,-6.78333,111.46667,30.2,23.0,25.9,35.3,5.5,86,19.1,1011.0,99,2026-06-01T21:30:40.885833,Open-Meteo_Archive
2026-01-05,JAWA TENGAH,KABUPATEN REMBANG,-6.78333,111.46667,28.8,23.4,25.4,34.0,3.9,89,11.2,1011.1,100,2026-06-01T21:30:43.345143,Open-Meteo_Archive
2026-01-06,JAWA TENGAH,KABUPATEN REMBANG,-6.78333,111.46667,31.0,24.0,27.1,36.5,0.2,80,13.8,1010.1,100,2026-06-01T21:30:47.760740,Open-Meteo_Archive
2026-01-07,JAWA TENGAH,KABUPATEN REMBANG,-6.78333,111.46667,30.1,23.5,26.6,36.6,2.6,84,15.2,1010.0,99,2026-06-01T21:30:52.520349,Open-Meteo_Archive
2026-01-01,JAWA TENGAH,KABUPATEN PATI,-6.76667,111.1,28.9,24.2,26.0,36.9,9.3,89,10.4,1008.4,100,2026-06-01T21:30:58.964505,Open-Meteo_Archive
2026-01-02,JAWA TENGAH,KABUPATEN PATI,-6.76667,111.1,30.1,23.2,26.3,35.9,13.6,86,15.4,1009.6,95,2026-06-01T21:31:04.421289,Open-Meteo_Archive
2026-01-03,JAWA TENGAH,KABUPATEN PATI,-6.76667,111.1,26.8,23.1,24.7,32.3,45.1,92,16.6,1010.5,100,2026-06-01T21:31:09.776905,Open-Meteo_Archive
2026-01-04,JAWA TENGAH,KABUPATEN PATI,-6.76667,111.1,30.2,23.5,26.2,35.5,3.4,86,16.7,1010.8,97,2026-06-01T21:31:15.524908,Open-Meteo_Archive
2026-01-05,JAWA TENGAH,KABUPATEN PATI,-6.76667,111.1,29.9,24.0,26.3,36.3,1.7,86,11.8,1010.8,100,2026-06-01T21:31:21.430108,Open-Meteo_Archive
2026-01-06,JAWA TENGAH,KABUPATEN PATI,-6.76667,111.1,32.0,25.0,27.8,37.9,1.3,79,14.3,1009.9,100,2026-06-01T21:31:26.188727,Open-Meteo_Archive
2026-01-07,JAWA TENGAH,KABUPATEN PATI,-6.76667,111.1,31.0,24.1,27.1,37.1,0.7,83,18.6,1009.8,97,2026-06-01T21:31:32.115664,Open-Meteo_Archive
2026-01-01,JAWA TENGAH,KABUPATEN KUDUS,-6.8,110.86667,28.5,24.0,25.5,32.8,9.6,89,18.5,1008.6,100,2026-06-01T21:31:37.390378,Open-Meteo_Archive
2026-01-02,JAWA TENGAH,KABUPATEN KUDUS,-6.8,110.86667,30.3,23.4,26.1,35.8,9.0,85,15.9,1009.8,93,2026-06-01T21:31:42.194423,Open-Meteo_Archive
2026-01-03,JAWA TENGAH,KABUPATEN KUDUS,-6.8,110.86667,27.0,23.2,24.7,30.0,62.3,90,17.3,1010.7,100,2026-06-01T21:31:47.109430,Open-Meteo_Archive
2026-01-04,JAWA TENGAH,KABUPATEN KUDUS,-6.8,110.86667,28.5,22.9,25.6,31.7,12.7,88,18.0,1011.1,100,2026-06-01T21:31:53.381202,Open-Meteo_Archive
2026-01-05,JAWA TENGAH,KABUPATEN KUDUS,-6.8,110.86667,28.6,23.6,26.0,32.9,2.3,86,13.8,1011.1,100,2026-06-01T21:31:58.061878,Open-Meteo_Archive
2026-01-06,JAWA TENGAH,KABUPATEN KUDUS,-6.8,110.86667,31.5,25.0,27.3,38.0,0.2,81,14.4,1010.2,100,2026-06-01T21:32:03.883757,Open-Meteo_Archive
2026-01-07,JAWA TENGAH,KABUPATEN KUDUS,-6.8,110.86667,30.5,24.1,26.7,36.0,2.2,83,15.1,1010.2,96,2026-06-01T21:32:09.045193,Open-Meteo_Archive
2026-01-01,JAWA TENGAH,KABUPATEN JEPARA,-6.58333,110.76667,27.2,23.6,24.8,32.5,15.1,95,15.2,1009.6,100,2026-06-01T21:32:14.564324,Open-Meteo_Archive
2026-01-02,JAWA TENGAH,KABUPATEN JEPARA,-6.58333,110.76667,28.6,23.0,25.3,34.4,20.4,90,12.9,1010.7,95,2026-06-01T21:32:19.219675,Open-Meteo_Archive
2026-01-03,JAWA TENGAH,KABUPATEN JEPARA,-6.58333,110.76667,26.3,23.0,24.2,29.1,48.8,94,17.7,1011.5,100,2026-06-01T21:32:23.663021,Open-Meteo_Archive
2026-01-04,JAWA TENGAH,KABUPATEN JEPARA,-6.58333,110.76667,27.4,23.2,24.7,31.8,16.4,94,14.6,1012.0,99,2026-06-01T21:32:29.201369,Open-Meteo_Archive
2026-01-05,JAWA TENGAH,KABUPATEN JEPARA,-6.58333,110.76667,27.8,23.1,25.2,33.3,2.7,91,9.3,1011.9,100,2026-06-01T21:32:35.532976,Open-Meteo_Archive
2026-01-06,JAWA TENGAH,KABUPATEN JEPARA,-6.58333,110.76667,30.7,23.8,26.5,37.0,3.8,86,11.6,1011.1,99,2026-06-01T21:32:38.746030,Open-Meteo_Archive
2026-01-07,JAWA TENGAH,KABUPATEN JEPARA,-6.58333,110.76667,28.7,23.2,25.6,35.1,20.4,92,11.8,1011.1,99,2026-06-01T21:32:42.167692,Open-Meteo_Archive
2026-01-01,JAWA TENGAH,KABUPATEN DEMAK,-6.8993,110.6122,28.6,23.1,25.3,33.4,22.0,91,21.2,1008.5,100,2026-06-01T21:32:46.084201,Open-Meteo_Archive
2026-01-02,JAWA TENGAH,KABUPATEN DEMAK,-6.8993,110.6122,30.4,23.4,26.2,36.3,20.3,86,13.9,1009.7,94,2026-06-01T21:32:50.342643,Open-Meteo_Archive
2026-01-03,JAWA TENGAH,KABUPATEN DEMAK,-6.8993,110.6122,27.8,23.3,25.1,31.4,59.6,91,16.1,1010.5,100,2026-06-01T21:32:56.528581,Open-Meteo_Archive
2026-01-04,JAWA TENGAH,KABUPATEN DEMAK,-6.8993,110.6122,29.0,23.3,25.8,33.6,17.1,88,18.6,1011.0,100,2026-06-01T21:33:01.652127,Open-Meteo_Archive
2026-01-05,JAWA TENGAH,KABUPATEN DEMAK,-6.8993,110.6122,29.0,23.8,26.4,34.1,6.8,86,12.1,1010.9,99,2026-06-01T21:33:06.837709,Open-Meteo_Archive
2026-01-06,JAWA TENGAH,KABUPATEN DEMAK,-6.8993,110.6122,32.0,25.0,27.7,38.9,1.1,81,11.6,1010.0,100,2026-06-01T21:33:11.837467,Open-Meteo_Archive
2026-01-07,JAWA TENGAH,KABUPATEN DEMAK,-6.8993,110.6122,30.1,24.1,26.8,37.8,9.8,88,13.8,1010.0,99,2026-06-01T21:33:17.067449,Open-Meteo_Archive
2026-01-01,JAWA TENGAH,KABUPATEN SEMARANG,-7.20667,110.44139,27.8,21.8,23.9,32.4,9.7,86,13.3,1010.0,100,2026-06-01T21:33:21.338379,Open-Meteo_Archive
2026-01-02,JAWA TENGAH,KABUPATEN SEMARANG,-7.20667,110.44139,28.3,21.0,23.6,33.6,11.6,90,7.6,1011.5,98,2026-06-01T21:33:26.775670,Open-Meteo_Archive
2026-01-03,JAWA TENGAH,KABUPATEN SEMARANG,-7.20667,110.44139,26.3,21.6,22.7,29.9,19.4,94,7.7,1012.1,100,2026-06-01T21:33:32.931668,Open-Meteo_Archive
2026-01-04,JAWA TENGAH,KABUPATEN SEMARANG,-7.20667,110.44139,27.8,21.3,23.7,31.8,2.6,88,5.7,1012.6,99,2026-06-01T21:33:37.736313,Open-Meteo_Archive
2026-01-05,JAWA TENGAH,KABUPATEN SEMARANG,-7.20667,110.44139,27.7,21.6,24.2,31.2,0.1,84,5.6,1012.5,100,2026-06-01T21:33:42.665052,Open-Meteo_Archive
2026-01-06,JAWA TENGAH,KABUPATEN SEMARANG,-7.20667,110.44139,30.2,22.5,25.6,34.5,0.1,68,7.9,1011.7,99,2026-06-01T21:33:47.578975,Open-Meteo_Archive
2026-01-07,JAWA TENGAH,KABUPATEN SEMARANG,-7.20667,110.44139,29.3,22.4,25.1,33.5,1.5,73,9.0,1011.6,96,2026-06-01T21:33:52.516094,Open-Meteo_Archive
2026-01-01,JAWA TENGAH,KABUPATEN TEMANGGUNG,-7.25,110.11667,25.1,19.8,21.9,28.9,37.6,91,13.6,1010.3,100,2026-06-01T21:33:57.786310,Open-Meteo_Archive
2026-01-02,JAWA TENGAH,KABUPATEN TEMANGGUNG,-7.25,110.11667,25.8,18.8,21.8,31.8,31.5,92,8.8,1011.7,99,2026-06-01T21:34:01.964676,Open-Meteo_Archive
2026-01-03,JAWA TENGAH,KABUPATEN TEMANGGUNG,-7.25,110.11667,24.7,20.0,21.4,27.8,17.9,94,9.5,1012.3,100,2026-06-01T21:34:08.168493,Open-Meteo_Archive
2026-01-04,JAWA TENGAH,KABUPATEN TEMANGGUNG,-7.25,110.11667,25.7,19.9,21.7,30.7,20.3,92,9.1,1012.9,100,2026-06-01T21:34:12.694855,Open-Meteo_Archive
2026-01-05,JAWA TENGAH,KABUPATEN TEMANGGUNG,-7.25,110.11667,25.3,19.5,22.1,28.6,0.4,88,8.5,1013.0,100,2026-06-01T21:34:17.939563,Open-Meteo_Archive
2026-01-06,JAWA TENGAH,KABUPATEN TEMANGGUNG,-7.25,110.11667,29.8,19.3,23.2,34.2,0.0,78,10.6,1012.1,99,2026-06-01T21:34:23.348132,Open-Meteo_Archive
2026-01-07,JAWA TENGAH,KABUPATEN TEMANGGUNG,-7.25,110.11667,28.0,19.7,22.8,32.3,1.9,82,10.6,1012.0,97,2026-06-01T21:34:28.947083,Open-Meteo_Archive
2026-01-01,JAWA TENGAH,KABUPATEN KENDAL,-7.0256,110.1685,29.2,22.3,25.1,34.1,13.3,89,21.2,1008.5,100,2026-06-01T21:34:34.248990,Open-Meteo_Archive
2026-01-02,JAWA TENGAH,KABUPATEN KENDAL,-7.0256,110.1685,30.5,22.6,25.8,36.0,11.0,87,14.5,1009.8,97,2026-06-01T21:34:39.151108,Open-Meteo_Archive
2026-01-03,JAWA TENGAH,KABUPATEN KENDAL,-7.0256,110.1685,28.0,23.1,24.7,31.9,17.1,91,14.3,1010.6,100,2026-06-01T21:34:44.014989,Open-Meteo_Archive
2026-01-04,JAWA TENGAH,KABUPATEN KENDAL,-7.0256,110.1685,29.5,22.6,25.6,34.1,9.1,85,13.7,1011.0,100,2026-06-01T21:34:48.485730,Open-Meteo_Archive
2026-01-05,JAWA TENGAH,KABUPATEN KENDAL,-7.0256,110.1685,28.4,23.0,25.5,33.4,1.3,86,8.3,1011.1,100,2026-06-01T21:34:54.423229,Open-Meteo_Archive
2026-01-06,JAWA TENGAH,KABUPATEN KENDAL,-7.0256,110.1685,31.0,23.5,26.6,37.5,1.0,80,9.7,1010.1,99,2026-06-01T21:34:59.449089,Open-Meteo_Archive
2026-01-07,JAWA TENGAH,KABUPATEN KENDAL,-7.0256,110.1685,30.2,23.2,26.5,36.1,3.8,81,10.6,1010.0,100,2026-06-01T21:35:04.956369,Open-Meteo_Archive
2026-01-01,JAWA TENGAH,KABUPATEN BATANG,-7.03333,109.88333,28.3,22.1,24.4,32.1,17.2,84,22.1,1009.1,100,2026-06-01T21:35:07.514724,Open-Meteo_Archive
2026-01-02,JAWA TENGAH,KABUPATEN BATANG,-7.03333,109.88333,29.1,20.9,24.5,34.3,7.5,87,12.7,1010.4,97,2026-06-01T21:35:12.213041,Open-Meteo_Archive
2026-01-03,JAWA TENGAH,KABUPATEN BATANG,-7.03333,109.88333,26.2,22.0,23.4,30.4,15.7,91,17.1,1011.1,100,2026-06-01T21:35:17.692167,Open-Meteo_Archive
2026-01-04,JAWA TENGAH,KABUPATEN BATANG,-7.03333,109.88333,27.9,22.5,24.8,31.2,1.7,81,17.1,1011.5,100,2026-06-01T21:35:22.887564,Open-Meteo_Archive
2026-01-05,JAWA TENGAH,KABUPATEN BATANG,-7.03333,109.88333,27.2,22.1,24.3,31.7,3.7,90,10.4,1011.7,100,2026-06-01T21:35:27.805199,Open-Meteo_Archive
2026-01-06,JAWA TENGAH,KABUPATEN BATANG,-7.03333,109.88333,29.8,22.0,25.4,35.5,3.6,83,10.7,1010.8,99,2026-06-01T21:35:32.782809,Open-Meteo_Archive
2026-01-07,JAWA TENGAH,KABUPATEN BATANG,-7.03333,109.88333,28.5,22.2,24.8,33.8,19.3,87,9.9,1010.7,100,2026-06-01T21:35:38.241118,Open-Meteo_Archive
2026-01-01,JAWA TENGAH,KABUPATEN PEKALONGAN,-7.0319,109.624,29.7,21.9,24.8,35.5,30.0,88,12.3,1008.6,100,2026-06-01T21:35:43.414603,Open-Meteo_Archive
2026-01-02,JAWA TENGAH,KABUPATEN PEKALONGAN,-7.0319,109.624,31.0,21.4,25.4,35.6,15.0,85,10.0,1009.8,97,2026-06-01T21:35:49.179687,Open-Meteo_Archive
2026-01-03,JAWA TENGAH,KABUPATEN PEKALONGAN,-7.0319,109.624,27.0,22.8,24.3,31.8,19.5,92,7.9,1010.6,100,2026-06-01T21:35:54.268655,Open-Meteo_Archive
2026-01-04,JAWA TENGAH,KABUPATEN PEKALONGAN,-7.0319,109.624,29.6,22.7,25.4,34.1,3.8,86,11.4,1011.1,100,2026-06-01T21:35:59.395546,Open-Meteo_Archive
2026-01-05,JAWA TENGAH,KABUPATEN PEKALONGAN,-7.0319,109.624,29.3,23.1,25.7,33.3,4.7,86,11.3,1011.0,100,2026-06-01T21:36:04.015374,Open-Meteo_Archive
2026-01-06,JAWA TENGAH,KABUPATEN PEKALONGAN,-7.0319,109.624,33.4,21.8,27.0,38.7,0.8,78,18.6,1009.9,98,2026-06-01T21:36:09.654005,Open-Meteo_Archive
2026-01-07,JAWA TENGAH,KABUPATEN PEKALONGAN,-7.0319,109.624,31.3,23.3,26.6,36.4,4.1,80,13.5,1009.9,100,2026-06-01T21:36:14.650280,Open-Meteo_Archive
2026-01-01,JAWA TENGAH,KABUPATEN PEMALANG,-7.03333,109.4,28.9,22.8,25.0,34.4,14.2,88,16.7,1008.8,100,2026-06-01T21:36:19.835730,Open-Meteo_Archive
2026-01-02,JAWA TENGAH,KABUPATEN PEMALANG,-7.03333,109.4,29.8,22.1,25.2,35.1,17.0,87,11.6,1010.2,97,2026-06-01T21:36:24.736860,Open-Meteo_Archive
2026-01-03,JAWA TENGAH,KABUPATEN PEMALANG,-7.03333,109.4,26.8,22.8,24.2,31.7,11.1,94,8.0,1010.9,100,2026-06-01T21:36:29.044439,Open-Meteo_Archive
2026-01-04,JAWA TENGAH,KABUPATEN PEMALANG,-7.03333,109.4,28.0,23.0,25.2,32.6,5.1,87,12.1,1011.5,98,2026-06-01T21:36:34.572945,Open-Meteo_Archive
2026-01-05,JAWA TENGAH,KABUPATEN PEMALANG,-7.03333,109.4,27.5,23.2,25.0,32.5,13.6,89,10.5,1011.5,99,2026-06-01T21:36:39.083891,Open-Meteo_Archive
2026-01-06,JAWA TENGAH,KABUPATEN PEMALANG,-7.03333,109.4,30.9,22.4,26.3,36.9,1.1,81,12.6,1010.5,96,2026-06-01T21:36:44.627937,Open-Meteo_Archive
2026-01-07,JAWA TENGAH,KABUPATEN PEMALANG,-7.03333,109.4,29.5,23.0,25.5,35.0,13.8,87,10.9,1010.6,99,2026-06-01T21:36:49.548281,Open-Meteo_Archive
2026-01-01,JAWA TENGAH,KABUPATEN TEGAL,-7.03333,109.16667,29.3,22.6,25.2,34.9,10.2,87,14.6,1008.5,100,2026-06-01T21:36:54.616825,Open-Meteo_Archive
2026-01-02,JAWA TENGAH,KABUPATEN TEGAL,-7.03333,109.16667,30.5,22.4,25.3,35.8,13.8,86,9.0,1009.9,100,2026-06-01T21:36:58.664406,Open-Meteo_Archive
2026-01-03,JAWA TENGAH,KABUPATEN TEGAL,-7.03333,109.16667,26.6,22.7,24.3,31.2,9.0,92,8.0,1010.5,99,2026-06-01T21:37:03.736226,Open-Meteo_Archive
2026-01-04,JAWA TENGAH,KABUPATEN TEGAL,-7.03333,109.16667,28.7,22.9,25.2,33.8,6.3,87,11.2,1011.2,98,2026-06-01T21:37:09.574770,Open-Meteo_Archive
2026-01-05,JAWA TENGAH,KABUPATEN TEGAL,-7.03333,109.16667,30.4,23.3,25.6,36.6,2.8,87,7.5,1011.2,98,2026-06-01T21:37:13.761709,Open-Meteo_Archive
2026-01-06,JAWA TENGAH,KABUPATEN TEGAL,-7.03333,109.16667,32.5,23.1,26.7,38.9,2.1,80,11.4,1010.2,96,2026-06-01T21:37:19.399372,Open-Meteo_Archive
2026-01-07,JAWA TENGAH,KABUPATEN TEGAL,-7.03333,109.16667,30.5,23.1,26.2,34.7,2.5,85,13.3,1010.2,100,2026-06-01T21:37:24.183924,Open-Meteo_Archive
2026-01-01,JAWA TENGAH,KABUPATEN BREBES,-7.05,108.9,29.8,23.1,25.6,35.5,20.6,89,16.6,1008.4,100,2026-06-01T21:37:26.587474,Open-Meteo_Archive
2026-01-02,JAWA TENGAH,KABUPATEN BREBES,-7.05,108.9,29.9,21.9,25.7,35.8,19.5,86,11.5,1009.8,99,2026-06-01T21:37:30.735167,Open-Meteo_Archive
2026-01-03,JAWA TENGAH,KABUPATEN BREBES,-7.05,108.9,26.9,23.7,24.9,32.2,9.2,92,10.0,1010.4,100,2026-06-01T21:37:35.630202,Open-Meteo_Archive
2026-01-04,JAWA TENGAH,KABUPATEN BREBES,-7.05,108.9,29.0,23.7,25.6,35.5,9.7,88,11.6,1011.1,96,2026-06-01T21:37:38.148867,Open-Meteo_Archive
2026-01-05,JAWA TENGAH,KABUPATEN BREBES,-7.05,108.9,29.8,24.0,26.2,36.4,8.1,87,8.3,1011.2,96,2026-06-01T21:37:42.143942,Open-Meteo_Archive
2026-01-06,JAWA TENGAH,KABUPATEN BREBES,-7.05,108.9,31.7,23.2,27.1,39.6,3.7,83,9.9,1010.3,97,2026-06-01T21:37:47.354429,Open-Meteo_Archive
2026-01-07,JAWA TENGAH,KABUPATEN BREBES,-7.05,108.9,30.1,24.0,26.7,36.0,3.1,84,9.9,1010.3,98,2026-06-01T21:37:53.062316,Open-Meteo_Archive
2026-01-01,JAWA TENGAH,KOTA MAGELANG,-7.5,110.225,29.4,21.3,24.0,33.4,32.2,85,13.0,1009.3,100,2026-06-01T21:37:58.535623,Open-Meteo_Archive
2026-01-02,JAWA TENGAH,KOTA MAGELANG,-7.5,110.225,29.8,20.1,24.2,35.0,4.5,84,8.9,1010.8,91,2026-06-01T21:38:02.822888,Open-Meteo_Archive
2026-01-03,JAWA TENGAH,KOTA MAGELANG,-7.5,110.225,28.5,22.1,23.5,32.5,20.3,90,9.8,1011.3,100,2026-06-01T21:38:08.424969,Open-Meteo_Archive
2026-01-04,JAWA TENGAH,KOTA MAGELANG,-7.5,110.225,27.2,20.8,23.2,32.0,10.2,88,10.3,1012.1,100,2026-06-01T21:38:13.244188,Open-Meteo_Archive
2026-01-05,JAWA TENGAH,KOTA MAGELANG,-7.5,110.225,28.0,21.0,24.3,32.0,0.0,78,9.7,1012.2,100,2026-06-01T21:38:17.795500,Open-Meteo_Archive
2026-01-06,JAWA TENGAH,KOTA MAGELANG,-7.5,110.225,31.1,19.8,25.2,35.0,0.0,70,13.0,1011.5,98,2026-06-01T21:38:22.853407,Open-Meteo_Archive
2026-01-07,JAWA TENGAH,KOTA MAGELANG,-7.5,110.225,29.9,21.2,25.2,33.3,0.9,75,14.9,1011.5,97,2026-06-01T21:38:28.061047,Open-Meteo_Archive
2026-01-01,JAWA TENGAH,KOTA SURAKARTA,-7.55,110.81667,29.4,23.9,25.7,34.0,33.0,87,14.8,1008.6,100,2026-06-01T21:38:34.223676,Open-Meteo_Archive
2026-01-02,JAWA TENGAH,KOTA SURAKARTA,-7.55,110.81667,31.0,22.6,25.9,35.4,39.8,84,16.8,1009.9,94,2026-06-01T21:38:38.216240,Open-Meteo_Archive
2026-01-03,JAWA TENGAH,KOTA SURAKARTA,-7.55,110.81667,27.2,23.0,24.6,32.0,22.2,93,9.0,1010.7,100,2026-06-01T21:38:43.467736,Open-Meteo_Archive
2026-01-04,JAWA TENGAH,KOTA SURAKARTA,-7.55,110.81667,30.5,23.2,25.7,35.8,15.6,86,11.9,1011.2,100,2026-06-01T21:38:49.371667,Open-Meteo_Archive
2026-01-05,JAWA TENGAH,KOTA SURAKARTA,-7.55,110.81667,30.7,23.4,26.2,35.8,0.5,83,14.0,1011.1,98,2026-06-01T21:38:53.951955,Open-Meteo_Archive
2026-01-06,JAWA TENGAH,KOTA SURAKARTA,-7.55,110.81667,32.0,23.9,27.3,35.6,0.0,74,18.6,1010.2,95,2026-06-01T21:38:58.255847,Open-Meteo_Archive
2026-01-07,JAWA TENGAH,KOTA SURAKARTA,-7.55,110.81667,31.8,23.6,27.4,34.9,0.1,72,20.8,1010.1,100,2026-06-01T21:39:03.610653,Open-Meteo_Archive
2026-01-01,JAWA TENGAH,KOTA SALATIGA,-7.33278,110.48333,27.7,21.6,23.9,32.3,10.1,87,13.8,1009.4,100,2026-06-01T21:39:09.231661,Open-Meteo_Archive
2026-01-02,JAWA TENGAH,KOTA SALATIGA,-7.33278,110.48333,26.6,21.2,23.3,31.9,42.0,91,7.7,1011.0,99,2026-06-01T21:39:13.587116,Open-Meteo_Archive
2026-01-03,JAWA TENGAH,KOTA SALATIGA,-7.33278,110.48333,24.0,21.6,22.4,28.7,38.6,95,7.1,1011.6,100,2026-06-01T21:39:18.789310,Open-Meteo_Archive
2026-01-04,JAWA TENGAH,KOTA SALATIGA,-7.33278,110.48333,26.1,21.7,23.1,30.3,14.3,91,7.0,1012.1,100,2026-06-01T21:39:24.121707,Open-Meteo_Archive
2026-01-05,JAWA TENGAH,KOTA SALATIGA,-7.33278,110.48333,26.2,21.6,23.6,30.2,2.8,92,6.8,1012.0,100,2026-06-01T21:39:29.629274,Open-Meteo_Archive
2026-01-06,JAWA TENGAH,KOTA SALATIGA,-7.33278,110.48333,28.5,22.4,24.8,33.7,1.5,78,9.4,1011.1,99,2026-06-01T21:39:35.551443,Open-Meteo_Archive
2026-01-07,JAWA TENGAH,KOTA SALATIGA,-7.33278,110.48333,27.6,22.1,24.4,32.6,18.7,81,5.8,1011.1,93,2026-06-01T21:39:39.988651,Open-Meteo_Archive
2026-01-01,JAWA TENGAH,KOTA SEMARANG,-7.03333,110.38333,28.7,23.9,25.7,33.6,7.4,85,22.3,1008.6,100,2026-06-01T21:39:46.328303,Open-Meteo_Archive
2026-01-02,JAWA TENGAH,KOTA SEMARANG,-7.03333,110.38333,28.7,23.8,25.9,34.8,17.5,86,12.0,1009.9,96,2026-06-01T21:39:51.420404,Open-Meteo_Archive
2026-01-03,JAWA TENGAH,KOTA SEMARANG,-7.03333,110.38333,27.4,24.0,25.2,31.1,21.6,88,16.4,1010.7,100,2026-06-01T21:39:56.447998,Open-Meteo_Archive
2026-01-04,JAWA TENGAH,KOTA SEMARANG,-7.03333,110.38333,29.2,24.0,26.1,32.8,12.1,84,17.3,1011.1,100,2026-06-01T21:40:01.053372,Open-Meteo_Archive
2026-01-05,JAWA TENGAH,KOTA SEMARANG,-7.03333,110.38333,28.4,24.1,26.2,33.0,2.2,85,11.6,1011.1,99,2026-06-01T21:40:03.449674,Open-Meteo_Archive
2026-01-06,JAWA TENGAH,KOTA SEMARANG,-7.03333,110.38333,29.7,25.0,27.1,35.7,0.3,76,10.8,1010.2,99,2026-06-01T21:40:06.651988,Open-Meteo_Archive
2026-01-07,JAWA TENGAH,KOTA SEMARANG,-7.03333,110.38333,29.7,23.7,26.8,35.6,10.7,82,13.9,1010.1,99,2026-06-01T21:40:11.325232,Open-Meteo_Archive
2026-01-01,JAWA TENGAH,KOTA PEKALONGAN,-6.9,109.68333,30.3,22.9,25.6,35.5,24.4,87,17.3,1008.5,100,2026-06-01T21:40:16.437334,Open-Meteo_Archive
2026-01-02,JAWA TENGAH,KOTA PEKALONGAN,-6.9,109.68333,31.5,22.3,26.2,36.4,16.5,85,13.3,1009.7,99,2026-06-01T21:40:22.273168,Open-Meteo_Archive
2026-01-03,JAWA TENGAH,KOTA PEKALONGAN,-6.9,109.68333,27.4,23.6,25.1,32.7,21.9,92,11.0,1010.5,100,2026-06-01T21:40:27.443390,Open-Meteo_Archive
2026-01-04,JAWA TENGAH,KOTA PEKALONGAN,-6.9,109.68333,29.8,23.4,26.0,34.9,5.5,86,12.3,1011.0,100,2026-06-01T21:40:32.392281,Open-Meteo_Archive
2026-01-05,JAWA TENGAH,KOTA PEKALONGAN,-6.9,109.68333,30.0,23.8,26.5,34.3,4.0,85,12.9,1010.9,100,2026-06-01T21:40:37.390393,Open-Meteo_Archive
2026-01-06,JAWA TENGAH,KOTA PEKALONGAN,-6.9,109.68333,32.8,23.0,27.7,38.8,0.3,78,16.9,1009.9,97,2026-06-01T21:40:42.448961,Open-Meteo_Archive
2026-01-07,JAWA TENGAH,KOTA PEKALONGAN,-6.9,109.68333,31.3,24.4,27.2,36.8,4.0,81,15.5,1009.8,100,2026-06-01T21:40:47.706927,Open-Meteo_Archive
2026-01-01,JAWA TENGAH,KOTA TEGAL,-6.8686,109.1129,28.8,23.9,25.8,34.1,12.8,89,20.0,1008.4,100,2026-06-01T21:40:53.627930,Open-Meteo_Archive
2026-01-02,JAWA TENGAH,KOTA TEGAL,-6.8686,109.1129,29.1,23.1,25.9,33.7,17.6,85,14.0,1009.8,97,2026-06-01T21:40:58.292772,Open-Meteo_Archive
2026-01-03,JAWA TENGAH,KOTA TEGAL,-6.8686,109.1129,26.5,23.9,25.1,31.2,8.7,91,15.2,1010.4,100,2026-06-01T21:41:03.183660,Open-Meteo_Archive
2026-01-04,JAWA TENGAH,KOTA TEGAL,-6.8686,109.1129,27.6,24.4,25.8,32.6,5.7,88,14.2,1011.1,100,2026-06-01T21:41:08.562683,Open-Meteo_Archive
2026-01-05,JAWA TENGAH,KOTA TEGAL,-6.8686,109.1129,29.7,24.2,26.1,35.3,7.3,87,12.2,1011.2,98,2026-06-01T21:41:13.033926,Open-Meteo_Archive
2026-01-06,JAWA TENGAH,KOTA TEGAL,-6.8686,109.1129,31.5,24.9,27.6,38.3,2.6,79,14.8,1010.2,94,2026-06-01T21:41:19.125198,Open-Meteo_Archive
2026-01-07,JAWA TENGAH,KOTA TEGAL,-6.8686,109.1129,29.9,25.0,27.2,36.2,1.3,82,11.6,1010.3,100,2026-06-01T21:41:23.603732,Open-Meteo_Archive
2026-01-01,DI YOGYAKARTA,KABUPATEN KULON PROGO,-7.645,110.02694,30.5,22.4,24.9,36.1,9.2,88,11.0,1008.7,100,2026-06-01T21:41:28.851599,Open-Meteo_Archive
2026-01-02,DI YOGYAKARTA,KABUPATEN KULON PROGO,-7.645,110.02694,30.4,21.5,25.2,34.1,7.4,85,11.1,1010.2,97,2026-06-01T21:41:33.454654,Open-Meteo_Archive
2026-01-03,DI YOGYAKARTA,KABUPATEN KULON PROGO,-7.645,110.02694,29.7,22.7,24.3,34.8,31.2,93,9.4,1010.7,100,2026-06-01T21:41:38.484725,Open-Meteo_Archive
2026-01-04,DI YOGYAKARTA,KABUPATEN KULON PROGO,-7.645,110.02694,28.6,21.9,24.4,33.7,11.4,92,10.7,1011.5,100,2026-06-01T21:41:43.391386,Open-Meteo_Archive
2026-01-05,DI YOGYAKARTA,KABUPATEN KULON PROGO,-7.645,110.02694,29.8,22.0,25.8,34.5,0.7,80,7.0,1011.6,99,2026-06-01T21:41:47.965765,Open-Meteo_Archive
2026-01-06,DI YOGYAKARTA,KABUPATEN KULON PROGO,-7.645,110.02694,32.2,22.1,26.7,36.8,0.0,69,12.1,1011.0,99,2026-06-01T21:41:50.323515,Open-Meteo_Archive
2026-01-07,DI YOGYAKARTA,KABUPATEN KULON PROGO,-7.645,110.02694,30.8,22.0,26.1,35.6,1.1,75,14.1,1011.1,94,2026-06-01T21:41:54.694928,Open-Meteo_Archive
2026-01-01,DI YOGYAKARTA,KABUPATEN BANTUL,-7.9,110.36667,31.1,23.4,25.6,37.1,36.2,88,14.0,1008.4,100,2026-06-01T21:41:59.360397,Open-Meteo_Archive
2026-01-02,DI YOGYAKARTA,KABUPATEN BANTUL,-7.9,110.36667,30.4,22.5,26.1,35.3,3.9,82,12.4,1009.9,96,2026-06-01T21:42:05.006045,Open-Meteo_Archive
2026-01-03,DI YOGYAKARTA,KABUPATEN BANTUL,-7.9,110.36667,29.0,23.1,25.1,33.8,17.1,90,9.3,1010.4,100,2026-06-01T21:42:10.174072,Open-Meteo_Archive
2026-01-04,DI YOGYAKARTA,KABUPATEN BANTUL,-7.9,110.36667,29.1,23.0,25.5,32.7,10.7,86,14.1,1011.2,100,2026-06-01T21:42:15.092475,Open-Meteo_Archive
2026-01-05,DI YOGYAKARTA,KABUPATEN BANTUL,-7.9,110.36667,29.8,22.6,26.1,34.4,4.9,82,10.9,1011.2,100,2026-06-01T21:42:19.907424,Open-Meteo_Archive
2026-01-06,DI YOGYAKARTA,KABUPATEN BANTUL,-7.9,110.36667,31.8,22.5,26.9,36.9,0.0,75,13.7,1010.5,95,2026-06-01T21:42:24.880140,Open-Meteo_Archive
2026-01-07,DI YOGYAKARTA,KABUPATEN BANTUL,-7.9,110.36667,30.6,23.0,26.8,35.7,2.3,78,15.7,1010.6,96,2026-06-01T21:42:29.258767,Open-Meteo_Archive
2026-01-01,DI YOGYAKARTA,KABUPATEN GUNUNG KIDUL,-7.98333,110.61667,30.1,22.7,24.8,36.3,46.7,91,16.9,1008.9,100,2026-06-01T21:42:34.758383,Open-Meteo_Archive
2026-01-02,DI YOGYAKARTA,KABUPATEN GUNUNG KIDUL,-7.98333,110.61667,29.0,21.6,25.0,33.4,5.6,84,14.0,1010.3,99,2026-06-01T21:42:39.658737,Open-Meteo_Archive
2026-01-03,DI YOGYAKARTA,KABUPATEN GUNUNG KIDUL,-7.98333,110.61667,27.7,22.6,24.4,32.0,7.8,92,10.9,1010.9,98,2026-06-01T21:42:44.225177,Open-Meteo_Archive
2026-01-04,DI YOGYAKARTA,KABUPATEN GUNUNG KIDUL,-7.98333,110.61667,28.5,22.0,24.5,33.7,9.7,89,15.1,1011.7,100,2026-06-01T21:42:49.676537,Open-Meteo_Archive
2026-01-05,DI YOGYAKARTA,KABUPATEN GUNUNG KIDUL,-7.98333,110.61667,29.0,22.0,25.1,33.3,2.3,84,13.3,1011.6,100,2026-06-01T21:42:54.579226,Open-Meteo_Archive
2026-01-06,DI YOGYAKARTA,KABUPATEN GUNUNG KIDUL,-7.98333,110.61667,30.4,22.5,26.0,35.2,0.0,78,14.9,1011.0,92,2026-06-01T21:42:59.799102,Open-Meteo_Archive
2026-01-07,DI YOGYAKARTA,KABUPATEN GUNUNG KIDUL,-7.98333,110.61667,29.5,22.3,26.0,34.0,4.7,80,19.8,1011.0,96,2026-06-01T21:43:04.316316,Open-Meteo_Archive
2026-01-01,DI YOGYAKARTA,KABUPATEN SLEMAN,-7.68167,110.32333,29.6,22.8,25.2,36.4,26.2,86,9.3,1008.7,100,2026-06-01T21:43:10.502271,Open-Meteo_Archive
2026-01-02,DI YOGYAKARTA,KABUPATEN SLEMAN,-7.68167,110.32333,30.9,21.8,25.5,36.8,6.5,83,11.0,1010.2,98,2026-06-01T21:43:15.240499,Open-Meteo_Archive
2026-01-03,DI YOGYAKARTA,KABUPATEN SLEMAN,-7.68167,110.32333,27.8,22.8,24.2,32.5,16.9,92,7.3,1010.8,100,2026-06-01T21:43:19.869124,Open-Meteo_Archive
2026-01-04,DI YOGYAKARTA,KABUPATEN SLEMAN,-7.68167,110.32333,29.8,23.0,24.9,35.6,14.5,87,8.5,1011.5,100,2026-06-01T21:43:25.286071,Open-Meteo_Archive
2026-01-05,DI YOGYAKARTA,KABUPATEN SLEMAN,-7.68167,110.32333,29.8,22.5,25.9,35.1,0.3,78,7.2,1011.5,100,2026-06-01T21:43:30.585242,Open-Meteo_Archive
2026-01-06,DI YOGYAKARTA,KABUPATEN SLEMAN,-7.68167,110.32333,32.2,21.6,26.6,38.3,0.0,69,11.0,1010.8,96,2026-06-01T21:43:34.865114,Open-Meteo_Archive
2026-01-07,DI YOGYAKARTA,KABUPATEN SLEMAN,-7.68167,110.32333,31.4,22.2,26.5,36.7,1.0,75,13.9,1010.9,96,2026-06-01T21:43:39.465023,Open-Meteo_Archive
2026-01-01,DI YOGYAKARTA,KOTA YOGYAKARTA,-7.8,110.375,30.1,23.6,25.6,35.7,48.2,89,10.9,1008.5,100,2026-06-01T21:43:44.005306,Open-Meteo_Archive
2026-01-02,DI YOGYAKARTA,KOTA YOGYAKARTA,-7.8,110.375,30.5,22.4,26.2,35.9,3.0,82,11.5,1010.0,99,2026-06-01T21:43:48.446267,Open-Meteo_Archive
2026-01-03,DI YOGYAKARTA,KOTA YOGYAKARTA,-7.8,110.375,28.1,23.7,25.1,33.2,12.3,89,9.0,1010.5,100,2026-06-01T21:43:53.035850,Open-Meteo_Archive
2026-01-04,DI YOGYAKARTA,KOTA YOGYAKARTA,-7.8,110.375,29.3,23.6,25.6,34.5,10.2,87,13.1,1011.3,100,2026-06-01T21:43:57.512440,Open-Meteo_Archive
2026-01-05,DI YOGYAKARTA,KOTA YOGYAKARTA,-7.8,110.375,30.0,23.1,26.4,34.6,1.0,81,7.9,1011.3,100,2026-06-01T21:44:02.199796,Open-Meteo_Archive
2026-01-06,DI YOGYAKARTA,KOTA YOGYAKARTA,-7.8,110.375,32.0,23.0,27.2,38.1,0.0,70,13.4,1010.6,96,2026-06-01T21:44:06.176027,Open-Meteo_Archive
2026-01-07,DI YOGYAKARTA,KOTA YOGYAKARTA,-7.8,110.375,31.2,23.6,27.2,36.0,0.8,74,16.5,1010.6,99,2026-06-01T21:44:11.176263,Open-Meteo_Archive
2026-01-01,JAWA TIMUR,KABUPATEN PACITAN,-8.13333,111.16667,30.6,22.9,25.0,36.2,76.2,92,10.2,1008.9,100,2026-06-01T21:44:16.291937,Open-Meteo_Archive
2026-01-02,JAWA TIMUR,KABUPATEN PACITAN,-8.13333,111.16667,29.5,22.2,25.4,34.1,20.8,83,12.2,1010.4,99,2026-06-01T21:44:20.091317,Open-Meteo_Archive
2026-01-03,JAWA TIMUR,KABUPATEN PACITAN,-8.13333,111.16667,30.2,23.3,25.5,35.8,2.9,85,10.1,1010.7,99,2026-06-01T21:44:24.507047,Open-Meteo_Archive
2026-01-04,JAWA TIMUR,KABUPATEN PACITAN,-8.13333,111.16667,30.1,22.6,25.2,33.5,7.1,87,13.7,1011.7,100,2026-06-01T21:44:28.895865,Open-Meteo_Archive
2026-01-05,JAWA TIMUR,KABUPATEN PACITAN,-8.13333,111.16667,28.7,22.7,25.2,31.9,3.1,85,11.8,1011.6,100,2026-06-01T21:44:33.281881,Open-Meteo_Archive
2026-01-06,JAWA TIMUR,KABUPATEN PACITAN,-8.13333,111.16667,31.0,23.3,26.4,35.3,0.2,75,12.1,1011.0,99,2026-06-01T21:44:37.889191,Open-Meteo_Archive
2026-01-07,JAWA TIMUR,KABUPATEN PACITAN,-8.13333,111.16667,29.6,22.8,26.3,33.6,1.4,78,15.7,1010.9,89,2026-06-01T21:44:42.142328,Open-Meteo_Archive
2026-01-01,JAWA TIMUR,KABUPATEN PONOROGO,-7.93333,111.5,30.9,23.2,26.0,37.0,26.3,86,14.6,1008.5,100,2026-06-01T21:44:47.153596,Open-Meteo_Archive
2026-01-02,JAWA TIMUR,KABUPATEN PONOROGO,-7.93333,111.5,30.5,22.9,26.7,36.3,62.4,81,13.6,1009.7,98,2026-06-01T21:44:50.902749,Open-Meteo_Archive
2026-01-03,JAWA TIMUR,KABUPATEN PONOROGO,-7.93333,111.5,30.2,24.1,25.9,37.2,12.9,87,11.6,1010.5,99,2026-06-01T21:44:55.615092,Open-Meteo_Archive
2026-01-04,JAWA TIMUR,KABUPATEN PONOROGO,-7.93333,111.5,31.2,23.5,26.5,35.7,3.8,80,7.1,1010.9,100,2026-06-01T21:45:00.100785,Open-Meteo_Archive
2026-01-05,JAWA TIMUR,KABUPATEN PONOROGO,-7.93333,111.5,30.4,23.4,26.4,36.3,0.7,77,10.3,1011.0,100,2026-06-01T21:45:05.338854,Open-Meteo_Archive
2026-01-06,JAWA TIMUR,KABUPATEN PONOROGO,-7.93333,111.5,33.2,23.1,27.5,39.7,0.0,68,9.2,1010.1,99,2026-06-01T21:45:10.807271,Open-Meteo_Archive
2026-01-07,JAWA TIMUR,KABUPATEN PONOROGO,-7.93333,111.5,32.0,23.9,27.6,37.3,0.5,71,11.5,1010.0,97,2026-06-01T21:45:15.517239,Open-Meteo_Archive
2026-01-01,JAWA TIMUR,KABUPATEN TRENGGALEK,-8.16667,111.61667,28.4,20.9,23.6,33.7,41.8,90,7.2,1009.6,100,2026-06-01T21:45:20.603360,Open-Meteo_Archive
2026-01-02,JAWA TIMUR,KABUPATEN TRENGGALEK,-8.16667,111.61667,29.2,20.5,23.8,34.0,37.5,85,11.2,1010.8,99,2026-06-01T21:45:25.348952,Open-Meteo_Archive
2026-01-03,JAWA TIMUR,KABUPATEN TRENGGALEK,-8.16667,111.61667,28.6,21.0,23.2,34.5,20.9,93,6.2,1011.5,99,2026-06-01T21:45:30.209884,Open-Meteo_Archive
2026-01-04,JAWA TIMUR,KABUPATEN TRENGGALEK,-8.16667,111.61667,27.9,21.0,23.5,31.7,6.5,89,8.6,1012.2,100,2026-06-01T21:45:34.875092,Open-Meteo_Archive
2026-01-05,JAWA TIMUR,KABUPATEN TRENGGALEK,-8.16667,111.61667,27.8,21.0,23.7,30.1,1.0,81,13.7,1012.0,100,2026-06-01T21:45:38.599791,Open-Meteo_Archive
2026-01-06,JAWA TIMUR,KABUPATEN TRENGGALEK,-8.16667,111.61667,29.9,21.0,24.5,33.7,0.0,79,13.4,1011.4,99,2026-06-01T21:45:43.028732,Open-Meteo_Archive
2026-01-07,JAWA TIMUR,KABUPATEN TRENGGALEK,-8.16667,111.61667,27.9,20.6,24.0,32.5,3.1,82,16.3,1011.3,97,2026-06-01T21:45:47.842023,Open-Meteo_Archive
2026-01-01,JAWA TIMUR,KABUPATEN TULUNGAGUNG,-8.11667,111.91667,30.2,23.0,25.6,37.3,10.8,90,10.6,1008.7,100,2026-06-01T21:45:52.398892,Open-Meteo_Archive
2026-01-02,JAWA TIMUR,KABUPATEN TULUNGAGUNG,-8.11667,111.91667,30.4,22.5,25.8,37.9,14.5,84,14.8,1010.0,93,2026-06-01T21:45:56.554557,Open-Meteo_Archive
2026-01-03,JAWA TIMUR,KABUPATEN TULUNGAGUNG,-8.11667,111.91667,30.0,22.5,25.3,36.2,4.3,86,10.5,1010.5,99,2026-06-01T21:46:00.741412,Open-Meteo_Archive
2026-01-04,JAWA TIMUR,KABUPATEN TULUNGAGUNG,-8.11667,111.91667,29.6,22.9,25.4,35.2,4.9,88,10.3,1011.2,100,2026-06-01T21:46:05.113212,Open-Meteo_Archive
2026-01-05,JAWA TIMUR,KABUPATEN TULUNGAGUNG,-8.11667,111.91667,30.8,22.6,26.1,36.1,1.3,80,13.2,1010.9,100,2026-06-01T21:46:10.406077,Open-Meteo_Archive
2026-01-06,JAWA TIMUR,KABUPATEN TULUNGAGUNG,-8.11667,111.91667,31.6,23.1,26.8,35.9,0.0,76,18.6,1010.3,99,2026-06-01T21:46:14.263404,Open-Meteo_Archive
2026-01-07,JAWA TIMUR,KABUPATEN TULUNGAGUNG,-8.11667,111.91667,30.9,23.7,26.7,35.9,0.5,77,19.0,1010.1,98,2026-06-01T21:46:18.646561,Open-Meteo_Archive
2026-01-01,JAWA TIMUR,KABUPATEN BLITAR,-8.13333,112.25,30.8,23.2,25.5,37.0,20.6,89,9.7,1008.8,100,2026-06-01T21:46:23.776557,Open-Meteo_Archive
2026-01-02,JAWA TIMUR,KABUPATEN BLITAR,-8.13333,112.25,29.1,22.2,24.7,34.0,20.3,87,11.4,1010.3,99,2026-06-01T21:46:27.547242,Open-Meteo_Archive
2026-01-03,JAWA TIMUR,KABUPATEN BLITAR,-8.13333,112.25,30.6,22.2,25.1,36.6,3.1,82,8.6,1010.6,99,2026-06-01T21:46:32.434175,Open-Meteo_Archive
2026-01-04,JAWA TIMUR,KABUPATEN BLITAR,-8.13333,112.25,29.4,22.5,25.4,33.9,4.9,85,10.7,1011.5,100,2026-06-01T21:46:36.755800,Open-Meteo_Archive
2026-01-05,JAWA TIMUR,KABUPATEN BLITAR,-8.13333,112.25,29.9,21.6,25.4,35.6,11.0,84,11.9,1011.4,100,2026-06-01T21:46:41.094116,Open-Meteo_Archive
2026-01-06,JAWA TIMUR,KABUPATEN BLITAR,-8.13333,112.25,30.5,21.9,26.1,34.8,2.8,78,13.5,1010.8,98,2026-06-01T21:46:45.329843,Open-Meteo_Archive
2026-01-07,JAWA TIMUR,KABUPATEN BLITAR,-8.13333,112.25,29.2,22.3,25.2,33.6,4.5,83,18.1,1010.7,96,2026-06-01T21:46:49.715362,Open-Meteo_Archive
2026-01-01,JAWA TIMUR,KABUPATEN KEDIRI,-7.83333,112.16667,29.3,22.5,24.7,36.1,34.9,90,14.1,1009.0,100,2026-06-01T21:46:54.257247,Open-Meteo_Archive
2026-01-02,JAWA TIMUR,KABUPATEN KEDIRI,-7.83333,112.16667,28.9,22.4,24.9,34.2,29.6,86,15.4,1010.2,100,2026-06-01T21:46:58.391907,Open-Meteo_Archive
2026-01-03,JAWA TIMUR,KABUPATEN KEDIRI,-7.83333,112.16667,29.1,21.2,24.1,35.3,9.1,89,10.3,1010.9,99,2026-06-01T21:47:02.569121,Open-Meteo_Archive
2026-01-04,JAWA TIMUR,KABUPATEN KEDIRI,-7.83333,112.16667,29.5,22.4,25.3,33.9,4.6,83,17.0,1011.3,100,2026-06-01T21:47:07.319352,Open-Meteo_Archive
2026-01-05,JAWA TIMUR,KABUPATEN KEDIRI,-7.83333,112.16667,29.0,23.9,25.7,33.4,0.2,81,19.4,1011.1,100,2026-06-01T21:47:11.601667,Open-Meteo_Archive
2026-01-06,JAWA TIMUR,KABUPATEN KEDIRI,-7.83333,112.16667,30.0,24.5,26.8,32.9,0.0,70,20.9,1010.3,100,2026-06-01T21:47:16.150492,Open-Meteo_Archive
2026-01-07,JAWA TIMUR,KABUPATEN KEDIRI,-7.83333,112.16667,29.5,24.5,26.3,33.4,1.2,75,22.1,1010.2,98,2026-06-01T21:47:19.910470,Open-Meteo_Archive
2026-01-01,JAWA TIMUR,KABUPATEN MALANG,-8.16667,112.66667,30.1,22.0,23.9,36.2,12.4,92,9.3,1009.5,100,2026-06-01T21:47:24.387672,Open-Meteo_Archive
2026-01-02,JAWA TIMUR,KABUPATEN MALANG,-8.16667,112.66667,28.6,20.8,23.8,34.2,20.3,87,10.7,1010.8,99,2026-06-01T21:47:29.863504,Open-Meteo_Archive
2026-01-03,JAWA TIMUR,KABUPATEN MALANG,-8.16667,112.66667,30.0,21.1,24.2,34.8,2.5,83,13.2,1011.1,100,2026-06-01T21:47:34.017574,Open-Meteo_Archive
2026-01-04,JAWA TIMUR,KABUPATEN MALANG,-8.16667,112.66667,28.8,21.1,24.2,33.2,3.6,87,9.6,1012.0,100,2026-06-01T21:47:37.145320,Open-Meteo_Archive
2026-01-05,JAWA TIMUR,KABUPATEN MALANG,-8.16667,112.66667,27.7,21.1,24.0,31.8,6.0,87,13.0,1012.0,100,2026-06-01T21:47:40.063655,Open-Meteo_Archive
2026-01-06,JAWA TIMUR,KABUPATEN MALANG,-8.16667,112.66667,29.4,21.2,24.6,33.1,2.9,80,13.8,1011.4,97,2026-06-01T21:47:42.981348,Open-Meteo_Archive
2026-01-07,JAWA TIMUR,KABUPATEN MALANG,-8.16667,112.66667,27.9,20.7,23.6,33.1,7.6,86,14.0,1011.3,87,2026-06-01T21:47:47.352034,Open-Meteo_Archive
2026-01-01,JAWA TIMUR,KABUPATEN LUMAJANG,-8.11667,113.15,28.8,23.0,25.5,34.3,14.9,92,8.4,1008.9,100,2026-06-01T21:47:52.285023,Open-Meteo_Archive
2026-01-02,JAWA TIMUR,KABUPATEN LUMAJANG,-8.11667,113.15,28.0,22.4,24.4,33.9,21.0,94,6.9,1010.2,100,2026-06-01T21:47:56.574383,Open-Meteo_Archive
2026-01-03,JAWA TIMUR,KABUPATEN LUMAJANG,-8.11667,113.15,30.8,22.5,25.8,36.9,1.7,83,5.4,1010.4,98,2026-06-01T21:48:00.793472,Open-Meteo_Archive
2026-01-04,JAWA TIMUR,KABUPATEN LUMAJANG,-8.11667,113.15,29.6,22.6,25.4,35.4,1.2,84,8.9,1011.2,100,2026-06-01T21:48:05.711108,Open-Meteo_Archive
2026-01-05,JAWA TIMUR,KABUPATEN LUMAJANG,-8.11667,113.15,29.0,22.0,25.0,34.6,3.1,88,12.1,1010.9,100,2026-06-01T21:48:10.250134,Open-Meteo_Archive
2026-01-06,JAWA TIMUR,KABUPATEN LUMAJANG,-8.11667,113.15,32.3,23.0,26.6,35.8,0.1,75,25.1,1009.9,98,2026-06-01T21:48:15.053635,Open-Meteo_Archive
2026-01-07,JAWA TIMUR,KABUPATEN LUMAJANG,-8.11667,113.15,30.9,22.7,26.5,35.5,1.6,78,18.0,1009.7,93,2026-06-01T21:48:19.221165,Open-Meteo_Archive
2026-01-01,JAWA TIMUR,KABUPATEN JEMBER,-8.25,113.65,31.1,23.5,26.3,38.6,15.3,90,9.0,1008.5,100,2026-06-01T21:48:23.717496,Open-Meteo_Archive
2026-01-02,JAWA TIMUR,KABUPATEN JEMBER,-8.25,113.65,27.8,22.3,24.9,33.8,18.6,94,8.7,1009.9,100,2026-06-01T21:48:28.654355,Open-Meteo_Archive
2026-01-03,JAWA TIMUR,KABUPATEN JEMBER,-8.25,113.65,30.8,23.1,26.5,36.3,0.0,84,6.4,1010.0,98,2026-06-01T21:48:33.531759,Open-Meteo_Archive
2026-01-04,JAWA TIMUR,KABUPATEN JEMBER,-8.25,113.65,31.0,22.5,26.1,38.0,8.9,87,9.4,1010.9,100,2026-06-01T21:48:37.865705,Open-Meteo_Archive
2026-01-05,JAWA TIMUR,KABUPATEN JEMBER,-8.25,113.65,30.2,23.5,26.3,36.2,13.1,89,12.1,1010.7,100,2026-06-01T21:48:41.738738,Open-Meteo_Archive
2026-01-06,JAWA TIMUR,KABUPATEN JEMBER,-8.25,113.65,30.2,23.6,26.5,37.4,9.5,86,14.1,1010.1,99,2026-06-01T21:48:46.585435,Open-Meteo_Archive
2026-01-07,JAWA TIMUR,KABUPATEN JEMBER,-8.25,113.65,30.5,23.5,26.5,35.7,2.5,84,15.4,1010.0,88,2026-06-01T21:48:50.943796,Open-Meteo_Archive
2026-01-01,JAWA TIMUR,KABUPATEN BANYUWANGI,-8.33333,114.2,30.8,23.1,25.4,37.7,7.9,86,5.7,1008.7,100,2026-06-01T21:48:55.416753,Open-Meteo_Archive
2026-01-02,JAWA TIMUR,KABUPATEN BANYUWANGI,-8.33333,114.2,29.3,23.2,25.4,34.9,11.2,85,6.8,1009.7,100,2026-06-01T21:48:59.505810,Open-Meteo_Archive
2026-01-03,JAWA TIMUR,KABUPATEN BANYUWANGI,-8.33333,114.2,30.8,21.2,26.2,37.1,0.1,72,6.8,1010.2,99,2026-06-01T21:49:03.714645,Open-Meteo_Archive
2026-01-04,JAWA TIMUR,KABUPATEN BANYUWANGI,-8.33333,114.2,29.8,22.1,25.3,35.2,15.1,80,9.5,1010.9,98,2026-06-01T21:49:08.182465,Open-Meteo_Archive
2026-01-05,JAWA TIMUR,KABUPATEN BANYUWANGI,-8.33333,114.2,28.9,22.8,26.2,32.2,3.4,76,20.9,1010.4,100,2026-06-01T21:49:12.740936,Open-Meteo_Archive
2026-01-06,JAWA TIMUR,KABUPATEN BANYUWANGI,-8.33333,114.2,29.6,24.9,27.0,33.3,0.1,70,21.1,1009.7,98,2026-06-01T21:49:16.694331,Open-Meteo_Archive
2026-01-07,JAWA TIMUR,KABUPATEN BANYUWANGI,-8.33333,114.2,30.6,24.1,26.9,34.8,0.3,69,18.6,1009.7,94,2026-06-01T21:49:21.290182,Open-Meteo_Archive
2026-01-01,JAWA TIMUR,KABUPATEN BONDOWOSO,-7.9404,113.9834,27.5,21.3,23.7,34.5,33.9,90,9.0,1009.7,96,2026-06-01T21:49:26.481312,Open-Meteo_Archive
2026-01-02,JAWA TIMUR,KABUPATEN BONDOWOSO,-7.9404,113.9834,28.4,21.2,24.5,33.4,2.3,82,11.3,1010.5,100,2026-06-01T21:49:30.302711,Open-Meteo_Archive
2026-01-03,JAWA TIMUR,KABUPATEN BONDOWOSO,-7.9404,113.9834,29.3,22.3,24.7,32.6,4.3,72,8.9,1011.1,97,2026-06-01T21:49:35.004462,Open-Meteo_Archive
2026-01-04,JAWA TIMUR,KABUPATEN BONDOWOSO,-7.9404,113.9834,29.1,20.3,24.7,34.4,0.2,76,13.6,1011.4,100,2026-06-01T21:49:39.135502,Open-Meteo_Archive
2026-01-05,JAWA TIMUR,KABUPATEN BONDOWOSO,-7.9404,113.9834,28.1,23.3,25.1,30.0,1.5,74,22.7,1011.1,100,2026-06-01T21:49:43.409201,Open-Meteo_Archive
2026-01-06,JAWA TIMUR,KABUPATEN BONDOWOSO,-7.9404,113.9834,27.9,24.0,25.5,29.0,0.2,69,24.1,1010.4,99,2026-06-01T21:49:47.710775,Open-Meteo_Archive
2026-01-07,JAWA TIMUR,KABUPATEN BONDOWOSO,-7.9404,113.9834,28.5,22.6,25.4,32.7,0.2,69,16.9,1010.4,84,2026-06-01T21:49:52.380909,Open-Meteo_Archive
2026-01-01,JAWA TIMUR,KABUPATEN SITUBONDO,-7.71667,114.05,31.1,24.6,27.2,36.7,13.1,82,12.5,1008.3,98,2026-06-01T21:49:54.894263,Open-Meteo_Archive
2026-01-02,JAWA TIMUR,KABUPATEN SITUBONDO,-7.71667,114.05,31.3,24.8,27.7,36.3,4.5,80,14.7,1009.0,100,2026-06-01T21:49:59.265338,Open-Meteo_Archive
2026-01-03,JAWA TIMUR,KABUPATEN SITUBONDO,-7.71667,114.05,32.0,24.2,27.8,37.2,1.0,74,17.8,1009.8,91,2026-06-01T21:50:01.762591,Open-Meteo_Archive
2026-01-04,JAWA TIMUR,KABUPATEN SITUBONDO,-7.71667,114.05,32.5,24.7,28.0,38.5,3.4,75,10.7,1010.2,100,2026-06-01T21:50:04.921803,Open-Meteo_Archive
2026-01-05,JAWA TIMUR,KABUPATEN SITUBONDO,-7.71667,114.05,30.6,25.8,27.1,35.0,9.3,75,16.3,1010.1,100,2026-06-01T21:50:07.326215,Open-Meteo_Archive
2026-01-06,JAWA TIMUR,KABUPATEN SITUBONDO,-7.71667,114.05,32.7,25.8,28.6,36.7,6.5,66,18.0,1009.2,100,2026-06-01T21:50:10.115344,Open-Meteo_Archive
2026-01-07,JAWA TIMUR,KABUPATEN SITUBONDO,-7.71667,114.05,33.0,25.2,28.6,37.5,2.4,62,15.1,1009.1,94,2026-06-01T21:50:14.544720,Open-Meteo_Archive
2026-01-01,JAWA TIMUR,KABUPATEN PROBOLINGGO,-7.86667,113.31667,29.6,23.2,26.1,35.1,22.1,87,14.1,1008.5,100,2026-06-01T21:50:19.657960,Open-Meteo_Archive
2026-01-02,JAWA TIMUR,KABUPATEN PROBOLINGGO,-7.86667,113.31667,30.5,22.9,25.6,36.9,25.6,90,12.4,1009.5,100,2026-06-01T21:50:23.890191,Open-Meteo_Archive
2026-01-03,JAWA TIMUR,KABUPATEN PROBOLINGGO,-7.86667,113.31667,31.6,22.4,26.2,37.4,4.1,83,11.2,1010.1,98,2026-06-01T21:50:27.521196,Open-Meteo_Archive
2026-01-04,JAWA TIMUR,KABUPATEN PROBOLINGGO,-7.86667,113.31667,32.3,22.3,26.4,38.4,3.7,82,13.5,1010.4,100,2026-06-01T21:50:31.828352,Open-Meteo_Archive
2026-01-05,JAWA TIMUR,KABUPATEN PROBOLINGGO,-7.86667,113.31667,30.5,23.5,25.8,35.5,23.5,88,10.1,1010.3,100,2026-06-01T21:50:36.657445,Open-Meteo_Archive
2026-01-06,JAWA TIMUR,KABUPATEN PROBOLINGGO,-7.86667,113.31667,31.6,23.1,27.3,37.2,1.9,73,27.5,1009.2,98,2026-06-01T21:50:40.619774,Open-Meteo_Archive
2026-01-07,JAWA TIMUR,KABUPATEN PROBOLINGGO,-7.86667,113.31667,31.8,22.8,27.1,36.8,15.5,75,18.0,1009.2,94,2026-06-01T21:50:45.450747,Open-Meteo_Archive
2026-01-01,JAWA TIMUR,KABUPATEN PASURUAN,-7.73333,112.83333,31.6,24.0,26.6,38.7,20.1,86,9.4,1008.4,100,2026-06-01T21:50:49.912590,Open-Meteo_Archive
2026-01-02,JAWA TIMUR,KABUPATEN PASURUAN,-7.73333,112.83333,31.2,23.9,26.7,38.9,14.5,86,4.6,1009.5,100,2026-06-01T21:50:54.072208,Open-Meteo_Archive
2026-01-03,JAWA TIMUR,KABUPATEN PASURUAN,-7.73333,112.83333,32.0,22.5,26.3,37.8,1.6,84,9.7,1010.1,100,2026-06-01T21:50:58.358666,Open-Meteo_Archive
2026-01-04,JAWA TIMUR,KABUPATEN PASURUAN,-7.73333,112.83333,32.2,23.9,27.0,38.8,10.2,83,6.5,1010.4,100,2026-06-01T21:51:02.454233,Open-Meteo_Archive
2026-01-05,JAWA TIMUR,KABUPATEN PASURUAN,-7.73333,112.83333,30.4,23.7,26.4,36.1,15.9,80,8.9,1010.3,100,2026-06-01T21:51:07.002039,Open-Meteo_Archive
2026-01-06,JAWA TIMUR,KABUPATEN PASURUAN,-7.73333,112.83333,34.8,24.5,28.7,39.3,0.0,62,15.3,1009.2,100,2026-06-01T21:51:11.736667,Open-Meteo_Archive
2026-01-07,JAWA TIMUR,KABUPATEN PASURUAN,-7.73333,112.83333,33.0,22.9,27.8,38.1,1.5,64,13.2,1009.2,100,2026-06-01T21:51:15.425142,Open-Meteo_Archive
2026-01-01,JAWA TIMUR,KABUPATEN SIDOARJO,-7.45,112.7,32.8,24.1,27.1,40.3,12.7,85,10.7,1008.3,100,2026-06-01T21:51:20.597032,Open-Meteo_Archive
2026-01-02,JAWA TIMUR,KABUPATEN SIDOARJO,-7.45,112.7,31.6,23.5,26.9,38.6,14.8,86,15.8,1009.4,100,2026-06-01T21:51:24.931903,Open-Meteo_Archive
2026-01-03,JAWA TIMUR,KABUPATEN SIDOARJO,-7.45,112.7,31.2,24.2,26.4,37.0,23.1,86,14.3,1010.1,100,2026-06-01T21:51:29.266218,Open-Meteo_Archive
2026-01-04,JAWA TIMUR,KABUPATEN SIDOARJO,-7.45,112.7,31.1,24.1,26.9,37.7,3.8,85,12.8,1010.4,99,2026-06-01T21:51:33.481358,Open-Meteo_Archive
2026-01-05,JAWA TIMUR,KABUPATEN SIDOARJO,-7.45,112.7,29.9,23.9,26.4,34.9,6.4,86,7.8,1010.4,100,2026-06-01T21:51:37.635980,Open-Meteo_Archive
2026-01-06,JAWA TIMUR,KABUPATEN SIDOARJO,-7.45,112.7,32.4,24.0,28.2,38.0,0.0,76,9.0,1009.2,100,2026-06-01T21:51:42.127383,Open-Meteo_Archive
2026-01-07,JAWA TIMUR,KABUPATEN SIDOARJO,-7.45,112.7,32.2,25.2,27.8,37.4,0.2,78,10.1,1009.2,100,2026-06-01T21:51:46.217188,Open-Meteo_Archive
2026-01-01,JAWA TIMUR,KABUPATEN MOJOKERTO,-7.55,112.5,31.1,23.9,26.3,38.2,18.9,84,7.8,1008.6,100,2026-06-01T21:51:51.684461,Open-Meteo_Archive
2026-01-02,JAWA TIMUR,KABUPATEN MOJOKERTO,-7.55,112.5,29.4,23.2,26.1,35.0,8.9,86,10.8,1009.7,100,2026-06-01T21:51:55.813896,Open-Meteo_Archive
2026-01-03,JAWA TIMUR,KABUPATEN MOJOKERTO,-7.55,112.5,29.9,23.9,25.6,35.4,14.2,87,11.9,1010.4,100,2026-06-01T21:52:00.029441,Open-Meteo_Archive
2026-01-04,JAWA TIMUR,KABUPATEN MOJOKERTO,-7.55,112.5,31.0,23.6,26.5,35.9,1.3,84,11.2,1010.6,100,2026-06-01T21:52:05.059538,Open-Meteo_Archive
2026-01-05,JAWA TIMUR,KABUPATEN MOJOKERTO,-7.55,112.5,29.9,23.6,26.0,33.7,20.3,86,14.5,1010.6,100,2026-06-01T21:52:08.780252,Open-Meteo_Archive
2026-01-06,JAWA TIMUR,KABUPATEN MOJOKERTO,-7.55,112.5,32.2,24.6,28.0,37.9,0.0,71,13.3,1009.4,100,2026-06-01T21:52:13.291273,Open-Meteo_Archive
2026-01-07,JAWA TIMUR,KABUPATEN MOJOKERTO,-7.55,112.5,32.1,23.8,27.4,36.8,0.5,78,12.6,1009.4,100,2026-06-01T21:52:17.479268,Open-Meteo_Archive
2026-01-01,JAWA TIMUR,KABUPATEN JOMBANG,-7.55,112.25,31.9,24.2,26.4,38.4,20.1,87,12.1,1008.4,100,2026-06-01T21:52:22.130800,Open-Meteo_Archive
2026-01-02,JAWA TIMUR,KABUPATEN JOMBANG,-7.55,112.25,30.3,23.3,26.4,37.0,7.7,85,15.4,1009.5,100,2026-06-01T21:52:26.430757,Open-Meteo_Archive
2026-01-03,JAWA TIMUR,KABUPATEN JOMBANG,-7.55,112.25,31.0,23.8,25.9,36.8,10.3,88,12.0,1010.3,100,2026-06-01T21:52:30.734809,Open-Meteo_Archive
2026-01-04,JAWA TIMUR,KABUPATEN JOMBANG,-7.55,112.25,30.8,23.8,26.7,36.6,3.5,82,16.6,1010.6,100,2026-06-01T21:52:35.165507,Open-Meteo_Archive
2026-01-05,JAWA TIMUR,KABUPATEN JOMBANG,-7.55,112.25,30.0,24.0,26.3,35.8,5.6,86,15.4,1010.5,100,2026-06-01T21:52:39.409550,Open-Meteo_Archive
2026-01-06,JAWA TIMUR,KABUPATEN JOMBANG,-7.55,112.25,32.0,24.6,27.9,36.1,0.0,68,20.8,1009.4,100,2026-06-01T21:52:43.576537,Open-Meteo_Archive
2026-01-07,JAWA TIMUR,KABUPATEN JOMBANG,-7.55,112.25,32.0,25.1,27.9,35.9,0.8,70,20.4,1009.3,100,2026-06-01T21:52:48.136723,Open-Meteo_Archive
2026-01-01,JAWA TIMUR,KABUPATEN NGANJUK,-7.6,111.93333,32.8,23.7,26.9,39.3,26.5,85,13.0,1008.4,99,2026-06-01T21:52:53.671821,Open-Meteo_Archive
2026-01-02,JAWA TIMUR,KABUPATEN NGANJUK,-7.6,111.93333,30.2,23.4,26.3,35.8,9.4,86,13.0,1009.6,99,2026-06-01T21:52:57.844365,Open-Meteo_Archive
2026-01-03,JAWA TIMUR,KABUPATEN NGANJUK,-7.6,111.93333,31.0,23.8,26.0,35.5,16.9,88,11.6,1010.3,100,2026-06-01T21:53:02.260476,Open-Meteo_Archive
2026-01-04,JAWA TIMUR,KABUPATEN NGANJUK,-7.6,111.93333,29.5,23.4,26.1,36.1,5.9,85,13.1,1010.8,100,2026-06-01T21:53:06.840502,Open-Meteo_Archive
2026-01-05,JAWA TIMUR,KABUPATEN NGANJUK,-7.6,111.93333,29.6,23.2,26.1,34.4,1.7,85,9.0,1010.7,100,2026-06-01T21:53:10.731149,Open-Meteo_Archive
2026-01-06,JAWA TIMUR,KABUPATEN NGANJUK,-7.6,111.93333,31.2,24.5,27.5,36.9,0.3,73,17.3,1009.7,98,2026-06-01T21:53:15.213279,Open-Meteo_Archive
2026-01-07,JAWA TIMUR,KABUPATEN NGANJUK,-7.6,111.93333,31.5,25.0,27.4,36.5,0.0,76,13.3,1009.5,100,2026-06-01T21:53:19.946520,Open-Meteo_Archive
2026-01-01,JAWA TIMUR,KABUPATEN MADIUN,-7.61667,111.65,30.0,22.8,25.4,37.0,7.7,88,13.6,1008.9,99,2026-06-01T21:53:22.467599,Open-Meteo_Archive
2026-01-02,JAWA TIMUR,KABUPATEN MADIUN,-7.61667,111.65,30.1,23.1,26.1,35.4,12.8,86,10.9,1009.9,96,2026-06-01T21:53:26.049917,Open-Meteo_Archive
2026-01-03,JAWA TIMUR,KABUPATEN MADIUN,-7.61667,111.65,28.4,23.6,25.0,34.5,15.4,91,10.2,1010.8,100,2026-06-01T21:53:30.244049,Open-Meteo_Archive
2026-01-04,JAWA TIMUR,KABUPATEN MADIUN,-7.61667,111.65,30.4,23.0,25.8,35.0,1.5,85,12.4,1011.1,100,2026-06-01T21:53:35.191949,Open-Meteo_Archive
2026-01-05,JAWA TIMUR,KABUPATEN MADIUN,-7.61667,111.65,31.1,23.6,26.5,34.4,1.0,78,17.1,1010.8,100,2026-06-01T21:53:39.674452,Open-Meteo_Archive
2026-01-06,JAWA TIMUR,KABUPATEN MADIUN,-7.61667,111.65,32.5,24.2,27.8,36.0,0.0,63,20.6,1009.9,95,2026-06-01T21:53:43.988996,Open-Meteo_Archive
2026-01-07,JAWA TIMUR,KABUPATEN MADIUN,-7.61667,111.65,31.5,24.0,27.7,34.1,0.5,65,21.4,1009.8,100,2026-06-01T21:53:48.346794,Open-Meteo_Archive
2026-01-01,JAWA TIMUR,KABUPATEN MAGETAN,-7.64472,111.35917,29.2,23.4,25.4,35.3,14.1,88,13.9,1009.1,100,2026-06-01T21:53:52.839307,Open-Meteo_Archive
2026-01-02,JAWA TIMUR,KABUPATEN MAGETAN,-7.64472,111.35917,28.6,22.8,25.2,33.4,44.0,90,12.4,1010.4,97,2026-06-01T21:53:56.653097,Open-Meteo_Archive
2026-01-03,JAWA TIMUR,KABUPATEN MAGETAN,-7.64472,111.35917,27.6,23.0,24.5,33.1,61.2,93,10.0,1011.2,100,2026-06-01T21:54:01.869076,Open-Meteo_Archive
2026-01-04,JAWA TIMUR,KABUPATEN MAGETAN,-7.64472,111.35917,27.3,22.9,24.8,32.4,27.6,91,11.1,1011.7,100,2026-06-01T21:54:06.195069,Open-Meteo_Archive
2026-01-05,JAWA TIMUR,KABUPATEN MAGETAN,-7.64472,111.35917,28.2,23.0,25.2,34.0,33.8,90,7.7,1011.5,100,2026-06-01T21:54:10.731322,Open-Meteo_Archive
2026-01-06,JAWA TIMUR,KABUPATEN MAGETAN,-7.64472,111.35917,31.4,22.8,26.6,36.4,0.0,73,6.7,1010.5,93,2026-06-01T21:54:14.744357,Open-Meteo_Archive
2026-01-07,JAWA TIMUR,KABUPATEN MAGETAN,-7.64472,111.35917,30.2,23.9,26.7,35.6,0.0,73,7.1,1010.3,100,2026-06-01T21:54:20.800152,Open-Meteo_Archive
2026-01-01,JAWA TIMUR,KABUPATEN NGAWI,-7.47444,111.33444,30.3,23.5,25.5,37.3,12.5,89,16.3,1008.7,100,2026-06-01T21:54:25.428441,Open-Meteo_Archive
2026-01-02,JAWA TIMUR,KABUPATEN NGAWI,-7.47444,111.33444,30.5,22.7,25.8,35.7,15.9,87,17.2,1009.8,94,2026-06-01T21:54:29.614883,Open-Meteo_Archive
2026-01-03,JAWA TIMUR,KABUPATEN NGAWI,-7.47444,111.33444,27.6,23.4,24.9,32.0,17.3,92,15.3,1010.6,100,2026-06-01T21:54:32.399348,Open-Meteo_Archive
2026-01-04,JAWA TIMUR,KABUPATEN NGAWI,-7.47444,111.33444,29.5,23.0,25.4,34.6,11.9,90,11.7,1011.1,100,2026-06-01T21:54:34.810586,Open-Meteo_Archive
2026-01-05,JAWA TIMUR,KABUPATEN NGAWI,-7.47444,111.33444,28.7,22.6,25.4,33.3,3.6,86,7.3,1010.9,100,2026-06-01T21:54:38.847459,Open-Meteo_Archive
2026-01-06,JAWA TIMUR,KABUPATEN NGAWI,-7.47444,111.33444,30.2,23.1,26.2,34.2,3.5,79,14.2,1010.0,97,2026-06-01T21:54:42.750068,Open-Meteo_Archive
2026-01-07,JAWA TIMUR,KABUPATEN NGAWI,-7.47444,111.33444,30.6,23.7,26.6,36.0,5.1,82,13.1,1009.8,100,2026-06-01T21:54:47.519039,Open-Meteo_Archive
2026-01-01,JAWA TIMUR,KABUPATEN BOJONEGORO,-7.25,111.8,30.8,22.8,25.6,38.6,29.9,89,13.2,1008.7,99,2026-06-01T21:54:52.840859,Open-Meteo_Archive
2026-01-02,JAWA TIMUR,KABUPATEN BOJONEGORO,-7.25,111.8,29.9,23.1,26.1,35.2,9.1,86,12.1,1009.8,97,2026-06-01T21:54:57.124574,Open-Meteo_Archive
2026-01-03,JAWA TIMUR,KABUPATEN BOJONEGORO,-7.25,111.8,28.0,23.8,25.3,33.0,12.5,90,14.3,1010.6,100,2026-06-01T21:55:01.110628,Open-Meteo_Archive
2026-01-04,JAWA TIMUR,KABUPATEN BOJONEGORO,-7.25,111.8,30.6,23.4,26.1,36.2,25.0,86,14.4,1010.9,100,2026-06-01T21:55:06.097487,Open-Meteo_Archive
2026-01-05,JAWA TIMUR,KABUPATEN BOJONEGORO,-7.25,111.8,29.4,23.3,26.0,36.0,5.2,89,10.8,1010.8,100,2026-06-01T21:55:10.562604,Open-Meteo_Archive
2026-01-06,JAWA TIMUR,KABUPATEN BOJONEGORO,-7.25,111.8,32.8,24.6,27.8,37.1,0.1,77,16.4,1009.8,100,2026-06-01T21:55:14.998662,Open-Meteo_Archive
2026-01-07,JAWA TIMUR,KABUPATEN BOJONEGORO,-7.25,111.8,31.5,24.2,27.4,35.9,1.1,79,16.0,1009.7,100,2026-06-01T21:55:19.656348,Open-Meteo_Archive
2026-01-01,JAWA TIMUR,KABUPATEN TUBAN,-6.96667,111.9,28.2,22.3,25.0,34.3,17.0,89,13.2,1009.0,100,2026-06-01T21:55:24.107725,Open-Meteo_Archive
2026-01-02,JAWA TIMUR,KABUPATEN TUBAN,-6.96667,111.9,28.2,22.4,25.0,31.9,19.9,88,13.1,1010.2,99,2026-06-01T21:55:28.122851,Open-Meteo_Archive
2026-01-03,JAWA TIMUR,KABUPATEN TUBAN,-6.96667,111.9,27.0,23.0,24.4,30.7,6.8,91,13.4,1011.0,100,2026-06-01T21:55:31.315930,Open-Meteo_Archive
2026-01-04,JAWA TIMUR,KABUPATEN TUBAN,-6.96667,111.9,29.8,22.4,25.4,34.3,0.7,85,18.7,1011.3,100,2026-06-01T21:55:34.287247,Open-Meteo_Archive
2026-01-05,JAWA TIMUR,KABUPATEN TUBAN,-6.96667,111.9,27.9,22.9,25.0,32.4,3.5,90,12.4,1011.3,100,2026-06-01T21:55:37.832814,Open-Meteo_Archive
2026-01-06,JAWA TIMUR,KABUPATEN TUBAN,-6.96667,111.9,30.2,24.0,26.8,36.0,2.9,80,10.6,1010.4,100,2026-06-01T21:55:42.230716,Open-Meteo_Archive
2026-01-07,JAWA TIMUR,KABUPATEN TUBAN,-6.96667,111.9,30.1,23.5,26.3,35.7,1.7,83,13.8,1010.2,100,2026-06-01T21:55:46.547797,Open-Meteo_Archive
2026-01-01,JAWA TIMUR,KABUPATEN LAMONGAN,-7.13333,112.31667,30.9,23.6,26.4,37.3,14.5,86,12.5,1008.4,99,2026-06-01T21:55:51.277934,Open-Meteo_Archive
2026-01-02,JAWA TIMUR,KABUPATEN LAMONGAN,-7.13333,112.31667,31.0,23.5,26.4,36.1,20.0,85,12.1,1009.5,97,2026-06-01T21:55:55.346355,Open-Meteo_Archive
2026-01-03,JAWA TIMUR,KABUPATEN LAMONGAN,-7.13333,112.31667,29.4,23.9,25.5,35.2,10.8,89,12.7,1010.3,100,2026-06-01T21:55:59.866155,Open-Meteo_Archive
2026-01-04,JAWA TIMUR,KABUPATEN LAMONGAN,-7.13333,112.31667,30.9,23.6,26.5,36.2,4.1,85,18.1,1010.6,100,2026-06-01T21:56:04.457138,Open-Meteo_Archive
2026-01-05,JAWA TIMUR,KABUPATEN LAMONGAN,-7.13333,112.31667,29.1,23.7,26.1,34.3,11.6,89,12.4,1010.6,100,2026-06-01T21:56:08.676820,Open-Meteo_Archive
2026-01-06,JAWA TIMUR,KABUPATEN LAMONGAN,-7.13333,112.31667,32.1,24.8,27.9,37.4,0.2,80,15.0,1009.5,100,2026-06-01T21:56:12.635836,Open-Meteo_Archive
2026-01-07,JAWA TIMUR,KABUPATEN LAMONGAN,-7.13333,112.31667,31.2,25.1,27.4,36.2,3.1,81,14.8,1009.4,100,2026-06-01T21:56:17.586097,Open-Meteo_Archive
2026-01-01,JAWA TIMUR,KABUPATEN GRESIK,-7.1933,112.553,32.4,24.0,27.1,39.4,10.8,84,10.6,1008.3,99,2026-06-01T21:56:22.321237,Open-Meteo_Archive
2026-01-02,JAWA TIMUR,KABUPATEN GRESIK,-7.1933,112.553,30.8,23.8,26.7,35.0,7.3,86,12.1,1009.4,100,2026-06-01T21:56:26.491582,Open-Meteo_Archive
2026-01-03,JAWA TIMUR,KABUPATEN GRESIK,-7.1933,112.553,29.8,24.0,25.8,35.7,15.9,89,12.5,1010.2,100,2026-06-01T21:56:30.989096,Open-Meteo_Archive
2026-01-04,JAWA TIMUR,KABUPATEN GRESIK,-7.1933,112.553,31.0,24.0,26.8,36.2,3.3,84,14.6,1010.4,100,2026-06-01T21:56:35.871190,Open-Meteo_Archive
2026-01-05,JAWA TIMUR,KABUPATEN GRESIK,-7.1933,112.553,29.5,23.8,26.3,34.6,4.5,88,14.6,1010.4,100,2026-06-01T21:56:40.323478,Open-Meteo_Archive
2026-01-06,JAWA TIMUR,KABUPATEN GRESIK,-7.1933,112.553,32.7,25.5,28.4,37.0,0.0,78,19.6,1009.2,100,2026-06-01T21:56:44.645589,Open-Meteo_Archive
2026-01-07,JAWA TIMUR,KABUPATEN GRESIK,-7.1933,112.553,31.4,24.5,27.7,35.5,1.6,78,16.8,1009.2,100,2026-06-01T21:56:49.083504,Open-Meteo_Archive
2026-01-01,JAWA TIMUR,KABUPATEN BANGKALAN,-7.05,112.93333,30.6,23.1,26.1,37.4,11.6,87,13.9,1008.6,99,2026-06-01T21:56:53.814860,Open-Meteo_Archive
2026-01-02,JAWA TIMUR,KABUPATEN BANGKALAN,-7.05,112.93333,29.5,23.0,25.8,34.7,19.9,89,14.3,1009.7,100,2026-06-01T21:56:58.208657,Open-Meteo_Archive
2026-01-03,JAWA TIMUR,KABUPATEN BANGKALAN,-7.05,112.93333,29.6,23.2,25.4,35.8,10.5,90,14.9,1010.4,100,2026-06-01T21:57:02.728427,Open-Meteo_Archive
2026-01-04,JAWA TIMUR,KABUPATEN BANGKALAN,-7.05,112.93333,30.8,23.4,25.9,35.9,0.8,87,17.8,1010.7,100,2026-06-01T21:57:07.155000,Open-Meteo_Archive
2026-01-05,JAWA TIMUR,KABUPATEN BANGKALAN,-7.05,112.93333,28.1,23.2,25.5,33.3,6.7,90,14.0,1010.7,100,2026-06-01T21:57:11.994592,Open-Meteo_Archive
2026-01-06,JAWA TIMUR,KABUPATEN BANGKALAN,-7.05,112.93333,31.4,23.2,27.0,36.8,6.3,83,17.4,1009.7,100,2026-06-01T21:57:16.437500,Open-Meteo_Archive
2026-01-07,JAWA TIMUR,KABUPATEN BANGKALAN,-7.05,112.93333,30.9,23.4,26.6,34.6,1.5,84,14.7,1009.5,100,2026-06-01T21:57:20.852704,Open-Meteo_Archive
2026-01-01,JAWA TIMUR,KABUPATEN SAMPANG,-7.05,113.25,30.8,23.1,26.1,39.4,10.4,87,10.4,1008.6,100,2026-06-01T21:57:25.871708,Open-Meteo_Archive
2026-01-02,JAWA TIMUR,KABUPATEN SAMPANG,-7.05,113.25,29.5,23.3,25.9,36.0,23.5,89,13.5,1009.7,99,2026-06-01T21:57:32.578516,Open-Meteo_Archive
2026-01-03,JAWA TIMUR,KABUPATEN SAMPANG,-7.05,113.25,29.4,23.0,25.4,34.9,19.4,89,16.3,1010.3,100,2026-06-01T21:57:35.299326,Open-Meteo_Archive
2026-01-04,JAWA TIMUR,KABUPATEN SAMPANG,-7.05,113.25,30.5,23.1,26.1,36.5,1.0,85,12.5,1010.6,100,2026-06-01T21:57:38.809816,Open-Meteo_Archive
2026-01-05,JAWA TIMUR,KABUPATEN SAMPANG,-7.05,113.25,29.5,23.3,25.8,34.8,8.3,88,13.1,1010.6,100,2026-06-01T21:57:42.820977,Open-Meteo_Archive
2026-01-06,JAWA TIMUR,KABUPATEN SAMPANG,-7.05,113.25,31.1,24.2,27.2,36.1,0.1,80,14.3,1009.6,100,2026-06-01T21:57:47.885090,Open-Meteo_Archive
2026-01-07,JAWA TIMUR,KABUPATEN SAMPANG,-7.05,113.25,31.0,23.8,26.7,35.3,0.9,82,12.7,1009.5,100,2026-06-01T21:57:52.822163,Open-Meteo_Archive
2026-01-01,JAWA TIMUR,KABUPATEN PAMEKASAN,-7.06667,113.5,30.0,23.0,25.5,37.9,24.0,89,11.2,1008.8,100,2026-06-01T21:57:57.705933,Open-Meteo_Archive
2026-01-02,JAWA TIMUR,KABUPATEN PAMEKASAN,-7.06667,113.5,28.8,23.1,25.4,35.2,26.5,91,12.7,1009.8,100,2026-06-01T21:58:02.889515,Open-Meteo_Archive
2026-01-03,JAWA TIMUR,KABUPATEN PAMEKASAN,-7.06667,113.5,29.2,22.8,24.9,34.7,19.6,90,14.7,1010.5,100,2026-06-01T21:58:05.554821,Open-Meteo_Archive
2026-01-04,JAWA TIMUR,KABUPATEN PAMEKASAN,-7.06667,113.5,30.4,22.9,25.9,36.8,3.5,85,13.1,1010.8,98,2026-06-01T21:58:09.536647,Open-Meteo_Archive
2026-01-05,JAWA TIMUR,KABUPATEN PAMEKASAN,-7.06667,113.5,29.9,23.0,25.4,36.0,9.5,88,13.3,1010.7,100,2026-06-01T21:58:14.154891,Open-Meteo_Archive
2026-01-06,JAWA TIMUR,KABUPATEN PAMEKASAN,-7.06667,113.5,30.5,24.2,27.0,35.3,0.2,80,13.7,1009.7,100,2026-06-01T21:58:19.518152,Open-Meteo_Archive
2026-01-07,JAWA TIMUR,KABUPATEN PAMEKASAN,-7.06667,113.5,30.9,23.3,26.6,34.8,0.0,81,13.2,1009.6,100,2026-06-01T21:58:24.579204,Open-Meteo_Archive
2026-01-01,JAWA TIMUR,KABUPATEN SUMENEP,-7.11667,114.33333,31.0,26.5,28.6,39.3,0.5,75,17.0,1008.3,100,2026-06-01T21:58:30.765887,Open-Meteo_Archive
2026-01-02,JAWA TIMUR,KABUPATEN SUMENEP,-7.11667,114.33333,30.8,25.6,28.4,35.7,7.3,77,19.1,1009.2,93,2026-06-01T21:58:35.195873,Open-Meteo_Archive
2026-01-03,JAWA TIMUR,KABUPATEN SUMENEP,-7.11667,114.33333,31.0,25.6,28.0,36.3,1.5,77,17.1,1009.9,100,2026-06-01T21:58:40.698737,Open-Meteo_Archive
2026-01-04,JAWA TIMUR,KABUPATEN SUMENEP,-7.11667,114.33333,30.5,27.0,28.2,37.9,1.3,78,16.3,1010.3,100,2026-06-01T21:58:45.602212,Open-Meteo_Archive
2026-01-05,JAWA TIMUR,KABUPATEN SUMENEP,-7.11667,114.33333,28.9,25.6,27.3,34.1,20.1,82,18.3,1010.3,99,2026-06-01T21:58:51.382533,Open-Meteo_Archive
2026-01-06,JAWA TIMUR,KABUPATEN SUMENEP,-7.11667,114.33333,30.2,26.4,28.2,36.4,1.0,79,11.8,1009.4,100,2026-06-01T21:58:56.169891,Open-Meteo_Archive
2026-01-07,JAWA TIMUR,KABUPATEN SUMENEP,-7.11667,114.33333,30.6,25.9,28.3,36.5,1.5,76,17.0,1009.3,99,2026-06-01T21:59:02.207399,Open-Meteo_Archive
2026-01-01,JAWA TIMUR,KOTA KEDIRI,-7.83333,112.01667,31.4,23.5,26.0,36.6,16.3,88,16.8,1008.5,100,2026-06-01T21:59:08.353003,Open-Meteo_Archive
2026-01-02,JAWA TIMUR,KOTA KEDIRI,-7.83333,112.01667,29.2,23.0,25.8,34.1,41.0,86,14.9,1009.8,100,2026-06-01T21:59:13.058465,Open-Meteo_Archive
2026-01-03,JAWA TIMUR,KOTA KEDIRI,-7.83333,112.01667,29.6,23.2,25.4,35.0,10.4,89,12.1,1010.5,100,2026-06-01T21:59:19.070044,Open-Meteo_Archive
2026-01-04,JAWA TIMUR,KOTA KEDIRI,-7.83333,112.01667,30.0,23.3,25.9,34.5,9.0,87,14.5,1010.9,100,2026-06-01T21:59:24.315841,Open-Meteo_Archive
2026-01-05,JAWA TIMUR,KOTA KEDIRI,-7.83333,112.01667,30.9,24.0,26.2,36.1,0.3,83,13.6,1010.7,100,2026-06-01T21:59:29.168475,Open-Meteo_Archive
2026-01-06,JAWA TIMUR,KOTA KEDIRI,-7.83333,112.01667,32.4,24.8,27.9,36.4,0.0,72,23.2,1009.7,100,2026-06-01T21:59:33.919654,Open-Meteo_Archive
2026-01-07,JAWA TIMUR,KOTA KEDIRI,-7.83333,112.01667,32.3,24.9,27.6,37.1,1.0,75,17.6,1009.6,96,2026-06-01T21:59:36.469015,Open-Meteo_Archive
2026-01-01,JAWA TIMUR,KOTA BLITAR,-8.1,112.16667,30.5,23.1,25.5,37.7,25.0,89,9.1,1008.9,100,2026-06-01T21:59:40.620402,Open-Meteo_Archive
2026-01-02,JAWA TIMUR,KOTA BLITAR,-8.1,112.16667,29.0,22.5,25.0,34.2,20.0,85,13.1,1010.3,99,2026-06-01T21:59:45.235064,Open-Meteo_Archive
2026-01-03,JAWA TIMUR,KOTA BLITAR,-8.1,112.16667,30.6,22.9,25.2,36.5,8.1,82,10.5,1010.7,99,2026-06-01T21:59:50.477203,Open-Meteo_Archive
2026-01-04,JAWA TIMUR,KOTA BLITAR,-8.1,112.16667,28.8,22.8,25.4,33.2,6.1,86,10.5,1011.5,100,2026-06-01T21:59:55.741156,Open-Meteo_Archive
2026-01-05,JAWA TIMUR,KOTA BLITAR,-8.1,112.16667,30.2,21.9,25.6,35.8,7.0,83,11.8,1011.3,100,2026-06-01T22:00:01.317586,Open-Meteo_Archive
2026-01-06,JAWA TIMUR,KOTA BLITAR,-8.1,112.16667,30.6,22.6,26.5,34.9,3.2,77,14.8,1010.7,98,2026-06-01T22:00:05.082331,Open-Meteo_Archive
2026-01-07,JAWA TIMUR,KOTA BLITAR,-8.1,112.16667,29.5,23.0,25.8,33.5,3.0,81,18.5,1010.7,97,2026-06-01T22:00:09.293701,Open-Meteo_Archive
2026-01-01,JAWA TIMUR,KOTA MALANG,-7.975,112.63333,28.0,20.8,23.0,33.2,18.6,89,6.1,1009.9,100,2026-06-01T22:00:12.252886,Open-Meteo_Archive
2026-01-02,JAWA TIMUR,KOTA MALANG,-7.975,112.63333,25.0,20.5,22.5,30.4,32.6,96,6.7,1011.3,100,2026-06-01T22:00:18.211914,Open-Meteo_Archive
2026-01-03,JAWA TIMUR,KOTA MALANG,-7.975,112.63333,28.3,20.1,23.3,34.5,3.5,84,7.0,1011.5,98,2026-06-01T22:00:20.763973,Open-Meteo_Archive
2026-01-04,JAWA TIMUR,KOTA MALANG,-7.975,112.63333,27.6,20.9,23.3,31.3,17.9,87,7.7,1012.4,100,2026-06-01T22:00:23.385302,Open-Meteo_Archive
2026-01-05,JAWA TIMUR,KOTA MALANG,-7.975,112.63333,27.7,20.6,23.4,31.4,2.1,85,7.2,1012.3,100,2026-06-01T22:00:27.688347,Open-Meteo_Archive
2026-01-06,JAWA TIMUR,KOTA MALANG,-7.975,112.63333,28.6,20.9,24.2,31.4,1.3,77,10.7,1011.7,100,2026-06-01T22:00:30.144196,Open-Meteo_Archive
2026-01-07,JAWA TIMUR,KOTA MALANG,-7.975,112.63333,27.5,20.0,23.2,31.8,2.8,83,9.9,1011.7,97,2026-06-01T22:00:32.670030,Open-Meteo_Archive
2026-01-01,JAWA TIMUR,KOTA PROBOLINGGO,-7.78333,113.21667,30.7,23.9,27.0,36.5,14.1,81,9.3,1008.2,100,2026-06-01T22:00:37.249619,Open-Meteo_Archive
2026-01-02,JAWA TIMUR,KOTA PROBOLINGGO,-7.78333,113.21667,31.0,23.9,26.3,37.5,15.0,88,10.0,1009.3,99,2026-06-01T22:00:39.809718,Open-Meteo_Archive
2026-01-03,JAWA TIMUR,KOTA PROBOLINGGO,-7.78333,113.21667,31.1,24.1,27.0,36.8,0.9,80,12.2,1009.8,99,2026-06-01T22:00:45.221612,Open-Meteo_Archive
2026-01-04,JAWA TIMUR,KOTA PROBOLINGGO,-7.78333,113.21667,31.9,24.2,27.5,39.2,7.4,76,10.5,1010.1,100,2026-06-01T22:00:48.566742,Open-Meteo_Archive
2026-01-05,JAWA TIMUR,KOTA PROBOLINGGO,-7.78333,113.21667,29.8,24.6,26.6,34.4,2.7,79,10.1,1010.2,100,2026-06-01T22:00:51.123253,Open-Meteo_Archive
2026-01-06,JAWA TIMUR,KOTA PROBOLINGGO,-7.78333,113.21667,32.8,24.5,28.3,37.5,0.0,69,15.7,1009.0,99,2026-06-01T22:00:57.322240,Open-Meteo_Archive
2026-01-07,JAWA TIMUR,KOTA PROBOLINGGO,-7.78333,113.21667,31.9,24.4,27.9,38.3,0.9,73,16.1,1009.0,97,2026-06-01T22:00:59.894206,Open-Meteo_Archive
2026-01-01,JAWA TIMUR,KOTA PASURUAN,-7.65,112.9,32.9,25.0,27.6,39.7,13.9,82,11.2,1008.1,100,2026-06-01T22:01:02.423013,Open-Meteo_Archive
2026-01-02,JAWA TIMUR,KOTA PASURUAN,-7.65,112.9,32.2,24.5,27.5,39.6,8.3,82,9.1,1009.2,100,2026-06-01T22:01:06.621816,Open-Meteo_Archive
2026-01-03,JAWA TIMUR,KOTA PASURUAN,-7.65,112.9,32.9,24.2,27.3,38.4,1.1,82,16.1,1009.9,100,2026-06-01T22:01:09.177983,Open-Meteo_Archive
2026-01-04,JAWA TIMUR,KOTA PASURUAN,-7.65,112.9,32.3,24.9,27.6,38.8,3.0,81,9.4,1010.1,98,2026-06-01T22:01:14.488021,Open-Meteo_Archive
2026-01-05,JAWA TIMUR,KOTA PASURUAN,-7.65,112.9,30.9,24.7,26.9,36.7,1.2,84,8.4,1010.1,100,2026-06-01T22:01:16.940763,Open-Meteo_Archive
2026-01-06,JAWA TIMUR,KOTA PASURUAN,-7.65,112.9,33.6,25.2,29.0,39.3,1.0,75,14.3,1008.9,100,2026-06-01T22:01:22.002974,Open-Meteo_Archive
2026-01-07,JAWA TIMUR,KOTA PASURUAN,-7.65,112.9,32.3,24.1,28.4,37.7,2.2,72,13.4,1009.0,100,2026-06-01T22:01:24.975226,Open-Meteo_Archive
2026-01-01,JAWA TIMUR,KOTA MOJOKERTO,-7.46667,112.43333,33.0,24.5,27.5,39.9,20.7,83,11.3,1008.2,100,2026-06-01T22:01:30.772673,Open-Meteo_Archive
2026-01-02,JAWA TIMUR,KOTA MOJOKERTO,-7.46667,112.43333,31.5,23.9,27.3,36.0,9.2,82,11.0,1009.3,99,2026-06-01T22:01:33.245026,Open-Meteo_Archive
2026-01-03,JAWA TIMUR,KOTA MOJOKERTO,-7.46667,112.43333,31.3,24.6,26.8,36.7,4.2,84,15.8,1010.1,100,2026-06-01T22:01:36.518446,Open-Meteo_Archive
2026-01-04,JAWA TIMUR,KOTA MOJOKERTO,-7.46667,112.43333,32.8,24.3,27.8,37.3,0.3,79,13.0,1010.3,100,2026-06-01T22:01:39.048247,Open-Meteo_Archive
2026-01-05,JAWA TIMUR,KOTA MOJOKERTO,-7.46667,112.43333,31.4,24.5,27.1,35.4,2.0,83,14.5,1010.2,100,2026-06-01T22:01:43.879608,Open-Meteo_Archive
2026-01-06,JAWA TIMUR,KOTA MOJOKERTO,-7.46667,112.43333,34.5,25.5,29.6,37.9,0.0,65,20.0,1009.0,99,2026-06-01T22:01:46.635691,Open-Meteo_Archive
2026-01-07,JAWA TIMUR,KOTA MOJOKERTO,-7.46667,112.43333,34.3,24.5,29.1,37.3,0.2,71,20.2,1009.0,100,2026-06-01T22:01:52.680775,Open-Meteo_Archive
2026-01-01,JAWA TIMUR,KOTA MADIUN,-7.63333,111.53333,31.5,24.0,26.4,38.3,11.7,85,16.1,1008.4,99,2026-06-01T22:01:55.655492,Open-Meteo_Archive
2026-01-02,JAWA TIMUR,KOTA MADIUN,-7.63333,111.53333,30.7,23.5,26.7,35.2,19.9,83,11.3,1009.6,93,2026-06-01T22:02:00.615902,Open-Meteo_Archive
2026-01-03,JAWA TIMUR,KOTA MADIUN,-7.63333,111.53333,29.5,23.7,25.7,34.8,20.9,89,13.4,1010.4,99,2026-06-01T22:02:03.596190,Open-Meteo_Archive
2026-01-04,JAWA TIMUR,KOTA MADIUN,-7.63333,111.53333,29.0,23.6,25.8,33.6,4.1,86,10.9,1010.9,100,2026-06-01T22:02:06.466231,Open-Meteo_Archive
2026-01-05,JAWA TIMUR,KOTA MADIUN,-7.63333,111.53333,30.2,23.5,26.6,36.3,5.0,85,8.3,1010.6,100,2026-06-01T22:02:12.141202,Open-Meteo_Archive
2026-01-06,JAWA TIMUR,KOTA MADIUN,-7.63333,111.53333,33.3,24.1,28.4,37.0,0.0,66,18.8,1009.6,95,2026-06-01T22:02:15.390244,Open-Meteo_Archive
2026-01-07,JAWA TIMUR,KOTA MADIUN,-7.63333,111.53333,32.7,25.1,28.6,35.6,0.1,64,16.3,1009.5,100,2026-06-01T22:02:17.800433,Open-Meteo_Archive
2026-01-01,JAWA TIMUR,KOTA SURABAYA,-7.26667,112.71667,32.2,24.3,27.0,39.1,9.1,83,7.6,1008.4,100,2026-06-01T22:02:24.564168,Open-Meteo_Archive
2026-01-02,JAWA TIMUR,KOTA SURABAYA,-7.26667,112.71667,30.6,23.6,26.7,36.3,16.9,84,11.2,1009.5,100,2026-06-01T22:02:27.111978,Open-Meteo_Archive
2026-01-03,JAWA TIMUR,KOTA SURABAYA,-7.26667,112.71667,30.4,24.2,26.1,36.7,8.5,87,10.2,1010.2,100,2026-06-01T22:02:32.579321,Open-Meteo_Archive
2026-01-04,JAWA TIMUR,KOTA SURABAYA,-7.26667,112.71667,31.6,24.1,26.8,37.7,9.4,84,9.2,1010.5,99,2026-06-01T22:02:37.273618,Open-Meteo_Archive
2026-01-05,JAWA TIMUR,KOTA SURABAYA,-7.26667,112.71667,29.9,23.7,26.4,35.5,4.7,86,10.4,1010.5,100,2026-06-01T22:02:40.381270,Open-Meteo_Archive
2026-01-06,JAWA TIMUR,KOTA SURABAYA,-7.26667,112.71667,33.2,24.9,28.6,39.2,0.4,77,12.6,1009.3,100,2026-06-01T22:02:43.641539,Open-Meteo_Archive
2026-01-07,JAWA TIMUR,KOTA SURABAYA,-7.26667,112.71667,32.2,25.0,27.9,36.8,0.8,79,14.3,1009.3,100,2026-06-01T22:02:46.462991,Open-Meteo_Archive
2026-01-01,JAWA TIMUR,KOTA BATU,-7.83272,112.53751,24.4,18.0,20.3,27.8,9.3,89,8.1,1010.9,100,2026-06-01T22:02:49.247619,Open-Meteo_Archive
2026-01-02,JAWA TIMUR,KOTA BATU,-7.83272,112.53751,22.3,18.0,19.7,25.2,24.0,94,6.1,1012.3,100,2026-06-01T22:02:55.581684,Open-Meteo_Archive
2026-01-03,JAWA TIMUR,KOTA BATU,-7.83272,112.53751,24.8,17.1,20.1,28.1,16.8,85,7.9,1012.6,99,2026-06-01T22:02:58.094173,Open-Meteo_Archive
2026-01-04,JAWA TIMUR,KOTA BATU,-7.83272,112.53751,24.3,18.2,20.2,26.9,21.2,88,7.5,1013.4,100,2026-06-01T22:03:00.693365,Open-Meteo_Archive
2026-01-05,JAWA TIMUR,KOTA BATU,-7.83272,112.53751,24.3,17.4,20.2,27.2,0.8,84,7.2,1013.5,100,2026-06-01T22:03:07.299896,Open-Meteo_Archive
2026-01-06,JAWA TIMUR,KOTA BATU,-7.83272,112.53751,25.1,18.0,21.0,26.9,0.8,74,12.1,1012.9,100,2026-06-01T22:03:09.915198,Open-Meteo_Archive
2026-01-07,JAWA TIMUR,KOTA BATU,-7.83272,112.53751,24.2,17.1,20.1,27.4,3.8,82,9.2,1012.7,99,2026-06-01T22:03:12.473502,Open-Meteo_Archive
2026-01-01,BANTEN,KABUPATEN PANDEGLANG,-6.63333,105.75,27.0,22.7,24.2,31.2,18.7,93,17.9,1009.1,100,2026-06-01T22:03:15.004989,Open-Meteo_Archive
2026-01-02,BANTEN,KABUPATEN PANDEGLANG,-6.63333,105.75,28.1,22.0,23.9,34.2,49.6,96,16.1,1010.3,98,2026-06-01T22:03:19.901935,Open-Meteo_Archive
2026-01-03,BANTEN,KABUPATEN PANDEGLANG,-6.63333,105.75,25.1,22.5,23.3,29.1,44.9,97,18.1,1010.9,100,2026-06-01T22:03:22.693248,Open-Meteo_Archive
2026-01-04,BANTEN,KABUPATEN PANDEGLANG,-6.63333,105.75,29.9,22.0,25.5,35.0,11.7,85,13.5,1011.1,98,2026-06-01T22:03:28.130024,Open-Meteo_Archive
2026-01-05,BANTEN,KABUPATEN PANDEGLANG,-6.63333,105.75,30.4,22.4,26.0,35.7,0.3,83,15.2,1011.1,79,2026-06-01T22:03:30.740324,Open-Meteo_Archive
2026-01-06,BANTEN,KABUPATEN PANDEGLANG,-6.63333,105.75,31.3,21.9,26.3,37.6,3.5,82,13.1,1010.8,98,2026-06-01T22:03:33.150766,Open-Meteo_Archive
2026-01-07,BANTEN,KABUPATEN PANDEGLANG,-6.63333,105.75,31.0,23.1,26.8,35.4,0.1,78,11.6,1010.8,100,2026-06-01T22:03:35.506757,Open-Meteo_Archive
2026-01-01,BANTEN,KABUPATEN LEBAK,-6.65,106.21667,27.1,22.1,23.2,32.4,28.1,95,16.7,1010.0,99,2026-06-01T22:03:37.942793,Open-Meteo_Archive
2026-01-02,BANTEN,KABUPATEN LEBAK,-6.65,106.21667,28.1,21.9,23.6,33.4,52.7,92,12.7,1011.1,99,2026-06-01T22:03:40.423575,Open-Meteo_Archive
2026-01-03,BANTEN,KABUPATEN LEBAK,-6.65,106.21667,25.2,21.9,22.5,28.7,38.9,97,14.4,1012.0,100,2026-06-01T22:03:46.230363,Open-Meteo_Archive
2026-01-04,BANTEN,KABUPATEN LEBAK,-6.65,106.21667,29.1,21.5,24.7,34.6,3.2,86,15.1,1012.1,100,2026-06-01T22:03:52.302266,Open-Meteo_Archive
2026-01-05,BANTEN,KABUPATEN LEBAK,-6.65,106.21667,29.1,22.8,25.6,34.0,0.1,82,17.3,1012.2,81,2026-06-01T22:03:58.391062,Open-Meteo_Archive
2026-01-06,BANTEN,KABUPATEN LEBAK,-6.65,106.21667,30.1,22.6,25.9,34.8,0.0,76,12.9,1011.7,94,2026-06-01T22:04:03.802300,Open-Meteo_Archive
2026-01-07,BANTEN,KABUPATEN LEBAK,-6.65,106.21667,30.0,23.6,26.0,33.4,4.3,78,16.3,1011.8,100,2026-06-01T22:04:06.334140,Open-Meteo_Archive
2026-01-01,BANTEN,KABUPATEN TANGERANG,-6.2,106.46667,29.5,23.4,25.8,33.7,14.1,87,17.2,1008.6,98,2026-06-01T22:04:09.045857,Open-Meteo_Archive
2026-01-02,BANTEN,KABUPATEN TANGERANG,-6.2,106.46667,30.5,23.5,25.5,37.2,48.0,88,17.6,1009.9,95,2026-06-01T22:04:11.487228,Open-Meteo_Archive
2026-01-03,BANTEN,KABUPATEN TANGERANG,-6.2,106.46667,27.5,23.3,24.6,31.6,16.2,92,13.8,1010.7,100,2026-06-01T22:04:14.127525,Open-Meteo_Archive
2026-01-04,BANTEN,KABUPATEN TANGERANG,-6.2,106.46667,30.2,22.9,26.3,35.4,5.1,84,12.9,1011.2,95,2026-06-01T22:04:19.108495,Open-Meteo_Archive
2026-01-05,BANTEN,KABUPATEN TANGERANG,-6.2,106.46667,30.6,23.3,27.0,35.7,3.8,83,16.9,1011.2,81,2026-06-01T22:04:21.870503,Open-Meteo_Archive
2026-01-06,BANTEN,KABUPATEN TANGERANG,-6.2,106.46667,31.9,24.4,27.7,37.7,0.4,82,16.4,1010.5,99,2026-06-01T22:04:24.787289,Open-Meteo_Archive
2026-01-07,BANTEN,KABUPATEN TANGERANG,-6.2,106.46667,30.0,23.8,26.9,34.7,21.2,84,15.5,1010.5,100,2026-06-01T22:04:27.200875,Open-Meteo_Archive
2026-01-01,BANTEN,KABUPATEN SERANG,-6.15,106.0,29.8,23.4,25.4,36.8,8.4,91,16.1,1009.3,87,2026-06-01T22:04:33.049614,Open-Meteo_Archive
2026-01-02,BANTEN,KABUPATEN SERANG,-6.15,106.0,28.0,23.2,24.6,34.1,51.4,95,14.7,1010.6,98,2026-06-01T22:04:35.544889,Open-Meteo_Archive
2026-01-03,BANTEN,KABUPATEN SERANG,-6.15,106.0,26.8,23.3,24.2,32.6,21.4,96,18.6,1011.2,100,2026-06-01T22:04:39.902486,Open-Meteo_Archive
2026-01-04,BANTEN,KABUPATEN SERANG,-6.15,106.0,30.4,22.5,25.9,37.3,4.8,87,10.3,1011.7,96,2026-06-01T22:04:42.392449,Open-Meteo_Archive
2026-01-05,BANTEN,KABUPATEN SERANG,-6.15,106.0,30.9,23.0,26.5,37.0,3.0,86,11.2,1011.8,83,2026-06-01T22:04:47.972133,Open-Meteo_Archive
2026-01-06,BANTEN,KABUPATEN SERANG,-6.15,106.0,31.6,23.0,27.0,38.0,0.1,83,10.7,1011.2,100,2026-06-01T22:04:53.355013,Open-Meteo_Archive
2026-01-07,BANTEN,KABUPATEN SERANG,-6.15,106.0,30.0,23.9,26.6,35.5,0.9,85,8.4,1011.2,96,2026-06-01T22:04:55.939176,Open-Meteo_Archive
2026-01-01,BANTEN,KOTA TANGERANG,-6.17944,106.62991,29.5,23.1,25.9,34.4,6.8,87,13.0,1008.6,97,2026-06-01T22:05:01.734045,Open-Meteo_Archive
2026-01-02,BANTEN,KOTA TANGERANG,-6.17944,106.62991,29.5,23.2,25.4,35.7,29.2,89,15.4,1009.9,97,2026-06-01T22:05:07.654040,Open-Meteo_Archive
2026-01-03,BANTEN,KOTA TANGERANG,-6.17944,106.62991,27.1,23.2,24.6,31.7,16.5,92,10.1,1010.7,100,2026-06-01T22:05:10.394924,Open-Meteo_Archive
2026-01-04,BANTEN,KOTA TANGERANG,-6.17944,106.62991,29.9,22.5,26.0,35.3,6.4,86,11.8,1011.2,95,2026-06-01T22:05:12.915093,Open-Meteo_Archive
2026-01-05,BANTEN,KOTA TANGERANG,-6.17944,106.62991,30.1,23.2,26.9,35.5,1.8,84,15.3,1011.1,80,2026-06-01T22:05:15.596778,Open-Meteo_Archive
2026-01-06,BANTEN,KOTA TANGERANG,-6.17944,106.62991,31.2,24.0,27.5,37.4,0.0,83,14.7,1010.4,99,2026-06-01T22:05:18.157584,Open-Meteo_Archive
2026-01-07,BANTEN,KOTA TANGERANG,-6.17944,106.62991,29.2,24.1,26.7,34.3,11.6,86,13.1,1010.5,100,2026-06-01T22:05:20.588216,Open-Meteo_Archive
2026-01-01,BANTEN,KOTA CILEGON,-6.01667,106.01667,29.2,24.1,25.9,35.1,10.9,86,19.3,1008.7,92,2026-06-01T22:05:23.122295,Open-Meteo_Archive
2026-01-02,BANTEN,KOTA CILEGON,-6.01667,106.01667,27.7,23.4,25.1,33.3,43.0,91,17.3,1010.1,98,2026-06-01T22:05:27.884173,Open-Meteo_Archive
2026-01-03,BANTEN,KOTA CILEGON,-6.01667,106.01667,27.4,24.0,25.2,31.5,15.5,89,20.3,1010.6,99,2026-06-01T22:05:30.344815,Open-Meteo_Archive
2026-01-04,BANTEN,KOTA CILEGON,-6.01667,106.01667,29.9,23.4,26.5,35.8,4.3,84,15.9,1011.1,94,2026-06-01T22:05:35.590082,Open-Meteo_Archive
2026-01-05,BANTEN,KOTA CILEGON,-6.01667,106.01667,30.6,23.9,27.1,36.0,2.4,82,14.4,1011.1,90,2026-06-01T22:05:41.583408,Open-Meteo_Archive
2026-01-06,BANTEN,KOTA CILEGON,-6.01667,106.01667,30.2,23.3,27.0,36.5,0.0,83,17.7,1010.6,99,2026-06-01T22:05:45.231694,Open-Meteo_Archive
2026-01-07,BANTEN,KOTA CILEGON,-6.01667,106.01667,29.5,24.5,27.0,34.7,8.2,84,11.9,1010.7,98,2026-06-01T22:05:47.604183,Open-Meteo_Archive
2026-01-01,BANTEN,KOTA SERANG,-6.12563,106.14999,31.1,23.7,26.2,36.1,10.1,84,13.2,1008.6,92,2026-06-01T22:05:53.052808,Open-Meteo_Archive
2026-01-02,BANTEN,KOTA SERANG,-6.12563,106.14999,30.1,23.5,25.4,35.0,50.7,90,13.0,1010.0,96,2026-06-01T22:05:58.551808,Open-Meteo_Archive
2026-01-03,BANTEN,KOTA SERANG,-6.12563,106.14999,28.0,23.5,24.9,33.1,16.6,88,14.8,1010.6,100,2026-06-01T22:06:01.070458,Open-Meteo_Archive
2026-01-04,BANTEN,KOTA SERANG,-6.12563,106.14999,30.4,22.8,26.3,36.2,8.2,84,12.1,1011.1,95,2026-06-01T22:06:05.859784,Open-Meteo_Archive
2026-01-05,BANTEN,KOTA SERANG,-6.12563,106.14999,30.8,23.1,26.9,36.1,0.4,83,13.9,1011.2,78,2026-06-01T22:06:12.483727,Open-Meteo_Archive
2026-01-06,BANTEN,KOTA SERANG,-6.12563,106.14999,31.7,23.4,27.5,38.3,1.0,80,13.5,1010.5,99,2026-06-01T22:06:15.031283,Open-Meteo_Archive
2026-01-07,BANTEN,KOTA SERANG,-6.12563,106.14999,30.4,24.3,26.9,35.1,13.5,83,9.7,1010.6,100,2026-06-01T22:06:17.538380,Open-Meteo_Archive
2026-01-01,BANTEN,KOTA TANGERANG SELATAN,-6.29373,106.71244,29.5,23.7,26.0,35.2,8.8,86,16.0,1008.7,97,2026-06-01T22:06:24.370215,Open-Meteo_Archive
2026-01-02,BANTEN,KOTA TANGERANG SELATAN,-6.29373,106.71244,30.2,23.4,25.4,36.7,45.0,89,10.0,1010.0,96,2026-06-01T22:06:26.831238,Open-Meteo_Archive
2026-01-03,BANTEN,KOTA TANGERANG SELATAN,-6.29373,106.71244,26.7,23.5,24.6,31.0,18.3,90,14.1,1010.8,100,2026-06-01T22:06:31.501714,Open-Meteo_Archive
2026-01-04,BANTEN,KOTA TANGERANG SELATAN,-6.29373,106.71244,29.8,22.3,26.1,35.3,6.5,83,10.2,1011.3,96,2026-06-01T22:06:38.330530,Open-Meteo_Archive
2026-01-05,BANTEN,KOTA TANGERANG SELATAN,-6.29373,106.71244,30.3,23.5,27.0,36.5,4.1,82,9.7,1011.3,80,2026-06-01T22:06:40.978707,Open-Meteo_Archive
2026-01-06,BANTEN,KOTA TANGERANG SELATAN,-6.29373,106.71244,32.0,24.1,27.6,38.2,0.2,80,11.4,1010.5,99,2026-06-01T22:06:45.178826,Open-Meteo_Archive
2026-01-07,BANTEN,KOTA TANGERANG SELATAN,-6.29373,106.71244,30.0,23.7,26.8,34.6,9.6,86,13.3,1010.5,100,2026-06-01T22:06:47.830535,Open-Meteo_Archive
