tanggal,provinsi,kab_kota,latitude,longitude,suhu_max,suhu_min,suhu_mean,suhu_feels_like_max,curah_hujan_mm,kelembapan,kecepatan_angin,tekanan_udara,awan_persen,waktu_ingest,sumber
2026-01-08,DKI JAKARTA,KABUPATEN KEPULAUAN SERIBU,-5.5985,106.55271,27.7,26.2,27.1,31.7,10.1,83,30.7,1011.1,100,2026-06-01T23:32:49.907616,Open-Meteo_Archive
2026-01-09,DKI JAKARTA,KABUPATEN KEPULAUAN SERIBU,-5.5985,106.55271,27.8,25.7,27.0,30.3,30.3,81,31.9,1011.1,99,2026-06-01T23:32:53.074117,Open-Meteo_Archive
2026-01-10,DKI JAKARTA,KABUPATEN KEPULAUAN SERIBU,-5.5985,106.55271,28.3,25.8,27.2,31.3,19.0,78,35.7,1011.3,100,2026-06-01T23:32:56.257538,Open-Meteo_Archive
2026-01-11,DKI JAKARTA,KABUPATEN KEPULAUAN SERIBU,-5.5985,106.55271,27.5,24.0,26.3,29.7,21.0,84,32.0,1011.7,98,2026-06-01T23:32:58.839684,Open-Meteo_Archive
2026-01-12,DKI JAKARTA,KABUPATEN KEPULAUAN SERIBU,-5.5985,106.55271,27.7,25.0,26.1,30.1,35.7,83,39.0,1011.6,99,2026-06-01T23:33:02.020216,Open-Meteo_Archive
2026-01-13,DKI JAKARTA,KABUPATEN KEPULAUAN SERIBU,-5.5985,106.55271,27.5,25.2,26.6,31.0,22.6,82,36.7,1011.4,99,2026-06-01T23:33:06.710993,Open-Meteo_Archive
2026-01-14,DKI JAKARTA,KABUPATEN KEPULAUAN SERIBU,-5.5985,106.55271,27.3,24.7,26.5,30.5,27.1,83,31.3,1010.8,98,2026-06-01T23:33:10.244405,Open-Meteo_Archive
2026-01-08,DKI JAKARTA,KOTA JAKARTA SELATAN,-6.266,106.8135,29.5,24.4,26.4,33.7,1.6,83,13.9,1010.9,100,2026-06-01T23:33:13.453139,Open-Meteo_Archive
2026-01-09,DKI JAKARTA,KOTA JAKARTA SELATAN,-6.266,106.8135,30.6,24.0,26.6,35.7,2.8,81,17.3,1010.8,92,2026-06-01T23:33:17.626934,Open-Meteo_Archive
2026-01-10,DKI JAKARTA,KOTA JAKARTA SELATAN,-6.266,106.8135,27.5,23.4,25.3,31.1,11.2,86,14.3,1011.2,99,2026-06-01T23:33:21.237262,Open-Meteo_Archive
2026-01-11,DKI JAKARTA,KOTA JAKARTA SELATAN,-6.266,106.8135,29.0,23.6,25.3,33.8,12.1,85,18.2,1011.3,88,2026-06-01T23:33:24.650835,Open-Meteo_Archive
2026-01-12,DKI JAKARTA,KOTA JAKARTA SELATAN,-6.266,106.8135,28.0,23.0,24.6,31.9,57.8,88,16.1,1011.7,91,2026-06-01T23:33:27.923749,Open-Meteo_Archive
2026-01-13,DKI JAKARTA,KOTA JAKARTA SELATAN,-6.266,106.8135,29.1,23.0,25.4,33.7,8.2,83,19.5,1011.3,97,2026-06-01T23:33:31.053276,Open-Meteo_Archive
2026-01-14,DKI JAKARTA,KOTA JAKARTA SELATAN,-6.266,106.8135,28.2,23.5,25.4,32.2,22.6,85,17.7,1010.7,99,2026-06-01T23:33:37.706244,Open-Meteo_Archive
2026-01-08,DKI JAKARTA,KOTA JAKARTA TIMUR,-6.2521,106.884,29.6,25.0,26.8,34.4,0.4,81,12.5,1010.8,100,2026-06-01T23:33:41.553015,Open-Meteo_Archive
2026-01-09,DKI JAKARTA,KOTA JAKARTA TIMUR,-6.2521,106.884,30.8,24.5,26.7,36.4,2.3,80,14.7,1010.7,94,2026-06-01T23:33:44.976010,Open-Meteo_Archive
2026-01-10,DKI JAKARTA,KOTA JAKARTA TIMUR,-6.2521,106.884,27.5,23.9,25.6,31.7,6.5,85,13.6,1011.2,99,2026-06-01T23:33:48.670687,Open-Meteo_Archive
2026-01-11,DKI JAKARTA,KOTA JAKARTA TIMUR,-6.2521,106.884,28.4,23.8,25.4,32.3,9.2,86,14.4,1011.3,90,2026-06-01T23:33:52.044118,Open-Meteo_Archive
2026-01-12,DKI JAKARTA,KOTA JAKARTA TIMUR,-6.2521,106.884,27.8,23.3,24.7,32.2,37.8,88,14.4,1011.6,91,2026-06-01T23:33:56.280417,Open-Meteo_Archive
2026-01-13,DKI JAKARTA,KOTA JAKARTA TIMUR,-6.2521,106.884,28.5,23.0,25.7,33.1,3.0,83,16.6,1011.3,98,2026-06-01T23:33:59.625877,Open-Meteo_Archive
2026-01-14,DKI JAKARTA,KOTA JAKARTA TIMUR,-6.2521,106.884,28.4,23.5,25.6,32.9,11.7,85,14.7,1010.6,100,2026-06-01T23:34:03.302991,Open-Meteo_Archive
2026-01-08,DKI JAKARTA,KOTA JAKARTA PUSAT,-6.1777,106.8403,29.4,24.9,26.8,34.3,1.1,80,15.7,1010.8,100,2026-06-01T23:34:08.829988,Open-Meteo_Archive
2026-01-09,DKI JAKARTA,KOTA JAKARTA PUSAT,-6.1777,106.8403,30.3,24.7,26.6,34.8,1.8,79,17.8,1010.8,96,2026-06-01T23:34:12.741171,Open-Meteo_Archive
2026-01-10,DKI JAKARTA,KOTA JAKARTA PUSAT,-6.1777,106.8403,27.5,24.0,25.6,31.2,6.0,84,15.7,1011.2,99,2026-06-01T23:34:15.831271,Open-Meteo_Archive
2026-01-11,DKI JAKARTA,KOTA JAKARTA PUSAT,-6.1777,106.8403,28.2,23.6,25.4,31.5,5.5,86,16.2,1011.3,90,2026-06-01T23:34:19.277713,Open-Meteo_Archive
2026-01-12,DKI JAKARTA,KOTA JAKARTA PUSAT,-6.1777,106.8403,27.4,23.5,24.7,30.5,27.6,88,16.0,1011.6,91,2026-06-01T23:34:22.912721,Open-Meteo_Archive
2026-01-13,DKI JAKARTA,KOTA JAKARTA PUSAT,-6.1777,106.8403,28.8,23.1,25.7,32.4,5.1,83,18.4,1011.3,96,2026-06-01T23:34:26.330915,Open-Meteo_Archive
2026-01-14,DKI JAKARTA,KOTA JAKARTA PUSAT,-6.1777,106.8403,28.2,23.5,25.4,32.2,2.9,85,15.9,1010.6,100,2026-06-01T23:34:29.666421,Open-Meteo_Archive
2026-01-08,DKI JAKARTA,KOTA JAKARTA BARAT,-6.1676,106.7673,29.5,24.5,26.5,34.0,1.2,82,14.1,1010.9,100,2026-06-01T23:34:33.001474,Open-Meteo_Archive
2026-01-09,DKI JAKARTA,KOTA JAKARTA BARAT,-6.1676,106.7673,30.2,24.0,26.2,35.3,2.5,82,15.7,1010.9,96,2026-06-01T23:34:36.784243,Open-Meteo_Archive
2026-01-10,DKI JAKARTA,KOTA JAKARTA BARAT,-6.1676,106.7673,27.5,23.6,25.3,31.2,6.4,87,15.4,1011.3,98,2026-06-01T23:34:40.674100,Open-Meteo_Archive
2026-01-11,DKI JAKARTA,KOTA JAKARTA BARAT,-6.1676,106.7673,28.9,23.2,25.1,32.6,5.8,88,15.7,1011.4,89,2026-06-01T23:34:44.159670,Open-Meteo_Archive
2026-01-12,DKI JAKARTA,KOTA JAKARTA BARAT,-6.1676,106.7673,27.7,23.1,24.5,30.6,20.1,89,16.6,1011.7,91,2026-06-01T23:34:48.466961,Open-Meteo_Archive
2026-01-13,DKI JAKARTA,KOTA JAKARTA BARAT,-6.1676,106.7673,29.0,22.7,25.5,33.1,3.5,84,17.6,1011.3,98,2026-06-01T23:34:51.735824,Open-Meteo_Archive
2026-01-14,DKI JAKARTA,KOTA JAKARTA BARAT,-6.1676,106.7673,28.2,23.1,25.2,32.3,7.8,86,15.0,1010.7,100,2026-06-01T23:34:55.068462,Open-Meteo_Archive
2026-01-08,DKI JAKARTA,KOTA JAKARTA UTARA,-6.1339,106.8823,29.4,25.0,26.9,34.1,2.0,80,18.3,1010.7,100,2026-06-01T23:34:58.355686,Open-Meteo_Archive
2026-01-09,DKI JAKARTA,KOTA JAKARTA UTARA,-6.1339,106.8823,29.9,24.9,26.7,34.2,1.5,79,21.5,1010.7,97,2026-06-01T23:35:01.768497,Open-Meteo_Archive
2026-01-10,DKI JAKARTA,KOTA JAKARTA UTARA,-6.1339,106.8823,27.6,24.2,25.7,31.4,5.3,84,15.3,1011.1,99,2026-06-01T23:35:08.125049,Open-Meteo_Archive
2026-01-11,DKI JAKARTA,KOTA JAKARTA UTARA,-6.1339,106.8823,28.0,24.0,25.4,31.8,5.9,86,17.3,1011.3,89,2026-06-01T23:35:11.435013,Open-Meteo_Archive
2026-01-12,DKI JAKARTA,KOTA JAKARTA UTARA,-6.1339,106.8823,27.0,23.6,24.8,30.1,37.5,88,17.1,1011.6,91,2026-06-01T23:35:14.672950,Open-Meteo_Archive
2026-01-13,DKI JAKARTA,KOTA JAKARTA UTARA,-6.1339,106.8823,28.5,23.5,25.8,32.3,4.4,83,18.5,1011.2,95,2026-06-01T23:35:18.375101,Open-Meteo_Archive
2026-01-14,DKI JAKARTA,KOTA JAKARTA UTARA,-6.1339,106.8823,28.2,23.8,25.6,31.9,3.4,84,17.8,1010.5,100,2026-06-01T23:35:21.752041,Open-Meteo_Archive
2026-01-08,JAWA BARAT,KABUPATEN BOGOR,-6.58333,106.71667,27.9,22.3,24.7,32.7,2.1,84,13.0,1011.4,100,2026-06-01T23:35:25.218327,Open-Meteo_Archive
2026-01-09,JAWA BARAT,KABUPATEN BOGOR,-6.58333,106.71667,30.5,20.9,25.0,34.5,15.2,83,13.3,1011.2,96,2026-06-01T23:35:29.285143,Open-Meteo_Archive
2026-01-10,JAWA BARAT,KABUPATEN BOGOR,-6.58333,106.71667,27.5,21.8,23.9,32.3,10.7,92,12.6,1011.7,96,2026-06-01T23:35:32.824753,Open-Meteo_Archive
2026-01-11,JAWA BARAT,KABUPATEN BOGOR,-6.58333,106.71667,27.1,21.5,23.4,30.6,12.5,93,12.5,1011.8,90,2026-06-01T23:35:38.125700,Open-Meteo_Archive
2026-01-12,JAWA BARAT,KABUPATEN BOGOR,-6.58333,106.71667,25.6,21.0,23.0,29.3,22.9,92,12.0,1012.1,95,2026-06-01T23:35:41.225434,Open-Meteo_Archive
2026-01-13,JAWA BARAT,KABUPATEN BOGOR,-6.58333,106.71667,27.6,21.1,23.8,31.5,7.6,88,15.0,1011.8,96,2026-06-01T23:35:44.372531,Open-Meteo_Archive
2026-01-14,JAWA BARAT,KABUPATEN BOGOR,-6.58333,106.71667,26.0,22.1,23.8,29.1,6.6,90,18.3,1011.1,99,2026-06-01T23:35:47.580024,Open-Meteo_Archive
2026-01-08,JAWA BARAT,KABUPATEN SUKABUMI,-7.06667,106.7,26.7,18.8,21.8,29.5,8.2,87,19.3,1012.6,99,2026-06-01T23:35:51.711252,Open-Meteo_Archive
2026-01-09,JAWA BARAT,KABUPATEN SUKABUMI,-7.06667,106.7,25.7,18.6,21.4,28.4,1.9,90,19.0,1012.4,95,2026-06-01T23:35:55.010692,Open-Meteo_Archive
2026-01-10,JAWA BARAT,KABUPATEN SUKABUMI,-7.06667,106.7,22.6,19.3,20.1,26.1,9.5,98,19.9,1012.9,100,2026-06-01T23:35:57.989909,Open-Meteo_Archive
2026-01-11,JAWA BARAT,KABUPATEN SUKABUMI,-7.06667,106.7,21.6,18.3,19.6,23.7,13.4,98,14.7,1013.2,100,2026-06-01T23:36:01.071548,Open-Meteo_Archive
2026-01-12,JAWA BARAT,KABUPATEN SUKABUMI,-7.06667,106.7,23.8,18.1,19.9,26.3,5.9,96,17.4,1013.1,100,2026-06-01T23:36:04.290902,Open-Meteo_Archive
2026-01-13,JAWA BARAT,KABUPATEN SUKABUMI,-7.06667,106.7,24.2,18.4,20.7,26.9,14.5,93,17.8,1012.8,100,2026-06-01T23:36:07.994446,Open-Meteo_Archive
2026-01-13,JAWA BARAT,KABUPATEN CIREBON,-6.8,108.56667,28.5,22.6,25.2,31.4,7.2,83,25.1,1010.5,100,2026-06-01T23:37:41.490777,Open-Meteo_Archive
2026-01-14,JAWA BARAT,KABUPATEN CIREBON,-6.8,108.56667,28.1,22.5,25.0,31.5,6.4,86,25.9,1009.6,99,2026-06-01T23:37:47.415037,Open-Meteo_Archive
2026-01-08,JAWA BARAT,KABUPATEN MAJALENGKA,-6.81667,108.28333,29.6,23.0,25.8,37.9,5.6,86,8.8,1010.5,99,2026-06-01T23:37:50.647756,Open-Meteo_Archive
2026-01-09,JAWA BARAT,KABUPATEN MAJALENGKA,-6.81667,108.28333,29.6,22.7,25.2,36.2,12.2,83,7.2,1010.4,99,2026-06-01T23:37:54.071303,Open-Meteo_Archive
2026-01-10,JAWA BARAT,KABUPATEN MAJALENGKA,-6.81667,108.28333,27.7,23.1,25.1,32.9,29.9,87,10.6,1010.7,99,2026-06-01T23:37:57.482192,Open-Meteo_Archive
2026-01-11,JAWA BARAT,KABUPATEN MAJALENGKA,-6.81667,108.28333,27.1,22.4,24.5,31.4,29.7,87,8.6,1011.0,84,2026-06-01T23:38:01.026625,Open-Meteo_Archive
2026-01-12,JAWA BARAT,KABUPATEN MAJALENGKA,-6.81667,108.28333,25.3,22.0,23.6,29.9,13.8,91,8.9,1011.4,98,2026-06-01T23:38:05.986319,Open-Meteo_Archive
2026-01-13,JAWA BARAT,KABUPATEN MAJALENGKA,-6.81667,108.28333,27.9,22.3,24.9,33.0,34.7,83,16.2,1010.8,99,2026-06-01T23:38:09.271645,Open-Meteo_Archive
2026-01-14,JAWA BARAT,KABUPATEN MAJALENGKA,-6.81667,108.28333,27.9,22.3,24.9,33.6,25.5,85,17.1,1010.0,99,2026-06-01T23:38:12.335597,Open-Meteo_Archive
2026-01-08,JAWA BARAT,KABUPATEN SUMEDANG,-6.81667,107.98333,28.3,21.1,24.0,34.4,4.5,88,8.9,1011.7,100,2026-06-01T23:38:18.558774,Open-Meteo_Archive
2026-01-09,JAWA BARAT,KABUPATEN SUMEDANG,-6.81667,107.98333,27.7,19.7,23.3,32.7,9.9,87,7.2,1011.5,99,2026-06-01T23:38:22.173114,Open-Meteo_Archive
2026-01-10,JAWA BARAT,KABUPATEN SUMEDANG,-6.81667,107.98333,27.3,21.0,23.6,31.5,18.4,90,8.4,1011.7,99,2026-06-01T23:38:25.310877,Open-Meteo_Archive
2026-01-11,JAWA BARAT,KABUPATEN SUMEDANG,-6.81667,107.98333,26.0,20.9,22.6,30.1,15.8,92,6.2,1012.0,87,2026-06-01T23:38:28.741659,Open-Meteo_Archive
2026-01-12,JAWA BARAT,KABUPATEN SUMEDANG,-6.81667,107.98333,23.9,20.0,21.9,28.1,12.3,95,7.0,1012.3,97,2026-06-01T23:38:31.820679,Open-Meteo_Archive
2026-01-13,JAWA BARAT,KABUPATEN SUMEDANG,-6.81667,107.98333,26.1,20.4,23.2,30.2,25.7,87,14.2,1011.8,99,2026-06-01T23:38:35.480340,Open-Meteo_Archive
2026-01-14,JAWA BARAT,KABUPATEN SUMEDANG,-6.81667,107.98333,25.9,21.2,23.3,30.0,37.3,89,13.7,1010.9,99,2026-06-01T23:38:38.718444,Open-Meteo_Archive
2026-01-08,JAWA BARAT,KABUPATEN INDRAMAYU,-6.45,108.16667,30.6,23.7,26.7,35.9,2.5,84,16.3,1010.2,100,2026-06-01T23:38:44.897923,Open-Meteo_Archive
2026-01-09,JAWA BARAT,KABUPATEN INDRAMAYU,-6.45,108.16667,31.0,23.5,26.3,37.1,8.2,82,22.7,1010.1,100,2026-06-01T23:38:47.881029,Open-Meteo_Archive
2026-01-10,JAWA BARAT,KABUPATEN INDRAMAYU,-6.45,108.16667,29.7,24.1,26.5,32.4,4.0,80,23.0,1010.3,100,2026-06-01T23:38:51.191084,Open-Meteo_Archive
2026-01-11,JAWA BARAT,KABUPATEN INDRAMAYU,-6.45,108.16667,27.7,23.8,25.4,31.3,13.8,87,19.5,1010.6,88,2026-06-01T23:38:54.428443,Open-Meteo_Archive
2026-01-12,JAWA BARAT,KABUPATEN INDRAMAYU,-6.45,108.16667,26.0,22.7,24.3,30.2,17.4,90,18.7,1011.1,100,2026-06-01T23:38:58.014332,Open-Meteo_Archive
2026-01-13,JAWA BARAT,KABUPATEN INDRAMAYU,-6.45,108.16667,29.0,23.8,26.1,33.4,4.1,82,20.9,1010.5,100,2026-06-01T23:39:01.091175,Open-Meteo_Archive
2026-01-14,JAWA BARAT,KABUPATEN INDRAMAYU,-6.45,108.16667,28.8,24.5,26.2,32.3,3.9,83,24.0,1009.6,100,2026-06-01T23:39:05.687980,Open-Meteo_Archive
2026-01-08,JAWA BARAT,KABUPATEN SUBANG,-6.50833,107.7025,30.2,23.5,26.1,33.8,0.8,84,19.4,1010.4,100,2026-06-01T23:39:09.033159,Open-Meteo_Archive
2026-01-09,JAWA BARAT,KABUPATEN SUBANG,-6.50833,107.7025,31.0,23.7,26.0,36.2,4.2,83,20.4,1010.3,96,2026-06-01T23:39:12.195325,Open-Meteo_Archive
2026-01-10,JAWA BARAT,KABUPATEN SUBANG,-6.50833,107.7025,28.1,23.5,25.7,30.5,2.1,84,24.3,1010.7,100,2026-06-01T23:39:15.519801,Open-Meteo_Archive
2026-01-11,JAWA BARAT,KABUPATEN SUBANG,-6.50833,107.7025,27.2,22.6,24.7,29.9,6.8,90,24.2,1010.9,85,2026-06-01T23:39:21.046212,Open-Meteo_Archive
2026-01-12,JAWA BARAT,KABUPATEN SUBANG,-6.50833,107.7025,25.8,22.3,23.7,29.3,17.2,93,18.0,1011.3,99,2026-06-01T23:39:24.229879,Open-Meteo_Archive
2026-01-13,JAWA BARAT,KABUPATEN SUBANG,-6.50833,107.7025,28.2,22.7,25.2,30.8,5.4,85,22.3,1010.9,100,2026-06-01T23:39:27.723113,Open-Meteo_Archive
2026-01-14,JAWA BARAT,KABUPATEN SUBANG,-6.50833,107.7025,28.8,23.5,25.1,32.2,8.6,89,22.2,1010.0,99,2026-06-01T23:39:31.462955,Open-Meteo_Archive
2026-01-08,JAWA BARAT,KABUPATEN PURWAKARTA,-6.58333,107.45,30.0,23.9,26.6,33.3,1.3,73,21.7,1010.8,100,2026-06-01T23:39:34.886946,Open-Meteo_Archive
2026-01-09,JAWA BARAT,KABUPATEN PURWAKARTA,-6.58333,107.45,30.1,23.0,25.9,35.7,12.3,82,13.7,1010.7,98,2026-06-01T23:39:38.391554,Open-Meteo_Archive
2026-01-10,JAWA BARAT,KABUPATEN PURWAKARTA,-6.58333,107.45,27.4,23.4,25.2,31.9,6.5,87,13.4,1011.1,99,2026-06-01T23:39:41.464018,Open-Meteo_Archive
2026-01-11,JAWA BARAT,KABUPATEN PURWAKARTA,-6.58333,107.45,26.9,23.0,24.6,30.6,19.1,88,12.0,1011.3,91,2026-06-01T23:39:46.139630,Open-Meteo_Archive
2026-01-12,JAWA BARAT,KABUPATEN PURWAKARTA,-6.58333,107.45,25.9,22.2,24.0,30.3,13.0,90,12.3,1011.7,97,2026-06-01T23:39:49.519367,Open-Meteo_Archive
2026-01-13,JAWA BARAT,KABUPATEN PURWAKARTA,-6.58333,107.45,27.1,22.7,24.6,31.3,14.5,86,18.8,1011.3,100,2026-06-01T23:39:52.892405,Open-Meteo_Archive
2026-01-14,JAWA BARAT,KABUPATEN PURWAKARTA,-6.58333,107.45,27.2,23.1,24.7,31.5,24.2,88,17.0,1010.4,100,2026-06-01T23:39:56.283450,Open-Meteo_Archive
2026-01-08,JAWA BARAT,KABUPATEN KARAWANG,-6.26667,107.41667,30.4,24.6,26.7,33.4,1.9,83,21.1,1010.5,100,2026-06-01T23:39:59.524673,Open-Meteo_Archive
2026-01-09,JAWA BARAT,KABUPATEN KARAWANG,-6.26667,107.41667,31.5,24.4,26.8,34.8,7.2,80,23.8,1010.4,94,2026-06-01T23:40:02.848788,Open-Meteo_Archive
2026-01-10,JAWA BARAT,KABUPATEN KARAWANG,-6.26667,107.41667,27.9,24.0,26.0,31.1,1.1,83,22.1,1010.8,100,2026-06-01T23:40:06.279662,Open-Meteo_Archive
2026-01-11,JAWA BARAT,KABUPATEN KARAWANG,-6.26667,107.41667,28.2,23.7,25.4,31.3,14.3,86,21.4,1011.0,89,2026-06-01T23:40:09.487765,Open-Meteo_Archive
2026-01-12,JAWA BARAT,KABUPATEN KARAWANG,-6.26667,107.41667,27.0,23.0,24.4,30.6,42.3,91,16.9,1011.4,97,2026-06-01T23:40:13.041708,Open-Meteo_Archive
2026-01-13,JAWA BARAT,KABUPATEN KARAWANG,-6.26667,107.41667,29.4,23.4,25.9,32.5,3.6,82,24.9,1010.9,99,2026-06-01T23:40:18.599349,Open-Meteo_Archive
2026-01-14,JAWA BARAT,KABUPATEN KARAWANG,-6.26667,107.41667,28.8,23.9,25.8,32.1,18.1,84,23.3,1010.2,100,2026-06-01T23:40:21.495759,Open-Meteo_Archive
2026-01-08,JAWA BARAT,KABUPATEN BEKASI,-6.24667,107.10833,30.0,24.8,26.8,33.8,0.0,82,20.6,1010.7,100,2026-06-01T23:40:25.059151,Open-Meteo_Archive
2026-01-09,JAWA BARAT,KABUPATEN BEKASI,-6.24667,107.10833,31.3,24.5,26.8,35.4,3.5,79,19.8,1010.6,98,2026-06-01T23:40:28.489576,Open-Meteo_Archive
2026-01-10,JAWA BARAT,KABUPATEN BEKASI,-6.24667,107.10833,28.2,24.0,25.8,31.5,4.0,84,18.2,1011.1,99,2026-06-01T23:40:32.431664,Open-Meteo_Archive
2026-01-11,JAWA BARAT,KABUPATEN BEKASI,-6.24667,107.10833,28.5,23.9,25.5,31.9,7.0,86,20.1,1011.2,88,2026-06-01T23:40:35.989963,Open-Meteo_Archive
2026-01-12,JAWA BARAT,KABUPATEN BEKASI,-6.24667,107.10833,27.6,23.2,24.6,30.8,48.4,89,16.1,1011.5,95,2026-06-01T23:40:39.644809,Open-Meteo_Archive
2026-01-13,JAWA BARAT,KABUPATEN BEKASI,-6.24667,107.10833,29.0,23.2,25.9,31.9,5.0,83,23.2,1011.1,98,2026-06-01T23:40:42.735115,Open-Meteo_Archive
2026-01-14,JAWA BARAT,KABUPATEN BEKASI,-6.24667,107.10833,28.2,23.9,25.7,31.3,4.8,84,21.1,1010.4,100,2026-06-01T23:40:47.546046,Open-Meteo_Archive
2026-01-08,JAWA BARAT,KABUPATEN BANDUNG BARAT,-6.83333,107.48333,26.8,19.8,22.2,27.7,7.0,80,16.1,1012.5,100,2026-06-01T23:40:50.698697,Open-Meteo_Archive
2026-01-09,JAWA BARAT,KABUPATEN BANDUNG BARAT,-6.83333,107.48333,27.4,19.8,22.6,30.2,7.0,82,18.4,1012.2,95,2026-06-01T23:40:53.800022,Open-Meteo_Archive
2026-01-10,JAWA BARAT,KABUPATEN BANDUNG BARAT,-6.83333,107.48333,24.2,19.6,21.3,25.3,10.6,88,17.0,1012.7,97,2026-06-01T23:40:57.141607,Open-Meteo_Archive
2026-01-11,JAWA BARAT,KABUPATEN BANDUNG BARAT,-6.83333,107.48333,23.7,19.8,21.1,26.7,9.7,89,17.3,1012.8,90,2026-06-01T23:41:00.938079,Open-Meteo_Archive
2026-01-12,JAWA BARAT,KABUPATEN BANDUNG BARAT,-6.83333,107.48333,22.3,18.7,20.4,25.4,4.9,92,10.6,1013.1,95,2026-06-01T23:41:04.291325,Open-Meteo_Archive
2026-01-13,JAWA BARAT,KABUPATEN BANDUNG BARAT,-6.83333,107.48333,24.7,19.0,21.6,28.6,2.4,86,13.4,1012.6,99,2026-06-01T23:41:07.757867,Open-Meteo_Archive
2026-01-14,JAWA BARAT,KABUPATEN BANDUNG BARAT,-6.83333,107.48333,24.7,19.9,21.6,27.5,4.0,87,17.5,1011.9,99,2026-06-01T23:41:10.758680,Open-Meteo_Archive
2026-01-08,JAWA BARAT,KABUPATEN PANGANDARAN,-7.6673,108.64037,31.4,25.6,27.9,35.2,0.1,71,17.7,1010.3,65,2026-06-01T23:41:13.893109,Open-Meteo_Archive
2026-01-09,JAWA BARAT,KABUPATEN PANGANDARAN,-7.6673,108.64037,30.2,24.7,26.8,34.8,1.5,84,21.9,1010.1,98,2026-06-01T23:41:18.516757,Open-Meteo_Archive
2026-01-10,JAWA BARAT,KABUPATEN PANGANDARAN,-7.6673,108.64037,28.8,24.1,26.0,35.9,11.9,87,15.5,1010.4,98,2026-06-01T23:41:22.868778,Open-Meteo_Archive
2026-01-11,JAWA BARAT,KABUPATEN PANGANDARAN,-7.6673,108.64037,26.9,23.3,24.9,31.6,7.7,92,21.9,1010.9,82,2026-06-01T23:41:25.873784,Open-Meteo_Archive
2026-01-12,JAWA BARAT,KABUPATEN PANGANDARAN,-7.6673,108.64037,28.5,23.6,25.6,35.1,7.3,89,15.4,1010.7,92,2026-06-01T23:41:29.299841,Open-Meteo_Archive
2026-01-13,JAWA BARAT,KABUPATEN PANGANDARAN,-7.6673,108.64037,29.9,23.4,26.1,37.2,10.2,84,14.5,1010.3,98,2026-06-01T23:41:32.703373,Open-Meteo_Archive
2026-01-14,JAWA BARAT,KABUPATEN PANGANDARAN,-7.6673,108.64037,31.3,23.7,26.2,35.2,6.8,85,18.8,1009.6,99,2026-06-01T23:41:35.717330,Open-Meteo_Archive
2026-01-08,JAWA BARAT,KOTA BOGOR,-6.59167,106.8,28.7,23.4,25.3,32.2,1.5,82,13.2,1011.3,100,2026-06-01T23:41:38.851308,Open-Meteo_Archive
2026-01-09,JAWA BARAT,KOTA BOGOR,-6.59167,106.8,30.6,21.8,25.4,36.2,7.1,84,12.0,1011.1,97,2026-06-01T23:41:42.608222,Open-Meteo_Archive
2026-01-10,JAWA BARAT,KOTA BOGOR,-6.59167,106.8,26.9,22.9,24.3,32.4,8.6,91,9.0,1011.6,96,2026-06-01T23:41:45.738899,Open-Meteo_Archive
2026-01-11,JAWA BARAT,KOTA BOGOR,-6.59167,106.8,26.9,22.0,23.7,31.3,10.7,92,9.3,1011.7,89,2026-06-01T23:41:51.409432,Open-Meteo_Archive
2026-01-12,JAWA BARAT,KOTA BOGOR,-6.59167,106.8,25.9,21.0,23.3,30.2,22.6,91,10.4,1012.1,95,2026-06-01T23:41:54.527297,Open-Meteo_Archive
2026-01-13,JAWA BARAT,KOTA BOGOR,-6.59167,106.8,27.4,21.9,24.2,32.0,5.5,88,15.9,1011.7,95,2026-06-01T23:41:57.847703,Open-Meteo_Archive
2026-01-14,JAWA BARAT,KOTA BOGOR,-6.59167,106.8,26.6,22.5,24.0,30.0,5.4,91,16.6,1011.0,100,2026-06-01T23:42:01.207737,Open-Meteo_Archive
2026-01-08,JAWA BARAT,KOTA SUKABUMI,-6.95,106.93333,27.0,21.0,23.2,29.7,2.4,84,14.1,1013.4,98,2026-06-01T23:42:04.289627,Open-Meteo_Archive
2026-01-09,JAWA BARAT,KOTA SUKABUMI,-6.95,106.93333,26.3,20.2,22.4,30.2,5.7,90,17.7,1013.2,99,2026-06-01T23:42:08.717874,Open-Meteo_Archive
2026-01-10,JAWA BARAT,KOTA SUKABUMI,-6.95,106.93333,24.3,20.8,21.6,27.2,10.7,96,15.5,1013.6,99,2026-06-01T23:42:11.963005,Open-Meteo_Archive
2026-01-11,JAWA BARAT,KOTA SUKABUMI,-6.95,106.93333,24.0,20.6,21.3,26.9,12.2,97,20.4,1013.8,99,2026-06-01T23:42:15.232882,Open-Meteo_Archive
2026-01-12,JAWA BARAT,KOTA SUKABUMI,-6.95,106.93333,25.2,20.4,21.6,28.9,6.4,94,14.9,1013.7,99,2026-06-01T23:42:19.543958,Open-Meteo_Archive
2026-01-13,JAWA BARAT,KOTA SUKABUMI,-6.95,106.93333,27.0,20.3,22.5,29.7,11.6,92,15.9,1013.3,100,2026-06-01T23:42:23.743768,Open-Meteo_Archive
2026-01-14,JAWA BARAT,KOTA SUKABUMI,-6.95,106.93333,24.7,20.8,21.7,28.2,13.1,97,15.6,1012.8,100,2026-06-01T23:42:27.321902,Open-Meteo_Archive
2026-01-08,JAWA BARAT,KOTA BANDUNG,-6.9175,107.62444,27.0,20.5,23.0,28.6,1.3,74,16.0,1012.4,100,2026-06-01T23:42:30.593136,Open-Meteo_Archive
2026-01-09,JAWA BARAT,KOTA BANDUNG,-6.9175,107.62444,27.4,20.3,23.1,29.8,9.3,76,13.7,1012.1,97,2026-06-01T23:42:33.971708,Open-Meteo_Archive
2026-01-10,JAWA BARAT,KOTA BANDUNG,-6.9175,107.62444,24.9,20.9,22.3,25.8,5.3,79,16.7,1012.5,95,2026-06-01T23:42:37.979944,Open-Meteo_Archive
2026-01-11,JAWA BARAT,KOTA BANDUNG,-6.9175,107.62444,24.5,20.7,21.8,26.0,3.7,83,20.7,1012.7,88,2026-06-01T23:42:41.302381,Open-Meteo_Archive
2026-01-12,JAWA BARAT,KOTA BANDUNG,-6.9175,107.62444,23.0,20.1,21.1,24.9,2.5,86,14.3,1012.9,94,2026-06-01T23:42:44.938742,Open-Meteo_Archive
2026-01-13,JAWA BARAT,KOTA BANDUNG,-6.9175,107.62444,25.6,20.1,22.5,28.7,1.5,80,15.4,1012.4,98,2026-06-01T23:42:47.936735,Open-Meteo_Archive
2026-01-14,JAWA BARAT,KOTA BANDUNG,-6.9175,107.62444,25.5,20.8,22.6,27.3,2.4,80,17.5,1011.6,100,2026-06-01T23:42:51.280324,Open-Meteo_Archive
2026-01-08,JAWA BARAT,KOTA CIREBON,-6.75,108.55,31.4,23.9,26.8,37.0,11.5,81,13.0,1010.0,96,2026-06-01T23:42:56.765680,Open-Meteo_Archive
2026-01-09,JAWA BARAT,KOTA CIREBON,-6.75,108.55,31.5,23.9,26.2,36.1,14.3,84,13.3,1010.0,100,2026-06-01T23:42:59.979620,Open-Meteo_Archive
2026-01-10,JAWA BARAT,KOTA CIREBON,-6.75,108.55,29.6,24.2,26.6,32.8,7.8,81,22.9,1010.1,100,2026-06-01T23:43:03.157196,Open-Meteo_Archive
2026-01-11,JAWA BARAT,KOTA CIREBON,-6.75,108.55,27.5,23.6,25.2,32.3,15.8,89,13.8,1010.5,90,2026-06-01T23:43:06.239014,Open-Meteo_Archive
2026-01-12,JAWA BARAT,KOTA CIREBON,-6.75,108.55,26.7,23.3,24.7,29.4,6.9,88,23.8,1010.7,100,2026-06-01T23:43:10.369003,Open-Meteo_Archive
2026-01-13,JAWA BARAT,KOTA CIREBON,-6.75,108.55,29.1,23.8,25.9,32.1,7.1,83,26.0,1010.2,100,2026-06-01T23:43:14.297305,Open-Meteo_Archive
2026-01-14,JAWA BARAT,KOTA CIREBON,-6.75,108.55,28.8,23.8,25.9,32.4,7.4,84,24.1,1009.4,100,2026-06-01T23:43:17.736763,Open-Meteo_Archive
2026-01-08,JAWA BARAT,KOTA BEKASI,-6.28333,106.98333,29.3,24.1,26.4,33.3,0.4,82,16.2,1010.7,100,2026-06-01T23:43:20.980082,Open-Meteo_Archive
2026-01-09,JAWA BARAT,KOTA BEKASI,-6.28333,106.98333,31.1,24.0,26.6,35.7,4.8,80,17.6,1010.6,98,2026-06-01T23:43:24.360067,Open-Meteo_Archive
2026-01-10,JAWA BARAT,KOTA BEKASI,-6.28333,106.98333,27.5,23.6,25.3,31.1,4.5,86,15.2,1011.1,100,2026-06-01T23:43:27.535611,Open-Meteo_Archive
2026-01-11,JAWA BARAT,KOTA BEKASI,-6.28333,106.98333,27.9,23.8,25.2,32.1,8.2,86,17.5,1011.2,90,2026-06-01T23:43:30.812921,Open-Meteo_Archive
2026-01-12,JAWA BARAT,KOTA BEKASI,-6.28333,106.98333,27.2,22.4,24.3,30.9,53.1,89,15.3,1011.6,91,2026-06-01T23:43:34.005106,Open-Meteo_Archive
2026-01-13,JAWA BARAT,KOTA BEKASI,-6.28333,106.98333,28.5,23.0,25.5,32.1,4.8,83,20.0,1011.2,98,2026-06-01T23:43:37.456894,Open-Meteo_Archive
2026-01-14,JAWA BARAT,KOTA BEKASI,-6.28333,106.98333,27.6,23.7,25.4,31.4,9.5,84,18.2,1010.5,99,2026-06-01T23:43:40.654837,Open-Meteo_Archive
2026-01-08,JAWA BARAT,KOTA DEPOK,-6.4,106.81667,29.1,23.4,25.8,32.3,1.5,80,17.1,1011.0,100,2026-06-01T23:43:44.228249,Open-Meteo_Archive
2026-01-09,JAWA BARAT,KOTA DEPOK,-6.4,106.81667,30.1,23.5,26.2,33.9,1.0,80,22.1,1010.8,93,2026-06-01T23:43:47.656176,Open-Meteo_Archive
2026-01-10,JAWA BARAT,KOTA DEPOK,-6.4,106.81667,26.6,23.0,24.7,30.7,5.7,88,16.3,1011.4,99,2026-06-01T23:43:51.631018,Open-Meteo_Archive
2026-01-11,JAWA BARAT,KOTA DEPOK,-6.4,106.81667,28.2,23.1,24.6,32.1,5.5,88,18.2,1011.4,90,2026-06-01T23:43:55.175296,Open-Meteo_Archive
2026-01-12,JAWA BARAT,KOTA DEPOK,-6.4,106.81667,26.7,22.1,23.9,30.0,36.7,90,18.2,1011.8,96,2026-06-01T23:43:58.522408,Open-Meteo_Archive
2026-01-13,JAWA BARAT,KOTA DEPOK,-6.4,106.81667,28.9,22.6,24.7,34.0,9.0,85,20.3,1011.5,96,2026-06-01T23:44:01.914765,Open-Meteo_Archive
2026-01-14,JAWA BARAT,KOTA DEPOK,-6.4,106.81667,27.5,23.0,24.6,30.8,7.5,87,17.2,1010.8,100,2026-06-01T23:44:05.022017,Open-Meteo_Archive
2026-01-08,JAWA BARAT,KOTA CIMAHI,-6.89167,107.55,26.9,18.9,22.1,28.1,2.6,79,14.9,1012.3,100,2026-06-01T23:44:08.280087,Open-Meteo_Archive
2026-01-09,JAWA BARAT,KOTA CIMAHI,-6.89167,107.55,26.7,19.1,22.4,29.1,2.5,80,14.5,1012.0,97,2026-06-01T23:44:12.381149,Open-Meteo_Archive
2026-01-10,JAWA BARAT,KOTA CIMAHI,-6.89167,107.55,24.6,20.1,21.7,26.1,6.0,83,16.2,1012.4,95,2026-06-01T23:44:15.457920,Open-Meteo_Archive
2026-01-11,JAWA BARAT,KOTA CIMAHI,-6.89167,107.55,24.0,20.3,21.4,26.2,4.5,85,21.1,1012.6,87,2026-06-01T23:44:18.574901,Open-Meteo_Archive
2026-01-12,JAWA BARAT,KOTA CIMAHI,-6.89167,107.55,22.7,18.7,20.7,24.7,2.9,88,14.3,1012.9,93,2026-06-01T23:44:23.029673,Open-Meteo_Archive
2026-01-13,JAWA BARAT,KOTA CIMAHI,-6.89167,107.55,25.1,19.8,22.1,28.4,8.8,82,15.7,1012.4,99,2026-06-01T23:44:26.309922,Open-Meteo_Archive
2026-01-14,JAWA BARAT,KOTA CIMAHI,-6.89167,107.55,25.2,20.3,22.1,26.8,2.2,82,17.6,1011.6,100,2026-06-01T23:44:29.583116,Open-Meteo_Archive
2026-01-08,JAWA BARAT,KOTA TASIKMALAYA,-7.35,108.21667,31.6,20.7,25.6,36.3,0.0,80,15.9,1010.7,81,2026-06-01T23:44:32.704525,Open-Meteo_Archive
2026-01-09,JAWA BARAT,KOTA TASIKMALAYA,-7.35,108.21667,31.5,20.8,24.6,36.2,3.2,85,17.4,1010.7,100,2026-06-01T23:44:37.206315,Open-Meteo_Archive
2026-01-10,JAWA BARAT,KOTA TASIKMALAYA,-7.35,108.21667,29.5,22.0,24.0,34.9,7.1,90,6.8,1011.0,99,2026-06-01T23:44:41.417400,Open-Meteo_Archive
2026-01-11,JAWA BARAT,KOTA TASIKMALAYA,-7.35,108.21667,26.5,20.5,22.5,31.4,33.0,96,7.6,1011.5,93,2026-06-01T23:44:44.583218,Open-Meteo_Archive
2026-01-12,JAWA BARAT,KOTA TASIKMALAYA,-7.35,108.21667,28.0,20.2,23.0,34.2,5.9,93,8.8,1011.4,89,2026-06-01T23:44:49.753740,Open-Meteo_Archive
2026-01-13,JAWA BARAT,KOTA TASIKMALAYA,-7.35,108.21667,29.8,20.0,24.1,35.2,3.6,87,8.7,1010.9,98,2026-06-01T23:44:53.041785,Open-Meteo_Archive
2026-01-14,JAWA BARAT,KOTA TASIKMALAYA,-7.35,108.21667,30.4,21.5,24.6,35.3,10.5,87,10.3,1010.1,100,2026-06-01T23:44:56.252830,Open-Meteo_Archive
2026-01-08,JAWA BARAT,KOTA BANJAR,-7.36996,108.53209,33.8,22.4,27.3,41.3,0.0,78,11.1,1009.8,80,2026-06-01T23:44:59.686477,Open-Meteo_Archive
2026-01-09,JAWA BARAT,KOTA BANJAR,-7.36996,108.53209,31.4,23.0,26.1,38.8,3.9,86,11.0,1009.9,100,2026-06-01T23:45:04.197554,Open-Meteo_Archive
2026-01-10,JAWA BARAT,KOTA BANJAR,-7.36996,108.53209,29.8,23.5,25.3,35.4,13.5,90,10.5,1010.2,98,2026-06-01T23:45:07.890003,Open-Meteo_Archive
2026-01-11,JAWA BARAT,KOTA BANJAR,-7.36996,108.53209,25.9,22.6,24.4,31.8,13.2,94,9.1,1010.7,89,2026-06-01T23:45:10.992604,Open-Meteo_Archive
2026-01-12,JAWA BARAT,KOTA BANJAR,-7.36996,108.53209,29.6,22.2,24.6,34.8,17.4,91,8.0,1010.6,93,2026-06-01T23:45:15.719772,Open-Meteo_Archive
2026-01-13,JAWA BARAT,KOTA BANJAR,-7.36996,108.53209,30.8,22.2,25.3,37.1,17.8,86,10.4,1010.1,97,2026-06-01T23:45:20.169441,Open-Meteo_Archive
2026-01-14,JAWA BARAT,KOTA BANJAR,-7.36996,108.53209,31.0,23.1,25.9,38.3,18.6,86,10.1,1009.3,99,2026-06-01T23:45:23.277150,Open-Meteo_Archive
2026-01-08,JAWA TENGAH,KABUPATEN CILACAP,-7.57417,108.98861,31.2,23.0,26.7,35.8,0.9,78,16.5,1010.3,68,2026-06-01T23:45:26.488484,Open-Meteo_Archive
2026-01-09,JAWA TENGAH,KABUPATEN CILACAP,-7.57417,108.98861,29.1,22.7,25.0,34.6,10.6,90,16.3,1010.2,100,2026-06-01T23:45:29.759733,Open-Meteo_Archive
2026-01-10,JAWA TENGAH,KABUPATEN CILACAP,-7.57417,108.98861,28.9,22.6,24.5,35.7,12.5,92,14.9,1010.5,98,2026-06-01T23:45:32.933373,Open-Meteo_Archive
2026-01-11,JAWA TENGAH,KABUPATEN CILACAP,-7.57417,108.98861,28.0,22.4,24.1,33.8,9.3,93,16.3,1010.8,86,2026-06-01T23:45:36.895181,Open-Meteo_Archive
2026-01-12,JAWA TENGAH,KABUPATEN CILACAP,-7.57417,108.98861,29.2,21.2,24.2,34.5,18.1,92,16.0,1010.7,93,2026-06-01T23:45:41.157974,Open-Meteo_Archive
2026-01-13,JAWA TENGAH,KABUPATEN CILACAP,-7.57417,108.98861,30.9,21.5,24.7,37.8,12.2,90,14.4,1010.2,98,2026-06-01T23:45:44.756866,Open-Meteo_Archive
2026-01-14,JAWA TENGAH,KABUPATEN CILACAP,-7.57417,108.98861,30.6,22.3,25.3,36.3,32.3,88,13.5,1009.5,98,2026-06-01T23:45:49.842288,Open-Meteo_Archive
2026-01-08,JAWA TENGAH,KABUPATEN BANYUMAS,-7.45,109.16667,29.8,23.1,25.9,35.9,1.1,75,11.8,1010.9,70,2026-06-01T23:45:52.832663,Open-Meteo_Archive
2026-01-09,JAWA TENGAH,KABUPATEN BANYUMAS,-7.45,109.16667,29.2,22.9,24.7,34.8,8.6,84,7.8,1010.7,100,2026-06-01T23:45:55.910073,Open-Meteo_Archive
2026-01-10,JAWA TENGAH,KABUPATEN BANYUMAS,-7.45,109.16667,27.5,22.1,24.4,32.9,8.3,86,7.3,1010.9,100,2026-06-01T23:45:59.513210,Open-Meteo_Archive
2026-01-11,JAWA TENGAH,KABUPATEN BANYUMAS,-7.45,109.16667,27.2,21.6,24.0,30.8,4.9,85,13.2,1011.2,84,2026-06-01T23:46:02.662290,Open-Meteo_Archive
2026-01-12,JAWA TENGAH,KABUPATEN BANYUMAS,-7.45,109.16667,29.0,21.3,24.1,33.2,9.3,86,15.8,1010.9,93,2026-06-01T23:46:07.562438,Open-Meteo_Archive
2026-01-13,JAWA TENGAH,KABUPATEN BANYUMAS,-7.45,109.16667,29.8,22.5,24.7,35.6,6.9,81,10.8,1010.6,98,2026-06-01T23:46:11.712656,Open-Meteo_Archive
2026-01-14,JAWA TENGAH,KABUPATEN BANYUMAS,-7.45,109.16667,31.4,22.2,25.1,34.4,13.5,82,15.3,1009.8,98,2026-06-01T23:46:15.201814,Open-Meteo_Archive
2026-01-08,JAWA TENGAH,KABUPATEN PURBALINGGA,-7.28417,109.35028,28.7,21.7,24.9,33.2,4.5,86,15.1,1011.7,77,2026-06-01T23:46:19.760335,Open-Meteo_Archive
2026-01-09,JAWA TENGAH,KABUPATEN PURBALINGGA,-7.28417,109.35028,28.7,21.7,24.0,34.9,27.1,92,11.1,1011.6,100,2026-06-01T23:46:23.252105,Open-Meteo_Archive
2026-01-10,JAWA TENGAH,KABUPATEN PURBALINGGA,-7.28417,109.35028,26.8,22.0,23.6,33.0,38.1,95,7.4,1011.8,100,2026-06-01T23:46:26.543333,Open-Meteo_Archive
2026-01-11,JAWA TENGAH,KABUPATEN PURBALINGGA,-7.28417,109.35028,25.4,21.4,23.1,29.6,47.8,95,7.5,1012.0,100,2026-06-01T23:46:29.766714,Open-Meteo_Archive
2026-01-12,JAWA TENGAH,KABUPATEN PURBALINGGA,-7.28417,109.35028,27.0,21.7,23.4,32.5,20.9,94,8.5,1011.8,100,2026-06-01T23:46:33.241086,Open-Meteo_Archive
2026-01-13,JAWA TENGAH,KABUPATEN PURBALINGGA,-7.28417,109.35028,28.1,21.1,23.7,34.7,20.5,94,5.6,1011.5,99,2026-06-01T23:46:36.382119,Open-Meteo_Archive
2026-01-14,JAWA TENGAH,KABUPATEN PURBALINGGA,-7.28417,109.35028,27.5,21.5,23.8,33.1,84.6,94,9.3,1010.9,100,2026-06-01T23:46:40.549136,Open-Meteo_Archive
2026-01-08,JAWA TENGAH,KABUPATEN BANJARNEGARA,-7.35111,109.5875,28.2,20.9,23.4,33.4,5.9,88,10.2,1011.7,85,2026-06-01T23:46:44.336509,Open-Meteo_Archive
2026-01-09,JAWA TENGAH,KABUPATEN BANJARNEGARA,-7.35111,109.5875,28.2,21.1,22.8,32.3,20.9,91,14.4,1011.4,98,2026-06-01T23:46:47.561172,Open-Meteo_Archive
2026-01-10,JAWA TENGAH,KABUPATEN BANJARNEGARA,-7.35111,109.5875,27.0,20.5,22.9,32.2,11.2,90,12.4,1011.5,100,2026-06-01T23:46:51.507856,Open-Meteo_Archive
2026-01-11,JAWA TENGAH,KABUPATEN BANJARNEGARA,-7.35111,109.5875,24.8,20.5,21.9,27.9,7.6,93,9.7,1011.8,90,2026-06-01T23:46:54.688220,Open-Meteo_Archive
2026-01-12,JAWA TENGAH,KABUPATEN BANJARNEGARA,-7.35111,109.5875,26.4,20.6,22.9,29.6,2.3,89,13.2,1011.5,99,2026-06-01T23:46:58.449166,Open-Meteo_Archive
2026-01-13,JAWA TENGAH,KABUPATEN BANJARNEGARA,-7.35111,109.5875,28.1,19.3,22.9,32.2,10.7,89,13.7,1011.2,96,2026-06-01T23:47:02.130898,Open-Meteo_Archive
2026-01-14,JAWA TENGAH,KABUPATEN BANJARNEGARA,-7.35111,109.5875,27.9,20.4,23.2,31.8,7.3,89,13.8,1010.6,98,2026-06-01T23:47:06.356447,Open-Meteo_Archive
2026-01-08,JAWA TENGAH,KABUPATEN KEBUMEN,-7.63917,109.66056,29.8,23.0,26.0,35.1,2.0,81,14.7,1010.7,75,2026-06-01T23:47:10.987421,Open-Meteo_Archive
2026-01-09,JAWA TENGAH,KABUPATEN KEBUMEN,-7.63917,109.66056,28.5,22.4,23.8,33.7,19.8,93,14.0,1010.7,97,2026-06-01T23:47:14.260087,Open-Meteo_Archive
2026-01-10,JAWA TENGAH,KABUPATEN KEBUMEN,-7.63917,109.66056,27.6,21.5,23.4,34.6,26.1,94,13.7,1010.8,98,2026-06-01T23:47:17.760738,Open-Meteo_Archive
2026-01-11,JAWA TENGAH,KABUPATEN KEBUMEN,-7.63917,109.66056,27.4,21.8,23.7,32.9,16.9,92,13.0,1011.0,91,2026-06-01T23:47:20.835555,Open-Meteo_Archive
2026-01-12,JAWA TENGAH,KABUPATEN KEBUMEN,-7.63917,109.66056,28.7,22.2,24.4,33.9,33.3,87,10.5,1010.7,96,2026-06-01T23:47:24.173922,Open-Meteo_Archive
2026-01-13,JAWA TENGAH,KABUPATEN KEBUMEN,-7.63917,109.66056,30.5,21.8,24.7,36.0,17.9,86,15.2,1010.4,97,2026-06-01T23:47:28.092900,Open-Meteo_Archive
2026-01-14,JAWA TENGAH,KABUPATEN KEBUMEN,-7.63917,109.66056,30.6,22.1,24.5,34.8,24.8,90,17.6,1009.8,98,2026-06-01T23:47:32.578143,Open-Meteo_Archive
2026-01-08,JAWA TENGAH,KABUPATEN PURWOREJO,-7.7,109.96667,30.2,22.5,25.8,36.4,5.0,84,13.7,1010.6,74,2026-06-01T23:47:40.673831,Open-Meteo_Archive
2026-01-09,JAWA TENGAH,KABUPATEN PURWOREJO,-7.7,109.96667,29.5,22.1,24.0,34.5,29.1,92,15.8,1010.7,95,2026-06-01T23:47:44.199436,Open-Meteo_Archive
2026-01-10,JAWA TENGAH,KABUPATEN PURWOREJO,-7.7,109.96667,27.4,21.4,23.3,31.1,21.9,96,14.3,1010.9,99,2026-06-01T23:47:47.591929,Open-Meteo_Archive
2026-01-11,JAWA TENGAH,KABUPATEN PURWOREJO,-7.7,109.96667,27.8,22.0,23.6,31.3,16.5,92,17.1,1011.0,88,2026-06-01T23:47:50.819862,Open-Meteo_Archive
2026-01-12,JAWA TENGAH,KABUPATEN PURWOREJO,-7.7,109.96667,29.0,21.6,24.0,35.4,20.0,90,13.5,1010.8,97,2026-06-01T23:47:53.993855,Open-Meteo_Archive
2026-01-13,JAWA TENGAH,KABUPATEN PURWOREJO,-7.7,109.96667,29.9,21.6,24.8,34.3,9.5,86,16.0,1010.4,92,2026-06-01T23:47:57.263836,Open-Meteo_Archive
2026-01-14,JAWA TENGAH,KABUPATEN PURWOREJO,-7.7,109.96667,30.1,22.1,24.5,34.4,15.8,89,19.3,1009.8,98,2026-06-01T23:48:00.531269,Open-Meteo_Archive
2026-01-08,JAWA TENGAH,KABUPATEN WONOSOBO,-7.36139,109.92667,25.2,18.6,21.1,28.6,6.9,87,11.4,1013.1,91,2026-06-01T23:48:05.459329,Open-Meteo_Archive
2026-01-09,JAWA TENGAH,KABUPATEN WONOSOBO,-7.36139,109.92667,24.0,18.4,20.3,27.1,15.9,93,12.9,1012.9,99,2026-06-01T23:48:08.511334,Open-Meteo_Archive
2026-01-10,JAWA TENGAH,KABUPATEN WONOSOBO,-7.36139,109.92667,23.0,18.4,20.0,25.9,14.0,94,11.7,1013.0,99,2026-06-01T23:48:12.143819,Open-Meteo_Archive
2026-01-11,JAWA TENGAH,KABUPATEN WONOSOBO,-7.36139,109.92667,21.1,18.0,19.3,23.1,7.9,93,15.3,1013.3,92,2026-06-01T23:48:14.969066,Open-Meteo_Archive
2026-01-12,JAWA TENGAH,KABUPATEN WONOSOBO,-7.36139,109.92667,24.3,18.6,20.7,26.8,9.2,86,13.8,1012.8,99,2026-06-01T23:48:17.645737,Open-Meteo_Archive
2026-01-13,JAWA TENGAH,KABUPATEN WONOSOBO,-7.36139,109.92667,25.2,17.9,20.6,28.7,5.6,86,14.4,1012.7,93,2026-06-01T23:48:20.730208,Open-Meteo_Archive
2026-01-14,JAWA TENGAH,KABUPATEN WONOSOBO,-7.36139,109.92667,25.4,18.0,20.4,27.3,7.5,90,17.2,1012.2,100,2026-06-01T23:48:23.570974,Open-Meteo_Archive
2026-01-08,JAWA TENGAH,KABUPATEN MAGELANG,-7.4275,110.16194,28.4,18.5,22.2,31.6,1.9,83,10.4,1011.9,82,2026-06-01T23:48:26.251113,Open-Meteo_Archive
2026-01-09,JAWA TENGAH,KABUPATEN MAGELANG,-7.4275,110.16194,27.0,18.9,21.8,31.1,11.5,89,8.8,1011.8,97,2026-06-01T23:48:29.240449,Open-Meteo_Archive
2026-01-10,JAWA TENGAH,KABUPATEN MAGELANG,-7.4275,110.16194,24.5,18.8,20.9,28.3,19.3,95,6.5,1012.2,100,2026-06-01T23:48:33.916794,Open-Meteo_Archive
2026-01-11,JAWA TENGAH,KABUPATEN MAGELANG,-7.4275,110.16194,24.6,18.5,20.8,28.1,3.8,89,5.8,1012.2,93,2026-06-01T23:48:37.149110,Open-Meteo_Archive
2026-01-12,JAWA TENGAH,KABUPATEN MAGELANG,-7.4275,110.16194,26.2,18.0,21.1,28.6,3.1,87,6.6,1012.2,100,2026-06-01T23:48:40.331685,Open-Meteo_Archive
2026-01-13,JAWA TENGAH,KABUPATEN MAGELANG,-7.4275,110.16194,26.9,17.0,21.5,31.3,3.5,84,5.5,1011.8,90,2026-06-01T23:48:43.474857,Open-Meteo_Archive
2026-01-08,JAWA TENGAH,KABUPATEN BOYOLALI,-7.5,110.7,31.3,23.5,26.1,37.3,1.8,82,10.1,1010.1,91,2026-06-01T23:49:03.548721,Open-Meteo_Archive
2026-01-09,JAWA TENGAH,KABUPATEN BOYOLALI,-7.5,110.7,27.5,23.0,24.6,32.8,9.2,89,10.5,1010.3,96,2026-06-01T23:49:07.775519,Open-Meteo_Archive
2026-01-10,JAWA TENGAH,KABUPATEN BOYOLALI,-7.5,110.7,26.9,22.2,23.4,31.7,11.6,94,9.5,1010.7,100,2026-06-01T23:49:11.461251,Open-Meteo_Archive
2026-01-11,JAWA TENGAH,KABUPATEN BOYOLALI,-7.5,110.7,28.7,22.0,23.3,32.0,14.7,93,11.4,1010.7,98,2026-06-01T23:49:14.932313,Open-Meteo_Archive
2026-01-12,JAWA TENGAH,KABUPATEN BOYOLALI,-7.5,110.7,27.0,22.1,24.2,31.1,2.7,88,9.2,1010.7,100,2026-06-01T23:49:19.867447,Open-Meteo_Archive
2026-01-13,JAWA TENGAH,KABUPATEN BOYOLALI,-7.5,110.7,28.2,22.1,24.5,33.8,2.5,86,7.9,1010.3,97,2026-06-01T23:49:24.020787,Open-Meteo_Archive
2026-01-14,JAWA TENGAH,KABUPATEN BOYOLALI,-7.5,110.7,27.2,22.0,23.9,31.2,13.1,90,8.7,1009.5,100,2026-06-01T23:49:27.361020,Open-Meteo_Archive
2026-01-08,JAWA TENGAH,KABUPATEN KLATEN,-7.68333,110.61667,30.9,24.5,27.2,34.1,2.8,72,21.5,1010.0,92,2026-06-01T23:49:32.527164,Open-Meteo_Archive
2026-01-09,JAWA TENGAH,KABUPATEN KLATEN,-7.68333,110.61667,30.5,23.6,26.1,33.8,8.7,81,21.9,1010.0,91,2026-06-01T23:49:36.192806,Open-Meteo_Archive
2026-01-10,JAWA TENGAH,KABUPATEN KLATEN,-7.68333,110.61667,29.1,22.1,24.6,32.7,8.1,89,18.9,1010.4,97,2026-06-01T23:49:49.236865,Open-Meteo_Archive
2026-01-11,JAWA TENGAH,KABUPATEN KLATEN,-7.68333,110.61667,30.6,22.1,25.4,33.0,3.8,85,21.3,1010.4,96,2026-06-01T23:49:52.261690,Open-Meteo_Archive
2026-01-12,JAWA TENGAH,KABUPATEN KLATEN,-7.68333,110.61667,29.6,22.0,24.7,33.1,8.9,87,16.9,1010.5,99,2026-06-01T23:49:58.031533,Open-Meteo_Archive
2026-01-13,JAWA TENGAH,KABUPATEN KLATEN,-7.68333,110.61667,31.2,22.0,25.7,35.9,2.1,80,15.2,1010.0,94,2026-06-01T23:50:01.227369,Open-Meteo_Archive
2026-01-14,JAWA TENGAH,KABUPATEN KLATEN,-7.68333,110.61667,30.4,22.9,25.5,34.0,4.1,82,20.3,1009.2,99,2026-06-01T23:50:04.599497,Open-Meteo_Archive
2026-01-08,JAWA TENGAH,KABUPATEN SUKOHARJO,-7.68333,110.83333,29.5,24.0,26.2,34.0,8.9,83,18.6,1010.2,89,2026-06-01T23:50:07.711885,Open-Meteo_Archive
2026-01-09,JAWA TENGAH,KABUPATEN SUKOHARJO,-7.68333,110.83333,29.5,22.2,25.2,34.3,19.1,88,18.9,1010.2,95,2026-06-01T23:50:13.636817,Open-Meteo_Archive
2026-01-10,JAWA TENGAH,KABUPATEN SUKOHARJO,-7.68333,110.83333,27.9,22.1,24.1,31.6,13.8,92,19.4,1010.6,99,2026-06-01T23:50:18.436878,Open-Meteo_Archive
2026-01-11,JAWA TENGAH,KABUPATEN SUKOHARJO,-7.68333,110.83333,29.5,22.1,24.7,34.3,23.3,90,20.8,1010.6,98,2026-06-01T23:50:23.013920,Open-Meteo_Archive
2026-01-12,JAWA TENGAH,KABUPATEN SUKOHARJO,-7.68333,110.83333,28.9,22.2,24.4,32.7,3.3,88,18.1,1010.6,99,2026-06-01T23:50:30.773033,Open-Meteo_Archive
2026-01-13,JAWA TENGAH,KABUPATEN SUKOHARJO,-7.68333,110.83333,29.9,21.6,25.1,35.8,3.4,84,17.8,1010.1,96,2026-06-01T23:50:34.951600,Open-Meteo_Archive
2026-01-14,JAWA TENGAH,KABUPATEN SUKOHARJO,-7.68333,110.83333,29.2,22.3,24.7,34.3,8.5,88,19.6,1009.4,100,2026-06-01T23:50:39.091763,Open-Meteo_Archive
2026-01-08,JAWA TENGAH,KABUPATEN WONOGIRI,-7.91667,111.0,29.0,23.3,25.5,34.0,10.4,86,15.6,1010.5,81,2026-06-01T23:50:41.737076,Open-Meteo_Archive
2026-01-09,JAWA TENGAH,KABUPATEN WONOGIRI,-7.91667,111.0,28.9,22.0,24.5,33.8,35.2,90,11.2,1010.6,100,2026-06-01T23:50:44.183142,Open-Meteo_Archive
2026-01-10,JAWA TENGAH,KABUPATEN WONOGIRI,-7.91667,111.0,26.2,22.3,23.6,31.0,26.1,92,7.3,1010.9,100,2026-06-01T23:50:48.852998,Open-Meteo_Archive
2026-01-11,JAWA TENGAH,KABUPATEN WONOGIRI,-7.91667,111.0,28.1,22.2,24.2,33.5,27.5,90,14.7,1010.8,97,2026-06-01T23:50:52.353108,Open-Meteo_Archive
2026-01-12,JAWA TENGAH,KABUPATEN WONOGIRI,-7.91667,111.0,28.3,22.3,24.2,32.8,8.5,87,14.1,1010.8,95,2026-06-01T23:50:56.247342,Open-Meteo_Archive
2026-01-13,JAWA TENGAH,KABUPATEN WONOGIRI,-7.91667,111.0,29.1,22.1,25.0,32.9,8.9,85,18.1,1010.4,97,2026-06-01T23:51:00.338999,Open-Meteo_Archive
2026-01-14,JAWA TENGAH,KABUPATEN WONOGIRI,-7.91667,111.0,28.5,22.7,24.7,33.3,15.7,88,15.4,1009.7,99,2026-06-01T23:51:03.227762,Open-Meteo_Archive
2026-01-08,JAWA TENGAH,KABUPATEN KARANGANYAR,-7.62806,111.0625,27.1,22.0,24.1,31.3,12.7,87,19.3,1011.6,92,2026-06-01T23:51:05.931398,Open-Meteo_Archive
2026-01-09,JAWA TENGAH,KABUPATEN KARANGANYAR,-7.62806,111.0625,26.8,21.3,23.0,31.1,12.4,93,17.4,1011.6,99,2026-06-01T23:51:11.142857,Open-Meteo_Archive
2026-01-10,JAWA TENGAH,KABUPATEN KARANGANYAR,-7.62806,111.0625,25.9,21.2,22.4,30.0,9.5,94,16.3,1012.0,100,2026-06-01T23:51:16.366663,Open-Meteo_Archive
2026-01-11,JAWA TENGAH,KABUPATEN KARANGANYAR,-7.62806,111.0625,26.9,21.4,22.8,29.8,9.8,91,17.2,1012.0,98,2026-06-01T23:51:19.407414,Open-Meteo_Archive
2026-01-12,JAWA TENGAH,KABUPATEN KARANGANYAR,-7.62806,111.0625,25.9,21.1,22.7,29.1,10.3,89,18.9,1012.0,100,2026-06-01T23:51:23.456457,Open-Meteo_Archive
2026-01-13,JAWA TENGAH,KABUPATEN KARANGANYAR,-7.62806,111.0625,27.6,21.5,23.2,32.3,2.5,86,16.9,1011.7,98,2026-06-01T23:51:26.444539,Open-Meteo_Archive
2026-01-14,JAWA TENGAH,KABUPATEN KARANGANYAR,-7.62806,111.0625,26.0,21.5,22.7,30.7,24.6,93,19.0,1011.0,100,2026-06-01T23:51:29.375672,Open-Meteo_Archive
2026-01-08,JAWA TENGAH,KABUPATEN SRAGEN,-7.41278,110.935,30.5,23.2,26.2,36.4,5.7,84,20.7,1009.9,91,2026-06-01T23:51:33.328747,Open-Meteo_Archive
2026-01-09,JAWA TENGAH,KABUPATEN SRAGEN,-7.41278,110.935,30.1,23.0,25.0,36.8,35.7,90,16.5,1010.1,97,2026-06-01T23:51:37.420466,Open-Meteo_Archive
2026-01-10,JAWA TENGAH,KABUPATEN SRAGEN,-7.41278,110.935,27.8,22.9,24.4,34.3,33.0,92,9.2,1010.4,100,2026-06-01T23:51:40.309727,Open-Meteo_Archive
2026-01-11,JAWA TENGAH,KABUPATEN SRAGEN,-7.41278,110.935,29.5,22.9,24.7,35.0,47.5,91,17.8,1010.4,99,2026-06-01T23:51:43.074488,Open-Meteo_Archive
2026-01-12,JAWA TENGAH,KABUPATEN SRAGEN,-7.41278,110.935,27.9,22.7,24.5,32.2,11.8,91,14.9,1010.5,100,2026-06-01T23:51:47.461062,Open-Meteo_Archive
2026-01-13,JAWA TENGAH,KABUPATEN SRAGEN,-7.41278,110.935,29.3,22.0,24.9,35.1,27.3,89,14.2,1010.1,94,2026-06-01T23:51:50.941081,Open-Meteo_Archive
2026-01-14,JAWA TENGAH,KABUPATEN SRAGEN,-7.41278,110.935,28.0,22.5,24.6,32.8,31.6,90,16.0,1009.3,100,2026-06-01T23:51:54.027925,Open-Meteo_Archive
2026-01-08,JAWA TENGAH,KABUPATEN GROBOGAN,-7.11667,110.91667,31.0,23.8,26.4,38.0,4.4,85,11.5,1009.8,89,2026-06-01T23:51:56.554581,Open-Meteo_Archive
2026-01-09,JAWA TENGAH,KABUPATEN GROBOGAN,-7.11667,110.91667,30.4,22.5,25.3,37.1,23.3,90,15.1,1009.9,99,2026-06-01T23:52:00.659098,Open-Meteo_Archive
2026-01-10,JAWA TENGAH,KABUPATEN GROBOGAN,-7.11667,110.91667,27.0,23.5,24.9,30.9,9.8,92,20.2,1010.2,100,2026-06-01T23:52:03.397024,Open-Meteo_Archive
2026-01-11,JAWA TENGAH,KABUPATEN GROBOGAN,-7.11667,110.91667,27.2,23.4,25.1,30.6,4.3,90,21.4,1010.3,98,2026-06-01T23:52:06.693452,Open-Meteo_Archive
2026-01-12,JAWA TENGAH,KABUPATEN GROBOGAN,-7.11667,110.91667,28.2,23.4,25.0,30.2,1.4,88,27.3,1010.4,100,2026-06-01T23:52:09.364815,Open-Meteo_Archive
2026-01-13,JAWA TENGAH,KABUPATEN GROBOGAN,-7.11667,110.91667,29.4,23.1,25.9,32.1,2.0,85,28.5,1009.9,92,2026-06-01T23:52:13.041325,Open-Meteo_Archive
2026-01-14,JAWA TENGAH,KABUPATEN GROBOGAN,-7.11667,110.91667,28.9,23.5,25.6,31.8,3.8,87,29.2,1009.1,100,2026-06-01T23:52:16.940374,Open-Meteo_Archive
2026-01-08,JAWA TENGAH,KABUPATEN BLORA,-7.06667,111.38333,31.2,23.6,26.3,36.2,9.3,83,17.8,1009.8,90,2026-06-01T23:52:19.621221,Open-Meteo_Archive
2026-01-09,JAWA TENGAH,KABUPATEN BLORA,-7.06667,111.38333,30.5,22.4,25.0,36.8,38.2,90,15.1,1010.0,98,2026-06-01T23:52:25.376185,Open-Meteo_Archive
2026-01-10,JAWA TENGAH,KABUPATEN BLORA,-7.06667,111.38333,26.8,23.0,24.5,30.8,21.2,92,20.7,1010.3,100,2026-06-01T23:52:28.547502,Open-Meteo_Archive
2026-01-11,JAWA TENGAH,KABUPATEN BLORA,-7.06667,111.38333,28.1,22.8,24.6,31.5,10.9,92,21.9,1010.5,98,2026-06-01T23:52:31.519069,Open-Meteo_Archive
2026-01-12,JAWA TENGAH,KABUPATEN BLORA,-7.06667,111.38333,27.4,23.0,24.4,29.3,6.5,90,26.6,1010.7,100,2026-06-01T23:52:34.352767,Open-Meteo_Archive
2026-01-13,JAWA TENGAH,KABUPATEN BLORA,-7.06667,111.38333,29.0,23.2,25.3,31.1,1.9,87,28.6,1010.1,95,2026-06-01T23:52:38.437055,Open-Meteo_Archive
2026-01-14,JAWA TENGAH,KABUPATEN BLORA,-7.06667,111.38333,27.2,23.1,24.9,30.5,17.3,89,29.2,1009.3,100,2026-06-01T23:52:41.607097,Open-Meteo_Archive
2026-01-08,JAWA TENGAH,KABUPATEN REMBANG,-6.78333,111.46667,30.3,23.6,25.7,38.8,6.6,87,11.6,1010.1,94,2026-06-01T23:52:47.580430,Open-Meteo_Archive
2026-01-09,JAWA TENGAH,KABUPATEN REMBANG,-6.78333,111.46667,28.8,22.5,24.8,34.9,22.3,92,13.6,1010.1,100,2026-06-01T23:52:50.104944,Open-Meteo_Archive
2026-01-10,JAWA TENGAH,KABUPATEN REMBANG,-6.78333,111.46667,26.8,22.8,24.1,31.5,30.4,94,15.6,1010.4,100,2026-06-01T23:52:54.842807,Open-Meteo_Archive
2026-01-11,JAWA TENGAH,KABUPATEN REMBANG,-6.78333,111.46667,25.4,22.2,23.8,30.1,12.5,95,15.9,1010.6,100,2026-06-01T23:52:57.691312,Open-Meteo_Archive
2026-01-12,JAWA TENGAH,KABUPATEN REMBANG,-6.78333,111.46667,27.0,22.2,23.8,32.1,17.9,95,18.3,1010.8,100,2026-06-01T23:53:00.977240,Open-Meteo_Archive
2026-01-13,JAWA TENGAH,KABUPATEN REMBANG,-6.78333,111.46667,28.0,22.5,24.8,32.0,11.9,90,21.9,1010.3,98,2026-06-01T23:53:03.853233,Open-Meteo_Archive
2026-01-14,JAWA TENGAH,KABUPATEN REMBANG,-6.78333,111.46667,27.7,22.5,24.6,31.9,18.2,91,21.6,1009.4,100,2026-06-01T23:53:08.346817,Open-Meteo_Archive
2026-01-08,JAWA TENGAH,KABUPATEN PATI,-6.76667,111.1,32.2,23.7,26.2,39.3,8.5,86,15.4,1009.8,92,2026-06-01T23:53:11.105463,Open-Meteo_Archive
2026-01-09,JAWA TENGAH,KABUPATEN PATI,-6.76667,111.1,30.9,22.8,25.5,37.5,21.0,89,16.2,1009.8,99,2026-06-01T23:53:15.392370,Open-Meteo_Archive
2026-01-10,JAWA TENGAH,KABUPATEN PATI,-6.76667,111.1,27.0,23.1,24.7,31.2,24.0,92,17.1,1010.1,99,2026-06-01T23:53:18.513933,Open-Meteo_Archive
2026-01-11,JAWA TENGAH,KABUPATEN PATI,-6.76667,111.1,27.1,23.5,24.5,31.7,13.4,92,12.6,1010.3,96,2026-06-01T23:53:22.061392,Open-Meteo_Archive
2026-01-12,JAWA TENGAH,KABUPATEN PATI,-6.76667,111.1,27.1,23.1,24.4,31.5,15.3,91,14.0,1010.6,100,2026-06-01T23:53:24.723840,Open-Meteo_Archive
2026-01-13,JAWA TENGAH,KABUPATEN PATI,-6.76667,111.1,28.0,22.8,25.4,32.6,9.5,88,18.0,1010.0,97,2026-06-01T23:53:27.906699,Open-Meteo_Archive
2026-01-14,JAWA TENGAH,KABUPATEN PATI,-6.76667,111.1,28.5,23.3,25.3,33.8,21.7,89,16.1,1009.1,100,2026-06-01T23:53:32.511478,Open-Meteo_Archive
2026-01-08,JAWA TENGAH,KABUPATEN KUDUS,-6.8,110.86667,31.2,23.3,26.5,38.0,21.1,82,18.5,1009.9,90,2026-06-01T23:53:37.022228,Open-Meteo_Archive
2026-01-09,JAWA TENGAH,KABUPATEN KUDUS,-6.8,110.86667,30.1,22.9,25.1,34.5,28.4,89,18.8,1010.0,99,2026-06-01T23:53:39.674660,Open-Meteo_Archive
2026-01-10,JAWA TENGAH,KABUPATEN KUDUS,-6.8,110.86667,26.2,23.0,24.1,28.2,41.3,94,25.0,1010.5,100,2026-06-01T23:53:42.797837,Open-Meteo_Archive
2026-01-11,JAWA TENGAH,KABUPATEN KUDUS,-6.8,110.86667,25.9,22.8,24.1,28.3,16.1,92,25.3,1010.6,99,2026-06-01T23:53:46.024323,Open-Meteo_Archive
2026-01-12,JAWA TENGAH,KABUPATEN KUDUS,-6.8,110.86667,25.5,22.5,23.9,27.8,21.5,92,27.0,1010.8,100,2026-06-01T23:53:48.764986,Open-Meteo_Archive
2026-01-13,JAWA TENGAH,KABUPATEN KUDUS,-6.8,110.86667,27.2,22.9,24.7,29.4,16.3,90,29.2,1010.4,99,2026-06-01T23:53:51.339572,Open-Meteo_Archive
2026-01-14,JAWA TENGAH,KABUPATEN KUDUS,-6.8,110.86667,26.8,22.8,24.5,29.3,23.2,91,29.0,1009.5,100,2026-06-01T23:53:55.957071,Open-Meteo_Archive
2026-01-08,JAWA TENGAH,KABUPATEN JEPARA,-6.58333,110.76667,30.2,22.6,25.3,37.1,5.9,90,15.4,1010.9,90,2026-06-01T23:53:59.032594,Open-Meteo_Archive
2026-01-09,JAWA TENGAH,KABUPATEN JEPARA,-6.58333,110.76667,28.5,22.5,24.3,32.5,23.7,95,18.7,1011.0,100,2026-06-01T23:54:02.753604,Open-Meteo_Archive
2026-01-10,JAWA TENGAH,KABUPATEN JEPARA,-6.58333,110.76667,24.5,22.8,23.5,29.3,43.0,99,19.7,1011.5,100,2026-06-01T23:54:05.827167,Open-Meteo_Archive
2026-01-11,JAWA TENGAH,KABUPATEN JEPARA,-6.58333,110.76667,24.1,22.7,23.3,28.1,39.4,99,19.9,1011.8,100,2026-06-01T23:54:09.771958,Open-Meteo_Archive
2026-01-12,JAWA TENGAH,KABUPATEN JEPARA,-6.58333,110.76667,24.0,22.2,23.2,27.7,35.2,99,22.1,1012.0,100,2026-06-01T23:54:12.445828,Open-Meteo_Archive
2026-01-13,JAWA TENGAH,KABUPATEN JEPARA,-6.58333,110.76667,25.7,22.7,23.7,29.3,41.6,98,20.9,1011.6,99,2026-06-01T23:54:15.318857,Open-Meteo_Archive
2026-01-14,JAWA TENGAH,KABUPATEN JEPARA,-6.58333,110.76667,25.4,22.7,23.7,29.0,34.5,98,20.9,1010.6,100,2026-06-01T23:54:18.278341,Open-Meteo_Archive
2026-01-08,JAWA TENGAH,KABUPATEN DEMAK,-6.8993,110.6122,31.0,24.0,26.5,39.5,5.2,85,17.7,1009.7,89,2026-06-01T23:54:22.373741,Open-Meteo_Archive
2026-01-09,JAWA TENGAH,KABUPATEN DEMAK,-6.8993,110.6122,30.0,23.7,25.7,36.3,38.1,90,15.1,1009.9,98,2026-06-01T23:54:25.084551,Open-Meteo_Archive
2026-01-10,JAWA TENGAH,KABUPATEN DEMAK,-6.8993,110.6122,26.4,23.5,24.7,30.1,31.0,92,22.8,1010.4,100,2026-06-01T23:54:28.754245,Open-Meteo_Archive
2026-01-11,JAWA TENGAH,KABUPATEN DEMAK,-6.8993,110.6122,27.0,23.6,25.0,29.1,11.1,89,23.8,1010.5,94,2026-06-01T23:54:31.673435,Open-Meteo_Archive
2026-01-12,JAWA TENGAH,KABUPATEN DEMAK,-6.8993,110.6122,27.0,23.1,24.6,29.1,11.5,91,28.4,1010.7,100,2026-06-01T23:54:34.736244,Open-Meteo_Archive
2026-01-13,JAWA TENGAH,KABUPATEN DEMAK,-6.8993,110.6122,27.9,23.6,25.5,31.0,9.3,87,30.8,1010.2,93,2026-06-01T23:54:39.070181,Open-Meteo_Archive
2026-01-14,JAWA TENGAH,KABUPATEN DEMAK,-6.8993,110.6122,27.6,23.7,25.4,31.0,15.1,89,33.0,1009.3,99,2026-06-01T23:54:44.192242,Open-Meteo_Archive
2026-01-08,JAWA TENGAH,KABUPATEN SEMARANG,-7.20667,110.44139,29.4,21.4,24.6,34.4,2.0,78,7.7,1011.4,84,2026-06-01T23:54:49.517424,Open-Meteo_Archive
2026-01-09,JAWA TENGAH,KABUPATEN SEMARANG,-7.20667,110.44139,28.7,21.9,23.8,35.0,10.5,87,7.9,1011.3,98,2026-06-01T23:54:53.620017,Open-Meteo_Archive
2026-01-10,JAWA TENGAH,KABUPATEN SEMARANG,-7.20667,110.44139,25.8,21.1,22.9,30.6,10.0,91,10.7,1011.7,98,2026-06-01T23:54:57.398060,Open-Meteo_Archive
2026-01-11,JAWA TENGAH,KABUPATEN SEMARANG,-7.20667,110.44139,25.8,20.8,22.6,29.5,5.1,90,10.7,1011.8,78,2026-06-01T23:55:00.980233,Open-Meteo_Archive
2026-01-12,JAWA TENGAH,KABUPATEN SEMARANG,-7.20667,110.44139,25.7,20.5,22.7,28.0,6.9,89,18.4,1011.9,100,2026-06-01T23:55:04.166552,Open-Meteo_Archive
2026-01-13,JAWA TENGAH,KABUPATEN SEMARANG,-7.20667,110.44139,27.4,20.8,23.3,31.9,18.8,86,15.1,1011.5,96,2026-06-01T23:55:08.977504,Open-Meteo_Archive
2026-01-14,JAWA TENGAH,KABUPATEN SEMARANG,-7.20667,110.44139,26.7,20.7,22.9,30.1,20.2,90,17.1,1010.6,100,2026-06-01T23:55:12.074124,Open-Meteo_Archive
2026-01-08,JAWA TENGAH,KABUPATEN TEMANGGUNG,-7.25,110.11667,28.0,18.9,22.3,32.8,6.5,87,10.5,1011.7,88,2026-06-01T23:55:17.131333,Open-Meteo_Archive
2026-01-09,JAWA TENGAH,KABUPATEN TEMANGGUNG,-7.25,110.11667,27.1,19.4,21.9,32.6,22.1,91,10.2,1011.8,99,2026-06-01T23:55:21.283682,Open-Meteo_Archive
2026-01-10,JAWA TENGAH,KABUPATEN TEMANGGUNG,-7.25,110.11667,23.6,19.1,20.9,27.0,9.0,93,8.4,1012.1,100,2026-06-01T23:55:24.208096,Open-Meteo_Archive
2026-01-11,JAWA TENGAH,KABUPATEN TEMANGGUNG,-7.25,110.11667,23.5,18.6,20.8,27.1,14.6,93,6.9,1012.3,85,2026-06-01T23:55:29.215098,Open-Meteo_Archive
2026-01-12,JAWA TENGAH,KABUPATEN TEMANGGUNG,-7.25,110.11667,23.4,18.5,20.6,26.1,12.3,94,11.1,1012.4,100,2026-06-01T23:55:32.753270,Open-Meteo_Archive
2026-01-13,JAWA TENGAH,KABUPATEN TEMANGGUNG,-7.25,110.11667,26.0,18.4,21.1,30.9,29.9,92,10.1,1012.0,96,2026-06-01T23:55:37.792222,Open-Meteo_Archive
2026-01-14,JAWA TENGAH,KABUPATEN TEMANGGUNG,-7.25,110.11667,24.4,19.0,21.0,28.4,67.7,93,11.3,1011.2,100,2026-06-01T23:55:41.901614,Open-Meteo_Archive
2026-01-08,JAWA TENGAH,KABUPATEN KENDAL,-7.0256,110.1685,31.2,22.2,26.0,37.3,10.3,83,11.2,1009.8,88,2026-06-01T23:55:46.043839,Open-Meteo_Archive
2026-01-09,JAWA TENGAH,KABUPATEN KENDAL,-7.0256,110.1685,30.1,23.3,25.4,36.6,37.0,90,12.2,1009.9,97,2026-06-01T23:55:49.044185,Open-Meteo_Archive
2026-01-10,JAWA TENGAH,KABUPATEN KENDAL,-7.0256,110.1685,26.6,22.4,24.4,30.5,16.0,92,17.1,1010.4,100,2026-06-01T23:55:52.861013,Open-Meteo_Archive
2026-01-11,JAWA TENGAH,KABUPATEN KENDAL,-7.0256,110.1685,26.9,22.1,24.3,30.7,9.4,90,19.8,1010.7,83,2026-06-01T23:55:56.510361,Open-Meteo_Archive
2026-01-12,JAWA TENGAH,KABUPATEN KENDAL,-7.0256,110.1685,27.1,22.0,23.8,29.8,9.2,91,23.6,1010.8,99,2026-06-01T23:56:02.321417,Open-Meteo_Archive
2026-01-13,JAWA TENGAH,KABUPATEN KENDAL,-7.0256,110.1685,28.0,22.4,24.8,31.6,3.7,88,26.5,1010.3,94,2026-06-01T23:56:06.607938,Open-Meteo_Archive
2026-01-14,JAWA TENGAH,KABUPATEN KENDAL,-7.0256,110.1685,27.6,22.5,24.6,31.4,11.3,90,25.7,1009.4,100,2026-06-01T23:56:12.571751,Open-Meteo_Archive
2026-01-08,JAWA TENGAH,KABUPATEN BATANG,-7.03333,109.88333,29.9,22.4,25.0,34.8,19.4,83,11.3,1010.4,86,2026-06-01T23:56:16.326007,Open-Meteo_Archive
2026-01-09,JAWA TENGAH,KABUPATEN BATANG,-7.03333,109.88333,28.6,21.2,24.3,33.6,15.8,90,16.6,1010.4,100,2026-06-01T23:56:21.525310,Open-Meteo_Archive
2026-01-10,JAWA TENGAH,KABUPATEN BATANG,-7.03333,109.88333,24.9,21.5,23.0,29.0,26.9,94,17.4,1011.0,100,2026-06-01T23:56:25.899558,Open-Meteo_Archive
2026-01-11,JAWA TENGAH,KABUPATEN BATANG,-7.03333,109.88333,25.4,21.0,23.0,28.6,16.4,92,15.0,1011.2,95,2026-06-01T23:56:31.160581,Open-Meteo_Archive
2026-01-12,JAWA TENGAH,KABUPATEN BATANG,-7.03333,109.88333,24.9,20.8,22.4,27.8,22.7,94,20.0,1011.6,100,2026-06-01T23:56:34.283469,Open-Meteo_Archive
2026-01-13,JAWA TENGAH,KABUPATEN BATANG,-7.03333,109.88333,26.8,21.1,23.5,30.0,16.5,89,22.5,1011.0,98,2026-06-01T23:56:38.891721,Open-Meteo_Archive
2026-01-14,JAWA TENGAH,KABUPATEN BATANG,-7.03333,109.88333,27.3,21.5,23.3,31.0,30.4,92,21.5,1010.1,100,2026-06-01T23:56:41.895151,Open-Meteo_Archive
2026-01-08,JAWA TENGAH,KABUPATEN PEKALONGAN,-7.0319,109.624,32.3,23.1,26.7,37.2,4.2,77,17.0,1009.7,80,2026-06-01T23:56:47.285346,Open-Meteo_Archive
2026-01-09,JAWA TENGAH,KABUPATEN PEKALONGAN,-7.0319,109.624,31.5,22.5,25.4,36.5,18.5,86,12.6,1009.9,100,2026-06-01T23:56:51.717816,Open-Meteo_Archive
2026-01-10,JAWA TENGAH,KABUPATEN PEKALONGAN,-7.0319,109.624,26.4,22.4,24.3,32.1,22.3,92,10.1,1010.5,100,2026-06-01T23:56:55.715795,Open-Meteo_Archive
2026-01-11,JAWA TENGAH,KABUPATEN PEKALONGAN,-7.0319,109.624,26.8,21.5,23.8,31.3,24.0,92,11.9,1010.9,94,2026-06-01T23:56:59.438924,Open-Meteo_Archive
2026-01-12,JAWA TENGAH,KABUPATEN PEKALONGAN,-7.0319,109.624,27.3,21.4,23.5,30.7,27.7,92,17.7,1011.2,100,2026-06-01T23:57:02.840097,Open-Meteo_Archive
2026-01-13,JAWA TENGAH,KABUPATEN PEKALONGAN,-7.0319,109.624,29.1,20.7,24.2,33.3,25.2,90,16.9,1010.6,99,2026-06-01T23:57:07.754495,Open-Meteo_Archive
2026-01-14,JAWA TENGAH,KABUPATEN PEKALONGAN,-7.0319,109.624,28.8,22.6,24.5,34.2,28.9,90,13.6,1009.8,100,2026-06-01T23:57:11.539329,Open-Meteo_Archive
2026-01-08,JAWA TENGAH,KABUPATEN PEMALANG,-7.03333,109.4,29.7,22.7,25.3,36.3,9.0,85,13.0,1010.4,80,2026-06-01T23:57:15.944202,Open-Meteo_Archive
2026-01-09,JAWA TENGAH,KABUPATEN PEMALANG,-7.03333,109.4,28.4,23.0,24.8,34.1,23.3,89,8.5,1010.4,100,2026-06-01T23:57:21.952017,Open-Meteo_Archive
2026-01-10,JAWA TENGAH,KABUPATEN PEMALANG,-7.03333,109.4,26.3,23.0,24.1,31.6,30.0,93,9.0,1010.8,100,2026-06-01T23:57:25.682671,Open-Meteo_Archive
2026-01-11,JAWA TENGAH,KABUPATEN PEMALANG,-7.03333,109.4,26.4,22.2,23.6,31.4,31.9,93,9.8,1011.2,96,2026-06-01T23:57:28.809643,Open-Meteo_Archive
2026-01-12,JAWA TENGAH,KABUPATEN PEMALANG,-7.03333,109.4,25.6,21.6,23.4,29.5,21.6,94,19.1,1011.4,100,2026-06-01T23:57:31.963825,Open-Meteo_Archive
2026-01-13,JAWA TENGAH,KABUPATEN PEMALANG,-7.03333,109.4,27.5,22.2,24.2,31.9,12.7,90,18.1,1010.9,99,2026-06-01T23:57:35.301150,Open-Meteo_Archive
2026-01-14,JAWA TENGAH,KABUPATEN PEMALANG,-7.03333,109.4,28.1,22.2,24.3,33.1,44.9,92,18.6,1010.0,99,2026-06-01T23:57:38.373251,Open-Meteo_Archive
2026-01-08,JAWA TENGAH,KABUPATEN TEGAL,-7.03333,109.16667,30.9,22.7,26.2,34.0,10.7,79,18.3,1010.0,86,2026-06-01T23:57:42.371186,Open-Meteo_Archive
2026-01-09,JAWA TENGAH,KABUPATEN TEGAL,-7.03333,109.16667,30.3,23.0,25.1,34.9,29.3,87,12.1,1010.1,100,2026-06-01T23:57:45.693285,Open-Meteo_Archive
2026-01-10,JAWA TENGAH,KABUPATEN TEGAL,-7.03333,109.16667,28.1,23.0,24.9,32.8,16.2,89,7.3,1010.3,100,2026-06-01T23:57:48.940369,Open-Meteo_Archive
2026-01-11,JAWA TENGAH,KABUPATEN TEGAL,-7.03333,109.16667,27.8,21.7,23.7,31.8,19.9,93,12.0,1010.9,96,2026-06-01T23:57:52.982536,Open-Meteo_Archive
2026-01-12,JAWA TENGAH,KABUPATEN TEGAL,-7.03333,109.16667,27.2,21.7,23.7,31.5,6.2,92,15.0,1011.0,100,2026-06-01T23:57:56.591537,Open-Meteo_Archive
2026-01-13,JAWA TENGAH,KABUPATEN TEGAL,-7.03333,109.16667,28.5,21.8,24.6,33.1,11.6,87,15.7,1010.5,99,2026-06-01T23:57:59.676096,Open-Meteo_Archive
2026-01-14,JAWA TENGAH,KABUPATEN TEGAL,-7.03333,109.16667,29.3,22.1,24.7,35.3,17.4,89,13.0,1009.6,100,2026-06-01T23:58:03.479653,Open-Meteo_Archive
2026-01-08,JAWA TENGAH,KABUPATEN BREBES,-7.05,108.9,31.0,23.1,26.2,37.8,3.8,83,14.8,1010.1,84,2026-06-01T23:58:07.041033,Open-Meteo_Archive
2026-01-09,JAWA TENGAH,KABUPATEN BREBES,-7.05,108.9,30.1,23.8,25.9,36.4,14.9,85,8.5,1010.0,100,2026-06-01T23:58:10.448886,Open-Meteo_Archive
2026-01-10,JAWA TENGAH,KABUPATEN BREBES,-7.05,108.9,28.8,23.6,25.6,34.9,16.1,90,8.2,1010.3,100,2026-06-01T23:58:14.028359,Open-Meteo_Archive
2026-01-11,JAWA TENGAH,KABUPATEN BREBES,-7.05,108.9,27.0,22.4,24.5,32.5,23.1,93,6.9,1010.8,90,2026-06-01T23:58:17.391521,Open-Meteo_Archive
2026-01-12,JAWA TENGAH,KABUPATEN BREBES,-7.05,108.9,27.3,22.5,24.2,32.4,4.1,92,15.6,1010.9,100,2026-06-01T23:58:20.668318,Open-Meteo_Archive
2026-01-13,JAWA TENGAH,KABUPATEN BREBES,-7.05,108.9,29.5,22.5,25.2,36.2,12.2,88,13.6,1010.3,98,2026-06-01T23:58:25.708661,Open-Meteo_Archive
2026-01-14,JAWA TENGAH,KABUPATEN BREBES,-7.05,108.9,29.6,22.7,25.6,35.5,11.7,87,14.0,1009.5,98,2026-06-01T23:58:29.035434,Open-Meteo_Archive
2026-01-08,JAWA TENGAH,KOTA MAGELANG,-7.5,110.225,29.4,21.7,24.4,33.1,9.3,81,14.1,1011.2,86,2026-06-01T23:58:32.109810,Open-Meteo_Archive
2026-01-09,JAWA TENGAH,KOTA MAGELANG,-7.5,110.225,27.9,21.0,23.4,31.9,7.5,88,14.7,1011.2,95,2026-06-01T23:58:35.131484,Open-Meteo_Archive
2026-01-10,JAWA TENGAH,KOTA MAGELANG,-7.5,110.225,26.5,20.3,22.4,31.4,18.6,91,13.5,1011.5,100,2026-06-01T23:58:38.341402,Open-Meteo_Archive
2026-01-11,JAWA TENGAH,KOTA MAGELANG,-7.5,110.225,27.3,19.9,22.8,32.6,7.3,85,10.3,1011.5,88,2026-06-01T23:58:41.558924,Open-Meteo_Archive
2026-01-12,JAWA TENGAH,KOTA MAGELANG,-7.5,110.225,29.0,20.0,23.1,31.9,6.7,83,9.8,1011.4,100,2026-06-01T23:58:44.804839,Open-Meteo_Archive
2026-01-13,JAWA TENGAH,KOTA MAGELANG,-7.5,110.225,29.8,19.0,23.4,35.5,4.3,82,9.7,1011.0,90,2026-06-01T23:58:49.746461,Open-Meteo_Archive
2026-01-14,JAWA TENGAH,KOTA MAGELANG,-7.5,110.225,29.9,20.0,23.6,32.4,5.2,84,12.8,1010.3,100,2026-06-01T23:58:53.635039,Open-Meteo_Archive
2026-01-08,JAWA TENGAH,KOTA SURAKARTA,-7.55,110.81667,30.8,23.6,26.6,35.3,6.0,80,19.1,1009.9,88,2026-06-01T23:58:57.121811,Open-Meteo_Archive
2026-01-09,JAWA TENGAH,KOTA SURAKARTA,-7.55,110.81667,29.8,22.7,25.4,34.9,10.2,87,13.1,1010.1,91,2026-06-01T23:59:00.418614,Open-Meteo_Archive
2026-01-10,JAWA TENGAH,KOTA SURAKARTA,-7.55,110.81667,27.3,22.5,24.2,32.6,9.0,92,12.9,1010.5,100,2026-06-01T23:59:03.700659,Open-Meteo_Archive
2026-01-11,JAWA TENGAH,KOTA SURAKARTA,-7.55,110.81667,29.6,22.3,24.0,34.3,13.5,90,19.2,1010.6,96,2026-06-01T23:59:07.199449,Open-Meteo_Archive
2026-01-12,JAWA TENGAH,KOTA SURAKARTA,-7.55,110.81667,28.5,22.2,24.5,33.0,9.8,87,10.5,1010.5,100,2026-06-01T23:59:10.247252,Open-Meteo_Archive
2026-01-13,JAWA TENGAH,KOTA SURAKARTA,-7.55,110.81667,29.0,22.5,25.0,35.2,1.7,87,7.9,1010.1,98,2026-06-01T23:59:14.112690,Open-Meteo_Archive
2026-01-14,JAWA TENGAH,KOTA SURAKARTA,-7.55,110.81667,27.8,22.3,24.4,31.7,11.5,89,18.5,1009.4,100,2026-06-01T23:59:17.272344,Open-Meteo_Archive
2026-01-08,JAWA TENGAH,KOTA SALATIGA,-7.33278,110.48333,28.7,21.9,24.5,33.3,7.4,80,9.1,1010.7,82,2026-06-01T23:59:22.310911,Open-Meteo_Archive
2026-01-09,JAWA TENGAH,KOTA SALATIGA,-7.33278,110.48333,27.5,21.9,23.7,32.5,16.2,89,5.9,1010.7,97,2026-06-01T23:59:25.668428,Open-Meteo_Archive
2026-01-10,JAWA TENGAH,KOTA SALATIGA,-7.33278,110.48333,26.3,21.2,22.9,30.7,24.9,92,7.9,1011.1,98,2026-06-01T23:59:29.883964,Open-Meteo_Archive
2026-01-11,JAWA TENGAH,KOTA SALATIGA,-7.33278,110.48333,26.6,20.3,22.7,29.2,37.6,91,10.1,1011.2,85,2026-06-01T23:59:33.367409,Open-Meteo_Archive
2026-01-12,JAWA TENGAH,KOTA SALATIGA,-7.33278,110.48333,27.1,20.4,23.1,29.2,1.1,87,12.2,1011.2,98,2026-06-01T23:59:36.420513,Open-Meteo_Archive
2026-01-13,JAWA TENGAH,KOTA SALATIGA,-7.33278,110.48333,28.2,20.4,23.6,32.8,3.2,86,12.4,1010.7,97,2026-06-01T23:59:41.025783,Open-Meteo_Archive
2026-01-14,JAWA TENGAH,KOTA SALATIGA,-7.33278,110.48333,27.0,21.1,23.5,30.7,7.7,88,16.1,1009.9,100,2026-06-01T23:59:44.166269,Open-Meteo_Archive
2026-01-08,JAWA TENGAH,KOTA SEMARANG,-7.03333,110.38333,29.8,24.5,26.6,36.3,15.0,82,13.4,1009.8,89,2026-06-01T23:59:48.557344,Open-Meteo_Archive
2026-01-09,JAWA TENGAH,KOTA SEMARANG,-7.03333,110.38333,29.7,23.8,25.8,35.9,40.3,86,15.6,1010.0,97,2026-06-01T23:59:52.808442,Open-Meteo_Archive
2026-01-10,JAWA TENGAH,KOTA SEMARANG,-7.03333,110.38333,26.4,23.1,24.9,30.3,22.1,88,22.3,1010.5,99,2026-06-01T23:59:57.313131,Open-Meteo_Archive
2026-01-11,JAWA TENGAH,KOTA SEMARANG,-7.03333,110.38333,26.6,23.9,24.9,30.0,6.2,88,21.2,1010.7,84,2026-06-02T00:00:00.444140,Open-Meteo_Archive
2026-01-12,JAWA TENGAH,KOTA SEMARANG,-7.03333,110.38333,26.9,23.2,24.5,28.4,4.3,87,26.6,1010.9,100,2026-06-02T00:00:03.691737,Open-Meteo_Archive
2026-01-13,JAWA TENGAH,KOTA SEMARANG,-7.03333,110.38333,27.9,24.1,25.5,30.6,3.7,84,28.5,1010.4,95,2026-06-02T00:00:07.888132,Open-Meteo_Archive
2026-01-14,JAWA TENGAH,KOTA SEMARANG,-7.03333,110.38333,27.6,23.4,25.1,30.0,10.0,86,29.9,1009.5,100,2026-06-02T00:00:11.463351,Open-Meteo_Archive
2026-01-08,JAWA TENGAH,KOTA PEKALONGAN,-6.9,109.68333,31.8,24.0,27.3,38.6,2.6,78,18.0,1009.7,79,2026-06-02T00:00:14.747211,Open-Meteo_Archive
2026-01-09,JAWA TENGAH,KOTA PEKALONGAN,-6.9,109.68333,31.2,23.6,26.3,37.4,14.8,84,17.2,1009.8,100,2026-06-02T00:00:18.472254,Open-Meteo_Archive
2026-01-10,JAWA TENGAH,KOTA PEKALONGAN,-6.9,109.68333,27.6,22.5,25.1,32.5,18.3,90,13.8,1010.4,100,2026-06-02T00:00:21.536544,Open-Meteo_Archive
2026-01-11,JAWA TENGAH,KOTA PEKALONGAN,-6.9,109.68333,27.7,22.5,24.6,32.1,8.4,90,17.1,1010.8,94,2026-06-02T00:00:24.845939,Open-Meteo_Archive
2026-01-12,JAWA TENGAH,KOTA PEKALONGAN,-6.9,109.68333,27.5,22.0,24.2,31.2,21.8,91,19.7,1011.1,100,2026-06-02T00:00:30.306298,Open-Meteo_Archive
2026-01-13,JAWA TENGAH,KOTA PEKALONGAN,-6.9,109.68333,29.2,22.0,25.1,33.4,9.2,88,21.3,1010.5,95,2026-06-02T00:00:33.990760,Open-Meteo_Archive
2026-01-14,JAWA TENGAH,KOTA PEKALONGAN,-6.9,109.68333,28.9,23.0,25.2,33.5,12.2,89,22.5,1009.7,100,2026-06-02T00:00:37.470885,Open-Meteo_Archive
2026-01-08,JAWA TENGAH,KOTA TEGAL,-6.8686,109.1129,30.5,24.7,26.9,36.1,4.2,80,16.6,1010.1,88,2026-06-02T00:00:40.851621,Open-Meteo_Archive
2026-01-09,JAWA TENGAH,KOTA TEGAL,-6.8686,109.1129,29.9,24.4,26.2,34.8,2.8,86,11.9,1010.0,100,2026-06-02T00:00:44.643934,Open-Meteo_Archive
2026-01-10,JAWA TENGAH,KOTA TEGAL,-6.8686,109.1129,28.0,24.0,26.0,31.9,11.1,86,20.6,1010.3,100,2026-06-02T00:00:48.427010,Open-Meteo_Archive
2026-01-11,JAWA TENGAH,KOTA TEGAL,-6.8686,109.1129,26.8,22.7,24.9,32.2,10.2,90,13.2,1010.8,95,2026-06-02T00:00:53.050031,Open-Meteo_Archive
2026-01-12,JAWA TENGAH,KOTA TEGAL,-6.8686,109.1129,26.6,23.3,24.8,30.0,10.0,89,26.2,1010.9,100,2026-06-02T00:00:56.088111,Open-Meteo_Archive
2026-01-13,JAWA TENGAH,KOTA TEGAL,-6.8686,109.1129,28.1,23.5,25.6,31.2,5.0,86,26.6,1010.4,99,2026-06-02T00:00:59.302131,Open-Meteo_Archive
2026-01-14,JAWA TENGAH,KOTA TEGAL,-6.8686,109.1129,28.0,23.1,25.8,31.7,7.3,86,26.8,1009.5,100,2026-06-02T00:01:03.114952,Open-Meteo_Archive
2026-01-08,DI YOGYAKARTA,KABUPATEN KULON PROGO,-7.645,110.02694,29.5,22.1,25.3,34.3,2.4,81,15.0,1010.8,73,2026-06-02T00:01:06.469207,Open-Meteo_Archive
2026-01-09,DI YOGYAKARTA,KABUPATEN KULON PROGO,-7.645,110.02694,29.3,21.9,23.6,33.4,9.9,93,15.5,1010.9,95,2026-06-02T00:01:09.435043,Open-Meteo_Archive
2026-01-10,DI YOGYAKARTA,KABUPATEN KULON PROGO,-7.645,110.02694,28.4,21.1,23.0,32.5,23.1,96,10.5,1011.1,98,2026-06-02T00:01:13.859167,Open-Meteo_Archive
2026-01-11,DI YOGYAKARTA,KABUPATEN KULON PROGO,-7.645,110.02694,26.0,21.3,22.8,29.6,8.6,94,16.1,1011.2,86,2026-06-02T00:01:19.470970,Open-Meteo_Archive
2026-01-12,DI YOGYAKARTA,KABUPATEN KULON PROGO,-7.645,110.02694,28.3,21.1,23.7,34.0,16.7,90,14.2,1010.9,97,2026-06-02T00:01:25.214999,Open-Meteo_Archive
2026-01-13,DI YOGYAKARTA,KABUPATEN KULON PROGO,-7.645,110.02694,30.2,20.7,24.2,33.8,8.6,87,15.1,1010.5,93,2026-06-02T00:01:28.496704,Open-Meteo_Archive
2026-01-14,DI YOGYAKARTA,KABUPATEN KULON PROGO,-7.645,110.02694,30.5,21.5,24.1,33.9,16.5,89,17.7,1010.0,99,2026-06-02T00:01:31.927058,Open-Meteo_Archive
2026-01-08,DI YOGYAKARTA,KABUPATEN BANTUL,-7.9,110.36667,29.5,23.1,26.0,35.1,6.2,84,19.1,1010.3,89,2026-06-02T00:01:35.940141,Open-Meteo_Archive
2026-01-09,DI YOGYAKARTA,KABUPATEN BANTUL,-7.9,110.36667,28.3,21.6,24.3,33.0,26.7,92,20.3,1010.5,98,2026-06-02T00:01:40.250959,Open-Meteo_Archive
2026-01-10,DI YOGYAKARTA,KABUPATEN BANTUL,-7.9,110.36667,26.4,21.5,23.3,30.0,21.4,95,17.5,1010.7,100,2026-06-02T00:01:43.516403,Open-Meteo_Archive
2026-01-11,DI YOGYAKARTA,KABUPATEN BANTUL,-7.9,110.36667,28.6,21.6,24.1,33.2,19.9,92,20.4,1010.7,91,2026-06-02T00:01:46.769442,Open-Meteo_Archive
2026-01-12,DI YOGYAKARTA,KABUPATEN BANTUL,-7.9,110.36667,28.0,22.5,24.4,31.8,6.7,90,21.6,1010.6,97,2026-06-02T00:01:50.065605,Open-Meteo_Archive
2026-01-13,DI YOGYAKARTA,KABUPATEN BANTUL,-7.9,110.36667,28.9,22.1,24.8,32.6,4.6,87,19.8,1010.2,97,2026-06-02T00:01:53.460164,Open-Meteo_Archive
2026-01-14,DI YOGYAKARTA,KABUPATEN BANTUL,-7.9,110.36667,29.4,22.2,24.4,34.4,39.0,91,23.2,1009.6,99,2026-06-02T00:01:57.970239,Open-Meteo_Archive
2026-01-08,DI YOGYAKARTA,KABUPATEN GUNUNG KIDUL,-7.98333,110.61667,28.3,22.9,25.2,33.2,6.0,86,19.6,1010.6,90,2026-06-02T00:02:01.452552,Open-Meteo_Archive
2026-01-09,DI YOGYAKARTA,KABUPATEN GUNUNG KIDUL,-7.98333,110.61667,27.9,21.4,23.9,32.0,28.6,92,20.1,1010.7,97,2026-06-02T00:02:04.696964,Open-Meteo_Archive
2026-01-10,DI YOGYAKARTA,KABUPATEN GUNUNG KIDUL,-7.98333,110.61667,25.6,21.2,22.7,28.9,32.3,95,21.0,1011.0,100,2026-06-02T00:02:08.033826,Open-Meteo_Archive
2026-01-11,DI YOGYAKARTA,KABUPATEN GUNUNG KIDUL,-7.98333,110.61667,27.7,21.5,23.5,31.2,12.3,92,20.7,1010.9,96,2026-06-02T00:02:11.478901,Open-Meteo_Archive
2026-01-12,DI YOGYAKARTA,KABUPATEN GUNUNG KIDUL,-7.98333,110.61667,27.0,22.0,23.7,29.8,15.0,90,21.1,1010.8,96,2026-06-02T00:02:15.453870,Open-Meteo_Archive
2026-01-13,DI YOGYAKARTA,KABUPATEN GUNUNG KIDUL,-7.98333,110.61667,28.0,21.5,24.1,31.2,5.1,87,22.9,1010.5,99,2026-06-02T00:02:20.689637,Open-Meteo_Archive
2026-01-14,DI YOGYAKARTA,KABUPATEN GUNUNG KIDUL,-7.98333,110.61667,27.5,21.5,23.7,31.8,12.8,91,25.0,1009.8,98,2026-06-02T00:02:27.285520,Open-Meteo_Archive
2026-01-08,DI YOGYAKARTA,KABUPATEN SLEMAN,-7.68167,110.32333,29.6,22.8,25.9,34.9,4.7,80,12.7,1010.6,91,2026-06-02T00:02:30.485133,Open-Meteo_Archive
2026-01-09,DI YOGYAKARTA,KABUPATEN SLEMAN,-7.68167,110.32333,29.4,22.6,24.5,34.6,17.1,88,12.2,1010.6,96,2026-06-02T00:02:34.826850,Open-Meteo_Archive
2026-01-10,DI YOGYAKARTA,KABUPATEN SLEMAN,-7.68167,110.32333,27.6,21.9,23.9,32.3,17.5,89,11.9,1010.8,98,2026-06-02T00:02:38.662552,Open-Meteo_Archive
2026-01-11,DI YOGYAKARTA,KABUPATEN SLEMAN,-7.68167,110.32333,27.5,21.4,23.9,31.1,3.8,85,15.1,1010.8,90,2026-06-02T00:02:41.679845,Open-Meteo_Archive
2026-01-12,DI YOGYAKARTA,KABUPATEN SLEMAN,-7.68167,110.32333,28.8,21.4,24.1,33.4,5.6,85,14.3,1010.8,99,2026-06-02T00:02:44.864888,Open-Meteo_Archive
2026-01-13,DI YOGYAKARTA,KABUPATEN SLEMAN,-7.68167,110.32333,30.0,21.0,24.7,34.4,2.1,82,14.2,1010.4,93,2026-06-02T00:02:50.396972,Open-Meteo_Archive
2026-01-14,DI YOGYAKARTA,KABUPATEN SLEMAN,-7.68167,110.32333,29.4,21.5,24.5,33.2,10.5,86,17.5,1009.8,99,2026-06-02T00:02:53.741328,Open-Meteo_Archive
2026-01-08,DI YOGYAKARTA,KOTA YOGYAKARTA,-7.8,110.375,30.5,23.7,26.6,36.2,3.4,81,15.9,1010.3,93,2026-06-02T00:02:58.780797,Open-Meteo_Archive
2026-01-09,DI YOGYAKARTA,KOTA YOGYAKARTA,-7.8,110.375,29.2,22.5,25.1,33.8,18.4,89,16.4,1010.4,94,2026-06-02T00:03:02.548064,Open-Meteo_Archive
2026-01-10,DI YOGYAKARTA,KOTA YOGYAKARTA,-7.8,110.375,27.9,22.1,24.2,32.7,17.4,93,17.2,1010.6,98,2026-06-02T00:03:05.644019,Open-Meteo_Archive
2026-01-11,DI YOGYAKARTA,KOTA YOGYAKARTA,-7.8,110.375,28.7,22.1,24.8,33.2,3.3,86,18.3,1010.6,92,2026-06-02T00:03:08.934515,Open-Meteo_Archive
2026-01-12,DI YOGYAKARTA,KOTA YOGYAKARTA,-7.8,110.375,29.2,22.4,25.1,34.5,17.6,86,15.6,1010.5,94,2026-06-02T00:03:12.652992,Open-Meteo_Archive
2026-01-13,DI YOGYAKARTA,KOTA YOGYAKARTA,-7.8,110.375,30.2,22.1,25.5,34.6,2.3,81,16.9,1010.1,95,2026-06-02T00:03:27.352883,Open-Meteo_Archive
2026-01-14,DI YOGYAKARTA,KOTA YOGYAKARTA,-7.8,110.375,30.1,22.8,25.3,34.4,9.6,86,19.8,1009.5,100,2026-06-02T00:03:32.593580,Open-Meteo_Archive
2026-01-08,JAWA TIMUR,KABUPATEN PACITAN,-8.13333,111.16667,29.0,23.5,25.8,34.6,5.9,85,15.2,1010.5,89,2026-06-02T00:03:35.868703,Open-Meteo_Archive
2026-01-09,JAWA TIMUR,KABUPATEN PACITAN,-8.13333,111.16667,26.8,21.8,24.1,30.6,14.5,93,16.0,1010.5,99,2026-06-02T00:03:39.681610,Open-Meteo_Archive
2026-01-10,JAWA TIMUR,KABUPATEN PACITAN,-8.13333,111.16667,26.7,21.8,23.7,30.6,24.9,92,20.3,1010.6,100,2026-06-02T00:03:43.441740,Open-Meteo_Archive
2026-01-11,JAWA TIMUR,KABUPATEN PACITAN,-8.13333,111.16667,28.3,22.5,24.3,32.0,11.3,90,18.0,1010.5,100,2026-06-02T00:03:47.262817,Open-Meteo_Archive
2026-01-12,JAWA TIMUR,KABUPATEN PACITAN,-8.13333,111.16667,28.4,22.2,24.3,31.6,13.1,89,20.2,1010.5,95,2026-06-02T00:03:51.952252,Open-Meteo_Archive
2026-01-13,JAWA TIMUR,KABUPATEN PACITAN,-8.13333,111.16667,29.2,23.1,24.9,32.2,17.8,86,21.5,1010.0,97,2026-06-02T00:03:55.324496,Open-Meteo_Archive
2026-01-14,JAWA TIMUR,KABUPATEN PACITAN,-8.13333,111.16667,27.0,22.3,23.7,30.6,24.8,95,18.9,1009.4,100,2026-06-02T00:03:58.815047,Open-Meteo_Archive
2026-01-08,JAWA TIMUR,KABUPATEN PONOROGO,-7.93333,111.5,31.5,23.5,26.5,38.0,10.8,78,12.3,1009.8,86,2026-06-02T00:04:03.343141,Open-Meteo_Archive
2026-01-09,JAWA TIMUR,KABUPATEN PONOROGO,-7.93333,111.5,29.1,22.9,25.6,35.7,14.7,85,11.7,1009.8,100,2026-06-02T00:04:08.936672,Open-Meteo_Archive
2026-01-10,JAWA TIMUR,KABUPATEN PONOROGO,-7.93333,111.5,28.1,22.8,24.7,33.4,40.5,89,14.2,1010.2,100,2026-06-02T00:04:12.031942,Open-Meteo_Archive
2026-01-11,JAWA TIMUR,KABUPATEN PONOROGO,-7.93333,111.5,29.6,22.6,25.2,35.2,16.0,86,11.9,1010.2,96,2026-06-02T00:04:16.617484,Open-Meteo_Archive
2026-01-12,JAWA TIMUR,KABUPATEN PONOROGO,-7.93333,111.5,29.2,22.4,25.0,34.6,4.1,85,10.7,1010.3,91,2026-06-02T00:04:23.157290,Open-Meteo_Archive
2026-01-13,JAWA TIMUR,KABUPATEN PONOROGO,-7.93333,111.5,30.1,22.3,25.8,34.8,1.3,83,13.9,1009.7,98,2026-06-02T00:04:26.334418,Open-Meteo_Archive
2026-01-14,JAWA TIMUR,KABUPATEN PONOROGO,-7.93333,111.5,28.9,22.5,25.1,34.5,28.6,88,14.5,1009.0,100,2026-06-02T00:04:29.611273,Open-Meteo_Archive
2026-01-08,JAWA TIMUR,KABUPATEN TRENGGALEK,-8.16667,111.61667,27.9,21.1,24.0,33.2,5.5,85,12.4,1010.8,84,2026-06-02T00:04:32.703704,Open-Meteo_Archive
2026-01-09,JAWA TIMUR,KABUPATEN TRENGGALEK,-8.16667,111.61667,27.5,21.1,23.3,32.2,6.3,89,11.7,1010.7,99,2026-06-02T00:04:35.759043,Open-Meteo_Archive
2026-01-10,JAWA TIMUR,KABUPATEN TRENGGALEK,-8.16667,111.61667,26.6,20.8,22.8,30.0,15.5,90,10.7,1010.8,100,2026-06-02T00:04:40.254613,Open-Meteo_Archive
2026-01-11,JAWA TIMUR,KABUPATEN TRENGGALEK,-8.16667,111.61667,27.1,20.2,22.6,31.5,8.0,91,10.2,1010.9,92,2026-06-02T00:04:45.392594,Open-Meteo_Archive
2026-01-12,JAWA TIMUR,KABUPATEN TRENGGALEK,-8.16667,111.61667,27.2,20.4,23.0,30.0,2.1,86,13.6,1010.9,87,2026-06-02T00:04:49.678468,Open-Meteo_Archive
2026-01-13,JAWA TIMUR,KABUPATEN TRENGGALEK,-8.16667,111.61667,28.5,20.4,23.4,33.2,12.3,85,13.0,1010.4,99,2026-06-02T00:04:54.529496,Open-Meteo_Archive
2026-01-14,JAWA TIMUR,KABUPATEN TRENGGALEK,-8.16667,111.61667,26.1,20.5,22.4,29.4,11.6,92,12.1,1009.6,99,2026-06-02T00:04:57.588834,Open-Meteo_Archive
2026-01-08,JAWA TIMUR,KABUPATEN TULUNGAGUNG,-8.11667,111.91667,30.9,22.9,26.1,36.8,5.2,82,13.7,1009.8,83,2026-06-02T00:05:00.880302,Open-Meteo_Archive
2026-01-09,JAWA TIMUR,KABUPATEN TULUNGAGUNG,-8.11667,111.91667,28.9,21.6,24.7,34.0,22.7,92,11.8,1009.8,100,2026-06-02T00:05:04.004591,Open-Meteo_Archive
2026-01-10,JAWA TIMUR,KABUPATEN TULUNGAGUNG,-8.11667,111.91667,28.1,21.8,24.0,33.2,22.6,93,10.1,1010.0,100,2026-06-02T00:05:09.398982,Open-Meteo_Archive
2026-01-11,JAWA TIMUR,KABUPATEN TULUNGAGUNG,-8.11667,111.91667,28.6,21.4,23.9,33.1,22.7,93,12.9,1010.2,97,2026-06-02T00:05:14.990980,Open-Meteo_Archive
2026-01-12,JAWA TIMUR,KABUPATEN TULUNGAGUNG,-8.11667,111.91667,28.0,21.9,24.2,32.9,3.1,91,13.6,1010.2,89,2026-06-02T00:05:20.092222,Open-Meteo_Archive
2026-01-13,JAWA TIMUR,KABUPATEN TULUNGAGUNG,-8.11667,111.91667,29.5,22.0,24.9,34.8,12.3,89,13.0,1009.6,96,2026-06-02T00:05:25.576513,Open-Meteo_Archive
2026-01-14,JAWA TIMUR,KABUPATEN TULUNGAGUNG,-8.11667,111.91667,28.6,21.8,24.2,32.9,9.8,92,13.6,1008.8,99,2026-06-02T00:05:29.006876,Open-Meteo_Archive
2026-01-08,JAWA TIMUR,KABUPATEN BLITAR,-8.13333,112.25,29.6,22.0,24.6,35.2,7.3,89,13.7,1010.3,89,2026-06-02T00:05:32.175896,Open-Meteo_Archive
2026-01-09,JAWA TIMUR,KABUPATEN BLITAR,-8.13333,112.25,29.5,20.9,24.2,34.7,29.0,91,11.9,1010.1,98,2026-06-02T00:05:35.498497,Open-Meteo_Archive
2026-01-10,JAWA TIMUR,KABUPATEN BLITAR,-8.13333,112.25,28.8,22.3,24.3,32.5,12.1,90,13.4,1010.1,100,2026-06-02T00:05:38.929502,Open-Meteo_Archive
2026-01-11,JAWA TIMUR,KABUPATEN BLITAR,-8.13333,112.25,28.6,21.5,24.4,32.9,32.2,87,13.7,1010.2,95,2026-06-02T00:05:42.699499,Open-Meteo_Archive
2026-01-12,JAWA TIMUR,KABUPATEN BLITAR,-8.13333,112.25,29.0,22.5,25.0,32.5,3.1,82,19.1,1010.0,85,2026-06-02T00:05:45.710215,Open-Meteo_Archive
2026-01-13,JAWA TIMUR,KABUPATEN BLITAR,-8.13333,112.25,29.9,22.2,25.6,34.0,3.2,79,17.8,1009.5,95,2026-06-02T00:05:50.404383,Open-Meteo_Archive
2026-01-14,JAWA TIMUR,KABUPATEN BLITAR,-8.13333,112.25,29.5,22.7,24.7,34.1,6.9,85,18.1,1008.9,98,2026-06-02T00:05:55.789714,Open-Meteo_Archive
2026-01-08,JAWA TIMUR,KABUPATEN KEDIRI,-7.83333,112.16667,29.9,22.9,25.7,35.5,5.7,82,17.3,1010.0,92,2026-06-02T00:05:58.907736,Open-Meteo_Archive
2026-01-09,JAWA TIMUR,KABUPATEN KEDIRI,-7.83333,112.16667,28.8,22.2,24.4,34.3,10.0,92,14.5,1010.1,97,2026-06-02T00:06:02.902692,Open-Meteo_Archive
2026-01-10,JAWA TIMUR,KABUPATEN KEDIRI,-7.83333,112.16667,26.8,22.0,23.4,33.0,36.1,95,10.1,1010.4,100,2026-06-02T00:06:08.577381,Open-Meteo_Archive
2026-01-11,JAWA TIMUR,KABUPATEN KEDIRI,-7.83333,112.16667,28.2,21.4,23.4,34.4,61.2,94,13.7,1010.7,99,2026-06-02T00:06:13.443813,Open-Meteo_Archive
2026-01-12,JAWA TIMUR,KABUPATEN KEDIRI,-7.83333,112.16667,27.6,21.8,23.6,30.9,4.9,91,18.0,1010.9,94,2026-06-02T00:06:16.769742,Open-Meteo_Archive
2026-01-13,JAWA TIMUR,KABUPATEN KEDIRI,-7.83333,112.16667,28.8,21.8,24.3,33.4,15.0,88,15.1,1010.2,97,2026-06-02T00:06:20.247848,Open-Meteo_Archive
2026-01-14,JAWA TIMUR,KABUPATEN KEDIRI,-7.83333,112.16667,28.4,21.5,23.7,33.4,69.1,92,15.7,1009.3,100,2026-06-02T00:06:24.789057,Open-Meteo_Archive
2026-01-08,JAWA TIMUR,KABUPATEN MALANG,-8.16667,112.66667,28.6,20.5,23.3,34.1,6.9,90,12.1,1010.9,91,2026-06-02T00:06:28.197866,Open-Meteo_Archive
2026-01-09,JAWA TIMUR,KABUPATEN MALANG,-8.16667,112.66667,26.6,21.0,23.1,31.2,19.7,93,13.6,1010.6,99,2026-06-02T00:06:31.437501,Open-Meteo_Archive
2026-01-10,JAWA TIMUR,KABUPATEN MALANG,-8.16667,112.66667,28.0,21.4,23.4,30.8,10.8,91,14.8,1010.5,100,2026-06-02T00:06:36.695391,Open-Meteo_Archive
2026-01-11,JAWA TIMUR,KABUPATEN MALANG,-8.16667,112.66667,27.6,21.1,23.4,31.3,9.1,90,17.6,1010.6,99,2026-06-02T00:06:41.953585,Open-Meteo_Archive
2026-01-12,JAWA TIMUR,KABUPATEN MALANG,-8.16667,112.66667,29.2,20.9,24.5,33.8,0.9,77,9.4,1010.2,89,2026-06-02T00:06:44.941714,Open-Meteo_Archive
2026-01-13,JAWA TIMUR,KABUPATEN MALANG,-8.16667,112.66667,29.5,21.2,24.8,34.0,1.1,79,19.9,1009.7,96,2026-06-02T00:06:48.671256,Open-Meteo_Archive
2026-01-14,JAWA TIMUR,KABUPATEN MALANG,-8.16667,112.66667,28.7,21.5,23.6,34.8,12.7,88,20.2,1009.2,99,2026-06-02T00:06:53.997389,Open-Meteo_Archive
2026-01-08,JAWA TIMUR,KABUPATEN LUMAJANG,-8.11667,113.15,30.1,22.9,25.4,37.5,6.6,87,15.0,1009.9,94,2026-06-02T00:06:56.985632,Open-Meteo_Archive
2026-01-09,JAWA TIMUR,KABUPATEN LUMAJANG,-8.11667,113.15,29.1,22.7,24.6,36.4,3.6,92,10.4,1009.6,97,2026-06-02T00:07:00.361825,Open-Meteo_Archive
2026-01-10,JAWA TIMUR,KABUPATEN LUMAJANG,-8.11667,113.15,29.1,22.3,24.6,33.2,5.1,88,12.6,1009.6,99,2026-06-02T00:07:03.837580,Open-Meteo_Archive
2026-01-11,JAWA TIMUR,KABUPATEN LUMAJANG,-8.11667,113.15,28.0,22.2,24.4,32.3,10.3,88,6.7,1010.0,100,2026-06-02T00:07:08.534531,Open-Meteo_Archive
2026-01-12,JAWA TIMUR,KABUPATEN LUMAJANG,-8.11667,113.15,28.6,23.0,24.6,33.4,5.2,91,8.7,1009.9,100,2026-06-02T00:07:12.060967,Open-Meteo_Archive
2026-01-13,JAWA TIMUR,KABUPATEN LUMAJANG,-8.11667,113.15,29.4,22.8,25.2,36.6,3.4,87,8.0,1009.2,97,2026-06-02T00:07:15.506162,Open-Meteo_Archive
2026-01-14,JAWA TIMUR,KABUPATEN LUMAJANG,-8.11667,113.15,28.5,22.1,24.1,34.7,4.2,90,10.7,1008.1,100,2026-06-02T00:07:19.726701,Open-Meteo_Archive
2026-01-08,JAWA TIMUR,KABUPATEN JEMBER,-8.25,113.65,30.8,23.4,25.6,37.0,16.6,91,13.2,1009.8,86,2026-06-02T00:07:22.723870,Open-Meteo_Archive
2026-01-09,JAWA TIMUR,KABUPATEN JEMBER,-8.25,113.65,29.9,23.4,25.6,36.6,23.4,90,13.0,1009.3,99,2026-06-02T00:07:26.454084,Open-Meteo_Archive
2026-01-10,JAWA TIMUR,KABUPATEN JEMBER,-8.25,113.65,29.5,23.0,25.3,36.8,20.4,90,11.0,1009.3,99,2026-06-02T00:07:29.937337,Open-Meteo_Archive
2026-01-11,JAWA TIMUR,KABUPATEN JEMBER,-8.25,113.65,29.3,22.8,24.8,35.3,23.8,90,11.5,1009.7,98,2026-06-02T00:07:33.110868,Open-Meteo_Archive
2026-01-12,JAWA TIMUR,KABUPATEN JEMBER,-8.25,113.65,28.5,23.2,25.0,35.1,0.7,85,13.4,1009.6,96,2026-06-02T00:07:36.903070,Open-Meteo_Archive
2026-01-13,JAWA TIMUR,KABUPATEN JEMBER,-8.25,113.65,29.5,22.5,25.2,36.7,4.3,86,9.6,1008.9,100,2026-06-02T00:07:39.887013,Open-Meteo_Archive
2026-01-14,JAWA TIMUR,KABUPATEN JEMBER,-8.25,113.65,28.5,22.5,24.7,36.1,18.0,90,14.6,1007.8,100,2026-06-02T00:07:42.898193,Open-Meteo_Archive
2026-01-08,JAWA TIMUR,KABUPATEN BANYUWANGI,-8.33333,114.2,30.0,23.3,25.6,34.7,14.4,82,15.3,1009.6,90,2026-06-02T00:07:46.324702,Open-Meteo_Archive
2026-01-09,JAWA TIMUR,KABUPATEN BANYUWANGI,-8.33333,114.2,30.4,23.0,25.2,35.2,23.6,88,14.9,1009.3,99,2026-06-02T00:07:50.945195,Open-Meteo_Archive
2026-01-10,JAWA TIMUR,KABUPATEN BANYUWANGI,-8.33333,114.2,28.2,22.8,24.9,33.8,8.0,88,6.9,1009.3,98,2026-06-02T00:07:55.744059,Open-Meteo_Archive
2026-01-11,JAWA TIMUR,KABUPATEN BANYUWANGI,-8.33333,114.2,26.7,22.3,24.0,31.8,17.0,89,6.4,1009.8,100,2026-06-02T00:07:59.237556,Open-Meteo_Archive
2026-01-12,JAWA TIMUR,KABUPATEN BANYUWANGI,-8.33333,114.2,28.0,22.6,24.4,32.8,4.1,86,7.2,1009.7,96,2026-06-02T00:08:02.260805,Open-Meteo_Archive
2026-01-13,JAWA TIMUR,KABUPATEN BANYUWANGI,-8.33333,114.2,28.9,22.4,25.0,34.7,1.2,83,6.9,1008.9,100,2026-06-02T00:08:06.508074,Open-Meteo_Archive
2026-01-14,JAWA TIMUR,KABUPATEN BANYUWANGI,-8.33333,114.2,27.6,22.1,24.5,32.8,5.6,86,16.4,1007.6,99,2026-06-02T00:08:10.705360,Open-Meteo_Archive
2026-01-08,JAWA TIMUR,KABUPATEN BONDOWOSO,-7.9404,113.9834,28.1,22.0,24.4,32.0,11.7,84,17.9,1010.5,87,2026-06-02T00:08:15.440088,Open-Meteo_Archive
2026-01-09,JAWA TIMUR,KABUPATEN BONDOWOSO,-7.9404,113.9834,28.3,21.5,23.9,31.8,5.0,87,17.5,1010.1,92,2026-06-02T00:08:19.775753,Open-Meteo_Archive
2026-01-10,JAWA TIMUR,KABUPATEN BONDOWOSO,-7.9404,113.9834,27.2,21.2,23.0,32.0,17.5,93,10.8,1010.4,100,2026-06-02T00:08:25.030777,Open-Meteo_Archive
2026-01-11,JAWA TIMUR,KABUPATEN BONDOWOSO,-7.9404,113.9834,25.7,20.9,22.6,30.4,26.8,90,12.1,1011.0,100,2026-06-02T00:08:28.513308,Open-Meteo_Archive
2026-01-12,JAWA TIMUR,KABUPATEN BONDOWOSO,-7.9404,113.9834,24.3,21.6,22.6,29.1,11.0,93,7.0,1011.5,98,2026-06-02T00:08:31.908054,Open-Meteo_Archive
2026-01-13,JAWA TIMUR,KABUPATEN BONDOWOSO,-7.9404,113.9834,26.5,21.2,23.4,32.2,2.1,89,12.9,1010.5,99,2026-06-02T00:08:36.627021,Open-Meteo_Archive
2026-01-14,JAWA TIMUR,KABUPATEN BONDOWOSO,-7.9404,113.9834,25.7,21.4,23.0,29.7,10.9,93,15.4,1009.1,98,2026-06-02T00:08:41.639303,Open-Meteo_Archive
2026-01-08,JAWA TIMUR,KABUPATEN SITUBONDO,-7.71667,114.05,31.2,24.6,27.0,37.2,8.7,78,15.3,1009.4,83,2026-06-02T00:08:45.523753,Open-Meteo_Archive
2026-01-09,JAWA TIMUR,KABUPATEN SITUBONDO,-7.71667,114.05,31.6,23.5,26.4,37.9,7.5,83,12.1,1009.1,93,2026-06-02T00:08:50.550920,Open-Meteo_Archive
2026-01-10,JAWA TIMUR,KABUPATEN SITUBONDO,-7.71667,114.05,29.9,23.5,25.4,34.6,16.9,89,17.5,1009.2,100,2026-06-02T00:08:55.350946,Open-Meteo_Archive
2026-01-11,JAWA TIMUR,KABUPATEN SITUBONDO,-7.71667,114.05,29.1,23.4,25.2,32.4,15.2,89,21.6,1009.7,100,2026-06-02T00:08:59.130374,Open-Meteo_Archive
2026-01-12,JAWA TIMUR,KABUPATEN SITUBONDO,-7.71667,114.05,27.2,23.5,24.9,29.8,18.1,90,25.0,1010.1,99,2026-06-02T00:09:02.100209,Open-Meteo_Archive
2026-01-13,JAWA TIMUR,KABUPATEN SITUBONDO,-7.71667,114.05,29.7,23.7,26.1,33.1,6.0,83,25.3,1009.1,99,2026-06-02T00:09:06.105611,Open-Meteo_Archive
2026-01-14,JAWA TIMUR,KABUPATEN SITUBONDO,-7.71667,114.05,29.0,24.0,25.9,31.7,23.9,85,28.8,1007.8,100,2026-06-02T00:09:09.462231,Open-Meteo_Archive
2026-01-08,JAWA TIMUR,KABUPATEN PROBOLINGGO,-7.86667,113.31667,30.9,23.0,26.1,36.9,17.1,84,15.0,1009.4,92,2026-06-02T00:09:13.872450,Open-Meteo_Archive
2026-01-09,JAWA TIMUR,KABUPATEN PROBOLINGGO,-7.86667,113.31667,31.9,23.0,25.5,39.3,42.0,90,14.6,1009.3,99,2026-06-02T00:09:16.971091,Open-Meteo_Archive
2026-01-10,JAWA TIMUR,KABUPATEN PROBOLINGGO,-7.86667,113.31667,29.1,22.2,24.6,35.6,53.1,92,9.6,1009.4,100,2026-06-02T00:09:21.451083,Open-Meteo_Archive
2026-01-11,JAWA TIMUR,KABUPATEN PROBOLINGGO,-7.86667,113.31667,29.5,22.4,24.7,35.1,23.5,89,12.6,1009.8,98,2026-06-02T00:09:25.449618,Open-Meteo_Archive
2026-01-12,JAWA TIMUR,KABUPATEN PROBOLINGGO,-7.86667,113.31667,27.4,22.9,24.2,32.0,16.9,92,13.5,1010.3,98,2026-06-02T00:09:28.525378,Open-Meteo_Archive
2026-01-13,JAWA TIMUR,KABUPATEN PROBOLINGGO,-7.86667,113.31667,29.6,22.5,25.3,34.1,6.0,87,12.8,1009.3,98,2026-06-02T00:09:31.786160,Open-Meteo_Archive
2026-01-14,JAWA TIMUR,KABUPATEN PROBOLINGGO,-7.86667,113.31667,29.6,22.5,25.0,34.9,11.6,90,14.7,1008.0,100,2026-06-02T00:09:34.897086,Open-Meteo_Archive
2026-01-08,JAWA TIMUR,KABUPATEN PASURUAN,-7.73333,112.83333,31.8,23.5,27.0,37.5,12.2,77,8.3,1009.3,93,2026-06-02T00:09:38.755782,Open-Meteo_Archive
2026-01-09,JAWA TIMUR,KABUPATEN PASURUAN,-7.73333,112.83333,32.3,23.5,26.4,39.5,23.6,89,6.5,1009.2,96,2026-06-02T00:09:41.319977,Open-Meteo_Archive
2026-01-10,JAWA TIMUR,KABUPATEN PASURUAN,-7.73333,112.83333,30.2,23.3,25.8,36.9,40.2,90,10.2,1009.2,99,2026-06-02T00:09:44.938094,Open-Meteo_Archive
2026-01-11,JAWA TIMUR,KABUPATEN PASURUAN,-7.73333,112.83333,30.4,23.0,25.5,36.5,42.6,88,13.0,1009.6,96,2026-06-02T00:09:47.843822,Open-Meteo_Archive
2026-01-12,JAWA TIMUR,KABUPATEN PASURUAN,-7.73333,112.83333,30.1,23.2,25.7,33.8,2.0,86,13.6,1009.8,89,2026-06-02T00:09:50.846185,Open-Meteo_Archive
2026-01-13,JAWA TIMUR,KABUPATEN PASURUAN,-7.73333,112.83333,31.5,23.5,27.0,36.4,0.0,78,16.0,1008.7,98,2026-06-02T00:09:54.303350,Open-Meteo_Archive
2026-01-14,JAWA TIMUR,KABUPATEN PASURUAN,-7.73333,112.83333,31.1,23.8,26.4,35.3,11.6,82,21.1,1007.7,100,2026-06-02T00:09:57.136736,Open-Meteo_Archive
2026-01-08,JAWA TIMUR,KABUPATEN SIDOARJO,-7.45,112.7,32.0,24.5,27.2,38.4,12.2,79,13.8,1009.3,90,2026-06-02T00:10:00.002277,Open-Meteo_Archive
2026-01-09,JAWA TIMUR,KABUPATEN SIDOARJO,-7.45,112.7,31.6,24.1,26.3,38.5,24.3,88,14.6,1009.2,97,2026-06-02T00:10:03.748557,Open-Meteo_Archive
2026-01-10,JAWA TIMUR,KABUPATEN SIDOARJO,-7.45,112.7,30.2,23.5,25.4,35.4,20.6,90,21.9,1009.4,98,2026-06-02T00:10:06.452645,Open-Meteo_Archive
2026-01-11,JAWA TIMUR,KABUPATEN SIDOARJO,-7.45,112.7,30.0,23.7,25.7,34.4,14.5,88,25.4,1009.8,95,2026-06-02T00:10:11.934681,Open-Meteo_Archive
2026-01-12,JAWA TIMUR,KABUPATEN SIDOARJO,-7.45,112.7,29.2,23.5,25.5,32.2,8.3,86,21.1,1010.1,97,2026-06-02T00:10:15.824902,Open-Meteo_Archive
2026-01-13,JAWA TIMUR,KABUPATEN SIDOARJO,-7.45,112.7,30.6,23.9,26.3,34.6,3.1,83,25.3,1009.2,97,2026-06-02T00:10:20.740958,Open-Meteo_Archive
2026-01-14,JAWA TIMUR,KABUPATEN SIDOARJO,-7.45,112.7,30.0,24.1,26.1,33.5,12.5,84,24.0,1008.2,100,2026-06-02T00:10:24.221503,Open-Meteo_Archive
2026-01-08,JAWA TIMUR,KABUPATEN MOJOKERTO,-7.55,112.5,30.9,24.0,26.4,36.9,28.3,82,7.1,1009.6,90,2026-06-02T00:10:26.979897,Open-Meteo_Archive
2026-01-09,JAWA TIMUR,KABUPATEN MOJOKERTO,-7.55,112.5,30.0,23.2,25.5,35.7,25.2,90,19.3,1009.5,97,2026-06-02T00:10:29.788023,Open-Meteo_Archive
2026-01-10,JAWA TIMUR,KABUPATEN MOJOKERTO,-7.55,112.5,28.7,23.0,24.6,34.3,38.3,90,18.9,1009.8,99,2026-06-02T00:10:33.481437,Open-Meteo_Archive
2026-01-11,JAWA TIMUR,KABUPATEN MOJOKERTO,-7.55,112.5,28.1,22.9,24.7,32.9,15.4,88,17.5,1010.2,93,2026-06-02T00:10:36.165243,Open-Meteo_Archive
2026-01-12,JAWA TIMUR,KABUPATEN MOJOKERTO,-7.55,112.5,28.4,22.5,24.6,32.2,19.4,88,18.5,1010.6,98,2026-06-02T00:10:39.432641,Open-Meteo_Archive
2026-01-13,JAWA TIMUR,KABUPATEN MOJOKERTO,-7.55,112.5,29.0,23.2,25.4,33.1,15.8,83,19.5,1009.8,99,2026-06-02T00:10:42.243835,Open-Meteo_Archive
2026-01-14,JAWA TIMUR,KABUPATEN MOJOKERTO,-7.55,112.5,29.6,23.4,25.1,34.2,37.9,84,18.3,1008.8,100,2026-06-02T00:10:47.364932,Open-Meteo_Archive
2026-01-08,JAWA TIMUR,KABUPATEN JOMBANG,-7.55,112.25,31.0,24.0,26.9,36.9,15.2,81,13.8,1009.4,85,2026-06-02T00:10:52.791822,Open-Meteo_Archive
2026-01-09,JAWA TIMUR,KABUPATEN JOMBANG,-7.55,112.25,30.1,23.0,25.6,37.4,16.6,90,11.9,1009.5,98,2026-06-02T00:10:56.133524,Open-Meteo_Archive
2026-01-10,JAWA TIMUR,KABUPATEN JOMBANG,-7.55,112.25,29.6,23.2,24.9,36.1,43.4,92,13.5,1009.8,99,2026-06-02T00:10:59.346481,Open-Meteo_Archive
2026-01-11,JAWA TIMUR,KABUPATEN JOMBANG,-7.55,112.25,29.0,22.4,24.9,34.6,23.9,91,13.7,1010.2,97,2026-06-02T00:11:02.084161,Open-Meteo_Archive
2026-01-12,JAWA TIMUR,KABUPATEN JOMBANG,-7.55,112.25,29.6,22.9,24.8,34.7,12.2,90,15.5,1010.5,98,2026-06-02T00:11:04.773966,Open-Meteo_Archive
2026-01-13,JAWA TIMUR,KABUPATEN JOMBANG,-7.55,112.25,29.9,22.7,25.6,35.2,4.5,87,16.9,1009.7,99,2026-06-02T00:11:08.705151,Open-Meteo_Archive
2026-01-14,JAWA TIMUR,KABUPATEN JOMBANG,-7.55,112.25,29.6,22.8,25.2,35.2,14.4,89,22.3,1008.8,98,2026-06-02T00:11:12.042848,Open-Meteo_Archive
2026-01-08,JAWA TIMUR,KABUPATEN NGANJUK,-7.6,111.93333,30.5,23.5,26.2,36.1,4.1,82,7.6,1009.5,87,2026-06-02T00:11:14.808446,Open-Meteo_Archive
2026-01-09,JAWA TIMUR,KABUPATEN NGANJUK,-7.6,111.93333,28.6,22.7,25.2,34.3,17.7,91,9.6,1009.6,100,2026-06-02T00:11:18.506950,Open-Meteo_Archive
2026-01-10,JAWA TIMUR,KABUPATEN NGANJUK,-7.6,111.93333,29.7,23.8,25.6,32.9,13.1,90,17.1,1009.7,100,2026-06-02T00:11:21.241092,Open-Meteo_Archive
2026-01-11,JAWA TIMUR,KABUPATEN NGANJUK,-7.6,111.93333,31.0,23.0,25.6,35.7,35.9,88,17.2,1010.0,99,2026-06-02T00:11:25.671423,Open-Meteo_Archive
2026-01-12,JAWA TIMUR,KABUPATEN NGANJUK,-7.6,111.93333,30.4,24.0,26.1,33.5,4.6,84,23.2,1010.1,90,2026-06-02T00:11:28.536189,Open-Meteo_Archive
2026-01-13,JAWA TIMUR,KABUPATEN NGANJUK,-7.6,111.93333,30.6,24.0,26.7,34.9,1.4,79,24.4,1009.4,97,2026-06-02T00:11:31.712022,Open-Meteo_Archive
2026-01-14,JAWA TIMUR,KABUPATEN NGANJUK,-7.6,111.93333,29.8,23.4,25.6,34.7,26.0,87,21.7,1008.6,98,2026-06-02T00:11:35.497253,Open-Meteo_Archive
2026-01-08,JAWA TIMUR,KABUPATEN MADIUN,-7.61667,111.65,30.8,23.8,27.0,35.7,5.5,74,17.4,1009.7,77,2026-06-02T00:11:40.147469,Open-Meteo_Archive
2026-01-09,JAWA TIMUR,KABUPATEN MADIUN,-7.61667,111.65,29.9,23.1,25.7,35.0,8.6,87,15.4,1009.9,100,2026-06-02T00:11:44.095418,Open-Meteo_Archive
2026-01-10,JAWA TIMUR,KABUPATEN MADIUN,-7.61667,111.65,27.4,22.8,24.6,31.7,12.3,90,12.9,1010.2,100,2026-06-02T00:11:46.895215,Open-Meteo_Archive
2026-01-11,JAWA TIMUR,KABUPATEN MADIUN,-7.61667,111.65,29.0,22.5,24.7,33.4,39.8,89,12.7,1010.5,97,2026-06-02T00:11:49.625230,Open-Meteo_Archive
2026-01-12,JAWA TIMUR,KABUPATEN MADIUN,-7.61667,111.65,28.0,22.6,24.3,30.9,9.6,90,17.8,1010.7,96,2026-06-02T00:11:52.900016,Open-Meteo_Archive
2026-01-13,JAWA TIMUR,KABUPATEN MADIUN,-7.61667,111.65,29.1,22.8,25.2,34.5,11.6,87,18.3,1010.0,97,2026-06-02T00:11:55.784419,Open-Meteo_Archive
2026-01-14,JAWA TIMUR,KABUPATEN MADIUN,-7.61667,111.65,28.2,22.8,24.9,33.3,26.0,89,21.1,1009.1,100,2026-06-02T00:11:58.561809,Open-Meteo_Archive
2026-01-08,JAWA TIMUR,KABUPATEN MAGETAN,-7.64472,111.35917,30.4,23.2,25.6,36.3,20.2,84,7.9,1010.3,87,2026-06-02T00:12:01.808554,Open-Meteo_Archive
2026-01-09,JAWA TIMUR,KABUPATEN MAGETAN,-7.64472,111.35917,27.1,21.9,24.5,32.2,78.0,91,8.9,1010.4,100,2026-06-02T00:12:04.812918,Open-Meteo_Archive
2026-01-10,JAWA TIMUR,KABUPATEN MAGETAN,-7.64472,111.35917,25.8,22.1,23.6,29.6,79.0,95,10.8,1010.7,100,2026-06-02T00:12:09.086445,Open-Meteo_Archive
2026-01-11,JAWA TIMUR,KABUPATEN MAGETAN,-7.64472,111.35917,26.5,21.9,23.7,30.6,100.7,93,15.7,1010.9,99,2026-06-02T00:12:12.721403,Open-Meteo_Archive
2026-01-12,JAWA TIMUR,KABUPATEN MAGETAN,-7.64472,111.35917,26.9,22.0,23.9,31.4,21.3,92,11.0,1010.9,100,2026-06-02T00:12:15.583809,Open-Meteo_Archive
2026-01-13,JAWA TIMUR,KABUPATEN MAGETAN,-7.64472,111.35917,28.1,22.0,24.5,34.5,56.0,91,12.6,1010.4,98,2026-06-02T00:12:18.653076,Open-Meteo_Archive
2026-01-14,JAWA TIMUR,KABUPATEN MAGETAN,-7.64472,111.35917,27.9,21.7,23.9,33.3,117.7,93,11.4,1009.5,100,2026-06-02T00:12:21.471698,Open-Meteo_Archive
2026-01-08,JAWA TIMUR,KABUPATEN NGAWI,-7.47444,111.33444,30.6,23.5,25.7,36.2,21.8,87,13.0,1009.8,87,2026-06-02T00:12:24.252937,Open-Meteo_Archive
2026-01-09,JAWA TIMUR,KABUPATEN NGAWI,-7.47444,111.33444,28.0,22.5,25.1,33.7,19.0,91,13.6,1009.8,100,2026-06-02T00:12:27.927818,Open-Meteo_Archive
2026-01-10,JAWA TIMUR,KABUPATEN NGAWI,-7.47444,111.33444,28.4,22.8,24.7,32.6,11.9,91,15.8,1010.0,99,2026-06-02T00:12:30.800348,Open-Meteo_Archive
2026-01-11,JAWA TIMUR,KABUPATEN NGAWI,-7.47444,111.33444,30.5,22.5,24.8,34.2,9.6,90,21.3,1010.1,98,2026-06-02T00:12:35.136191,Open-Meteo_Archive
2026-01-12,JAWA TIMUR,KABUPATEN NGAWI,-7.47444,111.33444,28.3,22.5,24.3,30.6,5.6,90,21.8,1010.4,100,2026-06-02T00:12:40.142561,Open-Meteo_Archive
2026-01-13,JAWA TIMUR,KABUPATEN NGAWI,-7.47444,111.33444,29.7,22.6,25.4,33.8,4.0,86,24.5,1009.7,95,2026-06-02T00:12:42.667005,Open-Meteo_Archive
2026-01-14,JAWA TIMUR,KABUPATEN NGAWI,-7.47444,111.33444,29.0,22.5,24.9,33.2,6.0,89,24.5,1008.9,99,2026-06-02T00:12:46.864645,Open-Meteo_Archive
2026-01-08,JAWA TIMUR,KABUPATEN BOJONEGORO,-7.25,111.8,30.9,23.9,26.2,38.3,5.6,81,13.0,1009.7,89,2026-06-02T00:12:49.985982,Open-Meteo_Archive
2026-01-09,JAWA TIMUR,KABUPATEN BOJONEGORO,-7.25,111.8,29.0,23.0,25.1,34.6,34.3,91,17.1,1009.9,100,2026-06-02T00:12:53.525352,Open-Meteo_Archive
2026-01-10,JAWA TIMUR,KABUPATEN BOJONEGORO,-7.25,111.8,27.4,23.6,24.8,31.4,17.6,91,23.9,1010.1,100,2026-06-02T00:12:56.272480,Open-Meteo_Archive
2026-01-11,JAWA TIMUR,KABUPATEN BOJONEGORO,-7.25,111.8,28.0,23.3,24.8,32.3,14.9,91,21.1,1010.3,98,2026-06-02T00:12:59.055591,Open-Meteo_Archive
2026-01-12,JAWA TIMUR,KABUPATEN BOJONEGORO,-7.25,111.8,28.4,23.2,24.8,30.3,5.4,90,25.4,1010.6,100,2026-06-02T00:13:02.630110,Open-Meteo_Archive
2026-01-13,JAWA TIMUR,KABUPATEN BOJONEGORO,-7.25,111.8,29.0,23.0,25.5,33.5,3.4,86,27.6,1009.9,95,2026-06-02T00:13:06.117232,Open-Meteo_Archive
2026-01-14,JAWA TIMUR,KABUPATEN BOJONEGORO,-7.25,111.8,28.0,23.5,25.2,32.3,11.3,89,28.3,1009.0,100,2026-06-02T00:13:09.249595,Open-Meteo_Archive
2026-01-08,JAWA TIMUR,KABUPATEN TUBAN,-6.96667,111.9,30.2,23.0,25.4,36.8,7.0,86,12.5,1010.3,94,2026-06-02T00:13:12.059600,Open-Meteo_Archive
2026-01-09,JAWA TIMUR,KABUPATEN TUBAN,-6.96667,111.9,27.5,22.0,24.2,31.8,12.4,91,16.2,1010.3,100,2026-06-02T00:13:15.639004,Open-Meteo_Archive
2026-01-10,JAWA TIMUR,KABUPATEN TUBAN,-6.96667,111.9,25.9,22.1,23.8,29.3,22.3,94,20.9,1010.6,100,2026-06-02T00:13:19.128568,Open-Meteo_Archive
2026-01-11,JAWA TIMUR,KABUPATEN TUBAN,-6.96667,111.9,26.4,22.5,23.8,29.5,8.3,93,21.7,1010.8,100,2026-06-02T00:13:21.870074,Open-Meteo_Archive
2026-01-12,JAWA TIMUR,KABUPATEN TUBAN,-6.96667,111.9,25.6,22.2,23.6,28.7,10.9,94,20.8,1011.0,100,2026-06-02T00:13:24.528467,Open-Meteo_Archive
2026-01-13,JAWA TIMUR,KABUPATEN TUBAN,-6.96667,111.9,27.4,22.2,24.5,31.5,9.7,89,22.0,1010.4,99,2026-06-02T00:13:27.159058,Open-Meteo_Archive
2026-01-14,JAWA TIMUR,KABUPATEN TUBAN,-6.96667,111.9,27.6,22.6,24.1,32.1,20.8,92,23.0,1009.5,100,2026-06-02T00:13:30.889900,Open-Meteo_Archive
2026-01-08,JAWA TIMUR,KABUPATEN LAMONGAN,-7.13333,112.31667,30.5,23.5,26.3,37.8,24.0,85,10.3,1009.6,95,2026-06-02T00:13:34.377726,Open-Meteo_Archive
2026-01-09,JAWA TIMUR,KABUPATEN LAMONGAN,-7.13333,112.31667,30.0,23.8,25.6,36.4,13.2,90,15.1,1009.5,100,2026-06-02T00:13:37.877910,Open-Meteo_Archive
2026-01-10,JAWA TIMUR,KABUPATEN LAMONGAN,-7.13333,112.31667,28.1,23.5,25.2,32.0,35.2,91,16.8,1009.8,100,2026-06-02T00:13:42.884518,Open-Meteo_Archive
2026-01-11,JAWA TIMUR,KABUPATEN LAMONGAN,-7.13333,112.31667,29.1,23.5,25.1,33.7,14.7,90,17.4,1010.1,98,2026-06-02T00:13:46.297822,Open-Meteo_Archive
2026-01-12,JAWA TIMUR,KABUPATEN LAMONGAN,-7.13333,112.31667,27.7,23.5,25.3,31.9,13.6,90,19.1,1010.3,100,2026-06-02T00:13:51.282009,Open-Meteo_Archive
2026-01-13,JAWA TIMUR,KABUPATEN LAMONGAN,-7.13333,112.31667,29.4,23.4,25.9,34.7,12.0,86,23.7,1009.7,97,2026-06-02T00:13:54.393471,Open-Meteo_Archive
2026-01-14,JAWA TIMUR,KABUPATEN LAMONGAN,-7.13333,112.31667,29.0,23.7,25.6,34.0,40.8,88,22.9,1008.7,100,2026-06-02T00:13:58.973936,Open-Meteo_Archive
2026-01-08,JAWA TIMUR,KABUPATEN GRESIK,-7.1933,112.553,30.6,24.4,26.7,36.6,12.5,82,12.6,1009.4,96,2026-06-02T00:14:05.612398,Open-Meteo_Archive
2026-01-09,JAWA TIMUR,KABUPATEN GRESIK,-7.1933,112.553,30.2,24.0,25.8,36.8,14.6,90,14.4,1009.4,100,2026-06-02T00:14:10.008149,Open-Meteo_Archive
2026-01-10,JAWA TIMUR,KABUPATEN GRESIK,-7.1933,112.553,29.2,23.4,25.3,33.1,21.7,90,23.4,1009.6,100,2026-06-02T00:14:13.393866,Open-Meteo_Archive
2026-01-11,JAWA TIMUR,KABUPATEN GRESIK,-7.1933,112.553,28.6,24.0,25.4,34.0,16.6,90,19.5,1010.0,94,2026-06-02T00:14:16.469079,Open-Meteo_Archive
2026-01-12,JAWA TIMUR,KABUPATEN GRESIK,-7.1933,112.553,27.5,23.2,25.3,31.8,21.2,90,18.0,1010.3,100,2026-06-02T00:14:19.954002,Open-Meteo_Archive
2026-01-13,JAWA TIMUR,KABUPATEN GRESIK,-7.1933,112.553,29.4,23.6,26.0,35.3,7.7,86,23.0,1009.6,98,2026-06-02T00:14:23.225561,Open-Meteo_Archive
2026-01-14,JAWA TIMUR,KABUPATEN GRESIK,-7.1933,112.553,28.9,24.0,25.8,33.4,27.7,87,22.0,1008.6,100,2026-06-02T00:14:28.037267,Open-Meteo_Archive
2026-01-08,JAWA TIMUR,KABUPATEN BANGKALAN,-7.05,112.93333,30.5,22.2,25.9,36.8,18.0,86,12.5,1009.6,95,2026-06-02T00:14:31.722890,Open-Meteo_Archive
2026-01-09,JAWA TIMUR,KABUPATEN BANGKALAN,-7.05,112.93333,29.2,22.8,24.9,35.3,14.4,92,14.9,1009.6,100,2026-06-02T00:14:34.719198,Open-Meteo_Archive
2026-01-10,JAWA TIMUR,KABUPATEN BANGKALAN,-7.05,112.93333,27.4,22.8,24.2,31.9,13.1,94,21.3,1009.8,100,2026-06-02T00:14:37.789820,Open-Meteo_Archive
2026-01-11,JAWA TIMUR,KABUPATEN BANGKALAN,-7.05,112.93333,27.1,22.8,24.4,29.8,9.3,92,26.7,1010.2,100,2026-06-02T00:14:41.480407,Open-Meteo_Archive
2026-01-12,JAWA TIMUR,KABUPATEN BANGKALAN,-7.05,112.93333,26.8,22.5,24.2,29.8,21.9,94,25.4,1010.6,99,2026-06-02T00:14:45.549026,Open-Meteo_Archive
2026-01-13,JAWA TIMUR,KABUPATEN BANGKALAN,-7.05,112.93333,27.8,23.1,25.4,31.2,6.0,87,30.0,1009.7,97,2026-06-02T00:14:48.791325,Open-Meteo_Archive
2026-01-14,JAWA TIMUR,KABUPATEN BANGKALAN,-7.05,112.93333,27.1,23.3,25.2,29.2,3.9,88,30.3,1008.7,100,2026-06-02T00:14:52.100589,Open-Meteo_Archive
2026-01-08,JAWA TIMUR,KABUPATEN SAMPANG,-7.05,113.25,30.0,23.1,25.9,36.8,4.6,86,13.3,1009.6,93,2026-06-02T00:14:56.384045,Open-Meteo_Archive
2026-01-09,JAWA TIMUR,KABUPATEN SAMPANG,-7.05,113.25,29.2,22.5,25.1,35.1,14.8,90,14.1,1009.5,100,2026-06-02T00:15:00.417387,Open-Meteo_Archive
2026-01-10,JAWA TIMUR,KABUPATEN SAMPANG,-7.05,113.25,28.7,22.6,24.7,31.4,7.2,91,22.7,1009.7,100,2026-06-02T00:15:03.437225,Open-Meteo_Archive
2026-01-11,JAWA TIMUR,KABUPATEN SAMPANG,-7.05,113.25,27.0,23.1,24.6,30.0,12.7,90,27.0,1010.1,99,2026-06-02T00:15:06.797679,Open-Meteo_Archive
2026-01-12,JAWA TIMUR,KABUPATEN SAMPANG,-7.05,113.25,26.4,22.6,24.4,29.6,26.9,91,23.5,1010.5,98,2026-06-02T00:15:10.534440,Open-Meteo_Archive
2026-01-13,JAWA TIMUR,KABUPATEN SAMPANG,-7.05,113.25,28.6,23.3,25.6,31.2,4.0,85,30.1,1009.6,93,2026-06-02T00:15:13.764485,Open-Meteo_Archive
2026-01-14,JAWA TIMUR,KABUPATEN SAMPANG,-7.05,113.25,27.8,23.2,25.4,30.1,9.6,87,29.9,1008.5,100,2026-06-02T00:15:18.327518,Open-Meteo_Archive
2026-01-08,JAWA TIMUR,KABUPATEN PAMEKASAN,-7.06667,113.5,29.4,22.9,25.7,35.7,3.9,86,13.7,1009.8,86,2026-06-02T00:15:21.377265,Open-Meteo_Archive
2026-01-09,JAWA TIMUR,KABUPATEN PAMEKASAN,-7.06667,113.5,29.4,22.4,24.8,35.3,14.2,90,14.0,1009.6,99,2026-06-02T00:15:24.617481,Open-Meteo_Archive
2026-01-10,JAWA TIMUR,KABUPATEN PAMEKASAN,-7.06667,113.5,28.6,22.5,24.5,32.9,9.1,91,22.2,1009.8,100,2026-06-02T00:15:28.280143,Open-Meteo_Archive
2026-01-11,JAWA TIMUR,KABUPATEN PAMEKASAN,-7.06667,113.5,26.4,23.3,24.4,29.1,17.0,91,24.9,1010.3,100,2026-06-02T00:15:31.346254,Open-Meteo_Archive
2026-01-12,JAWA TIMUR,KABUPATEN PAMEKASAN,-7.06667,113.5,26.0,22.6,23.9,28.8,23.7,93,23.1,1010.7,99,2026-06-02T00:15:35.110234,Open-Meteo_Archive
2026-01-13,JAWA TIMUR,KABUPATEN PAMEKASAN,-7.06667,113.5,28.0,23.0,25.1,30.3,9.9,87,30.8,1009.7,95,2026-06-02T00:15:38.366202,Open-Meteo_Archive
2026-01-14,JAWA TIMUR,KABUPATEN PAMEKASAN,-7.06667,113.5,27.0,23.4,25.2,29.4,7.8,87,31.2,1008.5,100,2026-06-02T00:15:43.438420,Open-Meteo_Archive
2026-01-08,JAWA TIMUR,KABUPATEN SUMENEP,-7.11667,114.33333,30.1,24.4,27.0,35.2,3.1,81,17.7,1009.5,95,2026-06-02T00:15:46.657072,Open-Meteo_Archive
2026-01-09,JAWA TIMUR,KABUPATEN SUMENEP,-7.11667,114.33333,30.2,25.3,27.2,35.2,4.9,79,17.8,1009.1,100,2026-06-02T00:15:50.777341,Open-Meteo_Archive
2026-01-10,JAWA TIMUR,KABUPATEN SUMENEP,-7.11667,114.33333,28.5,25.0,26.4,32.0,15.4,84,27.4,1009.3,100,2026-06-02T00:15:54.578085,Open-Meteo_Archive
2026-01-11,JAWA TIMUR,KABUPATEN SUMENEP,-7.11667,114.33333,28.1,25.2,26.4,30.2,9.0,83,30.2,1009.9,100,2026-06-02T00:15:57.872859,Open-Meteo_Archive
2026-01-12,JAWA TIMUR,KABUPATEN SUMENEP,-7.11667,114.33333,28.0,24.9,25.8,30.0,17.4,87,28.5,1010.1,100,2026-06-02T00:16:01.631210,Open-Meteo_Archive
2026-01-13,JAWA TIMUR,KABUPATEN SUMENEP,-7.11667,114.33333,28.7,25.2,26.9,30.9,1.3,81,33.0,1009.3,92,2026-06-02T00:16:06.241970,Open-Meteo_Archive
2026-01-14,JAWA TIMUR,KABUPATEN SUMENEP,-7.11667,114.33333,28.2,25.8,26.8,29.9,2.2,81,37.5,1007.9,100,2026-06-02T00:16:09.300372,Open-Meteo_Archive
2026-01-08,JAWA TIMUR,KOTA KEDIRI,-7.83333,112.01667,31.5,23.1,26.6,38.2,7.7,81,13.9,1009.5,93,2026-06-02T00:16:14.980453,Open-Meteo_Archive
2026-01-09,JAWA TIMUR,KOTA KEDIRI,-7.83333,112.01667,28.7,22.8,24.8,35.1,5.2,91,10.7,1009.7,99,2026-06-02T00:16:18.976833,Open-Meteo_Archive
2026-01-10,JAWA TIMUR,KOTA KEDIRI,-7.83333,112.01667,26.9,21.8,23.4,31.2,35.0,95,9.9,1010.1,99,2026-06-02T00:16:22.434453,Open-Meteo_Archive
2026-01-11,JAWA TIMUR,KOTA KEDIRI,-7.83333,112.01667,27.0,21.9,23.9,33.4,37.5,94,11.5,1010.2,98,2026-06-02T00:16:25.505939,Open-Meteo_Archive
2026-01-12,JAWA TIMUR,KOTA KEDIRI,-7.83333,112.01667,30.1,23.2,25.4,33.4,3.8,87,19.6,1010.1,95,2026-06-02T00:16:29.791568,Open-Meteo_Archive
2026-01-13,JAWA TIMUR,KOTA KEDIRI,-7.83333,112.01667,29.9,23.0,25.5,36.3,17.3,87,14.3,1009.6,99,2026-06-02T00:16:32.880323,Open-Meteo_Archive
2026-01-14,JAWA TIMUR,KOTA KEDIRI,-7.83333,112.01667,29.0,22.5,24.4,34.2,29.5,92,15.0,1008.9,100,2026-06-02T00:16:36.745920,Open-Meteo_Archive
2026-01-08,JAWA TIMUR,KOTA BLITAR,-8.1,112.16667,29.9,22.5,25.2,35.5,6.3,87,13.7,1010.3,87,2026-06-02T00:16:39.884433,Open-Meteo_Archive
2026-01-09,JAWA TIMUR,KOTA BLITAR,-8.1,112.16667,29.0,21.0,24.3,34.5,14.7,91,12.7,1010.1,99,2026-06-02T00:16:44.070021,Open-Meteo_Archive
2026-01-10,JAWA TIMUR,KOTA BLITAR,-8.1,112.16667,28.9,22.5,24.5,32.4,18.7,90,12.6,1010.1,100,2026-06-02T00:16:47.204916,Open-Meteo_Archive
2026-01-11,JAWA TIMUR,KOTA BLITAR,-8.1,112.16667,28.4,22.1,24.4,32.8,30.3,89,13.0,1010.3,93,2026-06-02T00:16:50.889212,Open-Meteo_Archive
2026-01-12,JAWA TIMUR,KOTA BLITAR,-8.1,112.16667,29.5,22.8,25.1,32.6,5.4,84,20.3,1010.2,81,2026-06-02T00:16:54.093649,Open-Meteo_Archive
2026-01-13,JAWA TIMUR,KOTA BLITAR,-8.1,112.16667,30.0,22.4,25.5,34.0,2.9,81,18.4,1009.6,96,2026-06-02T00:16:58.977806,Open-Meteo_Archive
2026-01-14,JAWA TIMUR,KOTA BLITAR,-8.1,112.16667,29.2,22.5,24.6,33.4,8.4,87,18.0,1009.0,99,2026-06-02T00:17:03.101132,Open-Meteo_Archive
2026-01-08,JAWA TIMUR,KOTA MALANG,-7.975,112.63333,28.9,20.0,23.1,33.9,4.6,87,9.9,1011.3,94,2026-06-02T00:17:07.094753,Open-Meteo_Archive
2026-01-09,JAWA TIMUR,KOTA MALANG,-7.975,112.63333,27.5,20.7,22.7,32.3,4.8,93,9.0,1010.9,98,2026-06-02T00:17:10.999789,Open-Meteo_Archive
2026-01-10,JAWA TIMUR,KOTA MALANG,-7.975,112.63333,26.2,20.5,22.4,30.9,19.3,94,6.4,1010.9,100,2026-06-02T00:17:14.455306,Open-Meteo_Archive
2026-01-11,JAWA TIMUR,KOTA MALANG,-7.975,112.63333,27.0,20.6,22.7,32.8,30.4,90,5.6,1011.0,98,2026-06-02T00:17:18.307366,Open-Meteo_Archive
2026-01-12,JAWA TIMUR,KOTA MALANG,-7.975,112.63333,27.5,20.3,23.6,32.2,1.6,84,9.0,1010.7,94,2026-06-02T00:17:22.066240,Open-Meteo_Archive
2026-01-13,JAWA TIMUR,KOTA MALANG,-7.975,112.63333,29.2,20.9,24.1,33.9,4.0,84,7.6,1010.0,99,2026-06-02T00:17:26.456316,Open-Meteo_Archive
2026-01-14,JAWA TIMUR,KOTA MALANG,-7.975,112.63333,28.2,20.7,22.7,34.6,29.3,93,5.5,1009.4,99,2026-06-02T00:17:31.476418,Open-Meteo_Archive
2026-01-08,JAWA TIMUR,KOTA PROBOLINGGO,-7.78333,113.21667,31.2,24.5,27.0,36.5,3.8,80,14.2,1009.1,93,2026-06-02T00:17:35.516301,Open-Meteo_Archive
2026-01-09,JAWA TIMUR,KOTA PROBOLINGGO,-7.78333,113.21667,31.7,23.9,26.5,37.7,4.6,84,11.7,1009.0,99,2026-06-02T00:17:39.461644,Open-Meteo_Archive
2026-01-10,JAWA TIMUR,KOTA PROBOLINGGO,-7.78333,113.21667,29.8,23.1,25.2,34.9,31.8,90,10.6,1009.2,100,2026-06-02T00:17:42.497024,Open-Meteo_Archive
2026-01-11,JAWA TIMUR,KOTA PROBOLINGGO,-7.78333,113.21667,29.8,23.0,25.4,34.6,25.2,87,12.9,1009.6,99,2026-06-02T00:17:46.574422,Open-Meteo_Archive
2026-01-12,JAWA TIMUR,KOTA PROBOLINGGO,-7.78333,113.21667,28.2,23.6,25.3,32.2,12.8,90,18.0,1009.9,97,2026-06-02T00:17:49.679117,Open-Meteo_Archive
2026-01-13,JAWA TIMUR,KOTA PROBOLINGGO,-7.78333,113.21667,30.5,23.2,26.3,35.1,8.3,83,20.3,1008.9,98,2026-06-02T00:17:53.043139,Open-Meteo_Archive
2026-01-14,JAWA TIMUR,KOTA PROBOLINGGO,-7.78333,113.21667,30.3,23.5,25.9,34.0,18.8,85,25.2,1007.7,100,2026-06-02T00:17:56.681445,Open-Meteo_Archive
2026-01-08,JAWA TIMUR,KOTA PASURUAN,-7.65,112.9,32.5,24.5,27.6,37.9,10.0,76,9.3,1009.1,92,2026-06-02T00:18:00.320841,Open-Meteo_Archive
2026-01-09,JAWA TIMUR,KOTA PASURUAN,-7.65,112.9,32.8,24.2,26.8,39.0,8.7,85,11.2,1008.9,96,2026-06-02T00:18:03.487064,Open-Meteo_Archive
2026-01-10,JAWA TIMUR,KOTA PASURUAN,-7.65,112.9,31.0,24.0,26.3,36.4,13.7,87,22.6,1008.9,100,2026-06-02T00:18:07.074354,Open-Meteo_Archive
2026-01-11,JAWA TIMUR,KOTA PASURUAN,-7.65,112.9,30.5,24.0,26.2,34.4,18.0,87,24.8,1009.4,99,2026-06-02T00:18:11.377941,Open-Meteo_Archive
2026-01-12,JAWA TIMUR,KOTA PASURUAN,-7.65,112.9,30.1,24.5,26.7,33.3,3.9,80,24.1,1009.6,89,2026-06-02T00:18:15.080807,Open-Meteo_Archive
2026-01-13,JAWA TIMUR,KOTA PASURUAN,-7.65,112.9,31.8,24.9,27.7,34.2,0.2,75,30.7,1008.5,99,2026-06-02T00:18:18.950252,Open-Meteo_Archive
2026-01-14,JAWA TIMUR,KOTA PASURUAN,-7.65,112.9,32.0,24.7,27.1,34.3,3.0,79,30.9,1007.5,99,2026-06-02T00:18:22.337187,Open-Meteo_Archive
2026-01-08,JAWA TIMUR,KOTA MOJOKERTO,-7.46667,112.43333,32.6,25.0,27.8,38.3,19.6,77,10.1,1009.2,89,2026-06-02T00:18:25.740721,Open-Meteo_Archive
2026-01-09,JAWA TIMUR,KOTA MOJOKERTO,-7.46667,112.43333,31.5,24.1,26.6,37.1,10.0,86,17.7,1009.2,97,2026-06-02T00:18:29.033734,Open-Meteo_Archive
2026-01-10,JAWA TIMUR,KOTA MOJOKERTO,-7.46667,112.43333,30.5,23.8,25.5,35.3,15.1,90,18.9,1009.5,99,2026-06-02T00:18:32.095468,Open-Meteo_Archive
2026-01-11,JAWA TIMUR,KOTA MOJOKERTO,-7.46667,112.43333,30.0,23.5,25.7,35.2,17.8,88,17.9,1009.9,92,2026-06-02T00:18:36.154342,Open-Meteo_Archive
2026-01-12,JAWA TIMUR,KOTA MOJOKERTO,-7.46667,112.43333,30.0,23.6,25.7,33.3,24.3,86,16.9,1010.3,98,2026-06-02T00:18:39.816378,Open-Meteo_Archive
2026-01-13,JAWA TIMUR,KOTA MOJOKERTO,-7.46667,112.43333,30.8,23.9,26.4,35.1,5.2,84,20.4,1009.5,98,2026-06-02T00:18:43.683029,Open-Meteo_Archive
2026-01-14,JAWA TIMUR,KOTA MOJOKERTO,-7.46667,112.43333,30.6,23.9,26.1,34.8,20.9,86,20.4,1008.5,100,2026-06-02T00:18:46.763899,Open-Meteo_Archive
2026-01-08,JAWA TIMUR,KOTA MADIUN,-7.63333,111.53333,32.5,24.0,27.4,38.0,10.9,74,15.3,1009.5,80,2026-06-02T00:18:52.472210,Open-Meteo_Archive
2026-01-09,JAWA TIMUR,KOTA MADIUN,-7.63333,111.53333,31.0,22.5,26.1,36.2,3.1,83,10.0,1009.6,98,2026-06-02T00:18:55.813097,Open-Meteo_Archive
2026-01-10,JAWA TIMUR,KOTA MADIUN,-7.63333,111.53333,27.6,22.1,24.4,32.2,12.7,90,9.6,1010.0,100,2026-06-02T00:19:00.994921,Open-Meteo_Archive
2026-01-11,JAWA TIMUR,KOTA MADIUN,-7.63333,111.53333,30.0,22.0,24.6,34.4,19.6,89,13.6,1010.2,98,2026-06-02T00:19:06.267967,Open-Meteo_Archive
2026-01-12,JAWA TIMUR,KOTA MADIUN,-7.63333,111.53333,28.4,22.9,25.0,32.4,2.6,88,20.6,1010.2,98,2026-06-02T00:19:09.972324,Open-Meteo_Archive
2026-01-13,JAWA TIMUR,KOTA MADIUN,-7.63333,111.53333,30.5,22.4,25.7,36.3,2.3,85,14.7,1009.7,96,2026-06-02T00:19:14.656305,Open-Meteo_Archive
2026-01-14,JAWA TIMUR,KOTA MADIUN,-7.63333,111.53333,29.1,21.6,24.8,34.4,19.1,89,13.3,1008.9,99,2026-06-02T00:19:17.916091,Open-Meteo_Archive
2026-01-08,JAWA TIMUR,KOTA SURABAYA,-7.26667,112.71667,31.2,24.0,26.7,39.1,15.9,84,7.6,1009.4,96,2026-06-02T00:19:22.233043,Open-Meteo_Archive
2026-01-09,JAWA TIMUR,KOTA SURABAYA,-7.26667,112.71667,30.4,23.8,25.8,36.9,9.0,89,12.2,1009.4,100,2026-06-02T00:19:25.737765,Open-Meteo_Archive
2026-01-10,JAWA TIMUR,KOTA SURABAYA,-7.26667,112.71667,29.1,23.2,25.3,33.6,16.4,89,17.3,1009.6,100,2026-06-02T00:19:30.573658,Open-Meteo_Archive
2026-01-11,JAWA TIMUR,KOTA SURABAYA,-7.26667,112.71667,28.5,23.8,25.4,33.4,10.5,89,17.8,1010.0,99,2026-06-02T00:19:34.947796,Open-Meteo_Archive
2026-01-12,JAWA TIMUR,KOTA SURABAYA,-7.26667,112.71667,28.0,23.6,25.4,32.0,12.9,88,17.5,1010.3,99,2026-06-02T00:19:38.002897,Open-Meteo_Archive
2026-01-13,JAWA TIMUR,KOTA SURABAYA,-7.26667,112.71667,30.4,23.9,26.1,35.8,7.8,84,20.4,1009.5,96,2026-06-02T00:19:42.713199,Open-Meteo_Archive
2026-01-14,JAWA TIMUR,KOTA SURABAYA,-7.26667,112.71667,29.8,24.0,25.9,33.9,19.0,85,20.1,1008.5,100,2026-06-02T00:19:45.789501,Open-Meteo_Archive
2026-01-08,JAWA TIMUR,KOTA BATU,-7.83272,112.53751,25.4,17.0,20.1,28.6,4.0,89,10.8,1012.3,97,2026-06-02T00:19:49.165780,Open-Meteo_Archive
2026-01-09,JAWA TIMUR,KOTA BATU,-7.83272,112.53751,23.6,17.9,19.8,27.2,7.1,93,7.0,1012.0,97,2026-06-02T00:19:54.389563,Open-Meteo_Archive
2026-01-10,JAWA TIMUR,KOTA BATU,-7.83272,112.53751,22.5,18.0,19.6,25.8,16.4,92,6.4,1012.0,99,2026-06-02T00:19:57.910348,Open-Meteo_Archive
2026-01-11,JAWA TIMUR,KOTA BATU,-7.83272,112.53751,23.8,18.1,19.8,25.7,30.9,88,6.2,1012.1,98,2026-06-02T00:20:01.557202,Open-Meteo_Archive
2026-01-12,JAWA TIMUR,KOTA BATU,-7.83272,112.53751,23.8,17.6,20.4,25.9,2.8,82,8.3,1011.9,97,2026-06-02T00:20:06.113187,Open-Meteo_Archive
2026-01-13,JAWA TIMUR,KOTA BATU,-7.83272,112.53751,26.0,18.5,21.3,29.8,2.0,78,7.9,1011.2,98,2026-06-02T00:20:09.572257,Open-Meteo_Archive
2026-01-14,JAWA TIMUR,KOTA BATU,-7.83272,112.53751,25.0,18.2,20.0,30.2,16.2,87,9.3,1010.6,99,2026-06-02T00:20:13.312007,Open-Meteo_Archive
2026-01-08,BANTEN,KABUPATEN PANDEGLANG,-6.63333,105.75,28.0,23.7,25.2,33.2,7.2,88,16.2,1011.6,100,2026-06-02T00:20:16.877725,Open-Meteo_Archive
2026-01-09,BANTEN,KABUPATEN PANDEGLANG,-6.63333,105.75,29.1,22.7,25.2,33.3,5.9,84,15.5,1011.5,97,2026-06-02T00:20:22.893155,Open-Meteo_Archive
2026-01-10,BANTEN,KABUPATEN PANDEGLANG,-6.63333,105.75,29.1,22.4,24.2,35.4,9.6,92,17.0,1011.9,89,2026-06-02T00:20:26.217176,Open-Meteo_Archive
2026-01-11,BANTEN,KABUPATEN PANDEGLANG,-6.63333,105.75,27.4,21.2,23.4,31.4,62.5,95,12.8,1012.3,95,2026-06-02T00:20:29.941402,Open-Meteo_Archive
2026-01-12,BANTEN,KABUPATEN PANDEGLANG,-6.63333,105.75,25.2,21.1,23.0,28.7,19.4,94,16.5,1012.3,99,2026-06-02T00:20:33.428672,Open-Meteo_Archive
2026-01-13,BANTEN,KABUPATEN PANDEGLANG,-6.63333,105.75,27.0,21.6,23.8,30.3,13.1,93,19.2,1011.9,100,2026-06-02T00:20:36.644194,Open-Meteo_Archive
2026-01-14,BANTEN,KABUPATEN PANDEGLANG,-6.63333,105.75,24.9,21.5,23.1,28.8,22.9,97,18.9,1011.4,100,2026-06-02T00:20:39.844199,Open-Meteo_Archive
2026-01-08,BANTEN,KABUPATEN LEBAK,-6.65,106.21667,27.5,22.3,24.3,32.6,8.9,87,16.4,1012.4,96,2026-06-02T00:20:45.202304,Open-Meteo_Archive
2026-01-09,BANTEN,KABUPATEN LEBAK,-6.65,106.21667,28.2,21.9,23.8,33.5,5.6,91,18.4,1012.5,98,2026-06-02T00:20:48.950625,Open-Meteo_Archive
2026-01-10,BANTEN,KABUPATEN LEBAK,-6.65,106.21667,26.7,21.5,23.0,31.6,8.7,95,14.6,1012.8,95,2026-06-02T00:20:52.146723,Open-Meteo_Archive
2026-01-11,BANTEN,KABUPATEN LEBAK,-6.65,106.21667,26.1,20.7,22.2,30.5,26.6,97,14.2,1013.1,94,2026-06-02T00:20:55.380780,Open-Meteo_Archive
2026-01-12,BANTEN,KABUPATEN LEBAK,-6.65,106.21667,25.9,20.8,22.1,28.7,28.1,97,15.4,1013.1,99,2026-06-02T00:20:59.723203,Open-Meteo_Archive
2026-01-13,BANTEN,KABUPATEN LEBAK,-6.65,106.21667,25.2,21.0,22.6,30.0,14.3,95,15.7,1012.9,100,2026-06-02T00:21:04.644260,Open-Meteo_Archive
2026-01-14,BANTEN,KABUPATEN LEBAK,-6.65,106.21667,24.4,20.9,22.2,28.4,51.0,98,16.2,1012.4,100,2026-06-02T00:21:07.924831,Open-Meteo_Archive
2026-01-08,BANTEN,KABUPATEN TANGERANG,-6.2,106.46667,28.8,24.1,26.1,32.3,4.3,84,17.4,1011.0,100,2026-06-02T00:21:13.634488,Open-Meteo_Archive
2026-01-09,BANTEN,KABUPATEN TANGERANG,-6.2,106.46667,31.0,23.4,26.2,36.0,11.8,85,18.5,1011.0,97,2026-06-02T00:21:17.536733,Open-Meteo_Archive
2026-01-10,BANTEN,KABUPATEN TANGERANG,-6.2,106.46667,27.5,22.7,24.8,31.1,10.7,90,15.9,1011.4,96,2026-06-02T00:21:20.681859,Open-Meteo_Archive
2026-01-11,BANTEN,KABUPATEN TANGERANG,-6.2,106.46667,28.5,22.7,24.7,33.9,5.1,89,17.8,1011.6,86,2026-06-02T00:21:25.422188,Open-Meteo_Archive
2026-01-12,BANTEN,KABUPATEN TANGERANG,-6.2,106.46667,28.2,22.4,24.5,32.6,7.8,90,19.4,1011.8,95,2026-06-02T00:21:28.702664,Open-Meteo_Archive
2026-01-13,BANTEN,KABUPATEN TANGERANG,-6.2,106.46667,29.5,22.1,25.4,33.9,5.1,85,19.8,1011.4,96,2026-06-02T00:21:33.549775,Open-Meteo_Archive
2026-01-14,BANTEN,KABUPATEN TANGERANG,-6.2,106.46667,28.8,22.8,25.0,32.6,14.6,88,22.2,1010.9,99,2026-06-02T00:21:36.791187,Open-Meteo_Archive
2026-01-08,BANTEN,KABUPATEN SERANG,-6.15,106.0,27.0,23.2,25.0,32.1,9.1,92,14.7,1011.9,100,2026-06-02T00:21:42.133048,Open-Meteo_Archive
2026-01-09,BANTEN,KABUPATEN SERANG,-6.15,106.0,28.8,23.0,25.0,34.5,10.6,91,18.0,1011.9,93,2026-06-02T00:21:47.383592,Open-Meteo_Archive
2026-01-10,BANTEN,KABUPATEN SERANG,-6.15,106.0,27.7,22.7,24.3,32.1,11.0,95,14.4,1012.1,96,2026-06-02T00:21:51.739406,Open-Meteo_Archive
2026-01-11,BANTEN,KABUPATEN SERANG,-6.15,106.0,26.6,22.8,24.1,30.5,7.2,95,16.4,1012.3,96,2026-06-02T00:21:56.453053,Open-Meteo_Archive
2026-01-12,BANTEN,KABUPATEN SERANG,-6.15,106.0,26.0,21.7,23.4,29.6,31.9,97,18.1,1012.5,100,2026-06-02T00:22:01.371476,Open-Meteo_Archive
2026-01-13,BANTEN,KABUPATEN SERANG,-6.15,106.0,28.0,22.4,24.7,32.6,8.6,92,17.2,1012.2,100,2026-06-02T00:22:04.388647,Open-Meteo_Archive
2026-01-14,BANTEN,KABUPATEN SERANG,-6.15,106.0,25.2,22.9,23.7,29.2,32.3,97,18.5,1011.7,98,2026-06-02T00:22:07.508019,Open-Meteo_Archive
2026-01-08,BANTEN,KOTA TANGERANG,-6.17944,106.62991,29.1,24.0,26.1,32.8,3.0,83,16.2,1011.0,100,2026-06-02T00:22:10.580267,Open-Meteo_Archive
2026-01-09,BANTEN,KOTA TANGERANG,-6.17944,106.62991,30.1,23.5,26.1,35.2,13.0,84,15.4,1010.9,96,2026-06-02T00:22:14.734812,Open-Meteo_Archive
2026-01-10,BANTEN,KOTA TANGERANG,-6.17944,106.62991,27.7,23.1,24.9,31.8,9.4,90,13.0,1011.4,97,2026-06-02T00:22:19.183166,Open-Meteo_Archive
2026-01-11,BANTEN,KOTA TANGERANG,-6.17944,106.62991,28.2,22.9,24.8,32.1,8.1,90,16.5,1011.5,91,2026-06-02T00:22:22.470338,Open-Meteo_Archive
2026-01-12,BANTEN,KOTA TANGERANG,-6.17944,106.62991,27.7,22.6,24.5,31.7,9.1,90,17.0,1011.7,93,2026-06-02T00:22:25.873959,Open-Meteo_Archive
2026-01-13,BANTEN,KOTA TANGERANG,-6.17944,106.62991,29.5,22.4,25.5,33.9,4.5,85,17.3,1011.4,98,2026-06-02T00:22:30.539980,Open-Meteo_Archive
2026-01-14,BANTEN,KOTA TANGERANG,-6.17944,106.62991,28.6,22.7,25.1,32.3,12.2,87,19.5,1010.8,100,2026-06-02T00:22:34.953488,Open-Meteo_Archive
2026-01-08,BANTEN,KOTA CILEGON,-6.01667,106.01667,28.3,24.1,25.9,31.9,8.4,85,19.8,1011.4,100,2026-06-02T00:22:40.483959,Open-Meteo_Archive
2026-01-09,BANTEN,KOTA CILEGON,-6.01667,106.01667,28.9,24.2,25.9,33.6,5.8,84,25.8,1011.4,94,2026-06-02T00:22:45.401871,Open-Meteo_Archive
2026-01-10,BANTEN,KOTA CILEGON,-6.01667,106.01667,28.1,23.1,24.9,31.8,16.6,90,22.1,1011.6,96,2026-06-02T00:22:50.025903,Open-Meteo_Archive
2026-01-11,BANTEN,KOTA CILEGON,-6.01667,106.01667,27.0,23.1,24.8,30.2,12.6,88,23.4,1011.8,96,2026-06-02T00:22:53.400051,Open-Meteo_Archive
2026-01-12,BANTEN,KOTA CILEGON,-6.01667,106.01667,26.9,22.1,24.1,28.9,18.8,91,25.5,1012.0,99,2026-06-02T00:22:57.208598,Open-Meteo_Archive
2026-01-13,BANTEN,KOTA CILEGON,-6.01667,106.01667,28.1,23.0,25.4,32.6,11.0,86,23.6,1011.7,98,2026-06-02T00:23:00.435620,Open-Meteo_Archive
2026-01-14,BANTEN,KOTA CILEGON,-6.01667,106.01667,27.2,23.0,24.9,30.5,25.7,88,28.4,1011.1,100,2026-06-02T00:23:04.047518,Open-Meteo_Archive
2026-01-08,BANTEN,KOTA SERANG,-6.12563,106.14999,28.4,23.9,25.8,33.3,7.1,84,13.1,1011.2,100,2026-06-02T00:23:07.486311,Open-Meteo_Archive
2026-01-09,BANTEN,KOTA SERANG,-6.12563,106.14999,30.3,23.5,26.1,36.3,4.9,82,18.0,1011.1,92,2026-06-02T00:23:11.222197,Open-Meteo_Archive
2026-01-10,BANTEN,KOTA SERANG,-6.12563,106.14999,28.8,23.1,24.9,32.9,10.0,89,11.3,1011.5,97,2026-06-02T00:23:14.483458,Open-Meteo_Archive
2026-01-11,BANTEN,KOTA SERANG,-6.12563,106.14999,28.4,23.3,25.1,32.2,4.9,87,17.5,1011.7,93,2026-06-02T00:23:18.455563,Open-Meteo_Archive
2026-01-12,BANTEN,KOTA SERANG,-6.12563,106.14999,27.5,22.5,24.5,30.3,16.0,88,17.5,1011.8,95,2026-06-02T00:23:22.449722,Open-Meteo_Archive
2026-01-13,BANTEN,KOTA SERANG,-6.12563,106.14999,29.0,22.9,25.6,33.0,2.6,84,16.3,1011.5,100,2026-06-02T00:23:25.678018,Open-Meteo_Archive
2026-01-14,BANTEN,KOTA SERANG,-6.12563,106.14999,27.1,23.1,25.0,30.6,7.6,87,19.2,1011.0,100,2026-06-02T00:23:30.864890,Open-Meteo_Archive
2026-01-08,BANTEN,KOTA TANGERANG SELATAN,-6.29373,106.71244,29.6,24.4,26.2,34.8,3.7,84,14.5,1011.0,100,2026-06-02T00:23:35.606747,Open-Meteo_Archive
2026-01-09,BANTEN,KOTA TANGERANG SELATAN,-6.29373,106.71244,30.1,23.8,26.3,35.1,3.0,82,18.4,1010.9,90,2026-06-02T00:23:38.697504,Open-Meteo_Archive
2026-01-10,BANTEN,KOTA TANGERANG SELATAN,-6.29373,106.71244,27.5,23.1,25.1,30.5,10.2,86,16.6,1011.3,98,2026-06-02T00:23:41.897715,Open-Meteo_Archive
2026-01-11,BANTEN,KOTA TANGERANG SELATAN,-6.29373,106.71244,29.3,23.4,25.1,34.4,10.6,86,19.2,1011.4,89,2026-06-02T00:23:45.301712,Open-Meteo_Archive
2026-01-12,BANTEN,KOTA TANGERANG SELATAN,-6.29373,106.71244,28.0,23.0,24.5,31.8,47.1,88,16.8,1011.8,93,2026-06-02T00:23:48.656872,Open-Meteo_Archive
2026-01-13,BANTEN,KOTA TANGERANG SELATAN,-6.29373,106.71244,29.0,22.9,25.3,33.2,9.0,84,21.6,1011.4,97,2026-06-02T00:23:52.169822,Open-Meteo_Archive
2026-01-14,BANTEN,KOTA TANGERANG SELATAN,-6.29373,106.71244,28.1,23.5,25.2,32.0,20.3,86,20.2,1010.7,99,2026-06-02T00:23:56.872230,Open-Meteo_Archive
