[2026-07-02T03:47:04.667+0000] {processor.py:161} INFO - Started process (PID=180) to work on /opt/airflow/dags/batch_pipeline_dag.py
[2026-07-02T03:47:04.672+0000] {processor.py:830} INFO - Processing file /opt/airflow/dags/batch_pipeline_dag.py for tasks to queue
[2026-07-02T03:47:04.679+0000] {logging_mixin.py:188} INFO - [2026-07-02T03:47:04.677+0000] {dagbag.py:538} INFO - Filling up the DagBag from /opt/airflow/dags/batch_pipeline_dag.py
[2026-07-02T03:47:04.916+0000] {processor.py:840} INFO - DAG(s) 'batch_pipeline_harga_pangan' retrieved from /opt/airflow/dags/batch_pipeline_dag.py
[2026-07-02T03:47:05.900+0000] {logging_mixin.py:188} INFO - [2026-07-02T03:47:05.898+0000] {override.py:1769} INFO - Created Permission View: can delete on DAG:batch_pipeline_harga_pangan
[2026-07-02T03:47:05.967+0000] {logging_mixin.py:188} INFO - [2026-07-02T03:47:05.966+0000] {override.py:1769} INFO - Created Permission View: can read on DAG:batch_pipeline_harga_pangan
[2026-07-02T03:47:06.015+0000] {logging_mixin.py:188} INFO - [2026-07-02T03:47:06.015+0000] {override.py:1769} INFO - Created Permission View: can edit on DAG:batch_pipeline_harga_pangan
[2026-07-02T03:47:06.018+0000] {logging_mixin.py:188} INFO - [2026-07-02T03:47:06.018+0000] {dag.py:3036} INFO - Sync 1 DAGs
[2026-07-02T03:47:06.128+0000] {logging_mixin.py:188} INFO - [2026-07-02T03:47:06.127+0000] {dag.py:3058} INFO - Creating ORM DAG for batch_pipeline_harga_pangan
[2026-07-02T03:47:06.183+0000] {logging_mixin.py:188} INFO - [2026-07-02T03:47:06.183+0000] {dag.py:3823} INFO - Setting next_dagrun for batch_pipeline_harga_pangan to 2026-07-01 23:00:00+00:00, run_after=2026-07-02 23:00:00+00:00
[2026-07-02T03:47:06.276+0000] {processor.py:183} INFO - Processing /opt/airflow/dags/batch_pipeline_dag.py took 1.631 seconds
[2026-07-02T03:47:36.822+0000] {processor.py:161} INFO - Started process (PID=198) to work on /opt/airflow/dags/batch_pipeline_dag.py
[2026-07-02T03:47:36.828+0000] {processor.py:830} INFO - Processing file /opt/airflow/dags/batch_pipeline_dag.py for tasks to queue
[2026-07-02T03:47:36.834+0000] {logging_mixin.py:188} INFO - [2026-07-02T03:47:36.832+0000] {dagbag.py:538} INFO - Filling up the DagBag from /opt/airflow/dags/batch_pipeline_dag.py
[2026-07-02T03:47:36.970+0000] {processor.py:840} INFO - DAG(s) 'batch_pipeline_harga_pangan' retrieved from /opt/airflow/dags/batch_pipeline_dag.py
[2026-07-02T03:47:37.366+0000] {logging_mixin.py:188} INFO - [2026-07-02T03:47:37.366+0000] {dag.py:3036} INFO - Sync 1 DAGs
[2026-07-02T03:47:37.537+0000] {logging_mixin.py:188} INFO - [2026-07-02T03:47:37.536+0000] {dag.py:3823} INFO - Setting next_dagrun for batch_pipeline_harga_pangan to 2026-07-01 23:00:00+00:00, run_after=2026-07-02 23:00:00+00:00
[2026-07-02T03:47:37.718+0000] {processor.py:183} INFO - Processing /opt/airflow/dags/batch_pipeline_dag.py took 0.911 seconds
[2026-07-02T03:48:08.191+0000] {processor.py:161} INFO - Started process (PID=216) to work on /opt/airflow/dags/batch_pipeline_dag.py
[2026-07-02T03:48:08.208+0000] {processor.py:830} INFO - Processing file /opt/airflow/dags/batch_pipeline_dag.py for tasks to queue
[2026-07-02T03:48:08.222+0000] {logging_mixin.py:188} INFO - [2026-07-02T03:48:08.221+0000] {dagbag.py:538} INFO - Filling up the DagBag from /opt/airflow/dags/batch_pipeline_dag.py
[2026-07-02T03:48:08.531+0000] {processor.py:840} INFO - DAG(s) 'batch_pipeline_harga_pangan' retrieved from /opt/airflow/dags/batch_pipeline_dag.py
[2026-07-02T03:48:08.923+0000] {logging_mixin.py:188} INFO - [2026-07-02T03:48:08.921+0000] {dag.py:3036} INFO - Sync 1 DAGs
[2026-07-02T03:48:09.033+0000] {logging_mixin.py:188} INFO - [2026-07-02T03:48:09.033+0000] {dag.py:3823} INFO - Setting next_dagrun for batch_pipeline_harga_pangan to 2026-07-01 23:00:00+00:00, run_after=2026-07-02 23:00:00+00:00
[2026-07-02T03:48:09.135+0000] {processor.py:183} INFO - Processing /opt/airflow/dags/batch_pipeline_dag.py took 0.965 seconds
[2026-07-02T03:48:39.422+0000] {processor.py:161} INFO - Started process (PID=228) to work on /opt/airflow/dags/batch_pipeline_dag.py
[2026-07-02T03:48:39.424+0000] {processor.py:830} INFO - Processing file /opt/airflow/dags/batch_pipeline_dag.py for tasks to queue
[2026-07-02T03:48:39.426+0000] {logging_mixin.py:188} INFO - [2026-07-02T03:48:39.426+0000] {dagbag.py:538} INFO - Filling up the DagBag from /opt/airflow/dags/batch_pipeline_dag.py
[2026-07-02T03:48:39.495+0000] {processor.py:840} INFO - DAG(s) 'batch_pipeline_harga_pangan' retrieved from /opt/airflow/dags/batch_pipeline_dag.py
[2026-07-02T03:48:39.642+0000] {logging_mixin.py:188} INFO - [2026-07-02T03:48:39.642+0000] {dag.py:3036} INFO - Sync 1 DAGs
[2026-07-02T03:48:39.679+0000] {logging_mixin.py:188} INFO - [2026-07-02T03:48:39.679+0000] {dag.py:3823} INFO - Setting next_dagrun for batch_pipeline_harga_pangan to 2026-07-01 23:00:00+00:00, run_after=2026-07-02 23:00:00+00:00
[2026-07-02T03:48:39.710+0000] {processor.py:183} INFO - Processing /opt/airflow/dags/batch_pipeline_dag.py took 0.296 seconds
[2026-07-02T03:49:09.932+0000] {processor.py:161} INFO - Started process (PID=244) to work on /opt/airflow/dags/batch_pipeline_dag.py
[2026-07-02T03:49:09.938+0000] {processor.py:830} INFO - Processing file /opt/airflow/dags/batch_pipeline_dag.py for tasks to queue
[2026-07-02T03:49:09.941+0000] {logging_mixin.py:188} INFO - [2026-07-02T03:49:09.940+0000] {dagbag.py:538} INFO - Filling up the DagBag from /opt/airflow/dags/batch_pipeline_dag.py
[2026-07-02T03:49:10.043+0000] {processor.py:840} INFO - DAG(s) 'batch_pipeline_harga_pangan' retrieved from /opt/airflow/dags/batch_pipeline_dag.py
[2026-07-02T03:49:10.181+0000] {logging_mixin.py:188} INFO - [2026-07-02T03:49:10.181+0000] {dag.py:3036} INFO - Sync 1 DAGs
[2026-07-02T03:49:10.225+0000] {logging_mixin.py:188} INFO - [2026-07-02T03:49:10.225+0000] {dag.py:3823} INFO - Setting next_dagrun for batch_pipeline_harga_pangan to 2026-07-01 23:00:00+00:00, run_after=2026-07-02 23:00:00+00:00
[2026-07-02T03:49:10.262+0000] {processor.py:183} INFO - Processing /opt/airflow/dags/batch_pipeline_dag.py took 0.340 seconds
[2026-07-02T03:49:40.405+0000] {processor.py:161} INFO - Started process (PID=262) to work on /opt/airflow/dags/batch_pipeline_dag.py
[2026-07-02T03:49:40.408+0000] {processor.py:830} INFO - Processing file /opt/airflow/dags/batch_pipeline_dag.py for tasks to queue
[2026-07-02T03:49:40.411+0000] {logging_mixin.py:188} INFO - [2026-07-02T03:49:40.410+0000] {dagbag.py:538} INFO - Filling up the DagBag from /opt/airflow/dags/batch_pipeline_dag.py
[2026-07-02T03:49:40.489+0000] {processor.py:840} INFO - DAG(s) 'batch_pipeline_harga_pangan' retrieved from /opt/airflow/dags/batch_pipeline_dag.py
[2026-07-02T03:49:40.656+0000] {logging_mixin.py:188} INFO - [2026-07-02T03:49:40.655+0000] {dag.py:3036} INFO - Sync 1 DAGs
[2026-07-02T03:49:40.716+0000] {logging_mixin.py:188} INFO - [2026-07-02T03:49:40.716+0000] {dag.py:3823} INFO - Setting next_dagrun for batch_pipeline_harga_pangan to 2026-07-01 23:00:00+00:00, run_after=2026-07-02 23:00:00+00:00
[2026-07-02T03:49:40.772+0000] {processor.py:183} INFO - Processing /opt/airflow/dags/batch_pipeline_dag.py took 0.378 seconds
[2026-07-02T03:50:11.168+0000] {processor.py:161} INFO - Started process (PID=280) to work on /opt/airflow/dags/batch_pipeline_dag.py
[2026-07-02T03:50:11.171+0000] {processor.py:830} INFO - Processing file /opt/airflow/dags/batch_pipeline_dag.py for tasks to queue
[2026-07-02T03:50:11.174+0000] {logging_mixin.py:188} INFO - [2026-07-02T03:50:11.173+0000] {dagbag.py:538} INFO - Filling up the DagBag from /opt/airflow/dags/batch_pipeline_dag.py
[2026-07-02T03:50:11.263+0000] {processor.py:840} INFO - DAG(s) 'batch_pipeline_harga_pangan' retrieved from /opt/airflow/dags/batch_pipeline_dag.py
[2026-07-02T03:50:11.492+0000] {logging_mixin.py:188} INFO - [2026-07-02T03:50:11.492+0000] {dag.py:3036} INFO - Sync 1 DAGs
[2026-07-02T03:50:11.562+0000] {logging_mixin.py:188} INFO - [2026-07-02T03:50:11.561+0000] {dag.py:3823} INFO - Setting next_dagrun for batch_pipeline_harga_pangan to 2026-07-01 23:00:00+00:00, run_after=2026-07-02 23:00:00+00:00
[2026-07-02T03:50:11.644+0000] {processor.py:183} INFO - Processing /opt/airflow/dags/batch_pipeline_dag.py took 0.491 seconds
[2026-07-02T03:50:42.454+0000] {processor.py:161} INFO - Started process (PID=290) to work on /opt/airflow/dags/batch_pipeline_dag.py
[2026-07-02T03:50:42.456+0000] {processor.py:830} INFO - Processing file /opt/airflow/dags/batch_pipeline_dag.py for tasks to queue
[2026-07-02T03:50:42.459+0000] {logging_mixin.py:188} INFO - [2026-07-02T03:50:42.458+0000] {dagbag.py:538} INFO - Filling up the DagBag from /opt/airflow/dags/batch_pipeline_dag.py
[2026-07-02T03:50:42.535+0000] {processor.py:840} INFO - DAG(s) 'batch_pipeline_harga_pangan' retrieved from /opt/airflow/dags/batch_pipeline_dag.py
[2026-07-02T03:50:42.709+0000] {logging_mixin.py:188} INFO - [2026-07-02T03:50:42.709+0000] {dag.py:3036} INFO - Sync 1 DAGs
[2026-07-02T03:50:42.788+0000] {logging_mixin.py:188} INFO - [2026-07-02T03:50:42.787+0000] {dag.py:3823} INFO - Setting next_dagrun for batch_pipeline_harga_pangan to 2026-07-01 23:00:00+00:00, run_after=2026-07-02 23:00:00+00:00
[2026-07-02T03:50:42.840+0000] {processor.py:183} INFO - Processing /opt/airflow/dags/batch_pipeline_dag.py took 0.395 seconds
[2026-07-02T03:51:16.036+0000] {processor.py:161} INFO - Started process (PID=308) to work on /opt/airflow/dags/batch_pipeline_dag.py
[2026-07-02T03:51:16.040+0000] {processor.py:830} INFO - Processing file /opt/airflow/dags/batch_pipeline_dag.py for tasks to queue
[2026-07-02T03:51:16.043+0000] {logging_mixin.py:188} INFO - [2026-07-02T03:51:16.042+0000] {dagbag.py:538} INFO - Filling up the DagBag from /opt/airflow/dags/batch_pipeline_dag.py
[2026-07-02T03:51:16.111+0000] {processor.py:840} INFO - DAG(s) 'batch_pipeline_harga_pangan' retrieved from /opt/airflow/dags/batch_pipeline_dag.py
[2026-07-02T03:51:16.269+0000] {logging_mixin.py:188} INFO - [2026-07-02T03:51:16.268+0000] {dag.py:3036} INFO - Sync 1 DAGs
[2026-07-02T03:51:16.340+0000] {logging_mixin.py:188} INFO - [2026-07-02T03:51:16.339+0000] {dag.py:3823} INFO - Setting next_dagrun for batch_pipeline_harga_pangan to 2026-07-01 23:00:00+00:00, run_after=2026-07-02 23:00:00+00:00
[2026-07-02T03:51:16.379+0000] {processor.py:183} INFO - Processing /opt/airflow/dags/batch_pipeline_dag.py took 0.350 seconds
[2026-07-02T03:51:49.004+0000] {processor.py:161} INFO - Started process (PID=326) to work on /opt/airflow/dags/batch_pipeline_dag.py
[2026-07-02T03:51:49.009+0000] {processor.py:830} INFO - Processing file /opt/airflow/dags/batch_pipeline_dag.py for tasks to queue
[2026-07-02T03:51:49.014+0000] {logging_mixin.py:188} INFO - [2026-07-02T03:51:49.013+0000] {dagbag.py:538} INFO - Filling up the DagBag from /opt/airflow/dags/batch_pipeline_dag.py
[2026-07-02T03:51:49.262+0000] {processor.py:840} INFO - DAG(s) 'batch_pipeline_harga_pangan' retrieved from /opt/airflow/dags/batch_pipeline_dag.py
[2026-07-02T03:51:49.490+0000] {logging_mixin.py:188} INFO - [2026-07-02T03:51:49.489+0000] {dag.py:3036} INFO - Sync 1 DAGs
[2026-07-02T03:51:49.573+0000] {logging_mixin.py:188} INFO - [2026-07-02T03:51:49.572+0000] {dag.py:3823} INFO - Setting next_dagrun for batch_pipeline_harga_pangan to 2026-07-01 23:00:00+00:00, run_after=2026-07-02 23:00:00+00:00
[2026-07-02T03:51:49.613+0000] {processor.py:183} INFO - Processing /opt/airflow/dags/batch_pipeline_dag.py took 0.640 seconds
[2026-07-02T03:52:20.860+0000] {processor.py:161} INFO - Started process (PID=343) to work on /opt/airflow/dags/batch_pipeline_dag.py
[2026-07-02T03:52:20.863+0000] {processor.py:830} INFO - Processing file /opt/airflow/dags/batch_pipeline_dag.py for tasks to queue
[2026-07-02T03:52:20.867+0000] {logging_mixin.py:188} INFO - [2026-07-02T03:52:20.866+0000] {dagbag.py:538} INFO - Filling up the DagBag from /opt/airflow/dags/batch_pipeline_dag.py
[2026-07-02T03:52:20.956+0000] {processor.py:840} INFO - DAG(s) 'batch_pipeline_harga_pangan' retrieved from /opt/airflow/dags/batch_pipeline_dag.py
[2026-07-02T03:52:21.146+0000] {logging_mixin.py:188} INFO - [2026-07-02T03:52:21.146+0000] {dag.py:3036} INFO - Sync 1 DAGs
[2026-07-02T03:52:21.235+0000] {logging_mixin.py:188} INFO - [2026-07-02T03:52:21.234+0000] {dag.py:3823} INFO - Setting next_dagrun for batch_pipeline_harga_pangan to 2026-07-01 23:00:00+00:00, run_after=2026-07-02 23:00:00+00:00
[2026-07-02T03:52:21.311+0000] {processor.py:183} INFO - Processing /opt/airflow/dags/batch_pipeline_dag.py took 0.461 seconds
[2026-07-02T03:52:53.699+0000] {processor.py:161} INFO - Started process (PID=362) to work on /opt/airflow/dags/batch_pipeline_dag.py
[2026-07-02T03:52:53.702+0000] {processor.py:830} INFO - Processing file /opt/airflow/dags/batch_pipeline_dag.py for tasks to queue
[2026-07-02T03:52:53.716+0000] {logging_mixin.py:188} INFO - [2026-07-02T03:52:53.713+0000] {dagbag.py:538} INFO - Filling up the DagBag from /opt/airflow/dags/batch_pipeline_dag.py
[2026-07-02T03:52:54.028+0000] {processor.py:840} INFO - DAG(s) 'batch_pipeline_harga_pangan' retrieved from /opt/airflow/dags/batch_pipeline_dag.py
[2026-07-02T03:52:54.201+0000] {logging_mixin.py:188} INFO - [2026-07-02T03:52:54.200+0000] {dag.py:3036} INFO - Sync 1 DAGs
[2026-07-02T03:52:54.289+0000] {logging_mixin.py:188} INFO - [2026-07-02T03:52:54.288+0000] {dag.py:3823} INFO - Setting next_dagrun for batch_pipeline_harga_pangan to 2026-07-01 23:00:00+00:00, run_after=2026-07-02 23:00:00+00:00
[2026-07-02T03:52:54.364+0000] {processor.py:183} INFO - Processing /opt/airflow/dags/batch_pipeline_dag.py took 0.677 seconds
[2026-07-02T03:53:26.456+0000] {processor.py:161} INFO - Started process (PID=380) to work on /opt/airflow/dags/batch_pipeline_dag.py
[2026-07-02T03:53:26.459+0000] {processor.py:830} INFO - Processing file /opt/airflow/dags/batch_pipeline_dag.py for tasks to queue
[2026-07-02T03:53:26.462+0000] {logging_mixin.py:188} INFO - [2026-07-02T03:53:26.461+0000] {dagbag.py:538} INFO - Filling up the DagBag from /opt/airflow/dags/batch_pipeline_dag.py
[2026-07-02T03:53:26.571+0000] {processor.py:840} INFO - DAG(s) 'batch_pipeline_harga_pangan' retrieved from /opt/airflow/dags/batch_pipeline_dag.py
[2026-07-02T03:53:26.840+0000] {logging_mixin.py:188} INFO - [2026-07-02T03:53:26.829+0000] {dag.py:3036} INFO - Sync 1 DAGs
[2026-07-02T03:53:26.955+0000] {logging_mixin.py:188} INFO - [2026-07-02T03:53:26.955+0000] {dag.py:3823} INFO - Setting next_dagrun for batch_pipeline_harga_pangan to 2026-07-01 23:00:00+00:00, run_after=2026-07-02 23:00:00+00:00
[2026-07-02T03:53:27.032+0000] {processor.py:183} INFO - Processing /opt/airflow/dags/batch_pipeline_dag.py took 0.587 seconds
[2026-07-02T03:53:59.516+0000] {processor.py:161} INFO - Started process (PID=391) to work on /opt/airflow/dags/batch_pipeline_dag.py
[2026-07-02T03:53:59.521+0000] {processor.py:830} INFO - Processing file /opt/airflow/dags/batch_pipeline_dag.py for tasks to queue
[2026-07-02T03:53:59.531+0000] {logging_mixin.py:188} INFO - [2026-07-02T03:53:59.530+0000] {dagbag.py:538} INFO - Filling up the DagBag from /opt/airflow/dags/batch_pipeline_dag.py
[2026-07-02T03:53:59.637+0000] {processor.py:840} INFO - DAG(s) 'batch_pipeline_harga_pangan' retrieved from /opt/airflow/dags/batch_pipeline_dag.py
[2026-07-02T03:53:59.805+0000] {logging_mixin.py:188} INFO - [2026-07-02T03:53:59.805+0000] {dag.py:3036} INFO - Sync 1 DAGs
[2026-07-02T03:53:59.857+0000] {logging_mixin.py:188} INFO - [2026-07-02T03:53:59.857+0000] {dag.py:3823} INFO - Setting next_dagrun for batch_pipeline_harga_pangan to 2026-07-01 23:00:00+00:00, run_after=2026-07-02 23:00:00+00:00
[2026-07-02T03:54:00.012+0000] {processor.py:183} INFO - Processing /opt/airflow/dags/batch_pipeline_dag.py took 0.516 seconds
[2026-07-02T03:54:32.209+0000] {processor.py:161} INFO - Started process (PID=410) to work on /opt/airflow/dags/batch_pipeline_dag.py
[2026-07-02T03:54:32.217+0000] {processor.py:830} INFO - Processing file /opt/airflow/dags/batch_pipeline_dag.py for tasks to queue
[2026-07-02T03:54:32.220+0000] {logging_mixin.py:188} INFO - [2026-07-02T03:54:32.219+0000] {dagbag.py:538} INFO - Filling up the DagBag from /opt/airflow/dags/batch_pipeline_dag.py
[2026-07-02T03:54:32.297+0000] {processor.py:840} INFO - DAG(s) 'batch_pipeline_harga_pangan' retrieved from /opt/airflow/dags/batch_pipeline_dag.py
[2026-07-02T03:54:32.459+0000] {logging_mixin.py:188} INFO - [2026-07-02T03:54:32.458+0000] {dag.py:3036} INFO - Sync 1 DAGs
[2026-07-02T03:54:32.529+0000] {logging_mixin.py:188} INFO - [2026-07-02T03:54:32.528+0000] {dag.py:3823} INFO - Setting next_dagrun for batch_pipeline_harga_pangan to 2026-07-01 23:00:00+00:00, run_after=2026-07-02 23:00:00+00:00
[2026-07-02T03:54:32.571+0000] {processor.py:183} INFO - Processing /opt/airflow/dags/batch_pipeline_dag.py took 0.372 seconds
[2026-07-02T03:55:04.836+0000] {processor.py:161} INFO - Started process (PID=428) to work on /opt/airflow/dags/batch_pipeline_dag.py
[2026-07-02T03:55:04.840+0000] {processor.py:830} INFO - Processing file /opt/airflow/dags/batch_pipeline_dag.py for tasks to queue
[2026-07-02T03:55:04.843+0000] {logging_mixin.py:188} INFO - [2026-07-02T03:55:04.842+0000] {dagbag.py:538} INFO - Filling up the DagBag from /opt/airflow/dags/batch_pipeline_dag.py
[2026-07-02T03:55:04.916+0000] {processor.py:840} INFO - DAG(s) 'batch_pipeline_harga_pangan' retrieved from /opt/airflow/dags/batch_pipeline_dag.py
[2026-07-02T03:55:05.089+0000] {logging_mixin.py:188} INFO - [2026-07-02T03:55:05.088+0000] {dag.py:3036} INFO - Sync 1 DAGs
[2026-07-02T03:55:05.142+0000] {logging_mixin.py:188} INFO - [2026-07-02T03:55:05.142+0000] {dag.py:3823} INFO - Setting next_dagrun for batch_pipeline_harga_pangan to 2026-07-01 23:00:00+00:00, run_after=2026-07-02 23:00:00+00:00
[2026-07-02T03:55:05.183+0000] {processor.py:183} INFO - Processing /opt/airflow/dags/batch_pipeline_dag.py took 0.362 seconds
[2026-07-02T03:55:37.422+0000] {processor.py:161} INFO - Started process (PID=446) to work on /opt/airflow/dags/batch_pipeline_dag.py
[2026-07-02T03:55:37.427+0000] {processor.py:830} INFO - Processing file /opt/airflow/dags/batch_pipeline_dag.py for tasks to queue
[2026-07-02T03:55:37.430+0000] {logging_mixin.py:188} INFO - [2026-07-02T03:55:37.429+0000] {dagbag.py:538} INFO - Filling up the DagBag from /opt/airflow/dags/batch_pipeline_dag.py
[2026-07-02T03:55:37.498+0000] {processor.py:840} INFO - DAG(s) 'batch_pipeline_harga_pangan' retrieved from /opt/airflow/dags/batch_pipeline_dag.py
[2026-07-02T03:55:37.680+0000] {logging_mixin.py:188} INFO - [2026-07-02T03:55:37.679+0000] {dag.py:3036} INFO - Sync 1 DAGs
[2026-07-02T03:55:37.734+0000] {logging_mixin.py:188} INFO - [2026-07-02T03:55:37.733+0000] {dag.py:3823} INFO - Setting next_dagrun for batch_pipeline_harga_pangan to 2026-07-01 23:00:00+00:00, run_after=2026-07-02 23:00:00+00:00
[2026-07-02T03:55:37.775+0000] {processor.py:183} INFO - Processing /opt/airflow/dags/batch_pipeline_dag.py took 0.359 seconds
[2026-07-02T03:56:10.048+0000] {processor.py:161} INFO - Started process (PID=464) to work on /opt/airflow/dags/batch_pipeline_dag.py
[2026-07-02T03:56:10.051+0000] {processor.py:830} INFO - Processing file /opt/airflow/dags/batch_pipeline_dag.py for tasks to queue
[2026-07-02T03:56:10.054+0000] {logging_mixin.py:188} INFO - [2026-07-02T03:56:10.053+0000] {dagbag.py:538} INFO - Filling up the DagBag from /opt/airflow/dags/batch_pipeline_dag.py
[2026-07-02T03:56:10.188+0000] {processor.py:840} INFO - DAG(s) 'batch_pipeline_harga_pangan' retrieved from /opt/airflow/dags/batch_pipeline_dag.py
[2026-07-02T03:56:10.350+0000] {logging_mixin.py:188} INFO - [2026-07-02T03:56:10.350+0000] {dag.py:3036} INFO - Sync 1 DAGs
[2026-07-02T03:56:10.420+0000] {logging_mixin.py:188} INFO - [2026-07-02T03:56:10.420+0000] {dag.py:3823} INFO - Setting next_dagrun for batch_pipeline_harga_pangan to 2026-07-01 23:00:00+00:00, run_after=2026-07-02 23:00:00+00:00
[2026-07-02T03:56:10.470+0000] {processor.py:183} INFO - Processing /opt/airflow/dags/batch_pipeline_dag.py took 0.430 seconds
[2026-07-02T03:56:42.788+0000] {processor.py:161} INFO - Started process (PID=474) to work on /opt/airflow/dags/batch_pipeline_dag.py
[2026-07-02T03:56:42.794+0000] {processor.py:830} INFO - Processing file /opt/airflow/dags/batch_pipeline_dag.py for tasks to queue
[2026-07-02T03:56:42.798+0000] {logging_mixin.py:188} INFO - [2026-07-02T03:56:42.797+0000] {dagbag.py:538} INFO - Filling up the DagBag from /opt/airflow/dags/batch_pipeline_dag.py
[2026-07-02T03:56:42.895+0000] {processor.py:840} INFO - DAG(s) 'batch_pipeline_harga_pangan' retrieved from /opt/airflow/dags/batch_pipeline_dag.py
[2026-07-02T03:56:43.036+0000] {logging_mixin.py:188} INFO - [2026-07-02T03:56:43.035+0000] {dag.py:3036} INFO - Sync 1 DAGs
[2026-07-02T03:56:43.094+0000] {logging_mixin.py:188} INFO - [2026-07-02T03:56:43.093+0000] {dag.py:3823} INFO - Setting next_dagrun for batch_pipeline_harga_pangan to 2026-07-01 23:00:00+00:00, run_after=2026-07-02 23:00:00+00:00
[2026-07-02T03:56:43.157+0000] {processor.py:183} INFO - Processing /opt/airflow/dags/batch_pipeline_dag.py took 0.378 seconds
[2026-07-02T03:57:15.436+0000] {processor.py:161} INFO - Started process (PID=491) to work on /opt/airflow/dags/batch_pipeline_dag.py
[2026-07-02T03:57:15.439+0000] {processor.py:830} INFO - Processing file /opt/airflow/dags/batch_pipeline_dag.py for tasks to queue
[2026-07-02T03:57:15.442+0000] {logging_mixin.py:188} INFO - [2026-07-02T03:57:15.441+0000] {dagbag.py:538} INFO - Filling up the DagBag from /opt/airflow/dags/batch_pipeline_dag.py
[2026-07-02T03:57:15.521+0000] {processor.py:840} INFO - DAG(s) 'batch_pipeline_harga_pangan' retrieved from /opt/airflow/dags/batch_pipeline_dag.py
[2026-07-02T03:57:15.687+0000] {logging_mixin.py:188} INFO - [2026-07-02T03:57:15.686+0000] {dag.py:3036} INFO - Sync 1 DAGs
[2026-07-02T03:57:15.743+0000] {logging_mixin.py:188} INFO - [2026-07-02T03:57:15.742+0000] {dag.py:3823} INFO - Setting next_dagrun for batch_pipeline_harga_pangan to 2026-07-01 23:00:00+00:00, run_after=2026-07-02 23:00:00+00:00
[2026-07-02T03:57:15.794+0000] {processor.py:183} INFO - Processing /opt/airflow/dags/batch_pipeline_dag.py took 0.368 seconds
[2026-07-02T03:57:48.029+0000] {processor.py:161} INFO - Started process (PID=509) to work on /opt/airflow/dags/batch_pipeline_dag.py
[2026-07-02T03:57:48.033+0000] {processor.py:830} INFO - Processing file /opt/airflow/dags/batch_pipeline_dag.py for tasks to queue
[2026-07-02T03:57:48.035+0000] {logging_mixin.py:188} INFO - [2026-07-02T03:57:48.035+0000] {dagbag.py:538} INFO - Filling up the DagBag from /opt/airflow/dags/batch_pipeline_dag.py
[2026-07-02T03:57:48.118+0000] {processor.py:840} INFO - DAG(s) 'batch_pipeline_harga_pangan' retrieved from /opt/airflow/dags/batch_pipeline_dag.py
[2026-07-02T03:57:48.352+0000] {logging_mixin.py:188} INFO - [2026-07-02T03:57:48.351+0000] {dag.py:3036} INFO - Sync 1 DAGs
[2026-07-02T03:57:48.461+0000] {logging_mixin.py:188} INFO - [2026-07-02T03:57:48.460+0000] {dag.py:3823} INFO - Setting next_dagrun for batch_pipeline_harga_pangan to 2026-07-01 23:00:00+00:00, run_after=2026-07-02 23:00:00+00:00
[2026-07-02T03:57:48.560+0000] {processor.py:183} INFO - Processing /opt/airflow/dags/batch_pipeline_dag.py took 0.540 seconds
[2026-07-02T03:58:21.350+0000] {processor.py:161} INFO - Started process (PID=527) to work on /opt/airflow/dags/batch_pipeline_dag.py
[2026-07-02T03:58:21.363+0000] {processor.py:830} INFO - Processing file /opt/airflow/dags/batch_pipeline_dag.py for tasks to queue
[2026-07-02T03:58:21.371+0000] {logging_mixin.py:188} INFO - [2026-07-02T03:58:21.370+0000] {dagbag.py:538} INFO - Filling up the DagBag from /opt/airflow/dags/batch_pipeline_dag.py
[2026-07-02T03:58:21.601+0000] {processor.py:840} INFO - DAG(s) 'batch_pipeline_harga_pangan' retrieved from /opt/airflow/dags/batch_pipeline_dag.py
[2026-07-02T03:58:22.053+0000] {logging_mixin.py:188} INFO - [2026-07-02T03:58:22.052+0000] {dag.py:3036} INFO - Sync 1 DAGs
[2026-07-02T03:58:22.221+0000] {logging_mixin.py:188} INFO - [2026-07-02T03:58:22.220+0000] {dag.py:3823} INFO - Setting next_dagrun for batch_pipeline_harga_pangan to 2026-07-01 23:00:00+00:00, run_after=2026-07-02 23:00:00+00:00
[2026-07-02T03:58:22.360+0000] {processor.py:183} INFO - Processing /opt/airflow/dags/batch_pipeline_dag.py took 1.028 seconds
[2026-07-02T03:58:53.960+0000] {processor.py:161} INFO - Started process (PID=545) to work on /opt/airflow/dags/batch_pipeline_dag.py
[2026-07-02T03:58:53.963+0000] {processor.py:830} INFO - Processing file /opt/airflow/dags/batch_pipeline_dag.py for tasks to queue
[2026-07-02T03:58:53.977+0000] {logging_mixin.py:188} INFO - [2026-07-02T03:58:53.975+0000] {dagbag.py:538} INFO - Filling up the DagBag from /opt/airflow/dags/batch_pipeline_dag.py
[2026-07-02T03:58:54.161+0000] {processor.py:840} INFO - DAG(s) 'batch_pipeline_harga_pangan' retrieved from /opt/airflow/dags/batch_pipeline_dag.py
[2026-07-02T03:58:54.339+0000] {logging_mixin.py:188} INFO - [2026-07-02T03:58:54.339+0000] {dag.py:3036} INFO - Sync 1 DAGs
[2026-07-02T03:58:54.407+0000] {logging_mixin.py:188} INFO - [2026-07-02T03:58:54.407+0000] {dag.py:3823} INFO - Setting next_dagrun for batch_pipeline_harga_pangan to 2026-07-01 23:00:00+00:00, run_after=2026-07-02 23:00:00+00:00
[2026-07-02T03:58:54.451+0000] {processor.py:183} INFO - Processing /opt/airflow/dags/batch_pipeline_dag.py took 0.530 seconds
[2026-07-02T03:59:26.596+0000] {processor.py:161} INFO - Started process (PID=555) to work on /opt/airflow/dags/batch_pipeline_dag.py
[2026-07-02T03:59:26.598+0000] {processor.py:830} INFO - Processing file /opt/airflow/dags/batch_pipeline_dag.py for tasks to queue
[2026-07-02T03:59:26.601+0000] {logging_mixin.py:188} INFO - [2026-07-02T03:59:26.600+0000] {dagbag.py:538} INFO - Filling up the DagBag from /opt/airflow/dags/batch_pipeline_dag.py
[2026-07-02T03:59:26.669+0000] {processor.py:840} INFO - DAG(s) 'batch_pipeline_harga_pangan' retrieved from /opt/airflow/dags/batch_pipeline_dag.py
[2026-07-02T03:59:26.803+0000] {logging_mixin.py:188} INFO - [2026-07-02T03:59:26.803+0000] {dag.py:3036} INFO - Sync 1 DAGs
[2026-07-02T03:59:26.861+0000] {logging_mixin.py:188} INFO - [2026-07-02T03:59:26.861+0000] {dag.py:3823} INFO - Setting next_dagrun for batch_pipeline_harga_pangan to 2026-07-01 23:00:00+00:00, run_after=2026-07-02 23:00:00+00:00
[2026-07-02T03:59:26.922+0000] {processor.py:183} INFO - Processing /opt/airflow/dags/batch_pipeline_dag.py took 0.338 seconds
[2026-07-02T03:59:59.231+0000] {processor.py:161} INFO - Started process (PID=573) to work on /opt/airflow/dags/batch_pipeline_dag.py
[2026-07-02T03:59:59.234+0000] {processor.py:830} INFO - Processing file /opt/airflow/dags/batch_pipeline_dag.py for tasks to queue
[2026-07-02T03:59:59.238+0000] {logging_mixin.py:188} INFO - [2026-07-02T03:59:59.237+0000] {dagbag.py:538} INFO - Filling up the DagBag from /opt/airflow/dags/batch_pipeline_dag.py
[2026-07-02T03:59:59.451+0000] {processor.py:840} INFO - DAG(s) 'batch_pipeline_harga_pangan' retrieved from /opt/airflow/dags/batch_pipeline_dag.py
[2026-07-02T04:00:00.058+0000] {logging_mixin.py:188} INFO - [2026-07-02T04:00:00.058+0000] {dag.py:3036} INFO - Sync 1 DAGs
[2026-07-02T04:00:00.150+0000] {logging_mixin.py:188} INFO - [2026-07-02T04:00:00.149+0000] {dag.py:3823} INFO - Setting next_dagrun for batch_pipeline_harga_pangan to 2026-07-01 23:00:00+00:00, run_after=2026-07-02 23:00:00+00:00
[2026-07-02T04:00:00.217+0000] {processor.py:183} INFO - Processing /opt/airflow/dags/batch_pipeline_dag.py took 0.996 seconds
[2026-07-02T04:00:32.486+0000] {processor.py:161} INFO - Started process (PID=591) to work on /opt/airflow/dags/batch_pipeline_dag.py
[2026-07-02T04:00:32.488+0000] {processor.py:830} INFO - Processing file /opt/airflow/dags/batch_pipeline_dag.py for tasks to queue
[2026-07-02T04:00:32.491+0000] {logging_mixin.py:188} INFO - [2026-07-02T04:00:32.490+0000] {dagbag.py:538} INFO - Filling up the DagBag from /opt/airflow/dags/batch_pipeline_dag.py
[2026-07-02T04:00:32.553+0000] {processor.py:840} INFO - DAG(s) 'batch_pipeline_harga_pangan' retrieved from /opt/airflow/dags/batch_pipeline_dag.py
[2026-07-02T04:00:32.655+0000] {logging_mixin.py:188} INFO - [2026-07-02T04:00:32.655+0000] {dag.py:3036} INFO - Sync 1 DAGs
[2026-07-02T04:00:32.692+0000] {logging_mixin.py:188} INFO - [2026-07-02T04:00:32.692+0000] {dag.py:3823} INFO - Setting next_dagrun for batch_pipeline_harga_pangan to 2026-07-01 23:00:00+00:00, run_after=2026-07-02 23:00:00+00:00
[2026-07-02T04:00:32.727+0000] {processor.py:183} INFO - Processing /opt/airflow/dags/batch_pipeline_dag.py took 0.248 seconds
[2026-07-02T04:01:04.905+0000] {processor.py:161} INFO - Started process (PID=611) to work on /opt/airflow/dags/batch_pipeline_dag.py
[2026-07-02T04:01:04.908+0000] {processor.py:830} INFO - Processing file /opt/airflow/dags/batch_pipeline_dag.py for tasks to queue
[2026-07-02T04:01:04.910+0000] {logging_mixin.py:188} INFO - [2026-07-02T04:01:04.909+0000] {dagbag.py:538} INFO - Filling up the DagBag from /opt/airflow/dags/batch_pipeline_dag.py
[2026-07-02T04:01:04.966+0000] {processor.py:840} INFO - DAG(s) 'batch_pipeline_harga_pangan' retrieved from /opt/airflow/dags/batch_pipeline_dag.py
[2026-07-02T04:01:05.060+0000] {logging_mixin.py:188} INFO - [2026-07-02T04:01:05.060+0000] {dag.py:3036} INFO - Sync 1 DAGs
[2026-07-02T04:01:05.096+0000] {logging_mixin.py:188} INFO - [2026-07-02T04:01:05.095+0000] {dag.py:3823} INFO - Setting next_dagrun for batch_pipeline_harga_pangan to 2026-07-01 23:00:00+00:00, run_after=2026-07-02 23:00:00+00:00
[2026-07-02T04:01:05.129+0000] {processor.py:183} INFO - Processing /opt/airflow/dags/batch_pipeline_dag.py took 0.231 seconds
[2026-07-02T04:01:37.333+0000] {processor.py:161} INFO - Started process (PID=629) to work on /opt/airflow/dags/batch_pipeline_dag.py
[2026-07-02T04:01:37.339+0000] {processor.py:830} INFO - Processing file /opt/airflow/dags/batch_pipeline_dag.py for tasks to queue
[2026-07-02T04:01:37.343+0000] {logging_mixin.py:188} INFO - [2026-07-02T04:01:37.341+0000] {dagbag.py:538} INFO - Filling up the DagBag from /opt/airflow/dags/batch_pipeline_dag.py
[2026-07-02T04:01:37.413+0000] {processor.py:840} INFO - DAG(s) 'batch_pipeline_harga_pangan' retrieved from /opt/airflow/dags/batch_pipeline_dag.py
[2026-07-02T04:01:37.590+0000] {logging_mixin.py:188} INFO - [2026-07-02T04:01:37.589+0000] {dag.py:3036} INFO - Sync 1 DAGs
[2026-07-02T04:01:37.672+0000] {logging_mixin.py:188} INFO - [2026-07-02T04:01:37.671+0000] {dag.py:3823} INFO - Setting next_dagrun for batch_pipeline_harga_pangan to 2026-07-01 23:00:00+00:00, run_after=2026-07-02 23:00:00+00:00
[2026-07-02T04:01:37.733+0000] {processor.py:183} INFO - Processing /opt/airflow/dags/batch_pipeline_dag.py took 0.412 seconds
[2026-07-02T04:02:10.163+0000] {processor.py:161} INFO - Started process (PID=647) to work on /opt/airflow/dags/batch_pipeline_dag.py
[2026-07-02T04:02:10.168+0000] {processor.py:830} INFO - Processing file /opt/airflow/dags/batch_pipeline_dag.py for tasks to queue
[2026-07-02T04:02:10.175+0000] {logging_mixin.py:188} INFO - [2026-07-02T04:02:10.174+0000] {dagbag.py:538} INFO - Filling up the DagBag from /opt/airflow/dags/batch_pipeline_dag.py
[2026-07-02T04:02:10.252+0000] {processor.py:840} INFO - DAG(s) 'batch_pipeline_harga_pangan' retrieved from /opt/airflow/dags/batch_pipeline_dag.py
[2026-07-02T04:02:10.386+0000] {logging_mixin.py:188} INFO - [2026-07-02T04:02:10.385+0000] {dag.py:3036} INFO - Sync 1 DAGs
[2026-07-02T04:02:10.431+0000] {logging_mixin.py:188} INFO - [2026-07-02T04:02:10.430+0000] {dag.py:3823} INFO - Setting next_dagrun for batch_pipeline_harga_pangan to 2026-07-01 23:00:00+00:00, run_after=2026-07-02 23:00:00+00:00
[2026-07-02T04:02:10.472+0000] {processor.py:183} INFO - Processing /opt/airflow/dags/batch_pipeline_dag.py took 0.317 seconds
[2026-07-02T04:02:43.794+0000] {processor.py:161} INFO - Started process (PID=665) to work on /opt/airflow/dags/batch_pipeline_dag.py
[2026-07-02T04:02:43.800+0000] {processor.py:830} INFO - Processing file /opt/airflow/dags/batch_pipeline_dag.py for tasks to queue
[2026-07-02T04:02:43.807+0000] {logging_mixin.py:188} INFO - [2026-07-02T04:02:43.806+0000] {dagbag.py:538} INFO - Filling up the DagBag from /opt/airflow/dags/batch_pipeline_dag.py
[2026-07-02T04:02:43.953+0000] {processor.py:840} INFO - DAG(s) 'batch_pipeline_harga_pangan' retrieved from /opt/airflow/dags/batch_pipeline_dag.py
[2026-07-02T04:02:44.465+0000] {logging_mixin.py:188} INFO - [2026-07-02T04:02:44.465+0000] {dag.py:3036} INFO - Sync 1 DAGs
[2026-07-02T04:02:44.638+0000] {logging_mixin.py:188} INFO - [2026-07-02T04:02:44.637+0000] {dag.py:3823} INFO - Setting next_dagrun for batch_pipeline_harga_pangan to 2026-07-01 23:00:00+00:00, run_after=2026-07-02 23:00:00+00:00
[2026-07-02T04:02:44.733+0000] {processor.py:183} INFO - Processing /opt/airflow/dags/batch_pipeline_dag.py took 0.957 seconds
[2026-07-02T04:03:15.893+0000] {processor.py:161} INFO - Started process (PID=675) to work on /opt/airflow/dags/batch_pipeline_dag.py
[2026-07-02T04:03:15.897+0000] {processor.py:830} INFO - Processing file /opt/airflow/dags/batch_pipeline_dag.py for tasks to queue
[2026-07-02T04:03:15.901+0000] {logging_mixin.py:188} INFO - [2026-07-02T04:03:15.901+0000] {dagbag.py:538} INFO - Filling up the DagBag from /opt/airflow/dags/batch_pipeline_dag.py
[2026-07-02T04:03:15.975+0000] {processor.py:840} INFO - DAG(s) 'batch_pipeline_harga_pangan' retrieved from /opt/airflow/dags/batch_pipeline_dag.py
[2026-07-02T04:03:16.114+0000] {logging_mixin.py:188} INFO - [2026-07-02T04:03:16.113+0000] {dag.py:3036} INFO - Sync 1 DAGs
[2026-07-02T04:03:16.188+0000] {logging_mixin.py:188} INFO - [2026-07-02T04:03:16.187+0000] {dag.py:3823} INFO - Setting next_dagrun for batch_pipeline_harga_pangan to 2026-07-01 23:00:00+00:00, run_after=2026-07-02 23:00:00+00:00
[2026-07-02T04:03:16.237+0000] {processor.py:183} INFO - Processing /opt/airflow/dags/batch_pipeline_dag.py took 0.353 seconds
[2026-07-02T04:03:48.443+0000] {processor.py:161} INFO - Started process (PID=693) to work on /opt/airflow/dags/batch_pipeline_dag.py
[2026-07-02T04:03:48.446+0000] {processor.py:830} INFO - Processing file /opt/airflow/dags/batch_pipeline_dag.py for tasks to queue
[2026-07-02T04:03:48.451+0000] {logging_mixin.py:188} INFO - [2026-07-02T04:03:48.450+0000] {dagbag.py:538} INFO - Filling up the DagBag from /opt/airflow/dags/batch_pipeline_dag.py
[2026-07-02T04:03:48.549+0000] {processor.py:840} INFO - DAG(s) 'batch_pipeline_harga_pangan' retrieved from /opt/airflow/dags/batch_pipeline_dag.py
[2026-07-02T04:03:48.770+0000] {logging_mixin.py:188} INFO - [2026-07-02T04:03:48.769+0000] {dag.py:3036} INFO - Sync 1 DAGs
[2026-07-02T04:03:48.868+0000] {logging_mixin.py:188} INFO - [2026-07-02T04:03:48.867+0000] {dag.py:3823} INFO - Setting next_dagrun for batch_pipeline_harga_pangan to 2026-07-01 23:00:00+00:00, run_after=2026-07-02 23:00:00+00:00
[2026-07-02T04:03:48.970+0000] {processor.py:183} INFO - Processing /opt/airflow/dags/batch_pipeline_dag.py took 0.543 seconds
[2026-07-02T04:04:21.464+0000] {processor.py:161} INFO - Started process (PID=711) to work on /opt/airflow/dags/batch_pipeline_dag.py
[2026-07-02T04:04:21.476+0000] {processor.py:830} INFO - Processing file /opt/airflow/dags/batch_pipeline_dag.py for tasks to queue
[2026-07-02T04:04:21.484+0000] {logging_mixin.py:188} INFO - [2026-07-02T04:04:21.483+0000] {dagbag.py:538} INFO - Filling up the DagBag from /opt/airflow/dags/batch_pipeline_dag.py
[2026-07-02T04:04:21.694+0000] {processor.py:840} INFO - DAG(s) 'batch_pipeline_harga_pangan' retrieved from /opt/airflow/dags/batch_pipeline_dag.py
[2026-07-02T04:04:21.967+0000] {logging_mixin.py:188} INFO - [2026-07-02T04:04:21.966+0000] {dag.py:3036} INFO - Sync 1 DAGs
[2026-07-02T04:04:22.079+0000] {logging_mixin.py:188} INFO - [2026-07-02T04:04:22.078+0000] {dag.py:3823} INFO - Setting next_dagrun for batch_pipeline_harga_pangan to 2026-07-01 23:00:00+00:00, run_after=2026-07-02 23:00:00+00:00
[2026-07-02T04:04:22.155+0000] {processor.py:183} INFO - Processing /opt/airflow/dags/batch_pipeline_dag.py took 0.708 seconds
[2026-07-02T04:04:54.328+0000] {processor.py:161} INFO - Started process (PID=729) to work on /opt/airflow/dags/batch_pipeline_dag.py
[2026-07-02T04:04:54.331+0000] {processor.py:830} INFO - Processing file /opt/airflow/dags/batch_pipeline_dag.py for tasks to queue
[2026-07-02T04:04:54.335+0000] {logging_mixin.py:188} INFO - [2026-07-02T04:04:54.333+0000] {dagbag.py:538} INFO - Filling up the DagBag from /opt/airflow/dags/batch_pipeline_dag.py
[2026-07-02T04:04:54.440+0000] {processor.py:840} INFO - DAG(s) 'batch_pipeline_harga_pangan' retrieved from /opt/airflow/dags/batch_pipeline_dag.py
[2026-07-02T04:04:54.695+0000] {logging_mixin.py:188} INFO - [2026-07-02T04:04:54.685+0000] {dag.py:3036} INFO - Sync 1 DAGs
[2026-07-02T04:04:54.821+0000] {logging_mixin.py:188} INFO - [2026-07-02T04:04:54.820+0000] {dag.py:3823} INFO - Setting next_dagrun for batch_pipeline_harga_pangan to 2026-07-01 23:00:00+00:00, run_after=2026-07-02 23:00:00+00:00
[2026-07-02T04:04:54.930+0000] {processor.py:183} INFO - Processing /opt/airflow/dags/batch_pipeline_dag.py took 0.611 seconds
[2026-07-02T04:05:27.269+0000] {processor.py:161} INFO - Started process (PID=747) to work on /opt/airflow/dags/batch_pipeline_dag.py
[2026-07-02T04:05:27.272+0000] {processor.py:830} INFO - Processing file /opt/airflow/dags/batch_pipeline_dag.py for tasks to queue
[2026-07-02T04:05:27.279+0000] {logging_mixin.py:188} INFO - [2026-07-02T04:05:27.277+0000] {dagbag.py:538} INFO - Filling up the DagBag from /opt/airflow/dags/batch_pipeline_dag.py
[2026-07-02T04:05:27.380+0000] {processor.py:840} INFO - DAG(s) 'batch_pipeline_harga_pangan' retrieved from /opt/airflow/dags/batch_pipeline_dag.py
[2026-07-02T04:05:27.569+0000] {logging_mixin.py:188} INFO - [2026-07-02T04:05:27.567+0000] {dag.py:3036} INFO - Sync 1 DAGs
[2026-07-02T04:05:27.649+0000] {logging_mixin.py:188} INFO - [2026-07-02T04:05:27.648+0000] {dag.py:3823} INFO - Setting next_dagrun for batch_pipeline_harga_pangan to 2026-07-01 23:00:00+00:00, run_after=2026-07-02 23:00:00+00:00
[2026-07-02T04:05:27.704+0000] {processor.py:183} INFO - Processing /opt/airflow/dags/batch_pipeline_dag.py took 0.451 seconds
[2026-07-02T04:06:00.433+0000] {processor.py:161} INFO - Started process (PID=762) to work on /opt/airflow/dags/batch_pipeline_dag.py
[2026-07-02T04:06:00.453+0000] {processor.py:830} INFO - Processing file /opt/airflow/dags/batch_pipeline_dag.py for tasks to queue
[2026-07-02T04:06:00.460+0000] {logging_mixin.py:188} INFO - [2026-07-02T04:06:00.459+0000] {dagbag.py:538} INFO - Filling up the DagBag from /opt/airflow/dags/batch_pipeline_dag.py
[2026-07-02T04:06:00.665+0000] {processor.py:840} INFO - DAG(s) 'batch_pipeline_harga_pangan' retrieved from /opt/airflow/dags/batch_pipeline_dag.py
[2026-07-02T04:06:01.295+0000] {logging_mixin.py:188} INFO - [2026-07-02T04:06:01.294+0000] {dag.py:3036} INFO - Sync 1 DAGs
[2026-07-02T04:06:01.380+0000] {logging_mixin.py:188} INFO - [2026-07-02T04:06:01.379+0000] {dag.py:3823} INFO - Setting next_dagrun for batch_pipeline_harga_pangan to 2026-07-01 23:00:00+00:00, run_after=2026-07-02 23:00:00+00:00
[2026-07-02T04:06:01.449+0000] {processor.py:183} INFO - Processing /opt/airflow/dags/batch_pipeline_dag.py took 1.040 seconds
[2026-07-02T04:06:32.754+0000] {processor.py:161} INFO - Started process (PID=774) to work on /opt/airflow/dags/batch_pipeline_dag.py
[2026-07-02T04:06:32.757+0000] {processor.py:830} INFO - Processing file /opt/airflow/dags/batch_pipeline_dag.py for tasks to queue
[2026-07-02T04:06:32.761+0000] {logging_mixin.py:188} INFO - [2026-07-02T04:06:32.759+0000] {dagbag.py:538} INFO - Filling up the DagBag from /opt/airflow/dags/batch_pipeline_dag.py
[2026-07-02T04:06:32.860+0000] {logging_mixin.py:188} INFO - [2026-07-02T04:06:32.821+0000] {dagbag.py:348} ERROR - Failed to import: /opt/airflow/dags/batch_pipeline_dag.py
Traceback (most recent call last):
  File "/home/airflow/.local/lib/python3.8/site-packages/cron_descriptor/GetText.py", line 48, in __init__
  File "/home/airflow/.local/lib/python3.8/site-packages/cron_descriptor/GetText.py", line 63, in load_locale
OSError: [Errno 5] Input/output error: '/home/airflow/.local/lib/python3.8/site-packages/cron_descriptor/locale/en_US.mo'

During handling of the above exception, another exception occurred:

Traceback (most recent call last):
  File "/home/airflow/.local/lib/python3.8/site-packages/airflow/models/dagbag.py", line 344, in parse
  File "<frozen importlib._bootstrap_external>", line 843, in exec_module
  File "<frozen importlib._bootstrap>", line 219, in _call_with_frames_removed
  File "/opt/airflow/dags/batch_pipeline_dag.py", line 309, in <module>
    with DAG(
  File "/home/airflow/.local/lib/python3.8/site-packages/airflow/models/dag.py", line 601, in __init__
  File "/home/airflow/.local/lib/python3.8/site-packages/airflow/models/dag.py", line 229, in create_timetable
  File "/home/airflow/.local/lib/python3.8/site-packages/airflow/timetables/_cron.py", line 73, in __init__
  File "/home/airflow/.local/lib/python3.8/site-packages/cron_descriptor/ExpressionDescriptor.py", line 72, in __init__
  File "/home/airflow/.local/lib/python3.8/site-packages/cron_descriptor/GetText.py", line 52, in __init__
  File "/home/airflow/.local/lib/python3.8/site-packages/cron_descriptor/GetText.py", line 63, in load_locale
OSError: [Errno 5] Input/output error: '/home/airflow/.local/lib/python3.8/site-packages/cron_descriptor/locale/en_US.mo'
[2026-07-02T04:06:32.882+0000] {processor.py:842} WARNING - No viable dags retrieved from /opt/airflow/dags/batch_pipeline_dag.py
[2026-07-02T04:06:32.895+0000] {processor.py:186} ERROR - Got an exception! Propagating...
Traceback (most recent call last):
  File "/home/airflow/.local/lib/python3.8/site-packages/sqlalchemy/engine/base.py", line 3371, in _wrap_pool_connect
  File "/home/airflow/.local/lib/python3.8/site-packages/sqlalchemy/pool/base.py", line 327, in connect
  File "/home/airflow/.local/lib/python3.8/site-packages/sqlalchemy/pool/base.py", line 894, in _checkout
  File "/home/airflow/.local/lib/python3.8/site-packages/sqlalchemy/pool/base.py", line 493, in checkout
  File "/home/airflow/.local/lib/python3.8/site-packages/sqlalchemy/pool/impl.py", line 146, in _do_get
  File "/home/airflow/.local/lib/python3.8/site-packages/sqlalchemy/util/langhelpers.py", line 70, in __exit__
  File "/home/airflow/.local/lib/python3.8/site-packages/sqlalchemy/util/compat.py", line 211, in raise_
  File "/home/airflow/.local/lib/python3.8/site-packages/sqlalchemy/pool/impl.py", line 143, in _do_get
  File "/home/airflow/.local/lib/python3.8/site-packages/sqlalchemy/pool/base.py", line 273, in _create_connection
  File "/home/airflow/.local/lib/python3.8/site-packages/sqlalchemy/pool/base.py", line 388, in __init__
  File "/home/airflow/.local/lib/python3.8/site-packages/sqlalchemy/pool/base.py", line 691, in __connect
  File "/home/airflow/.local/lib/python3.8/site-packages/sqlalchemy/util/langhelpers.py", line 70, in __exit__
  File "/home/airflow/.local/lib/python3.8/site-packages/sqlalchemy/util/compat.py", line 211, in raise_
  File "/home/airflow/.local/lib/python3.8/site-packages/sqlalchemy/pool/base.py", line 686, in __connect
  File "/home/airflow/.local/lib/python3.8/site-packages/sqlalchemy/engine/create.py", line 574, in connect
  File "/home/airflow/.local/lib/python3.8/site-packages/sqlalchemy/engine/default.py", line 598, in connect
  File "/home/airflow/.local/lib/python3.8/site-packages/psycopg2/__init__.py", line 122, in connect
psycopg2.OperationalError: connection to server at "airflow-postgres" (172.23.0.2), port 5432 failed: FATAL:  could not open file "global/pg_filenode.map": Input/output error


The above exception was the direct cause of the following exception:

Traceback (most recent call last):
  File "/home/airflow/.local/lib/python3.8/site-packages/airflow/dag_processing/processor.py", line 182, in _run_file_processor
  File "/home/airflow/.local/lib/python3.8/site-packages/airflow/dag_processing/processor.py", line 163, in _handle_dag_file_processing
  File "/home/airflow/.local/lib/python3.8/site-packages/airflow/utils/session.py", line 79, in wrapper
  File "/home/airflow/.local/lib/python3.8/site-packages/airflow/dag_processing/processor.py", line 843, in process_file
  File "/home/airflow/.local/lib/python3.8/site-packages/airflow/api_internal/internal_api_call.py", line 114, in wrapper
  File "/home/airflow/.local/lib/python3.8/site-packages/airflow/utils/session.py", line 76, in wrapper
  File "/home/airflow/.local/lib/python3.8/site-packages/airflow/dag_processing/processor.py", line 622, in update_import_errors
  File "/home/airflow/.local/lib/python3.8/site-packages/sqlalchemy/orm/query.py", line 2773, in all
  File "/home/airflow/.local/lib/python3.8/site-packages/sqlalchemy/orm/query.py", line 2916, in _iter
  File "/home/airflow/.local/lib/python3.8/site-packages/sqlalchemy/orm/session.py", line 1716, in execute
  File "/home/airflow/.local/lib/python3.8/site-packages/sqlalchemy/orm/session.py", line 1555, in _connection_for_bind
  File "/home/airflow/.local/lib/python3.8/site-packages/sqlalchemy/orm/session.py", line 750, in _connection_for_bind
  File "/home/airflow/.local/lib/python3.8/site-packages/sqlalchemy/future/engine.py", line 412, in connect
  File "/home/airflow/.local/lib/python3.8/site-packages/sqlalchemy/engine/base.py", line 3325, in connect
  File "/home/airflow/.local/lib/python3.8/site-packages/sqlalchemy/engine/base.py", line 96, in __init__
  File "/home/airflow/.local/lib/python3.8/site-packages/sqlalchemy/engine/base.py", line 3404, in raw_connection
  File "/home/airflow/.local/lib/python3.8/site-packages/sqlalchemy/engine/base.py", line 3374, in _wrap_pool_connect
  File "/home/airflow/.local/lib/python3.8/site-packages/sqlalchemy/engine/base.py", line 2208, in _handle_dbapi_exception_noconnection
  File "/home/airflow/.local/lib/python3.8/site-packages/sqlalchemy/util/compat.py", line 211, in raise_
  File "/home/airflow/.local/lib/python3.8/site-packages/sqlalchemy/engine/base.py", line 3371, in _wrap_pool_connect
  File "/home/airflow/.local/lib/python3.8/site-packages/sqlalchemy/pool/base.py", line 327, in connect
  File "/home/airflow/.local/lib/python3.8/site-packages/sqlalchemy/pool/base.py", line 894, in _checkout
  File "/home/airflow/.local/lib/python3.8/site-packages/sqlalchemy/pool/base.py", line 493, in checkout
  File "/home/airflow/.local/lib/python3.8/site-packages/sqlalchemy/pool/impl.py", line 146, in _do_get
  File "/home/airflow/.local/lib/python3.8/site-packages/sqlalchemy/util/langhelpers.py", line 70, in __exit__
  File "/home/airflow/.local/lib/python3.8/site-packages/sqlalchemy/util/compat.py", line 211, in raise_
  File "/home/airflow/.local/lib/python3.8/site-packages/sqlalchemy/pool/impl.py", line 143, in _do_get
  File "/home/airflow/.local/lib/python3.8/site-packages/sqlalchemy/pool/base.py", line 273, in _create_connection
  File "/home/airflow/.local/lib/python3.8/site-packages/sqlalchemy/pool/base.py", line 388, in __init__
  File "/home/airflow/.local/lib/python3.8/site-packages/sqlalchemy/pool/base.py", line 691, in __connect
  File "/home/airflow/.local/lib/python3.8/site-packages/sqlalchemy/util/langhelpers.py", line 70, in __exit__
  File "/home/airflow/.local/lib/python3.8/site-packages/sqlalchemy/util/compat.py", line 211, in raise_
  File "/home/airflow/.local/lib/python3.8/site-packages/sqlalchemy/pool/base.py", line 686, in __connect
  File "/home/airflow/.local/lib/python3.8/site-packages/sqlalchemy/engine/create.py", line 574, in connect
  File "/home/airflow/.local/lib/python3.8/site-packages/sqlalchemy/engine/default.py", line 598, in connect
  File "/home/airflow/.local/lib/python3.8/site-packages/psycopg2/__init__.py", line 122, in connect
sqlalchemy.exc.OperationalError: (psycopg2.OperationalError) connection to server at "airflow-postgres" (172.23.0.2), port 5432 failed: FATAL:  could not open file "global/pg_filenode.map": Input/output error

(Background on this error at: https://sqlalche.me/e/14/e3q8)
[2026-07-02T04:37:39.358+0000] {processor.py:161} INFO - Started process (PID=206) to work on /opt/airflow/dags/batch_pipeline_dag.py
[2026-07-02T04:37:39.361+0000] {processor.py:830} INFO - Processing file /opt/airflow/dags/batch_pipeline_dag.py for tasks to queue
[2026-07-02T04:37:39.364+0000] {logging_mixin.py:188} INFO - [2026-07-02T04:37:39.363+0000] {dagbag.py:538} INFO - Filling up the DagBag from /opt/airflow/dags/batch_pipeline_dag.py
[2026-07-02T04:37:39.455+0000] {processor.py:840} INFO - DAG(s) 'batch_pipeline_harga_pangan' retrieved from /opt/airflow/dags/batch_pipeline_dag.py
[2026-07-02T04:37:39.546+0000] {logging_mixin.py:188} INFO - [2026-07-02T04:37:39.546+0000] {dag.py:3036} INFO - Sync 1 DAGs
[2026-07-02T04:37:39.621+0000] {logging_mixin.py:188} INFO - [2026-07-02T04:37:39.621+0000] {dag.py:3823} INFO - Setting next_dagrun for batch_pipeline_harga_pangan to 2026-07-01 23:00:00+00:00, run_after=2026-07-02 23:00:00+00:00
[2026-07-02T04:37:39.692+0000] {processor.py:183} INFO - Processing /opt/airflow/dags/batch_pipeline_dag.py took 0.352 seconds
[2026-07-02T04:38:09.986+0000] {processor.py:161} INFO - Started process (PID=224) to work on /opt/airflow/dags/batch_pipeline_dag.py
[2026-07-02T04:38:09.991+0000] {processor.py:830} INFO - Processing file /opt/airflow/dags/batch_pipeline_dag.py for tasks to queue
[2026-07-02T04:38:09.994+0000] {logging_mixin.py:188} INFO - [2026-07-02T04:38:09.993+0000] {dagbag.py:538} INFO - Filling up the DagBag from /opt/airflow/dags/batch_pipeline_dag.py
[2026-07-02T04:38:10.081+0000] {processor.py:840} INFO - DAG(s) 'batch_pipeline_harga_pangan' retrieved from /opt/airflow/dags/batch_pipeline_dag.py
[2026-07-02T04:38:10.374+0000] {logging_mixin.py:188} INFO - [2026-07-02T04:38:10.373+0000] {dag.py:3036} INFO - Sync 1 DAGs
[2026-07-02T04:38:10.438+0000] {logging_mixin.py:188} INFO - [2026-07-02T04:38:10.437+0000] {dag.py:3823} INFO - Setting next_dagrun for batch_pipeline_harga_pangan to 2026-07-01 23:00:00+00:00, run_after=2026-07-02 23:00:00+00:00
[2026-07-02T04:38:10.499+0000] {processor.py:183} INFO - Processing /opt/airflow/dags/batch_pipeline_dag.py took 0.530 seconds
[2026-07-02T04:38:40.680+0000] {processor.py:161} INFO - Started process (PID=242) to work on /opt/airflow/dags/batch_pipeline_dag.py
[2026-07-02T04:38:40.683+0000] {processor.py:830} INFO - Processing file /opt/airflow/dags/batch_pipeline_dag.py for tasks to queue
[2026-07-02T04:38:40.685+0000] {logging_mixin.py:188} INFO - [2026-07-02T04:38:40.684+0000] {dagbag.py:538} INFO - Filling up the DagBag from /opt/airflow/dags/batch_pipeline_dag.py
[2026-07-02T04:38:40.781+0000] {processor.py:840} INFO - DAG(s) 'batch_pipeline_harga_pangan' retrieved from /opt/airflow/dags/batch_pipeline_dag.py
[2026-07-02T04:38:40.988+0000] {logging_mixin.py:188} INFO - [2026-07-02T04:38:40.988+0000] {dag.py:3036} INFO - Sync 1 DAGs
[2026-07-02T04:38:41.038+0000] {logging_mixin.py:188} INFO - [2026-07-02T04:38:41.038+0000] {dag.py:3823} INFO - Setting next_dagrun for batch_pipeline_harga_pangan to 2026-07-01 23:00:00+00:00, run_after=2026-07-02 23:00:00+00:00
[2026-07-02T04:38:41.097+0000] {processor.py:183} INFO - Processing /opt/airflow/dags/batch_pipeline_dag.py took 0.430 seconds
[2026-07-02T04:39:11.352+0000] {processor.py:161} INFO - Started process (PID=252) to work on /opt/airflow/dags/batch_pipeline_dag.py
[2026-07-02T04:39:11.357+0000] {processor.py:830} INFO - Processing file /opt/airflow/dags/batch_pipeline_dag.py for tasks to queue
[2026-07-02T04:39:11.360+0000] {logging_mixin.py:188} INFO - [2026-07-02T04:39:11.359+0000] {dagbag.py:538} INFO - Filling up the DagBag from /opt/airflow/dags/batch_pipeline_dag.py
[2026-07-02T04:39:11.436+0000] {processor.py:840} INFO - DAG(s) 'batch_pipeline_harga_pangan' retrieved from /opt/airflow/dags/batch_pipeline_dag.py
[2026-07-02T04:39:11.566+0000] {logging_mixin.py:188} INFO - [2026-07-02T04:39:11.565+0000] {dag.py:3036} INFO - Sync 1 DAGs
[2026-07-02T04:39:11.620+0000] {logging_mixin.py:188} INFO - [2026-07-02T04:39:11.618+0000] {dag.py:3823} INFO - Setting next_dagrun for batch_pipeline_harga_pangan to 2026-07-01 23:00:00+00:00, run_after=2026-07-02 23:00:00+00:00
[2026-07-02T04:39:11.669+0000] {processor.py:183} INFO - Processing /opt/airflow/dags/batch_pipeline_dag.py took 0.326 seconds
[2026-07-02T04:39:44.762+0000] {processor.py:161} INFO - Started process (PID=270) to work on /opt/airflow/dags/batch_pipeline_dag.py
[2026-07-02T04:39:44.764+0000] {processor.py:830} INFO - Processing file /opt/airflow/dags/batch_pipeline_dag.py for tasks to queue
[2026-07-02T04:39:44.766+0000] {logging_mixin.py:188} INFO - [2026-07-02T04:39:44.766+0000] {dagbag.py:538} INFO - Filling up the DagBag from /opt/airflow/dags/batch_pipeline_dag.py
[2026-07-02T04:39:44.841+0000] {processor.py:840} INFO - DAG(s) 'batch_pipeline_harga_pangan' retrieved from /opt/airflow/dags/batch_pipeline_dag.py
[2026-07-02T04:39:45.049+0000] {logging_mixin.py:188} INFO - [2026-07-02T04:39:45.049+0000] {dag.py:3036} INFO - Sync 1 DAGs
[2026-07-02T04:39:45.133+0000] {logging_mixin.py:188} INFO - [2026-07-02T04:39:45.132+0000] {dag.py:3823} INFO - Setting next_dagrun for batch_pipeline_harga_pangan to 2026-07-01 23:00:00+00:00, run_after=2026-07-02 23:00:00+00:00
[2026-07-02T04:39:45.205+0000] {processor.py:183} INFO - Processing /opt/airflow/dags/batch_pipeline_dag.py took 0.452 seconds
[2026-07-02T04:40:17.250+0000] {processor.py:161} INFO - Started process (PID=288) to work on /opt/airflow/dags/batch_pipeline_dag.py
[2026-07-02T04:40:17.252+0000] {processor.py:830} INFO - Processing file /opt/airflow/dags/batch_pipeline_dag.py for tasks to queue
[2026-07-02T04:40:17.255+0000] {logging_mixin.py:188} INFO - [2026-07-02T04:40:17.254+0000] {dagbag.py:538} INFO - Filling up the DagBag from /opt/airflow/dags/batch_pipeline_dag.py
[2026-07-02T04:40:17.317+0000] {processor.py:840} INFO - DAG(s) 'batch_pipeline_harga_pangan' retrieved from /opt/airflow/dags/batch_pipeline_dag.py
[2026-07-02T04:40:17.460+0000] {logging_mixin.py:188} INFO - [2026-07-02T04:40:17.459+0000] {dag.py:3036} INFO - Sync 1 DAGs
[2026-07-02T04:40:17.501+0000] {logging_mixin.py:188} INFO - [2026-07-02T04:40:17.501+0000] {dag.py:3823} INFO - Setting next_dagrun for batch_pipeline_harga_pangan to 2026-07-01 23:00:00+00:00, run_after=2026-07-02 23:00:00+00:00
[2026-07-02T04:40:18.391+0000] {processor.py:183} INFO - Processing /opt/airflow/dags/batch_pipeline_dag.py took 1.147 seconds
[2026-07-02T04:40:48.866+0000] {processor.py:161} INFO - Started process (PID=306) to work on /opt/airflow/dags/batch_pipeline_dag.py
[2026-07-02T04:40:48.870+0000] {processor.py:830} INFO - Processing file /opt/airflow/dags/batch_pipeline_dag.py for tasks to queue
[2026-07-02T04:40:48.873+0000] {logging_mixin.py:188} INFO - [2026-07-02T04:40:48.873+0000] {dagbag.py:538} INFO - Filling up the DagBag from /opt/airflow/dags/batch_pipeline_dag.py
[2026-07-02T04:40:49.005+0000] {processor.py:840} INFO - DAG(s) 'batch_pipeline_harga_pangan' retrieved from /opt/airflow/dags/batch_pipeline_dag.py
[2026-07-02T04:40:49.320+0000] {logging_mixin.py:188} INFO - [2026-07-02T04:40:49.319+0000] {dag.py:3036} INFO - Sync 1 DAGs
[2026-07-02T04:40:49.419+0000] {logging_mixin.py:188} INFO - [2026-07-02T04:40:49.419+0000] {dag.py:3823} INFO - Setting next_dagrun for batch_pipeline_harga_pangan to 2026-07-01 23:00:00+00:00, run_after=2026-07-02 23:00:00+00:00
[2026-07-02T04:40:49.520+0000] {processor.py:183} INFO - Processing /opt/airflow/dags/batch_pipeline_dag.py took 0.668 seconds
[2026-07-02T04:41:20.706+0000] {processor.py:161} INFO - Started process (PID=325) to work on /opt/airflow/dags/batch_pipeline_dag.py
[2026-07-02T04:41:20.709+0000] {processor.py:830} INFO - Processing file /opt/airflow/dags/batch_pipeline_dag.py for tasks to queue
[2026-07-02T04:41:20.712+0000] {logging_mixin.py:188} INFO - [2026-07-02T04:41:20.712+0000] {dagbag.py:538} INFO - Filling up the DagBag from /opt/airflow/dags/batch_pipeline_dag.py
[2026-07-02T04:41:20.831+0000] {processor.py:840} INFO - DAG(s) 'batch_pipeline_harga_pangan' retrieved from /opt/airflow/dags/batch_pipeline_dag.py
[2026-07-02T04:41:21.147+0000] {logging_mixin.py:188} INFO - [2026-07-02T04:41:21.147+0000] {dag.py:3036} INFO - Sync 1 DAGs
[2026-07-02T04:41:21.240+0000] {logging_mixin.py:188} INFO - [2026-07-02T04:41:21.239+0000] {dag.py:3823} INFO - Setting next_dagrun for batch_pipeline_harga_pangan to 2026-07-01 23:00:00+00:00, run_after=2026-07-02 23:00:00+00:00
[2026-07-02T04:41:21.299+0000] {processor.py:183} INFO - Processing /opt/airflow/dags/batch_pipeline_dag.py took 0.606 seconds
[2026-07-02T04:41:53.489+0000] {processor.py:161} INFO - Started process (PID=343) to work on /opt/airflow/dags/batch_pipeline_dag.py
[2026-07-02T04:41:53.492+0000] {processor.py:830} INFO - Processing file /opt/airflow/dags/batch_pipeline_dag.py for tasks to queue
[2026-07-02T04:41:53.494+0000] {logging_mixin.py:188} INFO - [2026-07-02T04:41:53.493+0000] {dagbag.py:538} INFO - Filling up the DagBag from /opt/airflow/dags/batch_pipeline_dag.py
[2026-07-02T04:41:53.586+0000] {processor.py:840} INFO - DAG(s) 'batch_pipeline_harga_pangan' retrieved from /opt/airflow/dags/batch_pipeline_dag.py
[2026-07-02T04:41:53.855+0000] {logging_mixin.py:188} INFO - [2026-07-02T04:41:53.855+0000] {dag.py:3036} INFO - Sync 1 DAGs
[2026-07-02T04:41:53.904+0000] {logging_mixin.py:188} INFO - [2026-07-02T04:41:53.904+0000] {dag.py:3823} INFO - Setting next_dagrun for batch_pipeline_harga_pangan to 2026-07-01 23:00:00+00:00, run_after=2026-07-02 23:00:00+00:00
[2026-07-02T04:41:53.942+0000] {processor.py:183} INFO - Processing /opt/airflow/dags/batch_pipeline_dag.py took 0.464 seconds
[2026-07-02T04:42:26.123+0000] {processor.py:161} INFO - Started process (PID=353) to work on /opt/airflow/dags/batch_pipeline_dag.py
[2026-07-02T04:42:26.126+0000] {processor.py:830} INFO - Processing file /opt/airflow/dags/batch_pipeline_dag.py for tasks to queue
[2026-07-02T04:42:26.128+0000] {logging_mixin.py:188} INFO - [2026-07-02T04:42:26.127+0000] {dagbag.py:538} INFO - Filling up the DagBag from /opt/airflow/dags/batch_pipeline_dag.py
[2026-07-02T04:42:26.209+0000] {processor.py:840} INFO - DAG(s) 'batch_pipeline_harga_pangan' retrieved from /opt/airflow/dags/batch_pipeline_dag.py
[2026-07-02T04:42:26.356+0000] {logging_mixin.py:188} INFO - [2026-07-02T04:42:26.355+0000] {dag.py:3036} INFO - Sync 1 DAGs
[2026-07-02T04:42:26.410+0000] {logging_mixin.py:188} INFO - [2026-07-02T04:42:26.410+0000] {dag.py:3823} INFO - Setting next_dagrun for batch_pipeline_harga_pangan to 2026-07-01 23:00:00+00:00, run_after=2026-07-02 23:00:00+00:00
[2026-07-02T04:42:26.459+0000] {processor.py:183} INFO - Processing /opt/airflow/dags/batch_pipeline_dag.py took 0.344 seconds
[2026-07-02T04:42:58.763+0000] {processor.py:161} INFO - Started process (PID=371) to work on /opt/airflow/dags/batch_pipeline_dag.py
[2026-07-02T04:42:58.766+0000] {processor.py:830} INFO - Processing file /opt/airflow/dags/batch_pipeline_dag.py for tasks to queue
[2026-07-02T04:42:58.767+0000] {logging_mixin.py:188} INFO - [2026-07-02T04:42:58.767+0000] {dagbag.py:538} INFO - Filling up the DagBag from /opt/airflow/dags/batch_pipeline_dag.py
[2026-07-02T04:42:58.820+0000] {processor.py:840} INFO - DAG(s) 'batch_pipeline_harga_pangan' retrieved from /opt/airflow/dags/batch_pipeline_dag.py
[2026-07-02T04:42:58.939+0000] {logging_mixin.py:188} INFO - [2026-07-02T04:42:58.938+0000] {dag.py:3036} INFO - Sync 1 DAGs
[2026-07-02T04:42:58.982+0000] {logging_mixin.py:188} INFO - [2026-07-02T04:42:58.982+0000] {dag.py:3823} INFO - Setting next_dagrun for batch_pipeline_harga_pangan to 2026-07-01 23:00:00+00:00, run_after=2026-07-02 23:00:00+00:00
[2026-07-02T04:42:59.025+0000] {processor.py:183} INFO - Processing /opt/airflow/dags/batch_pipeline_dag.py took 0.274 seconds
[2026-07-02T04:43:31.230+0000] {processor.py:161} INFO - Started process (PID=389) to work on /opt/airflow/dags/batch_pipeline_dag.py
[2026-07-02T04:43:31.234+0000] {processor.py:830} INFO - Processing file /opt/airflow/dags/batch_pipeline_dag.py for tasks to queue
[2026-07-02T04:43:31.237+0000] {logging_mixin.py:188} INFO - [2026-07-02T04:43:31.236+0000] {dagbag.py:538} INFO - Filling up the DagBag from /opt/airflow/dags/batch_pipeline_dag.py
[2026-07-02T04:43:31.311+0000] {processor.py:840} INFO - DAG(s) 'batch_pipeline_harga_pangan' retrieved from /opt/airflow/dags/batch_pipeline_dag.py
[2026-07-02T04:43:31.463+0000] {logging_mixin.py:188} INFO - [2026-07-02T04:43:31.462+0000] {dag.py:3036} INFO - Sync 1 DAGs
[2026-07-02T04:43:31.534+0000] {logging_mixin.py:188} INFO - [2026-07-02T04:43:31.534+0000] {dag.py:3823} INFO - Setting next_dagrun for batch_pipeline_harga_pangan to 2026-07-01 23:00:00+00:00, run_after=2026-07-02 23:00:00+00:00
[2026-07-02T04:43:31.581+0000] {processor.py:183} INFO - Processing /opt/airflow/dags/batch_pipeline_dag.py took 0.364 seconds
[2026-07-02T04:44:04.751+0000] {processor.py:161} INFO - Started process (PID=407) to work on /opt/airflow/dags/batch_pipeline_dag.py
[2026-07-02T04:44:04.754+0000] {processor.py:830} INFO - Processing file /opt/airflow/dags/batch_pipeline_dag.py for tasks to queue
[2026-07-02T04:44:04.756+0000] {logging_mixin.py:188} INFO - [2026-07-02T04:44:04.756+0000] {dagbag.py:538} INFO - Filling up the DagBag from /opt/airflow/dags/batch_pipeline_dag.py
[2026-07-02T04:44:04.827+0000] {processor.py:840} INFO - DAG(s) 'batch_pipeline_harga_pangan' retrieved from /opt/airflow/dags/batch_pipeline_dag.py
[2026-07-02T04:44:04.969+0000] {logging_mixin.py:188} INFO - [2026-07-02T04:44:04.969+0000] {dag.py:3036} INFO - Sync 1 DAGs
[2026-07-02T04:44:05.045+0000] {logging_mixin.py:188} INFO - [2026-07-02T04:44:05.044+0000] {dag.py:3823} INFO - Setting next_dagrun for batch_pipeline_harga_pangan to 2026-07-01 23:00:00+00:00, run_after=2026-07-02 23:00:00+00:00
[2026-07-02T04:44:05.113+0000] {processor.py:183} INFO - Processing /opt/airflow/dags/batch_pipeline_dag.py took 0.370 seconds
[2026-07-02T04:44:37.369+0000] {processor.py:161} INFO - Started process (PID=425) to work on /opt/airflow/dags/batch_pipeline_dag.py
[2026-07-02T04:44:37.372+0000] {processor.py:830} INFO - Processing file /opt/airflow/dags/batch_pipeline_dag.py for tasks to queue
[2026-07-02T04:44:37.375+0000] {logging_mixin.py:188} INFO - [2026-07-02T04:44:37.374+0000] {dagbag.py:538} INFO - Filling up the DagBag from /opt/airflow/dags/batch_pipeline_dag.py
[2026-07-02T04:44:37.473+0000] {processor.py:840} INFO - DAG(s) 'batch_pipeline_harga_pangan' retrieved from /opt/airflow/dags/batch_pipeline_dag.py
[2026-07-02T04:44:37.708+0000] {logging_mixin.py:188} INFO - [2026-07-02T04:44:37.707+0000] {dag.py:3036} INFO - Sync 1 DAGs
[2026-07-02T04:44:37.798+0000] {logging_mixin.py:188} INFO - [2026-07-02T04:44:37.796+0000] {dag.py:3823} INFO - Setting next_dagrun for batch_pipeline_harga_pangan to 2026-07-01 23:00:00+00:00, run_after=2026-07-02 23:00:00+00:00
[2026-07-02T04:44:37.889+0000] {processor.py:183} INFO - Processing /opt/airflow/dags/batch_pipeline_dag.py took 0.535 seconds
[2026-07-02T04:45:10.095+0000] {processor.py:161} INFO - Started process (PID=443) to work on /opt/airflow/dags/batch_pipeline_dag.py
[2026-07-02T04:45:10.098+0000] {processor.py:830} INFO - Processing file /opt/airflow/dags/batch_pipeline_dag.py for tasks to queue
[2026-07-02T04:45:10.100+0000] {logging_mixin.py:188} INFO - [2026-07-02T04:45:10.100+0000] {dagbag.py:538} INFO - Filling up the DagBag from /opt/airflow/dags/batch_pipeline_dag.py
[2026-07-02T04:45:10.170+0000] {processor.py:840} INFO - DAG(s) 'batch_pipeline_harga_pangan' retrieved from /opt/airflow/dags/batch_pipeline_dag.py
[2026-07-02T04:45:10.366+0000] {logging_mixin.py:188} INFO - [2026-07-02T04:45:10.365+0000] {dag.py:3036} INFO - Sync 1 DAGs
[2026-07-02T04:45:10.424+0000] {logging_mixin.py:188} INFO - [2026-07-02T04:45:10.423+0000] {dag.py:3823} INFO - Setting next_dagrun for batch_pipeline_harga_pangan to 2026-07-01 23:00:00+00:00, run_after=2026-07-02 23:00:00+00:00
[2026-07-02T04:45:10.462+0000] {processor.py:183} INFO - Processing /opt/airflow/dags/batch_pipeline_dag.py took 0.383 seconds
[2026-07-02T04:45:41.505+0000] {processor.py:161} INFO - Started process (PID=461) to work on /opt/airflow/dags/batch_pipeline_dag.py
[2026-07-02T04:45:41.525+0000] {processor.py:830} INFO - Processing file /opt/airflow/dags/batch_pipeline_dag.py for tasks to queue
[2026-07-02T04:45:41.544+0000] {logging_mixin.py:188} INFO - [2026-07-02T04:45:41.538+0000] {dagbag.py:538} INFO - Filling up the DagBag from /opt/airflow/dags/batch_pipeline_dag.py
[2026-07-02T04:45:41.828+0000] {processor.py:840} INFO - DAG(s) 'batch_pipeline_harga_pangan' retrieved from /opt/airflow/dags/batch_pipeline_dag.py
[2026-07-02T04:45:42.090+0000] {logging_mixin.py:188} INFO - [2026-07-02T04:45:42.090+0000] {dag.py:3036} INFO - Sync 1 DAGs
[2026-07-02T04:45:42.152+0000] {logging_mixin.py:188} INFO - [2026-07-02T04:45:42.151+0000] {dag.py:3823} INFO - Setting next_dagrun for batch_pipeline_harga_pangan to 2026-07-01 23:00:00+00:00, run_after=2026-07-02 23:00:00+00:00
[2026-07-02T04:45:42.203+0000] {processor.py:183} INFO - Processing /opt/airflow/dags/batch_pipeline_dag.py took 0.715 seconds
[2026-07-02T04:46:13.274+0000] {processor.py:161} INFO - Started process (PID=471) to work on /opt/airflow/dags/batch_pipeline_dag.py
[2026-07-02T04:46:13.277+0000] {processor.py:830} INFO - Processing file /opt/airflow/dags/batch_pipeline_dag.py for tasks to queue
[2026-07-02T04:46:13.280+0000] {logging_mixin.py:188} INFO - [2026-07-02T04:46:13.279+0000] {dagbag.py:538} INFO - Filling up the DagBag from /opt/airflow/dags/batch_pipeline_dag.py
[2026-07-02T04:46:13.356+0000] {processor.py:840} INFO - DAG(s) 'batch_pipeline_harga_pangan' retrieved from /opt/airflow/dags/batch_pipeline_dag.py
[2026-07-02T04:46:13.547+0000] {logging_mixin.py:188} INFO - [2026-07-02T04:46:13.547+0000] {dag.py:3036} INFO - Sync 1 DAGs
[2026-07-02T04:46:13.619+0000] {logging_mixin.py:188} INFO - [2026-07-02T04:46:13.618+0000] {dag.py:3823} INFO - Setting next_dagrun for batch_pipeline_harga_pangan to 2026-07-01 23:00:00+00:00, run_after=2026-07-02 23:00:00+00:00
[2026-07-02T04:46:13.678+0000] {processor.py:183} INFO - Processing /opt/airflow/dags/batch_pipeline_dag.py took 0.416 seconds
[2026-07-02T04:46:46.328+0000] {processor.py:161} INFO - Started process (PID=489) to work on /opt/airflow/dags/batch_pipeline_dag.py
[2026-07-02T04:46:46.355+0000] {processor.py:830} INFO - Processing file /opt/airflow/dags/batch_pipeline_dag.py for tasks to queue
[2026-07-02T04:46:46.358+0000] {logging_mixin.py:188} INFO - [2026-07-02T04:46:46.357+0000] {dagbag.py:538} INFO - Filling up the DagBag from /opt/airflow/dags/batch_pipeline_dag.py
[2026-07-02T04:46:46.456+0000] {processor.py:840} INFO - DAG(s) 'batch_pipeline_harga_pangan' retrieved from /opt/airflow/dags/batch_pipeline_dag.py
[2026-07-02T04:46:46.586+0000] {logging_mixin.py:188} INFO - [2026-07-02T04:46:46.585+0000] {dag.py:3036} INFO - Sync 1 DAGs
[2026-07-02T04:46:46.645+0000] {logging_mixin.py:188} INFO - [2026-07-02T04:46:46.645+0000] {dag.py:3823} INFO - Setting next_dagrun for batch_pipeline_harga_pangan to 2026-07-01 23:00:00+00:00, run_after=2026-07-02 23:00:00+00:00
[2026-07-02T04:46:46.684+0000] {processor.py:183} INFO - Processing /opt/airflow/dags/batch_pipeline_dag.py took 0.373 seconds
[2026-07-02T04:47:18.777+0000] {processor.py:161} INFO - Started process (PID=507) to work on /opt/airflow/dags/batch_pipeline_dag.py
[2026-07-02T04:47:18.779+0000] {processor.py:830} INFO - Processing file /opt/airflow/dags/batch_pipeline_dag.py for tasks to queue
[2026-07-02T04:47:18.780+0000] {logging_mixin.py:188} INFO - [2026-07-02T04:47:18.780+0000] {dagbag.py:538} INFO - Filling up the DagBag from /opt/airflow/dags/batch_pipeline_dag.py
[2026-07-02T04:47:18.825+0000] {processor.py:840} INFO - DAG(s) 'batch_pipeline_harga_pangan' retrieved from /opt/airflow/dags/batch_pipeline_dag.py
[2026-07-02T04:47:18.921+0000] {logging_mixin.py:188} INFO - [2026-07-02T04:47:18.920+0000] {dag.py:3036} INFO - Sync 1 DAGs
[2026-07-02T04:47:18.958+0000] {logging_mixin.py:188} INFO - [2026-07-02T04:47:18.958+0000] {dag.py:3823} INFO - Setting next_dagrun for batch_pipeline_harga_pangan to 2026-07-01 23:00:00+00:00, run_after=2026-07-02 23:00:00+00:00
[2026-07-02T04:47:18.985+0000] {processor.py:183} INFO - Processing /opt/airflow/dags/batch_pipeline_dag.py took 0.221 seconds
[2026-07-02T04:47:49.547+0000] {processor.py:161} INFO - Started process (PID=525) to work on /opt/airflow/dags/batch_pipeline_dag.py
[2026-07-02T04:47:49.549+0000] {processor.py:830} INFO - Processing file /opt/airflow/dags/batch_pipeline_dag.py for tasks to queue
[2026-07-02T04:47:49.551+0000] {logging_mixin.py:188} INFO - [2026-07-02T04:47:49.550+0000] {dagbag.py:538} INFO - Filling up the DagBag from /opt/airflow/dags/batch_pipeline_dag.py
[2026-07-02T04:47:49.604+0000] {processor.py:840} INFO - DAG(s) 'batch_pipeline_harga_pangan' retrieved from /opt/airflow/dags/batch_pipeline_dag.py
[2026-07-02T04:47:49.712+0000] {logging_mixin.py:188} INFO - [2026-07-02T04:47:49.712+0000] {dag.py:3036} INFO - Sync 1 DAGs
[2026-07-02T04:47:49.755+0000] {logging_mixin.py:188} INFO - [2026-07-02T04:47:49.754+0000] {dag.py:3823} INFO - Setting next_dagrun for batch_pipeline_harga_pangan to 2026-07-01 23:00:00+00:00, run_after=2026-07-02 23:00:00+00:00
[2026-07-02T04:47:49.788+0000] {processor.py:183} INFO - Processing /opt/airflow/dags/batch_pipeline_dag.py took 0.246 seconds
[2026-07-02T04:48:22.852+0000] {processor.py:161} INFO - Started process (PID=543) to work on /opt/airflow/dags/batch_pipeline_dag.py
[2026-07-02T04:48:22.854+0000] {processor.py:830} INFO - Processing file /opt/airflow/dags/batch_pipeline_dag.py for tasks to queue
[2026-07-02T04:48:22.856+0000] {logging_mixin.py:188} INFO - [2026-07-02T04:48:22.855+0000] {dagbag.py:538} INFO - Filling up the DagBag from /opt/airflow/dags/batch_pipeline_dag.py
[2026-07-02T04:48:22.899+0000] {processor.py:840} INFO - DAG(s) 'batch_pipeline_harga_pangan' retrieved from /opt/airflow/dags/batch_pipeline_dag.py
[2026-07-02T04:48:22.992+0000] {logging_mixin.py:188} INFO - [2026-07-02T04:48:22.991+0000] {dag.py:3036} INFO - Sync 1 DAGs
[2026-07-02T04:48:23.028+0000] {logging_mixin.py:188} INFO - [2026-07-02T04:48:23.027+0000] {dag.py:3823} INFO - Setting next_dagrun for batch_pipeline_harga_pangan to 2026-07-01 23:00:00+00:00, run_after=2026-07-02 23:00:00+00:00
[2026-07-02T04:48:23.055+0000] {processor.py:183} INFO - Processing /opt/airflow/dags/batch_pipeline_dag.py took 0.209 seconds
[2026-07-02T04:48:55.182+0000] {processor.py:161} INFO - Started process (PID=562) to work on /opt/airflow/dags/batch_pipeline_dag.py
[2026-07-02T04:48:55.183+0000] {processor.py:830} INFO - Processing file /opt/airflow/dags/batch_pipeline_dag.py for tasks to queue
[2026-07-02T04:48:55.185+0000] {logging_mixin.py:188} INFO - [2026-07-02T04:48:55.185+0000] {dagbag.py:538} INFO - Filling up the DagBag from /opt/airflow/dags/batch_pipeline_dag.py
[2026-07-02T04:48:55.229+0000] {processor.py:840} INFO - DAG(s) 'batch_pipeline_harga_pangan' retrieved from /opt/airflow/dags/batch_pipeline_dag.py
[2026-07-02T04:48:55.361+0000] {logging_mixin.py:188} INFO - [2026-07-02T04:48:55.360+0000] {dag.py:3036} INFO - Sync 1 DAGs
[2026-07-02T04:48:55.415+0000] {logging_mixin.py:188} INFO - [2026-07-02T04:48:55.414+0000] {dag.py:3823} INFO - Setting next_dagrun for batch_pipeline_harga_pangan to 2026-07-01 23:00:00+00:00, run_after=2026-07-02 23:00:00+00:00
[2026-07-02T04:48:55.470+0000] {processor.py:183} INFO - Processing /opt/airflow/dags/batch_pipeline_dag.py took 0.294 seconds
[2026-07-02T04:49:28.588+0000] {processor.py:161} INFO - Started process (PID=580) to work on /opt/airflow/dags/batch_pipeline_dag.py
[2026-07-02T04:49:28.592+0000] {processor.py:830} INFO - Processing file /opt/airflow/dags/batch_pipeline_dag.py for tasks to queue
[2026-07-02T04:49:28.593+0000] {logging_mixin.py:188} INFO - [2026-07-02T04:49:28.593+0000] {dagbag.py:538} INFO - Filling up the DagBag from /opt/airflow/dags/batch_pipeline_dag.py
[2026-07-02T04:49:28.639+0000] {processor.py:840} INFO - DAG(s) 'batch_pipeline_harga_pangan' retrieved from /opt/airflow/dags/batch_pipeline_dag.py
[2026-07-02T04:49:28.735+0000] {logging_mixin.py:188} INFO - [2026-07-02T04:49:28.734+0000] {dag.py:3036} INFO - Sync 1 DAGs
[2026-07-02T04:49:28.772+0000] {logging_mixin.py:188} INFO - [2026-07-02T04:49:28.771+0000] {dag.py:3823} INFO - Setting next_dagrun for batch_pipeline_harga_pangan to 2026-07-01 23:00:00+00:00, run_after=2026-07-02 23:00:00+00:00
[2026-07-02T04:49:28.799+0000] {processor.py:183} INFO - Processing /opt/airflow/dags/batch_pipeline_dag.py took 0.218 seconds
[2026-07-02T04:50:00.888+0000] {processor.py:161} INFO - Started process (PID=598) to work on /opt/airflow/dags/batch_pipeline_dag.py
[2026-07-02T04:50:00.890+0000] {processor.py:830} INFO - Processing file /opt/airflow/dags/batch_pipeline_dag.py for tasks to queue
[2026-07-02T04:50:00.892+0000] {logging_mixin.py:188} INFO - [2026-07-02T04:50:00.891+0000] {dagbag.py:538} INFO - Filling up the DagBag from /opt/airflow/dags/batch_pipeline_dag.py
[2026-07-02T04:50:00.941+0000] {processor.py:840} INFO - DAG(s) 'batch_pipeline_harga_pangan' retrieved from /opt/airflow/dags/batch_pipeline_dag.py
[2026-07-02T04:50:01.042+0000] {logging_mixin.py:188} INFO - [2026-07-02T04:50:01.041+0000] {dag.py:3036} INFO - Sync 1 DAGs
[2026-07-02T04:50:01.079+0000] {logging_mixin.py:188} INFO - [2026-07-02T04:50:01.078+0000] {dag.py:3823} INFO - Setting next_dagrun for batch_pipeline_harga_pangan to 2026-07-01 23:00:00+00:00, run_after=2026-07-02 23:00:00+00:00
[2026-07-02T04:50:01.113+0000] {processor.py:183} INFO - Processing /opt/airflow/dags/batch_pipeline_dag.py took 0.231 seconds
[2026-07-02T04:50:31.297+0000] {processor.py:161} INFO - Started process (PID=608) to work on /opt/airflow/dags/batch_pipeline_dag.py
[2026-07-02T04:50:31.300+0000] {processor.py:830} INFO - Processing file /opt/airflow/dags/batch_pipeline_dag.py for tasks to queue
[2026-07-02T04:50:31.304+0000] {logging_mixin.py:188} INFO - [2026-07-02T04:50:31.303+0000] {dagbag.py:538} INFO - Filling up the DagBag from /opt/airflow/dags/batch_pipeline_dag.py
[2026-07-02T04:50:31.422+0000] {processor.py:840} INFO - DAG(s) 'batch_pipeline_harga_pangan' retrieved from /opt/airflow/dags/batch_pipeline_dag.py
[2026-07-02T04:50:31.586+0000] {logging_mixin.py:188} INFO - [2026-07-02T04:50:31.585+0000] {dag.py:3036} INFO - Sync 1 DAGs
[2026-07-02T04:50:31.643+0000] {logging_mixin.py:188} INFO - [2026-07-02T04:50:31.642+0000] {dag.py:3823} INFO - Setting next_dagrun for batch_pipeline_harga_pangan to 2026-07-01 23:00:00+00:00, run_after=2026-07-02 23:00:00+00:00
[2026-07-02T04:50:31.685+0000] {processor.py:183} INFO - Processing /opt/airflow/dags/batch_pipeline_dag.py took 0.407 seconds
[2026-07-02T04:51:04.033+0000] {processor.py:161} INFO - Started process (PID=626) to work on /opt/airflow/dags/batch_pipeline_dag.py
[2026-07-02T04:51:04.035+0000] {processor.py:830} INFO - Processing file /opt/airflow/dags/batch_pipeline_dag.py for tasks to queue
[2026-07-02T04:51:04.037+0000] {logging_mixin.py:188} INFO - [2026-07-02T04:51:04.036+0000] {dagbag.py:538} INFO - Filling up the DagBag from /opt/airflow/dags/batch_pipeline_dag.py
[2026-07-02T04:51:04.087+0000] {processor.py:840} INFO - DAG(s) 'batch_pipeline_harga_pangan' retrieved from /opt/airflow/dags/batch_pipeline_dag.py
[2026-07-02T04:51:04.170+0000] {logging_mixin.py:188} INFO - [2026-07-02T04:51:04.170+0000] {dag.py:3036} INFO - Sync 1 DAGs
[2026-07-02T04:51:04.206+0000] {logging_mixin.py:188} INFO - [2026-07-02T04:51:04.206+0000] {dag.py:3823} INFO - Setting next_dagrun for batch_pipeline_harga_pangan to 2026-07-01 23:00:00+00:00, run_after=2026-07-02 23:00:00+00:00
[2026-07-02T04:51:04.234+0000] {processor.py:183} INFO - Processing /opt/airflow/dags/batch_pipeline_dag.py took 0.207 seconds
[2026-07-02T04:51:36.370+0000] {processor.py:161} INFO - Started process (PID=645) to work on /opt/airflow/dags/batch_pipeline_dag.py
[2026-07-02T04:51:36.372+0000] {processor.py:830} INFO - Processing file /opt/airflow/dags/batch_pipeline_dag.py for tasks to queue
[2026-07-02T04:51:36.373+0000] {logging_mixin.py:188} INFO - [2026-07-02T04:51:36.373+0000] {dagbag.py:538} INFO - Filling up the DagBag from /opt/airflow/dags/batch_pipeline_dag.py
[2026-07-02T04:51:36.420+0000] {processor.py:840} INFO - DAG(s) 'batch_pipeline_harga_pangan' retrieved from /opt/airflow/dags/batch_pipeline_dag.py
[2026-07-02T04:51:36.512+0000] {logging_mixin.py:188} INFO - [2026-07-02T04:51:36.512+0000] {dag.py:3036} INFO - Sync 1 DAGs
[2026-07-02T04:51:36.560+0000] {logging_mixin.py:188} INFO - [2026-07-02T04:51:36.559+0000] {dag.py:3823} INFO - Setting next_dagrun for batch_pipeline_harga_pangan to 2026-07-01 23:00:00+00:00, run_after=2026-07-02 23:00:00+00:00
[2026-07-02T04:51:36.598+0000] {processor.py:183} INFO - Processing /opt/airflow/dags/batch_pipeline_dag.py took 0.232 seconds
[2026-07-02T04:52:08.680+0000] {processor.py:161} INFO - Started process (PID=663) to work on /opt/airflow/dags/batch_pipeline_dag.py
[2026-07-02T04:52:08.682+0000] {processor.py:830} INFO - Processing file /opt/airflow/dags/batch_pipeline_dag.py for tasks to queue
[2026-07-02T04:52:08.684+0000] {logging_mixin.py:188} INFO - [2026-07-02T04:52:08.684+0000] {dagbag.py:538} INFO - Filling up the DagBag from /opt/airflow/dags/batch_pipeline_dag.py
[2026-07-02T04:52:08.727+0000] {processor.py:840} INFO - DAG(s) 'batch_pipeline_harga_pangan' retrieved from /opt/airflow/dags/batch_pipeline_dag.py
[2026-07-02T04:52:08.810+0000] {logging_mixin.py:188} INFO - [2026-07-02T04:52:08.810+0000] {dag.py:3036} INFO - Sync 1 DAGs
[2026-07-02T04:52:08.845+0000] {logging_mixin.py:188} INFO - [2026-07-02T04:52:08.844+0000] {dag.py:3823} INFO - Setting next_dagrun for batch_pipeline_harga_pangan to 2026-07-01 23:00:00+00:00, run_after=2026-07-02 23:00:00+00:00
[2026-07-02T04:52:08.874+0000] {processor.py:183} INFO - Processing /opt/airflow/dags/batch_pipeline_dag.py took 0.200 seconds
[2026-07-02T04:52:40.071+0000] {processor.py:161} INFO - Started process (PID=681) to work on /opt/airflow/dags/batch_pipeline_dag.py
[2026-07-02T04:52:40.073+0000] {processor.py:830} INFO - Processing file /opt/airflow/dags/batch_pipeline_dag.py for tasks to queue
[2026-07-02T04:52:40.074+0000] {logging_mixin.py:188} INFO - [2026-07-02T04:52:40.074+0000] {dagbag.py:538} INFO - Filling up the DagBag from /opt/airflow/dags/batch_pipeline_dag.py
[2026-07-02T04:52:40.125+0000] {processor.py:840} INFO - DAG(s) 'batch_pipeline_harga_pangan' retrieved from /opt/airflow/dags/batch_pipeline_dag.py
[2026-07-02T04:52:40.236+0000] {logging_mixin.py:188} INFO - [2026-07-02T04:52:40.235+0000] {dag.py:3036} INFO - Sync 1 DAGs
[2026-07-02T04:52:40.269+0000] {logging_mixin.py:188} INFO - [2026-07-02T04:52:40.269+0000] {dag.py:3823} INFO - Setting next_dagrun for batch_pipeline_harga_pangan to 2026-07-01 23:00:00+00:00, run_after=2026-07-02 23:00:00+00:00
[2026-07-02T04:52:40.312+0000] {processor.py:183} INFO - Processing /opt/airflow/dags/batch_pipeline_dag.py took 0.247 seconds
[2026-07-02T04:53:12.205+0000] {processor.py:161} INFO - Started process (PID=700) to work on /opt/airflow/dags/batch_pipeline_dag.py
[2026-07-02T04:53:12.207+0000] {processor.py:830} INFO - Processing file /opt/airflow/dags/batch_pipeline_dag.py for tasks to queue
[2026-07-02T04:53:12.212+0000] {logging_mixin.py:188} INFO - [2026-07-02T04:53:12.211+0000] {dagbag.py:538} INFO - Filling up the DagBag from /opt/airflow/dags/batch_pipeline_dag.py
[2026-07-02T04:53:12.264+0000] {processor.py:840} INFO - DAG(s) 'batch_pipeline_harga_pangan' retrieved from /opt/airflow/dags/batch_pipeline_dag.py
[2026-07-02T04:53:12.390+0000] {logging_mixin.py:188} INFO - [2026-07-02T04:53:12.389+0000] {dag.py:3036} INFO - Sync 1 DAGs
[2026-07-02T04:53:12.435+0000] {logging_mixin.py:188} INFO - [2026-07-02T04:53:12.435+0000] {dag.py:3823} INFO - Setting next_dagrun for batch_pipeline_harga_pangan to 2026-07-01 23:00:00+00:00, run_after=2026-07-02 23:00:00+00:00
[2026-07-02T04:53:12.482+0000] {processor.py:183} INFO - Processing /opt/airflow/dags/batch_pipeline_dag.py took 0.283 seconds
[2026-07-02T04:53:43.260+0000] {processor.py:161} INFO - Started process (PID=719) to work on /opt/airflow/dags/batch_pipeline_dag.py
[2026-07-02T04:53:43.262+0000] {processor.py:830} INFO - Processing file /opt/airflow/dags/batch_pipeline_dag.py for tasks to queue
[2026-07-02T04:53:43.264+0000] {logging_mixin.py:188} INFO - [2026-07-02T04:53:43.264+0000] {dagbag.py:538} INFO - Filling up the DagBag from /opt/airflow/dags/batch_pipeline_dag.py
[2026-07-02T04:53:43.313+0000] {processor.py:840} INFO - DAG(s) 'batch_pipeline_harga_pangan' retrieved from /opt/airflow/dags/batch_pipeline_dag.py
[2026-07-02T04:53:43.401+0000] {logging_mixin.py:188} INFO - [2026-07-02T04:53:43.401+0000] {dag.py:3036} INFO - Sync 1 DAGs
[2026-07-02T04:53:43.434+0000] {logging_mixin.py:188} INFO - [2026-07-02T04:53:43.434+0000] {dag.py:3823} INFO - Setting next_dagrun for batch_pipeline_harga_pangan to 2026-07-01 23:00:00+00:00, run_after=2026-07-02 23:00:00+00:00
[2026-07-02T04:53:43.462+0000] {processor.py:183} INFO - Processing /opt/airflow/dags/batch_pipeline_dag.py took 0.213 seconds
[2026-07-02T04:54:13.555+0000] {processor.py:161} INFO - Started process (PID=737) to work on /opt/airflow/dags/batch_pipeline_dag.py
[2026-07-02T04:54:13.557+0000] {processor.py:830} INFO - Processing file /opt/airflow/dags/batch_pipeline_dag.py for tasks to queue
[2026-07-02T04:54:13.559+0000] {logging_mixin.py:188} INFO - [2026-07-02T04:54:13.559+0000] {dagbag.py:538} INFO - Filling up the DagBag from /opt/airflow/dags/batch_pipeline_dag.py
[2026-07-02T04:54:13.622+0000] {processor.py:840} INFO - DAG(s) 'batch_pipeline_harga_pangan' retrieved from /opt/airflow/dags/batch_pipeline_dag.py
[2026-07-02T04:54:13.751+0000] {logging_mixin.py:188} INFO - [2026-07-02T04:54:13.750+0000] {dag.py:3036} INFO - Sync 1 DAGs
[2026-07-02T04:54:13.809+0000] {logging_mixin.py:188} INFO - [2026-07-02T04:54:13.808+0000] {dag.py:3823} INFO - Setting next_dagrun for batch_pipeline_harga_pangan to 2026-07-01 23:00:00+00:00, run_after=2026-07-02 23:00:00+00:00
[2026-07-02T04:54:13.871+0000] {processor.py:183} INFO - Processing /opt/airflow/dags/batch_pipeline_dag.py took 0.325 seconds
[2026-07-02T04:54:44.320+0000] {processor.py:161} INFO - Started process (PID=755) to work on /opt/airflow/dags/batch_pipeline_dag.py
[2026-07-02T04:54:44.322+0000] {processor.py:830} INFO - Processing file /opt/airflow/dags/batch_pipeline_dag.py for tasks to queue
[2026-07-02T04:54:44.324+0000] {logging_mixin.py:188} INFO - [2026-07-02T04:54:44.324+0000] {dagbag.py:538} INFO - Filling up the DagBag from /opt/airflow/dags/batch_pipeline_dag.py
[2026-07-02T04:54:44.390+0000] {processor.py:840} INFO - DAG(s) 'batch_pipeline_harga_pangan' retrieved from /opt/airflow/dags/batch_pipeline_dag.py
[2026-07-02T04:54:44.515+0000] {logging_mixin.py:188} INFO - [2026-07-02T04:54:44.514+0000] {dag.py:3036} INFO - Sync 1 DAGs
[2026-07-02T04:54:44.580+0000] {logging_mixin.py:188} INFO - [2026-07-02T04:54:44.579+0000] {dag.py:3823} INFO - Setting next_dagrun for batch_pipeline_harga_pangan to 2026-07-01 23:00:00+00:00, run_after=2026-07-02 23:00:00+00:00
[2026-07-02T04:54:44.623+0000] {processor.py:183} INFO - Processing /opt/airflow/dags/batch_pipeline_dag.py took 0.313 seconds
[2026-07-02T04:55:15.070+0000] {processor.py:161} INFO - Started process (PID=765) to work on /opt/airflow/dags/batch_pipeline_dag.py
[2026-07-02T04:55:15.077+0000] {processor.py:830} INFO - Processing file /opt/airflow/dags/batch_pipeline_dag.py for tasks to queue
[2026-07-02T04:55:15.080+0000] {logging_mixin.py:188} INFO - [2026-07-02T04:55:15.080+0000] {dagbag.py:538} INFO - Filling up the DagBag from /opt/airflow/dags/batch_pipeline_dag.py
[2026-07-02T04:55:15.217+0000] {processor.py:840} INFO - DAG(s) 'batch_pipeline_harga_pangan' retrieved from /opt/airflow/dags/batch_pipeline_dag.py
[2026-07-02T04:55:15.626+0000] {logging_mixin.py:188} INFO - [2026-07-02T04:55:15.626+0000] {dag.py:3036} INFO - Sync 1 DAGs
[2026-07-02T04:55:15.748+0000] {logging_mixin.py:188} INFO - [2026-07-02T04:55:15.748+0000] {dag.py:3823} INFO - Setting next_dagrun for batch_pipeline_harga_pangan to 2026-07-01 23:00:00+00:00, run_after=2026-07-02 23:00:00+00:00
[2026-07-02T04:55:15.821+0000] {processor.py:183} INFO - Processing /opt/airflow/dags/batch_pipeline_dag.py took 0.759 seconds
[2026-07-02T04:55:46.098+0000] {processor.py:161} INFO - Started process (PID=783) to work on /opt/airflow/dags/batch_pipeline_dag.py
[2026-07-02T04:55:46.102+0000] {processor.py:830} INFO - Processing file /opt/airflow/dags/batch_pipeline_dag.py for tasks to queue
[2026-07-02T04:55:46.105+0000] {logging_mixin.py:188} INFO - [2026-07-02T04:55:46.104+0000] {dagbag.py:538} INFO - Filling up the DagBag from /opt/airflow/dags/batch_pipeline_dag.py
[2026-07-02T04:55:46.169+0000] {processor.py:840} INFO - DAG(s) 'batch_pipeline_harga_pangan' retrieved from /opt/airflow/dags/batch_pipeline_dag.py
[2026-07-02T04:55:46.258+0000] {logging_mixin.py:188} INFO - [2026-07-02T04:55:46.258+0000] {dag.py:3036} INFO - Sync 1 DAGs
[2026-07-02T04:55:46.288+0000] {logging_mixin.py:188} INFO - [2026-07-02T04:55:46.288+0000] {dag.py:3823} INFO - Setting next_dagrun for batch_pipeline_harga_pangan to 2026-07-01 23:00:00+00:00, run_after=2026-07-02 23:00:00+00:00
[2026-07-02T04:55:46.314+0000] {processor.py:183} INFO - Processing /opt/airflow/dags/batch_pipeline_dag.py took 0.222 seconds
[2026-07-02T04:56:16.418+0000] {processor.py:161} INFO - Started process (PID=801) to work on /opt/airflow/dags/batch_pipeline_dag.py
[2026-07-02T04:56:16.420+0000] {processor.py:830} INFO - Processing file /opt/airflow/dags/batch_pipeline_dag.py for tasks to queue
[2026-07-02T04:56:16.422+0000] {logging_mixin.py:188} INFO - [2026-07-02T04:56:16.421+0000] {dagbag.py:538} INFO - Filling up the DagBag from /opt/airflow/dags/batch_pipeline_dag.py
[2026-07-02T04:56:16.472+0000] {processor.py:840} INFO - DAG(s) 'batch_pipeline_harga_pangan' retrieved from /opt/airflow/dags/batch_pipeline_dag.py
[2026-07-02T04:56:16.574+0000] {logging_mixin.py:188} INFO - [2026-07-02T04:56:16.574+0000] {dag.py:3036} INFO - Sync 1 DAGs
[2026-07-02T04:56:16.603+0000] {logging_mixin.py:188} INFO - [2026-07-02T04:56:16.602+0000] {dag.py:3823} INFO - Setting next_dagrun for batch_pipeline_harga_pangan to 2026-07-01 23:00:00+00:00, run_after=2026-07-02 23:00:00+00:00
[2026-07-02T04:56:16.627+0000] {processor.py:183} INFO - Processing /opt/airflow/dags/batch_pipeline_dag.py took 0.216 seconds
[2026-07-02T04:56:46.717+0000] {processor.py:161} INFO - Started process (PID=819) to work on /opt/airflow/dags/batch_pipeline_dag.py
[2026-07-02T04:56:46.718+0000] {processor.py:830} INFO - Processing file /opt/airflow/dags/batch_pipeline_dag.py for tasks to queue
[2026-07-02T04:56:46.720+0000] {logging_mixin.py:188} INFO - [2026-07-02T04:56:46.720+0000] {dagbag.py:538} INFO - Filling up the DagBag from /opt/airflow/dags/batch_pipeline_dag.py
[2026-07-02T04:56:46.782+0000] {processor.py:840} INFO - DAG(s) 'batch_pipeline_harga_pangan' retrieved from /opt/airflow/dags/batch_pipeline_dag.py
[2026-07-02T04:56:46.930+0000] {logging_mixin.py:188} INFO - [2026-07-02T04:56:46.929+0000] {dag.py:3036} INFO - Sync 1 DAGs
[2026-07-02T04:56:46.980+0000] {logging_mixin.py:188} INFO - [2026-07-02T04:56:46.979+0000] {dag.py:3823} INFO - Setting next_dagrun for batch_pipeline_harga_pangan to 2026-07-01 23:00:00+00:00, run_after=2026-07-02 23:00:00+00:00
[2026-07-02T04:56:47.010+0000] {processor.py:183} INFO - Processing /opt/airflow/dags/batch_pipeline_dag.py took 0.300 seconds
[2026-07-02T04:57:17.101+0000] {processor.py:161} INFO - Started process (PID=837) to work on /opt/airflow/dags/batch_pipeline_dag.py
[2026-07-02T04:57:17.103+0000] {processor.py:830} INFO - Processing file /opt/airflow/dags/batch_pipeline_dag.py for tasks to queue
[2026-07-02T04:57:17.106+0000] {logging_mixin.py:188} INFO - [2026-07-02T04:57:17.105+0000] {dagbag.py:538} INFO - Filling up the DagBag from /opt/airflow/dags/batch_pipeline_dag.py
[2026-07-02T04:57:17.162+0000] {processor.py:840} INFO - DAG(s) 'batch_pipeline_harga_pangan' retrieved from /opt/airflow/dags/batch_pipeline_dag.py
[2026-07-02T04:57:17.280+0000] {logging_mixin.py:188} INFO - [2026-07-02T04:57:17.279+0000] {dag.py:3036} INFO - Sync 1 DAGs
[2026-07-02T04:57:17.327+0000] {logging_mixin.py:188} INFO - [2026-07-02T04:57:17.327+0000] {dag.py:3823} INFO - Setting next_dagrun for batch_pipeline_harga_pangan to 2026-07-01 23:00:00+00:00, run_after=2026-07-02 23:00:00+00:00
[2026-07-02T04:57:17.356+0000] {processor.py:183} INFO - Processing /opt/airflow/dags/batch_pipeline_dag.py took 0.263 seconds
[2026-07-02T04:57:47.540+0000] {processor.py:161} INFO - Started process (PID=847) to work on /opt/airflow/dags/batch_pipeline_dag.py
[2026-07-02T04:57:47.542+0000] {processor.py:830} INFO - Processing file /opt/airflow/dags/batch_pipeline_dag.py for tasks to queue
[2026-07-02T04:57:47.544+0000] {logging_mixin.py:188} INFO - [2026-07-02T04:57:47.544+0000] {dagbag.py:538} INFO - Filling up the DagBag from /opt/airflow/dags/batch_pipeline_dag.py
[2026-07-02T04:57:47.594+0000] {processor.py:840} INFO - DAG(s) 'batch_pipeline_harga_pangan' retrieved from /opt/airflow/dags/batch_pipeline_dag.py
[2026-07-02T04:57:47.698+0000] {logging_mixin.py:188} INFO - [2026-07-02T04:57:47.698+0000] {dag.py:3036} INFO - Sync 1 DAGs
[2026-07-02T04:57:47.739+0000] {logging_mixin.py:188} INFO - [2026-07-02T04:57:47.739+0000] {dag.py:3823} INFO - Setting next_dagrun for batch_pipeline_harga_pangan to 2026-07-01 23:00:00+00:00, run_after=2026-07-02 23:00:00+00:00
[2026-07-02T04:57:47.768+0000] {processor.py:183} INFO - Processing /opt/airflow/dags/batch_pipeline_dag.py took 0.235 seconds
[2026-07-02T04:58:17.881+0000] {processor.py:161} INFO - Started process (PID=865) to work on /opt/airflow/dags/batch_pipeline_dag.py
[2026-07-02T04:58:17.882+0000] {processor.py:830} INFO - Processing file /opt/airflow/dags/batch_pipeline_dag.py for tasks to queue
[2026-07-02T04:58:17.884+0000] {logging_mixin.py:188} INFO - [2026-07-02T04:58:17.883+0000] {dagbag.py:538} INFO - Filling up the DagBag from /opt/airflow/dags/batch_pipeline_dag.py
[2026-07-02T04:58:17.937+0000] {processor.py:840} INFO - DAG(s) 'batch_pipeline_harga_pangan' retrieved from /opt/airflow/dags/batch_pipeline_dag.py
[2026-07-02T04:58:18.039+0000] {logging_mixin.py:188} INFO - [2026-07-02T04:58:18.038+0000] {dag.py:3036} INFO - Sync 1 DAGs
[2026-07-02T04:58:18.079+0000] {logging_mixin.py:188} INFO - [2026-07-02T04:58:18.078+0000] {dag.py:3823} INFO - Setting next_dagrun for batch_pipeline_harga_pangan to 2026-07-01 23:00:00+00:00, run_after=2026-07-02 23:00:00+00:00
[2026-07-02T04:58:18.115+0000] {processor.py:183} INFO - Processing /opt/airflow/dags/batch_pipeline_dag.py took 0.239 seconds
[2026-07-02T04:58:48.434+0000] {processor.py:161} INFO - Started process (PID=883) to work on /opt/airflow/dags/batch_pipeline_dag.py
[2026-07-02T04:58:48.436+0000] {processor.py:830} INFO - Processing file /opt/airflow/dags/batch_pipeline_dag.py for tasks to queue
[2026-07-02T04:58:48.439+0000] {logging_mixin.py:188} INFO - [2026-07-02T04:58:48.438+0000] {dagbag.py:538} INFO - Filling up the DagBag from /opt/airflow/dags/batch_pipeline_dag.py
[2026-07-02T04:58:48.500+0000] {processor.py:840} INFO - DAG(s) 'batch_pipeline_harga_pangan' retrieved from /opt/airflow/dags/batch_pipeline_dag.py
[2026-07-02T04:58:48.640+0000] {logging_mixin.py:188} INFO - [2026-07-02T04:58:48.639+0000] {dag.py:3036} INFO - Sync 1 DAGs
[2026-07-02T04:58:48.706+0000] {logging_mixin.py:188} INFO - [2026-07-02T04:58:48.704+0000] {dag.py:3823} INFO - Setting next_dagrun for batch_pipeline_harga_pangan to 2026-07-01 23:00:00+00:00, run_after=2026-07-02 23:00:00+00:00
[2026-07-02T04:58:48.744+0000] {processor.py:183} INFO - Processing /opt/airflow/dags/batch_pipeline_dag.py took 0.317 seconds
[2026-07-02T04:59:18.925+0000] {processor.py:161} INFO - Started process (PID=901) to work on /opt/airflow/dags/batch_pipeline_dag.py
[2026-07-02T04:59:18.927+0000] {processor.py:830} INFO - Processing file /opt/airflow/dags/batch_pipeline_dag.py for tasks to queue
[2026-07-02T04:59:18.930+0000] {logging_mixin.py:188} INFO - [2026-07-02T04:59:18.929+0000] {dagbag.py:538} INFO - Filling up the DagBag from /opt/airflow/dags/batch_pipeline_dag.py
[2026-07-02T04:59:18.985+0000] {processor.py:840} INFO - DAG(s) 'batch_pipeline_harga_pangan' retrieved from /opt/airflow/dags/batch_pipeline_dag.py
[2026-07-02T04:59:19.090+0000] {logging_mixin.py:188} INFO - [2026-07-02T04:59:19.090+0000] {dag.py:3036} INFO - Sync 1 DAGs
[2026-07-02T04:59:19.140+0000] {logging_mixin.py:188} INFO - [2026-07-02T04:59:19.140+0000] {dag.py:3823} INFO - Setting next_dagrun for batch_pipeline_harga_pangan to 2026-07-01 23:00:00+00:00, run_after=2026-07-02 23:00:00+00:00
[2026-07-02T04:59:19.177+0000] {processor.py:183} INFO - Processing /opt/airflow/dags/batch_pipeline_dag.py took 0.263 seconds
[2026-07-02T04:59:49.274+0000] {processor.py:161} INFO - Started process (PID=919) to work on /opt/airflow/dags/batch_pipeline_dag.py
[2026-07-02T04:59:49.276+0000] {processor.py:830} INFO - Processing file /opt/airflow/dags/batch_pipeline_dag.py for tasks to queue
[2026-07-02T04:59:49.278+0000] {logging_mixin.py:188} INFO - [2026-07-02T04:59:49.277+0000] {dagbag.py:538} INFO - Filling up the DagBag from /opt/airflow/dags/batch_pipeline_dag.py
[2026-07-02T04:59:49.326+0000] {processor.py:840} INFO - DAG(s) 'batch_pipeline_harga_pangan' retrieved from /opt/airflow/dags/batch_pipeline_dag.py
[2026-07-02T04:59:49.429+0000] {logging_mixin.py:188} INFO - [2026-07-02T04:59:49.428+0000] {dag.py:3036} INFO - Sync 1 DAGs
[2026-07-02T04:59:49.462+0000] {logging_mixin.py:188} INFO - [2026-07-02T04:59:49.461+0000] {dag.py:3823} INFO - Setting next_dagrun for batch_pipeline_harga_pangan to 2026-07-01 23:00:00+00:00, run_after=2026-07-02 23:00:00+00:00
[2026-07-02T04:59:49.496+0000] {processor.py:183} INFO - Processing /opt/airflow/dags/batch_pipeline_dag.py took 0.228 seconds
[2026-07-02T05:00:20.009+0000] {processor.py:161} INFO - Started process (PID=936) to work on /opt/airflow/dags/batch_pipeline_dag.py
[2026-07-02T05:00:20.017+0000] {processor.py:830} INFO - Processing file /opt/airflow/dags/batch_pipeline_dag.py for tasks to queue
[2026-07-02T05:00:20.027+0000] {logging_mixin.py:188} INFO - [2026-07-02T05:00:20.026+0000] {dagbag.py:538} INFO - Filling up the DagBag from /opt/airflow/dags/batch_pipeline_dag.py
[2026-07-02T05:00:20.466+0000] {processor.py:840} INFO - DAG(s) 'batch_pipeline_harga_pangan' retrieved from /opt/airflow/dags/batch_pipeline_dag.py
[2026-07-02T05:00:21.344+0000] {logging_mixin.py:188} INFO - [2026-07-02T05:00:21.344+0000] {dag.py:3036} INFO - Sync 1 DAGs
[2026-07-02T05:00:21.552+0000] {logging_mixin.py:188} INFO - [2026-07-02T05:00:21.551+0000] {dag.py:3823} INFO - Setting next_dagrun for batch_pipeline_harga_pangan to 2026-07-01 23:00:00+00:00, run_after=2026-07-02 23:00:00+00:00
[2026-07-02T05:00:21.701+0000] {processor.py:183} INFO - Processing /opt/airflow/dags/batch_pipeline_dag.py took 1.732 seconds
[2026-07-02T05:00:51.958+0000] {processor.py:161} INFO - Started process (PID=949) to work on /opt/airflow/dags/batch_pipeline_dag.py
[2026-07-02T05:00:51.960+0000] {processor.py:830} INFO - Processing file /opt/airflow/dags/batch_pipeline_dag.py for tasks to queue
[2026-07-02T05:00:51.962+0000] {logging_mixin.py:188} INFO - [2026-07-02T05:00:51.961+0000] {dagbag.py:538} INFO - Filling up the DagBag from /opt/airflow/dags/batch_pipeline_dag.py
[2026-07-02T05:00:52.005+0000] {processor.py:840} INFO - DAG(s) 'batch_pipeline_harga_pangan' retrieved from /opt/airflow/dags/batch_pipeline_dag.py
[2026-07-02T05:00:52.099+0000] {logging_mixin.py:188} INFO - [2026-07-02T05:00:52.099+0000] {dag.py:3036} INFO - Sync 1 DAGs
[2026-07-02T05:00:52.131+0000] {logging_mixin.py:188} INFO - [2026-07-02T05:00:52.130+0000] {dag.py:3823} INFO - Setting next_dagrun for batch_pipeline_harga_pangan to 2026-07-01 23:00:00+00:00, run_after=2026-07-02 23:00:00+00:00
[2026-07-02T05:00:52.158+0000] {processor.py:183} INFO - Processing /opt/airflow/dags/batch_pipeline_dag.py took 0.205 seconds
[2026-07-02T05:01:22.279+0000] {processor.py:161} INFO - Started process (PID=965) to work on /opt/airflow/dags/batch_pipeline_dag.py
[2026-07-02T05:01:22.281+0000] {processor.py:830} INFO - Processing file /opt/airflow/dags/batch_pipeline_dag.py for tasks to queue
[2026-07-02T05:01:22.283+0000] {logging_mixin.py:188} INFO - [2026-07-02T05:01:22.282+0000] {dagbag.py:538} INFO - Filling up the DagBag from /opt/airflow/dags/batch_pipeline_dag.py
[2026-07-02T05:01:22.334+0000] {processor.py:840} INFO - DAG(s) 'batch_pipeline_harga_pangan' retrieved from /opt/airflow/dags/batch_pipeline_dag.py
[2026-07-02T05:01:22.444+0000] {logging_mixin.py:188} INFO - [2026-07-02T05:01:22.443+0000] {dag.py:3036} INFO - Sync 1 DAGs
[2026-07-02T05:01:22.501+0000] {logging_mixin.py:188} INFO - [2026-07-02T05:01:22.500+0000] {dag.py:3823} INFO - Setting next_dagrun for batch_pipeline_harga_pangan to 2026-07-01 23:00:00+00:00, run_after=2026-07-02 23:00:00+00:00
[2026-07-02T05:01:22.539+0000] {processor.py:183} INFO - Processing /opt/airflow/dags/batch_pipeline_dag.py took 0.265 seconds
[2026-07-02T05:01:53.093+0000] {processor.py:161} INFO - Started process (PID=983) to work on /opt/airflow/dags/batch_pipeline_dag.py
[2026-07-02T05:01:53.095+0000] {processor.py:830} INFO - Processing file /opt/airflow/dags/batch_pipeline_dag.py for tasks to queue
[2026-07-02T05:01:53.098+0000] {logging_mixin.py:188} INFO - [2026-07-02T05:01:53.097+0000] {dagbag.py:538} INFO - Filling up the DagBag from /opt/airflow/dags/batch_pipeline_dag.py
[2026-07-02T05:01:53.149+0000] {processor.py:840} INFO - DAG(s) 'batch_pipeline_harga_pangan' retrieved from /opt/airflow/dags/batch_pipeline_dag.py
[2026-07-02T05:01:53.251+0000] {logging_mixin.py:188} INFO - [2026-07-02T05:01:53.251+0000] {dag.py:3036} INFO - Sync 1 DAGs
[2026-07-02T05:01:53.291+0000] {logging_mixin.py:188} INFO - [2026-07-02T05:01:53.291+0000] {dag.py:3823} INFO - Setting next_dagrun for batch_pipeline_harga_pangan to 2026-07-01 23:00:00+00:00, run_after=2026-07-02 23:00:00+00:00
[2026-07-02T05:01:53.324+0000] {processor.py:183} INFO - Processing /opt/airflow/dags/batch_pipeline_dag.py took 0.244 seconds
[2026-07-02T05:02:24.505+0000] {processor.py:161} INFO - Started process (PID=1001) to work on /opt/airflow/dags/batch_pipeline_dag.py
[2026-07-02T05:02:24.508+0000] {processor.py:830} INFO - Processing file /opt/airflow/dags/batch_pipeline_dag.py for tasks to queue
[2026-07-02T05:02:24.510+0000] {logging_mixin.py:188} INFO - [2026-07-02T05:02:24.510+0000] {dagbag.py:538} INFO - Filling up the DagBag from /opt/airflow/dags/batch_pipeline_dag.py
[2026-07-02T05:02:24.694+0000] {processor.py:840} INFO - DAG(s) 'batch_pipeline_harga_pangan' retrieved from /opt/airflow/dags/batch_pipeline_dag.py
[2026-07-02T05:02:24.935+0000] {logging_mixin.py:188} INFO - [2026-07-02T05:02:24.934+0000] {dag.py:3036} INFO - Sync 1 DAGs
[2026-07-02T05:02:24.990+0000] {logging_mixin.py:188} INFO - [2026-07-02T05:02:24.987+0000] {dag.py:3823} INFO - Setting next_dagrun for batch_pipeline_harga_pangan to 2026-07-01 23:00:00+00:00, run_after=2026-07-02 23:00:00+00:00
[2026-07-02T05:02:25.039+0000] {processor.py:183} INFO - Processing /opt/airflow/dags/batch_pipeline_dag.py took 0.544 seconds
[2026-07-02T05:02:55.427+0000] {processor.py:161} INFO - Started process (PID=1019) to work on /opt/airflow/dags/batch_pipeline_dag.py
[2026-07-02T05:02:55.430+0000] {processor.py:830} INFO - Processing file /opt/airflow/dags/batch_pipeline_dag.py for tasks to queue
[2026-07-02T05:02:55.432+0000] {logging_mixin.py:188} INFO - [2026-07-02T05:02:55.431+0000] {dagbag.py:538} INFO - Filling up the DagBag from /opt/airflow/dags/batch_pipeline_dag.py
[2026-07-02T05:02:55.484+0000] {processor.py:840} INFO - DAG(s) 'batch_pipeline_harga_pangan' retrieved from /opt/airflow/dags/batch_pipeline_dag.py
[2026-07-02T05:02:55.615+0000] {logging_mixin.py:188} INFO - [2026-07-02T05:02:55.615+0000] {dag.py:3036} INFO - Sync 1 DAGs
[2026-07-02T05:02:55.970+0000] {logging_mixin.py:188} INFO - [2026-07-02T05:02:55.970+0000] {dag.py:3823} INFO - Setting next_dagrun for batch_pipeline_harga_pangan to 2026-07-01 23:00:00+00:00, run_after=2026-07-02 23:00:00+00:00
[2026-07-02T05:02:56.037+0000] {processor.py:183} INFO - Processing /opt/airflow/dags/batch_pipeline_dag.py took 0.622 seconds
[2026-07-02T05:03:27.205+0000] {processor.py:161} INFO - Started process (PID=1029) to work on /opt/airflow/dags/batch_pipeline_dag.py
[2026-07-02T05:03:27.208+0000] {processor.py:830} INFO - Processing file /opt/airflow/dags/batch_pipeline_dag.py for tasks to queue
[2026-07-02T05:03:27.211+0000] {logging_mixin.py:188} INFO - [2026-07-02T05:03:27.210+0000] {dagbag.py:538} INFO - Filling up the DagBag from /opt/airflow/dags/batch_pipeline_dag.py
[2026-07-02T05:03:27.279+0000] {processor.py:840} INFO - DAG(s) 'batch_pipeline_harga_pangan' retrieved from /opt/airflow/dags/batch_pipeline_dag.py
[2026-07-02T05:03:27.414+0000] {logging_mixin.py:188} INFO - [2026-07-02T05:03:27.413+0000] {dag.py:3036} INFO - Sync 1 DAGs
[2026-07-02T05:03:27.460+0000] {logging_mixin.py:188} INFO - [2026-07-02T05:03:27.459+0000] {dag.py:3823} INFO - Setting next_dagrun for batch_pipeline_harga_pangan to 2026-07-01 23:00:00+00:00, run_after=2026-07-02 23:00:00+00:00
[2026-07-02T05:03:27.504+0000] {processor.py:183} INFO - Processing /opt/airflow/dags/batch_pipeline_dag.py took 0.305 seconds
[2026-07-02T05:04:00.758+0000] {processor.py:161} INFO - Started process (PID=1048) to work on /opt/airflow/dags/batch_pipeline_dag.py
[2026-07-02T05:04:00.761+0000] {processor.py:830} INFO - Processing file /opt/airflow/dags/batch_pipeline_dag.py for tasks to queue
[2026-07-02T05:04:00.763+0000] {logging_mixin.py:188} INFO - [2026-07-02T05:04:00.762+0000] {dagbag.py:538} INFO - Filling up the DagBag from /opt/airflow/dags/batch_pipeline_dag.py
[2026-07-02T05:04:00.824+0000] {processor.py:840} INFO - DAG(s) 'batch_pipeline_harga_pangan' retrieved from /opt/airflow/dags/batch_pipeline_dag.py
[2026-07-02T05:04:00.950+0000] {logging_mixin.py:188} INFO - [2026-07-02T05:04:00.950+0000] {dag.py:3036} INFO - Sync 1 DAGs
[2026-07-02T05:04:01.325+0000] {logging_mixin.py:188} INFO - [2026-07-02T05:04:01.324+0000] {dag.py:3823} INFO - Setting next_dagrun for batch_pipeline_harga_pangan to 2026-07-01 23:00:00+00:00, run_after=2026-07-02 23:00:00+00:00
[2026-07-02T05:04:01.360+0000] {processor.py:183} INFO - Processing /opt/airflow/dags/batch_pipeline_dag.py took 0.610 seconds
[2026-07-02T05:04:33.282+0000] {processor.py:161} INFO - Started process (PID=1066) to work on /opt/airflow/dags/batch_pipeline_dag.py
[2026-07-02T05:04:33.284+0000] {processor.py:830} INFO - Processing file /opt/airflow/dags/batch_pipeline_dag.py for tasks to queue
[2026-07-02T05:04:33.287+0000] {logging_mixin.py:188} INFO - [2026-07-02T05:04:33.286+0000] {dagbag.py:538} INFO - Filling up the DagBag from /opt/airflow/dags/batch_pipeline_dag.py
[2026-07-02T05:04:33.342+0000] {processor.py:840} INFO - DAG(s) 'batch_pipeline_harga_pangan' retrieved from /opt/airflow/dags/batch_pipeline_dag.py
[2026-07-02T05:04:33.449+0000] {logging_mixin.py:188} INFO - [2026-07-02T05:04:33.447+0000] {dag.py:3036} INFO - Sync 1 DAGs
[2026-07-02T05:04:33.485+0000] {logging_mixin.py:188} INFO - [2026-07-02T05:04:33.485+0000] {dag.py:3823} INFO - Setting next_dagrun for batch_pipeline_harga_pangan to 2026-07-01 23:00:00+00:00, run_after=2026-07-02 23:00:00+00:00
[2026-07-02T05:04:33.523+0000] {processor.py:183} INFO - Processing /opt/airflow/dags/batch_pipeline_dag.py took 0.250 seconds
[2026-07-02T05:05:05.597+0000] {processor.py:161} INFO - Started process (PID=1084) to work on /opt/airflow/dags/batch_pipeline_dag.py
[2026-07-02T05:05:05.600+0000] {processor.py:830} INFO - Processing file /opt/airflow/dags/batch_pipeline_dag.py for tasks to queue
[2026-07-02T05:05:05.603+0000] {logging_mixin.py:188} INFO - [2026-07-02T05:05:05.602+0000] {dagbag.py:538} INFO - Filling up the DagBag from /opt/airflow/dags/batch_pipeline_dag.py
[2026-07-02T05:05:05.654+0000] {processor.py:840} INFO - DAG(s) 'batch_pipeline_harga_pangan' retrieved from /opt/airflow/dags/batch_pipeline_dag.py
[2026-07-02T05:05:05.774+0000] {logging_mixin.py:188} INFO - [2026-07-02T05:05:05.774+0000] {dag.py:3036} INFO - Sync 1 DAGs
[2026-07-02T05:05:05.834+0000] {logging_mixin.py:188} INFO - [2026-07-02T05:05:05.834+0000] {dag.py:3823} INFO - Setting next_dagrun for batch_pipeline_harga_pangan to 2026-07-01 23:00:00+00:00, run_after=2026-07-02 23:00:00+00:00
[2026-07-02T05:05:05.864+0000] {processor.py:183} INFO - Processing /opt/airflow/dags/batch_pipeline_dag.py took 0.277 seconds
[2026-07-02T05:05:38.306+0000] {processor.py:161} INFO - Started process (PID=1102) to work on /opt/airflow/dags/batch_pipeline_dag.py
[2026-07-02T05:05:38.321+0000] {processor.py:830} INFO - Processing file /opt/airflow/dags/batch_pipeline_dag.py for tasks to queue
[2026-07-02T05:05:38.328+0000] {logging_mixin.py:188} INFO - [2026-07-02T05:05:38.327+0000] {dagbag.py:538} INFO - Filling up the DagBag from /opt/airflow/dags/batch_pipeline_dag.py
[2026-07-02T05:05:38.420+0000] {processor.py:840} INFO - DAG(s) 'batch_pipeline_harga_pangan' retrieved from /opt/airflow/dags/batch_pipeline_dag.py
[2026-07-02T05:05:38.605+0000] {logging_mixin.py:188} INFO - [2026-07-02T05:05:38.605+0000] {dag.py:3036} INFO - Sync 1 DAGs
[2026-07-02T05:05:38.659+0000] {logging_mixin.py:188} INFO - [2026-07-02T05:05:38.659+0000] {dag.py:3823} INFO - Setting next_dagrun for batch_pipeline_harga_pangan to 2026-07-01 23:00:00+00:00, run_after=2026-07-02 23:00:00+00:00
[2026-07-02T05:05:38.698+0000] {processor.py:183} INFO - Processing /opt/airflow/dags/batch_pipeline_dag.py took 0.407 seconds
[2026-07-02T05:06:11.763+0000] {processor.py:161} INFO - Started process (PID=1120) to work on /opt/airflow/dags/batch_pipeline_dag.py
[2026-07-02T05:06:11.766+0000] {processor.py:830} INFO - Processing file /opt/airflow/dags/batch_pipeline_dag.py for tasks to queue
[2026-07-02T05:06:11.769+0000] {logging_mixin.py:188} INFO - [2026-07-02T05:06:11.768+0000] {dagbag.py:538} INFO - Filling up the DagBag from /opt/airflow/dags/batch_pipeline_dag.py
[2026-07-02T05:06:11.840+0000] {processor.py:840} INFO - DAG(s) 'batch_pipeline_harga_pangan' retrieved from /opt/airflow/dags/batch_pipeline_dag.py
[2026-07-02T05:06:11.959+0000] {logging_mixin.py:188} INFO - [2026-07-02T05:06:11.958+0000] {dag.py:3036} INFO - Sync 1 DAGs
[2026-07-02T05:06:12.005+0000] {logging_mixin.py:188} INFO - [2026-07-02T05:06:12.005+0000] {dag.py:3823} INFO - Setting next_dagrun for batch_pipeline_harga_pangan to 2026-07-01 23:00:00+00:00, run_after=2026-07-02 23:00:00+00:00
[2026-07-02T05:06:12.043+0000] {processor.py:183} INFO - Processing /opt/airflow/dags/batch_pipeline_dag.py took 0.283 seconds
[2026-07-02T05:06:44.162+0000] {processor.py:161} INFO - Started process (PID=1138) to work on /opt/airflow/dags/batch_pipeline_dag.py
[2026-07-02T05:06:44.164+0000] {processor.py:830} INFO - Processing file /opt/airflow/dags/batch_pipeline_dag.py for tasks to queue
[2026-07-02T05:06:44.168+0000] {logging_mixin.py:188} INFO - [2026-07-02T05:06:44.167+0000] {dagbag.py:538} INFO - Filling up the DagBag from /opt/airflow/dags/batch_pipeline_dag.py
[2026-07-02T05:06:44.232+0000] {processor.py:840} INFO - DAG(s) 'batch_pipeline_harga_pangan' retrieved from /opt/airflow/dags/batch_pipeline_dag.py
[2026-07-02T05:06:44.411+0000] {logging_mixin.py:188} INFO - [2026-07-02T05:06:44.409+0000] {dag.py:3036} INFO - Sync 1 DAGs
[2026-07-02T05:06:44.497+0000] {logging_mixin.py:188} INFO - [2026-07-02T05:06:44.497+0000] {dag.py:3823} INFO - Setting next_dagrun for batch_pipeline_harga_pangan to 2026-07-01 23:00:00+00:00, run_after=2026-07-02 23:00:00+00:00
[2026-07-02T05:06:44.559+0000] {processor.py:183} INFO - Processing /opt/airflow/dags/batch_pipeline_dag.py took 0.406 seconds
[2026-07-02T05:07:16.713+0000] {processor.py:161} INFO - Started process (PID=1148) to work on /opt/airflow/dags/batch_pipeline_dag.py
[2026-07-02T05:07:16.717+0000] {processor.py:830} INFO - Processing file /opt/airflow/dags/batch_pipeline_dag.py for tasks to queue
[2026-07-02T05:07:16.720+0000] {logging_mixin.py:188} INFO - [2026-07-02T05:07:16.719+0000] {dagbag.py:538} INFO - Filling up the DagBag from /opt/airflow/dags/batch_pipeline_dag.py
[2026-07-02T05:07:16.823+0000] {processor.py:840} INFO - DAG(s) 'batch_pipeline_harga_pangan' retrieved from /opt/airflow/dags/batch_pipeline_dag.py
[2026-07-02T05:07:17.384+0000] {logging_mixin.py:188} INFO - [2026-07-02T05:07:17.384+0000] {dag.py:3036} INFO - Sync 1 DAGs
[2026-07-02T05:07:17.452+0000] {logging_mixin.py:188} INFO - [2026-07-02T05:07:17.451+0000] {dag.py:3823} INFO - Setting next_dagrun for batch_pipeline_harga_pangan to 2026-07-01 23:00:00+00:00, run_after=2026-07-02 23:00:00+00:00
[2026-07-02T05:07:17.484+0000] {processor.py:183} INFO - Processing /opt/airflow/dags/batch_pipeline_dag.py took 0.782 seconds
[2026-07-02T05:07:49.638+0000] {processor.py:161} INFO - Started process (PID=1166) to work on /opt/airflow/dags/batch_pipeline_dag.py
[2026-07-02T05:07:49.643+0000] {processor.py:830} INFO - Processing file /opt/airflow/dags/batch_pipeline_dag.py for tasks to queue
[2026-07-02T05:07:49.647+0000] {logging_mixin.py:188} INFO - [2026-07-02T05:07:49.647+0000] {dagbag.py:538} INFO - Filling up the DagBag from /opt/airflow/dags/batch_pipeline_dag.py
[2026-07-02T05:07:49.721+0000] {processor.py:840} INFO - DAG(s) 'batch_pipeline_harga_pangan' retrieved from /opt/airflow/dags/batch_pipeline_dag.py
[2026-07-02T05:07:49.873+0000] {logging_mixin.py:188} INFO - [2026-07-02T05:07:49.872+0000] {dag.py:3036} INFO - Sync 1 DAGs
[2026-07-02T05:07:49.931+0000] {logging_mixin.py:188} INFO - [2026-07-02T05:07:49.930+0000] {dag.py:3823} INFO - Setting next_dagrun for batch_pipeline_harga_pangan to 2026-07-01 23:00:00+00:00, run_after=2026-07-02 23:00:00+00:00
[2026-07-02T05:07:49.969+0000] {processor.py:183} INFO - Processing /opt/airflow/dags/batch_pipeline_dag.py took 0.339 seconds
[2026-07-02T05:08:22.090+0000] {processor.py:161} INFO - Started process (PID=1184) to work on /opt/airflow/dags/batch_pipeline_dag.py
[2026-07-02T05:08:22.091+0000] {processor.py:830} INFO - Processing file /opt/airflow/dags/batch_pipeline_dag.py for tasks to queue
[2026-07-02T05:08:22.093+0000] {logging_mixin.py:188} INFO - [2026-07-02T05:08:22.093+0000] {dagbag.py:538} INFO - Filling up the DagBag from /opt/airflow/dags/batch_pipeline_dag.py
[2026-07-02T05:08:22.156+0000] {processor.py:840} INFO - DAG(s) 'batch_pipeline_harga_pangan' retrieved from /opt/airflow/dags/batch_pipeline_dag.py
[2026-07-02T05:08:22.279+0000] {logging_mixin.py:188} INFO - [2026-07-02T05:08:22.278+0000] {dag.py:3036} INFO - Sync 1 DAGs
[2026-07-02T05:08:22.328+0000] {logging_mixin.py:188} INFO - [2026-07-02T05:08:22.327+0000] {dag.py:3823} INFO - Setting next_dagrun for batch_pipeline_harga_pangan to 2026-07-01 23:00:00+00:00, run_after=2026-07-02 23:00:00+00:00
[2026-07-02T05:08:22.358+0000] {processor.py:183} INFO - Processing /opt/airflow/dags/batch_pipeline_dag.py took 0.274 seconds
[2026-07-02T05:08:55.471+0000] {processor.py:161} INFO - Started process (PID=1202) to work on /opt/airflow/dags/batch_pipeline_dag.py
[2026-07-02T05:08:55.473+0000] {processor.py:830} INFO - Processing file /opt/airflow/dags/batch_pipeline_dag.py for tasks to queue
[2026-07-02T05:08:55.474+0000] {logging_mixin.py:188} INFO - [2026-07-02T05:08:55.474+0000] {dagbag.py:538} INFO - Filling up the DagBag from /opt/airflow/dags/batch_pipeline_dag.py
[2026-07-02T05:08:55.525+0000] {processor.py:840} INFO - DAG(s) 'batch_pipeline_harga_pangan' retrieved from /opt/airflow/dags/batch_pipeline_dag.py
[2026-07-02T05:08:55.632+0000] {logging_mixin.py:188} INFO - [2026-07-02T05:08:55.632+0000] {dag.py:3036} INFO - Sync 1 DAGs
[2026-07-02T05:08:55.671+0000] {logging_mixin.py:188} INFO - [2026-07-02T05:08:55.670+0000] {dag.py:3823} INFO - Setting next_dagrun for batch_pipeline_harga_pangan to 2026-07-01 23:00:00+00:00, run_after=2026-07-02 23:00:00+00:00
[2026-07-02T05:08:55.704+0000] {processor.py:183} INFO - Processing /opt/airflow/dags/batch_pipeline_dag.py took 0.239 seconds
[2026-07-02T05:09:27.836+0000] {processor.py:161} INFO - Started process (PID=1221) to work on /opt/airflow/dags/batch_pipeline_dag.py
[2026-07-02T05:09:27.838+0000] {processor.py:830} INFO - Processing file /opt/airflow/dags/batch_pipeline_dag.py for tasks to queue
[2026-07-02T05:09:27.839+0000] {logging_mixin.py:188} INFO - [2026-07-02T05:09:27.839+0000] {dagbag.py:538} INFO - Filling up the DagBag from /opt/airflow/dags/batch_pipeline_dag.py
[2026-07-02T05:09:27.887+0000] {processor.py:840} INFO - DAG(s) 'batch_pipeline_harga_pangan' retrieved from /opt/airflow/dags/batch_pipeline_dag.py
[2026-07-02T05:09:28.001+0000] {logging_mixin.py:188} INFO - [2026-07-02T05:09:28.001+0000] {dag.py:3036} INFO - Sync 1 DAGs
[2026-07-02T05:09:28.051+0000] {logging_mixin.py:188} INFO - [2026-07-02T05:09:28.050+0000] {dag.py:3823} INFO - Setting next_dagrun for batch_pipeline_harga_pangan to 2026-07-01 23:00:00+00:00, run_after=2026-07-02 23:00:00+00:00
[2026-07-02T05:09:28.088+0000] {processor.py:183} INFO - Processing /opt/airflow/dags/batch_pipeline_dag.py took 0.257 seconds
[2026-07-02T05:10:00.176+0000] {processor.py:161} INFO - Started process (PID=1239) to work on /opt/airflow/dags/batch_pipeline_dag.py
[2026-07-02T05:10:00.177+0000] {processor.py:830} INFO - Processing file /opt/airflow/dags/batch_pipeline_dag.py for tasks to queue
[2026-07-02T05:10:00.179+0000] {logging_mixin.py:188} INFO - [2026-07-02T05:10:00.178+0000] {dagbag.py:538} INFO - Filling up the DagBag from /opt/airflow/dags/batch_pipeline_dag.py
[2026-07-02T05:10:00.239+0000] {processor.py:840} INFO - DAG(s) 'batch_pipeline_harga_pangan' retrieved from /opt/airflow/dags/batch_pipeline_dag.py
[2026-07-02T05:10:00.358+0000] {logging_mixin.py:188} INFO - [2026-07-02T05:10:00.358+0000] {dag.py:3036} INFO - Sync 1 DAGs
[2026-07-02T05:10:00.410+0000] {logging_mixin.py:188} INFO - [2026-07-02T05:10:00.409+0000] {dag.py:3823} INFO - Setting next_dagrun for batch_pipeline_harga_pangan to 2026-07-01 23:00:00+00:00, run_after=2026-07-02 23:00:00+00:00
[2026-07-02T05:10:00.440+0000] {processor.py:183} INFO - Processing /opt/airflow/dags/batch_pipeline_dag.py took 0.269 seconds
[2026-07-02T05:10:32.887+0000] {processor.py:161} INFO - Started process (PID=1257) to work on /opt/airflow/dags/batch_pipeline_dag.py
[2026-07-02T05:10:32.889+0000] {processor.py:830} INFO - Processing file /opt/airflow/dags/batch_pipeline_dag.py for tasks to queue
[2026-07-02T05:10:32.892+0000] {logging_mixin.py:188} INFO - [2026-07-02T05:10:32.891+0000] {dagbag.py:538} INFO - Filling up the DagBag from /opt/airflow/dags/batch_pipeline_dag.py
[2026-07-02T05:10:32.967+0000] {processor.py:840} INFO - DAG(s) 'batch_pipeline_harga_pangan' retrieved from /opt/airflow/dags/batch_pipeline_dag.py
[2026-07-02T05:10:33.126+0000] {logging_mixin.py:188} INFO - [2026-07-02T05:10:33.125+0000] {dag.py:3036} INFO - Sync 1 DAGs
[2026-07-02T05:10:33.187+0000] {logging_mixin.py:188} INFO - [2026-07-02T05:10:33.185+0000] {dag.py:3823} INFO - Setting next_dagrun for batch_pipeline_harga_pangan to 2026-07-01 23:00:00+00:00, run_after=2026-07-02 23:00:00+00:00
[2026-07-02T05:10:33.249+0000] {processor.py:183} INFO - Processing /opt/airflow/dags/batch_pipeline_dag.py took 0.371 seconds
[2026-07-02T05:11:06.515+0000] {processor.py:161} INFO - Started process (PID=1275) to work on /opt/airflow/dags/batch_pipeline_dag.py
[2026-07-02T05:11:06.517+0000] {processor.py:830} INFO - Processing file /opt/airflow/dags/batch_pipeline_dag.py for tasks to queue
[2026-07-02T05:11:06.520+0000] {logging_mixin.py:188} INFO - [2026-07-02T05:11:06.519+0000] {dagbag.py:538} INFO - Filling up the DagBag from /opt/airflow/dags/batch_pipeline_dag.py
[2026-07-02T05:11:06.619+0000] {processor.py:840} INFO - DAG(s) 'batch_pipeline_harga_pangan' retrieved from /opt/airflow/dags/batch_pipeline_dag.py
[2026-07-02T05:11:06.821+0000] {logging_mixin.py:188} INFO - [2026-07-02T05:11:06.820+0000] {dag.py:3036} INFO - Sync 1 DAGs
[2026-07-02T05:11:06.896+0000] {logging_mixin.py:188} INFO - [2026-07-02T05:11:06.896+0000] {dag.py:3823} INFO - Setting next_dagrun for batch_pipeline_harga_pangan to 2026-07-01 23:00:00+00:00, run_after=2026-07-02 23:00:00+00:00
[2026-07-02T05:11:06.952+0000] {processor.py:183} INFO - Processing /opt/airflow/dags/batch_pipeline_dag.py took 0.449 seconds
[2026-07-02T05:11:39.153+0000] {processor.py:161} INFO - Started process (PID=1285) to work on /opt/airflow/dags/batch_pipeline_dag.py
[2026-07-02T05:11:39.156+0000] {processor.py:830} INFO - Processing file /opt/airflow/dags/batch_pipeline_dag.py for tasks to queue
[2026-07-02T05:11:39.157+0000] {logging_mixin.py:188} INFO - [2026-07-02T05:11:39.157+0000] {dagbag.py:538} INFO - Filling up the DagBag from /opt/airflow/dags/batch_pipeline_dag.py
[2026-07-02T05:11:39.211+0000] {processor.py:840} INFO - DAG(s) 'batch_pipeline_harga_pangan' retrieved from /opt/airflow/dags/batch_pipeline_dag.py
[2026-07-02T05:11:39.329+0000] {logging_mixin.py:188} INFO - [2026-07-02T05:11:39.329+0000] {dag.py:3036} INFO - Sync 1 DAGs
[2026-07-02T05:11:39.375+0000] {logging_mixin.py:188} INFO - [2026-07-02T05:11:39.374+0000] {dag.py:3823} INFO - Setting next_dagrun for batch_pipeline_harga_pangan to 2026-07-01 23:00:00+00:00, run_after=2026-07-02 23:00:00+00:00
[2026-07-02T05:11:39.411+0000] {processor.py:183} INFO - Processing /opt/airflow/dags/batch_pipeline_dag.py took 0.266 seconds
[2026-07-02T05:12:11.512+0000] {processor.py:161} INFO - Started process (PID=1303) to work on /opt/airflow/dags/batch_pipeline_dag.py
[2026-07-02T05:12:11.514+0000] {processor.py:830} INFO - Processing file /opt/airflow/dags/batch_pipeline_dag.py for tasks to queue
[2026-07-02T05:12:11.517+0000] {logging_mixin.py:188} INFO - [2026-07-02T05:12:11.516+0000] {dagbag.py:538} INFO - Filling up the DagBag from /opt/airflow/dags/batch_pipeline_dag.py
[2026-07-02T05:12:11.576+0000] {processor.py:840} INFO - DAG(s) 'batch_pipeline_harga_pangan' retrieved from /opt/airflow/dags/batch_pipeline_dag.py
[2026-07-02T05:12:11.683+0000] {logging_mixin.py:188} INFO - [2026-07-02T05:12:11.683+0000] {dag.py:3036} INFO - Sync 1 DAGs
[2026-07-02T05:12:11.726+0000] {logging_mixin.py:188} INFO - [2026-07-02T05:12:11.726+0000] {dag.py:3823} INFO - Setting next_dagrun for batch_pipeline_harga_pangan to 2026-07-01 23:00:00+00:00, run_after=2026-07-02 23:00:00+00:00
[2026-07-02T05:12:11.760+0000] {processor.py:183} INFO - Processing /opt/airflow/dags/batch_pipeline_dag.py took 0.255 seconds
[2026-07-02T05:12:44.048+0000] {processor.py:161} INFO - Started process (PID=1321) to work on /opt/airflow/dags/batch_pipeline_dag.py
[2026-07-02T05:12:44.050+0000] {processor.py:830} INFO - Processing file /opt/airflow/dags/batch_pipeline_dag.py for tasks to queue
[2026-07-02T05:12:44.052+0000] {logging_mixin.py:188} INFO - [2026-07-02T05:12:44.051+0000] {dagbag.py:538} INFO - Filling up the DagBag from /opt/airflow/dags/batch_pipeline_dag.py
[2026-07-02T05:12:44.108+0000] {processor.py:840} INFO - DAG(s) 'batch_pipeline_harga_pangan' retrieved from /opt/airflow/dags/batch_pipeline_dag.py
[2026-07-02T05:12:44.219+0000] {logging_mixin.py:188} INFO - [2026-07-02T05:12:44.219+0000] {dag.py:3036} INFO - Sync 1 DAGs
[2026-07-02T05:12:44.266+0000] {logging_mixin.py:188} INFO - [2026-07-02T05:12:44.265+0000] {dag.py:3823} INFO - Setting next_dagrun for batch_pipeline_harga_pangan to 2026-07-01 23:00:00+00:00, run_after=2026-07-02 23:00:00+00:00
[2026-07-02T05:12:44.301+0000] {processor.py:183} INFO - Processing /opt/airflow/dags/batch_pipeline_dag.py took 0.257 seconds
[2026-07-02T05:13:17.392+0000] {processor.py:161} INFO - Started process (PID=1339) to work on /opt/airflow/dags/batch_pipeline_dag.py
[2026-07-02T05:13:17.394+0000] {processor.py:830} INFO - Processing file /opt/airflow/dags/batch_pipeline_dag.py for tasks to queue
[2026-07-02T05:13:17.396+0000] {logging_mixin.py:188} INFO - [2026-07-02T05:13:17.395+0000] {dagbag.py:538} INFO - Filling up the DagBag from /opt/airflow/dags/batch_pipeline_dag.py
[2026-07-02T05:13:17.441+0000] {processor.py:840} INFO - DAG(s) 'batch_pipeline_harga_pangan' retrieved from /opt/airflow/dags/batch_pipeline_dag.py
[2026-07-02T05:13:17.551+0000] {logging_mixin.py:188} INFO - [2026-07-02T05:13:17.550+0000] {dag.py:3036} INFO - Sync 1 DAGs
[2026-07-02T05:13:17.595+0000] {logging_mixin.py:188} INFO - [2026-07-02T05:13:17.594+0000] {dag.py:3823} INFO - Setting next_dagrun for batch_pipeline_harga_pangan to 2026-07-01 23:00:00+00:00, run_after=2026-07-02 23:00:00+00:00
[2026-07-02T05:13:17.630+0000] {processor.py:183} INFO - Processing /opt/airflow/dags/batch_pipeline_dag.py took 0.246 seconds
[2026-07-02T05:13:49.730+0000] {processor.py:161} INFO - Started process (PID=1357) to work on /opt/airflow/dags/batch_pipeline_dag.py
[2026-07-02T05:13:49.732+0000] {processor.py:830} INFO - Processing file /opt/airflow/dags/batch_pipeline_dag.py for tasks to queue
[2026-07-02T05:13:49.735+0000] {logging_mixin.py:188} INFO - [2026-07-02T05:13:49.734+0000] {dagbag.py:538} INFO - Filling up the DagBag from /opt/airflow/dags/batch_pipeline_dag.py
[2026-07-02T05:13:49.797+0000] {processor.py:840} INFO - DAG(s) 'batch_pipeline_harga_pangan' retrieved from /opt/airflow/dags/batch_pipeline_dag.py
[2026-07-02T05:13:49.924+0000] {logging_mixin.py:188} INFO - [2026-07-02T05:13:49.924+0000] {dag.py:3036} INFO - Sync 1 DAGs
[2026-07-02T05:13:49.970+0000] {logging_mixin.py:188} INFO - [2026-07-02T05:13:49.970+0000] {dag.py:3823} INFO - Setting next_dagrun for batch_pipeline_harga_pangan to 2026-07-01 23:00:00+00:00, run_after=2026-07-02 23:00:00+00:00
[2026-07-02T05:13:50.008+0000] {processor.py:183} INFO - Processing /opt/airflow/dags/batch_pipeline_dag.py took 0.283 seconds
[2026-07-02T05:14:22.590+0000] {processor.py:161} INFO - Started process (PID=1376) to work on /opt/airflow/dags/batch_pipeline_dag.py
[2026-07-02T05:14:22.591+0000] {processor.py:830} INFO - Processing file /opt/airflow/dags/batch_pipeline_dag.py for tasks to queue
[2026-07-02T05:14:22.593+0000] {logging_mixin.py:188} INFO - [2026-07-02T05:14:22.592+0000] {dagbag.py:538} INFO - Filling up the DagBag from /opt/airflow/dags/batch_pipeline_dag.py
[2026-07-02T05:14:22.644+0000] {processor.py:840} INFO - DAG(s) 'batch_pipeline_harga_pangan' retrieved from /opt/airflow/dags/batch_pipeline_dag.py
[2026-07-02T05:14:22.755+0000] {logging_mixin.py:188} INFO - [2026-07-02T05:14:22.755+0000] {dag.py:3036} INFO - Sync 1 DAGs
[2026-07-02T05:14:22.800+0000] {logging_mixin.py:188} INFO - [2026-07-02T05:14:22.800+0000] {dag.py:3823} INFO - Setting next_dagrun for batch_pipeline_harga_pangan to 2026-07-01 23:00:00+00:00, run_after=2026-07-02 23:00:00+00:00
[2026-07-02T05:14:22.833+0000] {processor.py:183} INFO - Processing /opt/airflow/dags/batch_pipeline_dag.py took 0.250 seconds
[2026-07-02T05:14:56.630+0000] {processor.py:161} INFO - Started process (PID=1394) to work on /opt/airflow/dags/batch_pipeline_dag.py
[2026-07-02T05:14:56.632+0000] {processor.py:830} INFO - Processing file /opt/airflow/dags/batch_pipeline_dag.py for tasks to queue
[2026-07-02T05:14:56.636+0000] {logging_mixin.py:188} INFO - [2026-07-02T05:14:56.635+0000] {dagbag.py:538} INFO - Filling up the DagBag from /opt/airflow/dags/batch_pipeline_dag.py
[2026-07-02T05:14:56.745+0000] {processor.py:840} INFO - DAG(s) 'batch_pipeline_harga_pangan' retrieved from /opt/airflow/dags/batch_pipeline_dag.py
[2026-07-02T05:14:56.971+0000] {logging_mixin.py:188} INFO - [2026-07-02T05:14:56.971+0000] {dag.py:3036} INFO - Sync 1 DAGs
[2026-07-02T05:14:57.035+0000] {logging_mixin.py:188} INFO - [2026-07-02T05:14:57.035+0000] {dag.py:3823} INFO - Setting next_dagrun for batch_pipeline_harga_pangan to 2026-07-01 23:00:00+00:00, run_after=2026-07-02 23:00:00+00:00
[2026-07-02T05:14:57.080+0000] {processor.py:183} INFO - Processing /opt/airflow/dags/batch_pipeline_dag.py took 0.458 seconds
[2026-07-02T05:15:30.006+0000] {processor.py:161} INFO - Started process (PID=1412) to work on /opt/airflow/dags/batch_pipeline_dag.py
[2026-07-02T05:15:30.011+0000] {processor.py:830} INFO - Processing file /opt/airflow/dags/batch_pipeline_dag.py for tasks to queue
[2026-07-02T05:15:30.014+0000] {logging_mixin.py:188} INFO - [2026-07-02T05:15:30.013+0000] {dagbag.py:538} INFO - Filling up the DagBag from /opt/airflow/dags/batch_pipeline_dag.py
[2026-07-02T05:15:30.120+0000] {processor.py:840} INFO - DAG(s) 'batch_pipeline_harga_pangan' retrieved from /opt/airflow/dags/batch_pipeline_dag.py
[2026-07-02T05:15:30.376+0000] {logging_mixin.py:188} INFO - [2026-07-02T05:15:30.375+0000] {dag.py:3036} INFO - Sync 1 DAGs
[2026-07-02T05:15:30.480+0000] {logging_mixin.py:188} INFO - [2026-07-02T05:15:30.479+0000] {dag.py:3823} INFO - Setting next_dagrun for batch_pipeline_harga_pangan to 2026-07-01 23:00:00+00:00, run_after=2026-07-02 23:00:00+00:00
[2026-07-02T05:15:30.565+0000] {processor.py:183} INFO - Processing /opt/airflow/dags/batch_pipeline_dag.py took 0.577 seconds
[2026-07-02T05:16:03.243+0000] {processor.py:161} INFO - Started process (PID=1422) to work on /opt/airflow/dags/batch_pipeline_dag.py
[2026-07-02T05:16:03.245+0000] {processor.py:830} INFO - Processing file /opt/airflow/dags/batch_pipeline_dag.py for tasks to queue
[2026-07-02T05:16:03.247+0000] {logging_mixin.py:188} INFO - [2026-07-02T05:16:03.246+0000] {dagbag.py:538} INFO - Filling up the DagBag from /opt/airflow/dags/batch_pipeline_dag.py
[2026-07-02T05:16:03.298+0000] {processor.py:840} INFO - DAG(s) 'batch_pipeline_harga_pangan' retrieved from /opt/airflow/dags/batch_pipeline_dag.py
[2026-07-02T05:16:03.415+0000] {logging_mixin.py:188} INFO - [2026-07-02T05:16:03.414+0000] {dag.py:3036} INFO - Sync 1 DAGs
[2026-07-02T05:16:03.464+0000] {logging_mixin.py:188} INFO - [2026-07-02T05:16:03.464+0000] {dag.py:3823} INFO - Setting next_dagrun for batch_pipeline_harga_pangan to 2026-07-01 23:00:00+00:00, run_after=2026-07-02 23:00:00+00:00
[2026-07-02T05:16:03.499+0000] {processor.py:183} INFO - Processing /opt/airflow/dags/batch_pipeline_dag.py took 0.262 seconds
[2026-07-02T05:16:36.205+0000] {processor.py:161} INFO - Started process (PID=1440) to work on /opt/airflow/dags/batch_pipeline_dag.py
[2026-07-02T05:16:36.207+0000] {processor.py:830} INFO - Processing file /opt/airflow/dags/batch_pipeline_dag.py for tasks to queue
[2026-07-02T05:16:36.209+0000] {logging_mixin.py:188} INFO - [2026-07-02T05:16:36.209+0000] {dagbag.py:538} INFO - Filling up the DagBag from /opt/airflow/dags/batch_pipeline_dag.py
[2026-07-02T05:16:36.272+0000] {processor.py:840} INFO - DAG(s) 'batch_pipeline_harga_pangan' retrieved from /opt/airflow/dags/batch_pipeline_dag.py
[2026-07-02T05:16:36.416+0000] {logging_mixin.py:188} INFO - [2026-07-02T05:16:36.416+0000] {dag.py:3036} INFO - Sync 1 DAGs
[2026-07-02T05:16:36.467+0000] {logging_mixin.py:188} INFO - [2026-07-02T05:16:36.467+0000] {dag.py:3823} INFO - Setting next_dagrun for batch_pipeline_harga_pangan to 2026-07-01 23:00:00+00:00, run_after=2026-07-02 23:00:00+00:00
[2026-07-02T05:16:36.499+0000] {processor.py:183} INFO - Processing /opt/airflow/dags/batch_pipeline_dag.py took 0.303 seconds
[2026-07-02T05:17:09.166+0000] {processor.py:161} INFO - Started process (PID=1458) to work on /opt/airflow/dags/batch_pipeline_dag.py
[2026-07-02T05:17:09.168+0000] {processor.py:830} INFO - Processing file /opt/airflow/dags/batch_pipeline_dag.py for tasks to queue
[2026-07-02T05:17:09.172+0000] {logging_mixin.py:188} INFO - [2026-07-02T05:17:09.171+0000] {dagbag.py:538} INFO - Filling up the DagBag from /opt/airflow/dags/batch_pipeline_dag.py
[2026-07-02T05:17:09.240+0000] {processor.py:840} INFO - DAG(s) 'batch_pipeline_harga_pangan' retrieved from /opt/airflow/dags/batch_pipeline_dag.py
[2026-07-02T05:17:09.381+0000] {logging_mixin.py:188} INFO - [2026-07-02T05:17:09.381+0000] {dag.py:3036} INFO - Sync 1 DAGs
[2026-07-02T05:17:09.429+0000] {logging_mixin.py:188} INFO - [2026-07-02T05:17:09.429+0000] {dag.py:3823} INFO - Setting next_dagrun for batch_pipeline_harga_pangan to 2026-07-01 23:00:00+00:00, run_after=2026-07-02 23:00:00+00:00
[2026-07-02T05:17:09.460+0000] {processor.py:183} INFO - Processing /opt/airflow/dags/batch_pipeline_dag.py took 0.299 seconds
[2026-07-02T05:17:43.326+0000] {processor.py:161} INFO - Started process (PID=1476) to work on /opt/airflow/dags/batch_pipeline_dag.py
[2026-07-02T05:17:43.328+0000] {processor.py:830} INFO - Processing file /opt/airflow/dags/batch_pipeline_dag.py for tasks to queue
[2026-07-02T05:17:43.329+0000] {logging_mixin.py:188} INFO - [2026-07-02T05:17:43.329+0000] {dagbag.py:538} INFO - Filling up the DagBag from /opt/airflow/dags/batch_pipeline_dag.py
[2026-07-02T05:17:43.381+0000] {processor.py:840} INFO - DAG(s) 'batch_pipeline_harga_pangan' retrieved from /opt/airflow/dags/batch_pipeline_dag.py
[2026-07-02T05:17:43.498+0000] {logging_mixin.py:188} INFO - [2026-07-02T05:17:43.498+0000] {dag.py:3036} INFO - Sync 1 DAGs
[2026-07-02T05:17:43.545+0000] {logging_mixin.py:188} INFO - [2026-07-02T05:17:43.545+0000] {dag.py:3823} INFO - Setting next_dagrun for batch_pipeline_harga_pangan to 2026-07-01 23:00:00+00:00, run_after=2026-07-02 23:00:00+00:00
[2026-07-02T05:17:43.582+0000] {processor.py:183} INFO - Processing /opt/airflow/dags/batch_pipeline_dag.py took 0.260 seconds
[2026-07-02T05:18:16.400+0000] {processor.py:161} INFO - Started process (PID=1494) to work on /opt/airflow/dags/batch_pipeline_dag.py
[2026-07-02T05:18:16.403+0000] {processor.py:830} INFO - Processing file /opt/airflow/dags/batch_pipeline_dag.py for tasks to queue
[2026-07-02T05:18:16.406+0000] {logging_mixin.py:188} INFO - [2026-07-02T05:18:16.405+0000] {dagbag.py:538} INFO - Filling up the DagBag from /opt/airflow/dags/batch_pipeline_dag.py
[2026-07-02T05:18:16.472+0000] {processor.py:840} INFO - DAG(s) 'batch_pipeline_harga_pangan' retrieved from /opt/airflow/dags/batch_pipeline_dag.py
[2026-07-02T05:18:16.578+0000] {logging_mixin.py:188} INFO - [2026-07-02T05:18:16.577+0000] {dag.py:3036} INFO - Sync 1 DAGs
[2026-07-02T05:18:16.629+0000] {logging_mixin.py:188} INFO - [2026-07-02T05:18:16.629+0000] {dag.py:3823} INFO - Setting next_dagrun for batch_pipeline_harga_pangan to 2026-07-01 23:00:00+00:00, run_after=2026-07-02 23:00:00+00:00
[2026-07-02T05:18:16.657+0000] {processor.py:183} INFO - Processing /opt/airflow/dags/batch_pipeline_dag.py took 0.263 seconds
[2026-07-02T05:18:49.333+0000] {processor.py:161} INFO - Started process (PID=1512) to work on /opt/airflow/dags/batch_pipeline_dag.py
[2026-07-02T05:18:49.335+0000] {processor.py:830} INFO - Processing file /opt/airflow/dags/batch_pipeline_dag.py for tasks to queue
[2026-07-02T05:18:49.336+0000] {logging_mixin.py:188} INFO - [2026-07-02T05:18:49.336+0000] {dagbag.py:538} INFO - Filling up the DagBag from /opt/airflow/dags/batch_pipeline_dag.py
[2026-07-02T05:18:49.397+0000] {processor.py:840} INFO - DAG(s) 'batch_pipeline_harga_pangan' retrieved from /opt/airflow/dags/batch_pipeline_dag.py
[2026-07-02T05:18:49.518+0000] {logging_mixin.py:188} INFO - [2026-07-02T05:18:49.517+0000] {dag.py:3036} INFO - Sync 1 DAGs
[2026-07-02T05:18:49.566+0000] {logging_mixin.py:188} INFO - [2026-07-02T05:18:49.566+0000] {dag.py:3823} INFO - Setting next_dagrun for batch_pipeline_harga_pangan to 2026-07-01 23:00:00+00:00, run_after=2026-07-02 23:00:00+00:00
[2026-07-02T05:18:49.607+0000] {processor.py:183} INFO - Processing /opt/airflow/dags/batch_pipeline_dag.py took 0.282 seconds
[2026-07-02T05:19:22.461+0000] {processor.py:161} INFO - Started process (PID=1530) to work on /opt/airflow/dags/batch_pipeline_dag.py
[2026-07-02T05:19:22.463+0000] {processor.py:830} INFO - Processing file /opt/airflow/dags/batch_pipeline_dag.py for tasks to queue
[2026-07-02T05:19:22.468+0000] {logging_mixin.py:188} INFO - [2026-07-02T05:19:22.465+0000] {dagbag.py:538} INFO - Filling up the DagBag from /opt/airflow/dags/batch_pipeline_dag.py
[2026-07-02T05:19:22.540+0000] {processor.py:840} INFO - DAG(s) 'batch_pipeline_harga_pangan' retrieved from /opt/airflow/dags/batch_pipeline_dag.py
[2026-07-02T05:19:22.684+0000] {logging_mixin.py:188} INFO - [2026-07-02T05:19:22.684+0000] {dag.py:3036} INFO - Sync 1 DAGs
[2026-07-02T05:19:22.744+0000] {logging_mixin.py:188} INFO - [2026-07-02T05:19:22.744+0000] {dag.py:3823} INFO - Setting next_dagrun for batch_pipeline_harga_pangan to 2026-07-01 23:00:00+00:00, run_after=2026-07-02 23:00:00+00:00
[2026-07-02T05:19:22.785+0000] {processor.py:183} INFO - Processing /opt/airflow/dags/batch_pipeline_dag.py took 0.340 seconds
[2026-07-02T05:19:53.166+0000] {processor.py:161} INFO - Started process (PID=1548) to work on /opt/airflow/dags/batch_pipeline_dag.py
[2026-07-02T05:19:53.168+0000] {processor.py:830} INFO - Processing file /opt/airflow/dags/batch_pipeline_dag.py for tasks to queue
[2026-07-02T05:19:53.171+0000] {logging_mixin.py:188} INFO - [2026-07-02T05:19:53.170+0000] {dagbag.py:538} INFO - Filling up the DagBag from /opt/airflow/dags/batch_pipeline_dag.py
[2026-07-02T05:19:53.227+0000] {processor.py:840} INFO - DAG(s) 'batch_pipeline_harga_pangan' retrieved from /opt/airflow/dags/batch_pipeline_dag.py
[2026-07-02T05:19:53.341+0000] {logging_mixin.py:188} INFO - [2026-07-02T05:19:53.341+0000] {dag.py:3036} INFO - Sync 1 DAGs
[2026-07-02T05:19:53.385+0000] {logging_mixin.py:188} INFO - [2026-07-02T05:19:53.385+0000] {dag.py:3823} INFO - Setting next_dagrun for batch_pipeline_harga_pangan to 2026-07-01 23:00:00+00:00, run_after=2026-07-02 23:00:00+00:00
[2026-07-02T05:19:53.417+0000] {processor.py:183} INFO - Processing /opt/airflow/dags/batch_pipeline_dag.py took 0.259 seconds
[2026-07-02T05:20:24.235+0000] {processor.py:161} INFO - Started process (PID=1558) to work on /opt/airflow/dags/batch_pipeline_dag.py
[2026-07-02T05:20:24.241+0000] {processor.py:830} INFO - Processing file /opt/airflow/dags/batch_pipeline_dag.py for tasks to queue
[2026-07-02T05:20:24.259+0000] {logging_mixin.py:188} INFO - [2026-07-02T05:20:24.258+0000] {dagbag.py:538} INFO - Filling up the DagBag from /opt/airflow/dags/batch_pipeline_dag.py
[2026-07-02T05:20:24.554+0000] {processor.py:840} INFO - DAG(s) 'batch_pipeline_harga_pangan' retrieved from /opt/airflow/dags/batch_pipeline_dag.py
[2026-07-02T05:20:25.051+0000] {logging_mixin.py:188} INFO - [2026-07-02T05:20:25.050+0000] {dag.py:3036} INFO - Sync 1 DAGs
[2026-07-02T05:20:25.205+0000] {logging_mixin.py:188} INFO - [2026-07-02T05:20:25.205+0000] {dag.py:3823} INFO - Setting next_dagrun for batch_pipeline_harga_pangan to 2026-07-01 23:00:00+00:00, run_after=2026-07-02 23:00:00+00:00
[2026-07-02T05:20:25.309+0000] {processor.py:183} INFO - Processing /opt/airflow/dags/batch_pipeline_dag.py took 1.092 seconds
[2026-07-02T05:20:56.146+0000] {processor.py:161} INFO - Started process (PID=1576) to work on /opt/airflow/dags/batch_pipeline_dag.py
[2026-07-02T05:20:56.150+0000] {processor.py:830} INFO - Processing file /opt/airflow/dags/batch_pipeline_dag.py for tasks to queue
[2026-07-02T05:20:56.152+0000] {logging_mixin.py:188} INFO - [2026-07-02T05:20:56.151+0000] {dagbag.py:538} INFO - Filling up the DagBag from /opt/airflow/dags/batch_pipeline_dag.py
[2026-07-02T05:20:56.207+0000] {processor.py:840} INFO - DAG(s) 'batch_pipeline_harga_pangan' retrieved from /opt/airflow/dags/batch_pipeline_dag.py
[2026-07-02T05:20:56.351+0000] {logging_mixin.py:188} INFO - [2026-07-02T05:20:56.351+0000] {dag.py:3036} INFO - Sync 1 DAGs
[2026-07-02T05:20:56.402+0000] {logging_mixin.py:188} INFO - [2026-07-02T05:20:56.401+0000] {dag.py:3823} INFO - Setting next_dagrun for batch_pipeline_harga_pangan to 2026-07-01 23:00:00+00:00, run_after=2026-07-02 23:00:00+00:00
[2026-07-02T05:20:56.436+0000] {processor.py:183} INFO - Processing /opt/airflow/dags/batch_pipeline_dag.py took 0.297 seconds
[2026-07-02T05:21:26.741+0000] {processor.py:161} INFO - Started process (PID=1594) to work on /opt/airflow/dags/batch_pipeline_dag.py
[2026-07-02T05:21:26.745+0000] {processor.py:830} INFO - Processing file /opt/airflow/dags/batch_pipeline_dag.py for tasks to queue
[2026-07-02T05:21:26.749+0000] {logging_mixin.py:188} INFO - [2026-07-02T05:21:26.749+0000] {dagbag.py:538} INFO - Filling up the DagBag from /opt/airflow/dags/batch_pipeline_dag.py
[2026-07-02T05:21:26.825+0000] {processor.py:840} INFO - DAG(s) 'batch_pipeline_harga_pangan' retrieved from /opt/airflow/dags/batch_pipeline_dag.py
[2026-07-02T05:21:26.971+0000] {logging_mixin.py:188} INFO - [2026-07-02T05:21:26.971+0000] {dag.py:3036} INFO - Sync 1 DAGs
[2026-07-02T05:21:27.020+0000] {logging_mixin.py:188} INFO - [2026-07-02T05:21:27.019+0000] {dag.py:3823} INFO - Setting next_dagrun for batch_pipeline_harga_pangan to 2026-07-01 23:00:00+00:00, run_after=2026-07-02 23:00:00+00:00
[2026-07-02T05:21:27.098+0000] {processor.py:183} INFO - Processing /opt/airflow/dags/batch_pipeline_dag.py took 0.364 seconds
[2026-07-02T05:21:57.808+0000] {processor.py:161} INFO - Started process (PID=1611) to work on /opt/airflow/dags/batch_pipeline_dag.py
[2026-07-02T05:21:57.810+0000] {processor.py:830} INFO - Processing file /opt/airflow/dags/batch_pipeline_dag.py for tasks to queue
[2026-07-02T05:21:57.813+0000] {logging_mixin.py:188} INFO - [2026-07-02T05:21:57.812+0000] {dagbag.py:538} INFO - Filling up the DagBag from /opt/airflow/dags/batch_pipeline_dag.py
[2026-07-02T05:21:57.882+0000] {processor.py:840} INFO - DAG(s) 'batch_pipeline_harga_pangan' retrieved from /opt/airflow/dags/batch_pipeline_dag.py
[2026-07-02T05:21:58.015+0000] {logging_mixin.py:188} INFO - [2026-07-02T05:21:58.015+0000] {dag.py:3036} INFO - Sync 1 DAGs
[2026-07-02T05:21:58.073+0000] {logging_mixin.py:188} INFO - [2026-07-02T05:21:58.073+0000] {dag.py:3823} INFO - Setting next_dagrun for batch_pipeline_harga_pangan to 2026-07-01 23:00:00+00:00, run_after=2026-07-02 23:00:00+00:00
[2026-07-02T05:21:58.122+0000] {processor.py:183} INFO - Processing /opt/airflow/dags/batch_pipeline_dag.py took 0.323 seconds
[2026-07-02T05:22:28.839+0000] {processor.py:161} INFO - Started process (PID=1629) to work on /opt/airflow/dags/batch_pipeline_dag.py
[2026-07-02T05:22:28.842+0000] {processor.py:830} INFO - Processing file /opt/airflow/dags/batch_pipeline_dag.py for tasks to queue
[2026-07-02T05:22:28.845+0000] {logging_mixin.py:188} INFO - [2026-07-02T05:22:28.844+0000] {dagbag.py:538} INFO - Filling up the DagBag from /opt/airflow/dags/batch_pipeline_dag.py
[2026-07-02T05:22:28.912+0000] {processor.py:840} INFO - DAG(s) 'batch_pipeline_harga_pangan' retrieved from /opt/airflow/dags/batch_pipeline_dag.py
[2026-07-02T05:22:29.037+0000] {logging_mixin.py:188} INFO - [2026-07-02T05:22:29.036+0000] {dag.py:3036} INFO - Sync 1 DAGs
[2026-07-02T05:22:29.094+0000] {logging_mixin.py:188} INFO - [2026-07-02T05:22:29.093+0000] {dag.py:3823} INFO - Setting next_dagrun for batch_pipeline_harga_pangan to 2026-07-01 23:00:00+00:00, run_after=2026-07-02 23:00:00+00:00
[2026-07-02T05:22:29.131+0000] {processor.py:183} INFO - Processing /opt/airflow/dags/batch_pipeline_dag.py took 0.304 seconds
[2026-07-02T05:22:59.825+0000] {processor.py:161} INFO - Started process (PID=1639) to work on /opt/airflow/dags/batch_pipeline_dag.py
[2026-07-02T05:22:59.827+0000] {processor.py:830} INFO - Processing file /opt/airflow/dags/batch_pipeline_dag.py for tasks to queue
[2026-07-02T05:22:59.829+0000] {logging_mixin.py:188} INFO - [2026-07-02T05:22:59.829+0000] {dagbag.py:538} INFO - Filling up the DagBag from /opt/airflow/dags/batch_pipeline_dag.py
[2026-07-02T05:22:59.919+0000] {processor.py:840} INFO - DAG(s) 'batch_pipeline_harga_pangan' retrieved from /opt/airflow/dags/batch_pipeline_dag.py
[2026-07-02T05:23:00.081+0000] {logging_mixin.py:188} INFO - [2026-07-02T05:23:00.080+0000] {dag.py:3036} INFO - Sync 1 DAGs
[2026-07-02T05:23:00.145+0000] {logging_mixin.py:188} INFO - [2026-07-02T05:23:00.145+0000] {dag.py:3823} INFO - Setting next_dagrun for batch_pipeline_harga_pangan to 2026-07-01 23:00:00+00:00, run_after=2026-07-02 23:00:00+00:00
[2026-07-02T05:23:00.187+0000] {processor.py:183} INFO - Processing /opt/airflow/dags/batch_pipeline_dag.py took 0.369 seconds
[2026-07-02T05:23:30.924+0000] {processor.py:161} INFO - Started process (PID=1657) to work on /opt/airflow/dags/batch_pipeline_dag.py
[2026-07-02T05:23:30.928+0000] {processor.py:830} INFO - Processing file /opt/airflow/dags/batch_pipeline_dag.py for tasks to queue
[2026-07-02T05:23:30.930+0000] {logging_mixin.py:188} INFO - [2026-07-02T05:23:30.930+0000] {dagbag.py:538} INFO - Filling up the DagBag from /opt/airflow/dags/batch_pipeline_dag.py
[2026-07-02T05:23:31.045+0000] {processor.py:840} INFO - DAG(s) 'batch_pipeline_harga_pangan' retrieved from /opt/airflow/dags/batch_pipeline_dag.py
[2026-07-02T05:23:31.309+0000] {logging_mixin.py:188} INFO - [2026-07-02T05:23:31.308+0000] {dag.py:3036} INFO - Sync 1 DAGs
[2026-07-02T05:23:31.402+0000] {logging_mixin.py:188} INFO - [2026-07-02T05:23:31.402+0000] {dag.py:3823} INFO - Setting next_dagrun for batch_pipeline_harga_pangan to 2026-07-01 23:00:00+00:00, run_after=2026-07-02 23:00:00+00:00
[2026-07-02T05:23:31.438+0000] {processor.py:183} INFO - Processing /opt/airflow/dags/batch_pipeline_dag.py took 0.530 seconds
[2026-07-02T05:24:02.039+0000] {processor.py:161} INFO - Started process (PID=1675) to work on /opt/airflow/dags/batch_pipeline_dag.py
[2026-07-02T05:24:02.044+0000] {processor.py:830} INFO - Processing file /opt/airflow/dags/batch_pipeline_dag.py for tasks to queue
[2026-07-02T05:24:02.047+0000] {logging_mixin.py:188} INFO - [2026-07-02T05:24:02.046+0000] {dagbag.py:538} INFO - Filling up the DagBag from /opt/airflow/dags/batch_pipeline_dag.py
[2026-07-02T05:24:02.098+0000] {processor.py:840} INFO - DAG(s) 'batch_pipeline_harga_pangan' retrieved from /opt/airflow/dags/batch_pipeline_dag.py
[2026-07-02T05:24:02.196+0000] {logging_mixin.py:188} INFO - [2026-07-02T05:24:02.195+0000] {dag.py:3036} INFO - Sync 1 DAGs
[2026-07-02T05:24:02.235+0000] {logging_mixin.py:188} INFO - [2026-07-02T05:24:02.235+0000] {dag.py:3823} INFO - Setting next_dagrun for batch_pipeline_harga_pangan to 2026-07-01 23:00:00+00:00, run_after=2026-07-02 23:00:00+00:00
[2026-07-02T05:24:02.261+0000] {processor.py:183} INFO - Processing /opt/airflow/dags/batch_pipeline_dag.py took 0.230 seconds
[2026-07-02T05:24:33.040+0000] {processor.py:161} INFO - Started process (PID=1693) to work on /opt/airflow/dags/batch_pipeline_dag.py
[2026-07-02T05:24:33.042+0000] {processor.py:830} INFO - Processing file /opt/airflow/dags/batch_pipeline_dag.py for tasks to queue
[2026-07-02T05:24:33.044+0000] {logging_mixin.py:188} INFO - [2026-07-02T05:24:33.043+0000] {dagbag.py:538} INFO - Filling up the DagBag from /opt/airflow/dags/batch_pipeline_dag.py
[2026-07-02T05:24:33.104+0000] {processor.py:840} INFO - DAG(s) 'batch_pipeline_harga_pangan' retrieved from /opt/airflow/dags/batch_pipeline_dag.py
[2026-07-02T05:24:33.252+0000] {logging_mixin.py:188} INFO - [2026-07-02T05:24:33.251+0000] {dag.py:3036} INFO - Sync 1 DAGs
[2026-07-02T05:24:33.300+0000] {logging_mixin.py:188} INFO - [2026-07-02T05:24:33.299+0000] {dag.py:3823} INFO - Setting next_dagrun for batch_pipeline_harga_pangan to 2026-07-01 23:00:00+00:00, run_after=2026-07-02 23:00:00+00:00
[2026-07-02T05:24:33.351+0000] {processor.py:183} INFO - Processing /opt/airflow/dags/batch_pipeline_dag.py took 0.318 seconds
[2026-07-02T05:25:04.193+0000] {processor.py:161} INFO - Started process (PID=1711) to work on /opt/airflow/dags/batch_pipeline_dag.py
[2026-07-02T05:25:04.201+0000] {processor.py:830} INFO - Processing file /opt/airflow/dags/batch_pipeline_dag.py for tasks to queue
[2026-07-02T05:25:04.203+0000] {logging_mixin.py:188} INFO - [2026-07-02T05:25:04.203+0000] {dagbag.py:538} INFO - Filling up the DagBag from /opt/airflow/dags/batch_pipeline_dag.py
[2026-07-02T05:25:04.290+0000] {processor.py:840} INFO - DAG(s) 'batch_pipeline_harga_pangan' retrieved from /opt/airflow/dags/batch_pipeline_dag.py
[2026-07-02T05:25:04.487+0000] {logging_mixin.py:188} INFO - [2026-07-02T05:25:04.486+0000] {dag.py:3036} INFO - Sync 1 DAGs
[2026-07-02T05:25:04.568+0000] {logging_mixin.py:188} INFO - [2026-07-02T05:25:04.567+0000] {dag.py:3823} INFO - Setting next_dagrun for batch_pipeline_harga_pangan to 2026-07-01 23:00:00+00:00, run_after=2026-07-02 23:00:00+00:00
[2026-07-02T05:25:04.635+0000] {processor.py:183} INFO - Processing /opt/airflow/dags/batch_pipeline_dag.py took 0.450 seconds
[2026-07-02T05:25:35.615+0000] {processor.py:161} INFO - Started process (PID=1721) to work on /opt/airflow/dags/batch_pipeline_dag.py
[2026-07-02T05:25:35.620+0000] {processor.py:830} INFO - Processing file /opt/airflow/dags/batch_pipeline_dag.py for tasks to queue
[2026-07-02T05:25:35.626+0000] {logging_mixin.py:188} INFO - [2026-07-02T05:25:35.625+0000] {dagbag.py:538} INFO - Filling up the DagBag from /opt/airflow/dags/batch_pipeline_dag.py
[2026-07-02T05:25:35.923+0000] {processor.py:840} INFO - DAG(s) 'batch_pipeline_harga_pangan' retrieved from /opt/airflow/dags/batch_pipeline_dag.py
[2026-07-02T05:25:36.152+0000] {logging_mixin.py:188} INFO - [2026-07-02T05:25:36.152+0000] {dag.py:3036} INFO - Sync 1 DAGs
[2026-07-02T05:25:36.303+0000] {logging_mixin.py:188} INFO - [2026-07-02T05:25:36.301+0000] {dag.py:3823} INFO - Setting next_dagrun for batch_pipeline_harga_pangan to 2026-07-01 23:00:00+00:00, run_after=2026-07-02 23:00:00+00:00
[2026-07-02T05:25:36.425+0000] {processor.py:183} INFO - Processing /opt/airflow/dags/batch_pipeline_dag.py took 0.826 seconds
[2026-07-02T05:26:07.505+0000] {processor.py:161} INFO - Started process (PID=1741) to work on /opt/airflow/dags/batch_pipeline_dag.py
[2026-07-02T05:26:07.507+0000] {processor.py:830} INFO - Processing file /opt/airflow/dags/batch_pipeline_dag.py for tasks to queue
[2026-07-02T05:26:07.509+0000] {logging_mixin.py:188} INFO - [2026-07-02T05:26:07.508+0000] {dagbag.py:538} INFO - Filling up the DagBag from /opt/airflow/dags/batch_pipeline_dag.py
[2026-07-02T05:26:07.550+0000] {processor.py:840} INFO - DAG(s) 'batch_pipeline_harga_pangan' retrieved from /opt/airflow/dags/batch_pipeline_dag.py
[2026-07-02T05:26:07.639+0000] {logging_mixin.py:188} INFO - [2026-07-02T05:26:07.638+0000] {dag.py:3036} INFO - Sync 1 DAGs
[2026-07-02T05:26:07.680+0000] {logging_mixin.py:188} INFO - [2026-07-02T05:26:07.680+0000] {dag.py:3823} INFO - Setting next_dagrun for batch_pipeline_harga_pangan to 2026-07-01 23:00:00+00:00, run_after=2026-07-02 23:00:00+00:00
[2026-07-02T05:26:07.711+0000] {processor.py:183} INFO - Processing /opt/airflow/dags/batch_pipeline_dag.py took 0.210 seconds
[2026-07-02T05:26:37.918+0000] {processor.py:161} INFO - Started process (PID=1759) to work on /opt/airflow/dags/batch_pipeline_dag.py
[2026-07-02T05:26:37.920+0000] {processor.py:830} INFO - Processing file /opt/airflow/dags/batch_pipeline_dag.py for tasks to queue
[2026-07-02T05:26:37.922+0000] {logging_mixin.py:188} INFO - [2026-07-02T05:26:37.922+0000] {dagbag.py:538} INFO - Filling up the DagBag from /opt/airflow/dags/batch_pipeline_dag.py
[2026-07-02T05:26:37.972+0000] {processor.py:840} INFO - DAG(s) 'batch_pipeline_harga_pangan' retrieved from /opt/airflow/dags/batch_pipeline_dag.py
[2026-07-02T05:26:38.066+0000] {logging_mixin.py:188} INFO - [2026-07-02T05:26:38.066+0000] {dag.py:3036} INFO - Sync 1 DAGs
[2026-07-02T05:26:38.093+0000] {logging_mixin.py:188} INFO - [2026-07-02T05:26:38.093+0000] {dag.py:3823} INFO - Setting next_dagrun for batch_pipeline_harga_pangan to 2026-07-01 23:00:00+00:00, run_after=2026-07-02 23:00:00+00:00
[2026-07-02T05:26:38.118+0000] {processor.py:183} INFO - Processing /opt/airflow/dags/batch_pipeline_dag.py took 0.206 seconds
[2026-07-02T05:27:08.591+0000] {processor.py:161} INFO - Started process (PID=1775) to work on /opt/airflow/dags/batch_pipeline_dag.py
[2026-07-02T05:27:08.593+0000] {processor.py:830} INFO - Processing file /opt/airflow/dags/batch_pipeline_dag.py for tasks to queue
[2026-07-02T05:27:08.595+0000] {logging_mixin.py:188} INFO - [2026-07-02T05:27:08.595+0000] {dagbag.py:538} INFO - Filling up the DagBag from /opt/airflow/dags/batch_pipeline_dag.py
[2026-07-02T05:27:08.642+0000] {processor.py:840} INFO - DAG(s) 'batch_pipeline_harga_pangan' retrieved from /opt/airflow/dags/batch_pipeline_dag.py
[2026-07-02T05:27:08.745+0000] {logging_mixin.py:188} INFO - [2026-07-02T05:27:08.745+0000] {dag.py:3036} INFO - Sync 1 DAGs
[2026-07-02T05:27:08.784+0000] {logging_mixin.py:188} INFO - [2026-07-02T05:27:08.783+0000] {dag.py:3823} INFO - Setting next_dagrun for batch_pipeline_harga_pangan to 2026-07-01 23:00:00+00:00, run_after=2026-07-02 23:00:00+00:00
[2026-07-02T05:27:08.811+0000] {processor.py:183} INFO - Processing /opt/airflow/dags/batch_pipeline_dag.py took 0.227 seconds
[2026-07-02T05:27:42.630+0000] {processor.py:161} INFO - Started process (PID=1792) to work on /opt/airflow/dags/batch_pipeline_dag.py
[2026-07-02T05:27:42.632+0000] {processor.py:830} INFO - Processing file /opt/airflow/dags/batch_pipeline_dag.py for tasks to queue
[2026-07-02T05:27:42.634+0000] {logging_mixin.py:188} INFO - [2026-07-02T05:27:42.633+0000] {dagbag.py:538} INFO - Filling up the DagBag from /opt/airflow/dags/batch_pipeline_dag.py
[2026-07-02T05:27:42.702+0000] {processor.py:840} INFO - DAG(s) 'batch_pipeline_harga_pangan' retrieved from /opt/airflow/dags/batch_pipeline_dag.py
[2026-07-02T05:27:42.831+0000] {logging_mixin.py:188} INFO - [2026-07-02T05:27:42.831+0000] {dag.py:3036} INFO - Sync 1 DAGs
[2026-07-02T05:27:42.877+0000] {logging_mixin.py:188} INFO - [2026-07-02T05:27:42.877+0000] {dag.py:3823} INFO - Setting next_dagrun for batch_pipeline_harga_pangan to 2026-07-01 23:00:00+00:00, run_after=2026-07-02 23:00:00+00:00
[2026-07-02T05:27:42.918+0000] {processor.py:183} INFO - Processing /opt/airflow/dags/batch_pipeline_dag.py took 0.295 seconds
[2026-07-02T05:28:15.749+0000] {processor.py:161} INFO - Started process (PID=1810) to work on /opt/airflow/dags/batch_pipeline_dag.py
[2026-07-02T05:28:15.770+0000] {processor.py:830} INFO - Processing file /opt/airflow/dags/batch_pipeline_dag.py for tasks to queue
[2026-07-02T05:28:15.776+0000] {logging_mixin.py:188} INFO - [2026-07-02T05:28:15.775+0000] {dagbag.py:538} INFO - Filling up the DagBag from /opt/airflow/dags/batch_pipeline_dag.py
[2026-07-02T05:28:15.983+0000] {processor.py:840} INFO - DAG(s) 'batch_pipeline_harga_pangan' retrieved from /opt/airflow/dags/batch_pipeline_dag.py
[2026-07-02T05:28:16.142+0000] {logging_mixin.py:188} INFO - [2026-07-02T05:28:16.142+0000] {dag.py:3036} INFO - Sync 1 DAGs
[2026-07-02T05:28:16.201+0000] {logging_mixin.py:188} INFO - [2026-07-02T05:28:16.201+0000] {dag.py:3823} INFO - Setting next_dagrun for batch_pipeline_harga_pangan to 2026-07-01 23:00:00+00:00, run_after=2026-07-02 23:00:00+00:00
[2026-07-02T05:28:16.240+0000] {processor.py:183} INFO - Processing /opt/airflow/dags/batch_pipeline_dag.py took 0.512 seconds
[2026-07-02T05:28:48.991+0000] {processor.py:161} INFO - Started process (PID=1820) to work on /opt/airflow/dags/batch_pipeline_dag.py
[2026-07-02T05:28:48.994+0000] {processor.py:830} INFO - Processing file /opt/airflow/dags/batch_pipeline_dag.py for tasks to queue
[2026-07-02T05:28:48.995+0000] {logging_mixin.py:188} INFO - [2026-07-02T05:28:48.995+0000] {dagbag.py:538} INFO - Filling up the DagBag from /opt/airflow/dags/batch_pipeline_dag.py
[2026-07-02T05:28:49.043+0000] {processor.py:840} INFO - DAG(s) 'batch_pipeline_harga_pangan' retrieved from /opt/airflow/dags/batch_pipeline_dag.py
[2026-07-02T05:28:49.139+0000] {logging_mixin.py:188} INFO - [2026-07-02T05:28:49.139+0000] {dag.py:3036} INFO - Sync 1 DAGs
[2026-07-02T05:28:49.177+0000] {logging_mixin.py:188} INFO - [2026-07-02T05:28:49.176+0000] {dag.py:3823} INFO - Setting next_dagrun for batch_pipeline_harga_pangan to 2026-07-01 23:00:00+00:00, run_after=2026-07-02 23:00:00+00:00
[2026-07-02T05:28:49.239+0000] {processor.py:183} INFO - Processing /opt/airflow/dags/batch_pipeline_dag.py took 0.253 seconds
[2026-07-02T05:29:21.946+0000] {processor.py:161} INFO - Started process (PID=1839) to work on /opt/airflow/dags/batch_pipeline_dag.py
[2026-07-02T05:29:21.949+0000] {processor.py:830} INFO - Processing file /opt/airflow/dags/batch_pipeline_dag.py for tasks to queue
[2026-07-02T05:29:21.950+0000] {logging_mixin.py:188} INFO - [2026-07-02T05:29:21.950+0000] {dagbag.py:538} INFO - Filling up the DagBag from /opt/airflow/dags/batch_pipeline_dag.py
[2026-07-02T05:29:22.003+0000] {processor.py:840} INFO - DAG(s) 'batch_pipeline_harga_pangan' retrieved from /opt/airflow/dags/batch_pipeline_dag.py
[2026-07-02T05:29:22.114+0000] {logging_mixin.py:188} INFO - [2026-07-02T05:29:22.113+0000] {dag.py:3036} INFO - Sync 1 DAGs
[2026-07-02T05:29:22.165+0000] {logging_mixin.py:188} INFO - [2026-07-02T05:29:22.165+0000] {dag.py:3823} INFO - Setting next_dagrun for batch_pipeline_harga_pangan to 2026-07-01 23:00:00+00:00, run_after=2026-07-02 23:00:00+00:00
[2026-07-02T05:29:22.212+0000] {processor.py:183} INFO - Processing /opt/airflow/dags/batch_pipeline_dag.py took 0.272 seconds
[2026-07-02T05:29:55.959+0000] {processor.py:161} INFO - Started process (PID=1857) to work on /opt/airflow/dags/batch_pipeline_dag.py
[2026-07-02T05:29:55.961+0000] {processor.py:830} INFO - Processing file /opt/airflow/dags/batch_pipeline_dag.py for tasks to queue
[2026-07-02T05:29:55.963+0000] {logging_mixin.py:188} INFO - [2026-07-02T05:29:55.963+0000] {dagbag.py:538} INFO - Filling up the DagBag from /opt/airflow/dags/batch_pipeline_dag.py
[2026-07-02T05:29:56.018+0000] {processor.py:840} INFO - DAG(s) 'batch_pipeline_harga_pangan' retrieved from /opt/airflow/dags/batch_pipeline_dag.py
[2026-07-02T05:29:56.108+0000] {logging_mixin.py:188} INFO - [2026-07-02T05:29:56.107+0000] {dag.py:3036} INFO - Sync 1 DAGs
[2026-07-02T05:29:56.141+0000] {logging_mixin.py:188} INFO - [2026-07-02T05:29:56.141+0000] {dag.py:3823} INFO - Setting next_dagrun for batch_pipeline_harga_pangan to 2026-07-01 23:00:00+00:00, run_after=2026-07-02 23:00:00+00:00
[2026-07-02T05:29:56.170+0000] {processor.py:183} INFO - Processing /opt/airflow/dags/batch_pipeline_dag.py took 0.219 seconds
[2026-07-02T05:30:29.082+0000] {processor.py:161} INFO - Started process (PID=1875) to work on /opt/airflow/dags/batch_pipeline_dag.py
[2026-07-02T05:30:29.084+0000] {processor.py:830} INFO - Processing file /opt/airflow/dags/batch_pipeline_dag.py for tasks to queue
[2026-07-02T05:30:29.087+0000] {logging_mixin.py:188} INFO - [2026-07-02T05:30:29.086+0000] {dagbag.py:538} INFO - Filling up the DagBag from /opt/airflow/dags/batch_pipeline_dag.py
[2026-07-02T05:30:29.179+0000] {processor.py:840} INFO - DAG(s) 'batch_pipeline_harga_pangan' retrieved from /opt/airflow/dags/batch_pipeline_dag.py
[2026-07-02T05:30:29.344+0000] {logging_mixin.py:188} INFO - [2026-07-02T05:30:29.344+0000] {dag.py:3036} INFO - Sync 1 DAGs
[2026-07-02T05:30:29.418+0000] {logging_mixin.py:188} INFO - [2026-07-02T05:30:29.418+0000] {dag.py:3823} INFO - Setting next_dagrun for batch_pipeline_harga_pangan to 2026-07-01 23:00:00+00:00, run_after=2026-07-02 23:00:00+00:00
[2026-07-02T05:30:29.492+0000] {processor.py:183} INFO - Processing /opt/airflow/dags/batch_pipeline_dag.py took 0.417 seconds
[2026-07-02T05:31:02.151+0000] {processor.py:161} INFO - Started process (PID=1893) to work on /opt/airflow/dags/batch_pipeline_dag.py
[2026-07-02T05:31:02.154+0000] {processor.py:830} INFO - Processing file /opt/airflow/dags/batch_pipeline_dag.py for tasks to queue
[2026-07-02T05:31:02.156+0000] {logging_mixin.py:188} INFO - [2026-07-02T05:31:02.155+0000] {dagbag.py:538} INFO - Filling up the DagBag from /opt/airflow/dags/batch_pipeline_dag.py
[2026-07-02T05:31:02.201+0000] {processor.py:840} INFO - DAG(s) 'batch_pipeline_harga_pangan' retrieved from /opt/airflow/dags/batch_pipeline_dag.py
[2026-07-02T05:31:02.306+0000] {logging_mixin.py:188} INFO - [2026-07-02T05:31:02.306+0000] {dag.py:3036} INFO - Sync 1 DAGs
[2026-07-02T05:31:02.345+0000] {logging_mixin.py:188} INFO - [2026-07-02T05:31:02.344+0000] {dag.py:3823} INFO - Setting next_dagrun for batch_pipeline_harga_pangan to 2026-07-01 23:00:00+00:00, run_after=2026-07-02 23:00:00+00:00
[2026-07-02T05:31:02.375+0000] {processor.py:183} INFO - Processing /opt/airflow/dags/batch_pipeline_dag.py took 0.230 seconds
[2026-07-02T05:31:32.771+0000] {processor.py:161} INFO - Started process (PID=1911) to work on /opt/airflow/dags/batch_pipeline_dag.py
[2026-07-02T05:31:32.773+0000] {processor.py:830} INFO - Processing file /opt/airflow/dags/batch_pipeline_dag.py for tasks to queue
[2026-07-02T05:31:32.775+0000] {logging_mixin.py:188} INFO - [2026-07-02T05:31:32.774+0000] {dagbag.py:538} INFO - Filling up the DagBag from /opt/airflow/dags/batch_pipeline_dag.py
[2026-07-02T05:31:32.823+0000] {processor.py:840} INFO - DAG(s) 'batch_pipeline_harga_pangan' retrieved from /opt/airflow/dags/batch_pipeline_dag.py
[2026-07-02T05:31:32.912+0000] {logging_mixin.py:188} INFO - [2026-07-02T05:31:32.912+0000] {dag.py:3036} INFO - Sync 1 DAGs
[2026-07-02T05:31:32.949+0000] {logging_mixin.py:188} INFO - [2026-07-02T05:31:32.949+0000] {dag.py:3823} INFO - Setting next_dagrun for batch_pipeline_harga_pangan to 2026-07-01 23:00:00+00:00, run_after=2026-07-02 23:00:00+00:00
[2026-07-02T05:31:32.978+0000] {processor.py:183} INFO - Processing /opt/airflow/dags/batch_pipeline_dag.py took 0.214 seconds
[2026-07-02T05:32:03.377+0000] {processor.py:161} INFO - Started process (PID=1930) to work on /opt/airflow/dags/batch_pipeline_dag.py
[2026-07-02T05:32:03.379+0000] {processor.py:830} INFO - Processing file /opt/airflow/dags/batch_pipeline_dag.py for tasks to queue
[2026-07-02T05:32:03.381+0000] {logging_mixin.py:188} INFO - [2026-07-02T05:32:03.380+0000] {dagbag.py:538} INFO - Filling up the DagBag from /opt/airflow/dags/batch_pipeline_dag.py
[2026-07-02T05:32:03.437+0000] {processor.py:840} INFO - DAG(s) 'batch_pipeline_harga_pangan' retrieved from /opt/airflow/dags/batch_pipeline_dag.py
[2026-07-02T05:32:03.530+0000] {logging_mixin.py:188} INFO - [2026-07-02T05:32:03.529+0000] {dag.py:3036} INFO - Sync 1 DAGs
[2026-07-02T05:32:03.563+0000] {logging_mixin.py:188} INFO - [2026-07-02T05:32:03.562+0000] {dag.py:3823} INFO - Setting next_dagrun for batch_pipeline_harga_pangan to 2026-07-01 23:00:00+00:00, run_after=2026-07-02 23:00:00+00:00
[2026-07-02T05:32:03.602+0000] {processor.py:183} INFO - Processing /opt/airflow/dags/batch_pipeline_dag.py took 0.230 seconds
[2026-07-02T05:32:33.733+0000] {processor.py:161} INFO - Started process (PID=1948) to work on /opt/airflow/dags/batch_pipeline_dag.py
[2026-07-02T05:32:33.735+0000] {processor.py:830} INFO - Processing file /opt/airflow/dags/batch_pipeline_dag.py for tasks to queue
[2026-07-02T05:32:33.737+0000] {logging_mixin.py:188} INFO - [2026-07-02T05:32:33.737+0000] {dagbag.py:538} INFO - Filling up the DagBag from /opt/airflow/dags/batch_pipeline_dag.py
[2026-07-02T05:32:33.788+0000] {processor.py:840} INFO - DAG(s) 'batch_pipeline_harga_pangan' retrieved from /opt/airflow/dags/batch_pipeline_dag.py
[2026-07-02T05:32:33.887+0000] {logging_mixin.py:188} INFO - [2026-07-02T05:32:33.887+0000] {dag.py:3036} INFO - Sync 1 DAGs
[2026-07-02T05:32:33.924+0000] {logging_mixin.py:188} INFO - [2026-07-02T05:32:33.923+0000] {dag.py:3823} INFO - Setting next_dagrun for batch_pipeline_harga_pangan to 2026-07-01 23:00:00+00:00, run_after=2026-07-02 23:00:00+00:00
[2026-07-02T05:32:33.953+0000] {processor.py:183} INFO - Processing /opt/airflow/dags/batch_pipeline_dag.py took 0.228 seconds
[2026-07-02T05:33:04.774+0000] {processor.py:161} INFO - Started process (PID=1965) to work on /opt/airflow/dags/batch_pipeline_dag.py
[2026-07-02T05:33:04.777+0000] {processor.py:830} INFO - Processing file /opt/airflow/dags/batch_pipeline_dag.py for tasks to queue
[2026-07-02T05:33:04.780+0000] {logging_mixin.py:188} INFO - [2026-07-02T05:33:04.779+0000] {dagbag.py:538} INFO - Filling up the DagBag from /opt/airflow/dags/batch_pipeline_dag.py
[2026-07-02T05:33:04.846+0000] {processor.py:840} INFO - DAG(s) 'batch_pipeline_harga_pangan' retrieved from /opt/airflow/dags/batch_pipeline_dag.py
[2026-07-02T05:33:05.010+0000] {logging_mixin.py:188} INFO - [2026-07-02T05:33:05.009+0000] {dag.py:3036} INFO - Sync 1 DAGs
[2026-07-02T05:33:05.067+0000] {logging_mixin.py:188} INFO - [2026-07-02T05:33:05.066+0000] {dag.py:3823} INFO - Setting next_dagrun for batch_pipeline_harga_pangan to 2026-07-01 23:00:00+00:00, run_after=2026-07-02 23:00:00+00:00
[2026-07-02T05:33:05.109+0000] {processor.py:183} INFO - Processing /opt/airflow/dags/batch_pipeline_dag.py took 0.346 seconds
[2026-07-02T05:33:35.489+0000] {processor.py:161} INFO - Started process (PID=1976) to work on /opt/airflow/dags/batch_pipeline_dag.py
[2026-07-02T05:33:35.492+0000] {processor.py:830} INFO - Processing file /opt/airflow/dags/batch_pipeline_dag.py for tasks to queue
[2026-07-02T05:33:35.496+0000] {logging_mixin.py:188} INFO - [2026-07-02T05:33:35.495+0000] {dagbag.py:538} INFO - Filling up the DagBag from /opt/airflow/dags/batch_pipeline_dag.py
[2026-07-02T05:33:35.583+0000] {processor.py:840} INFO - DAG(s) 'batch_pipeline_harga_pangan' retrieved from /opt/airflow/dags/batch_pipeline_dag.py
[2026-07-02T05:33:35.827+0000] {logging_mixin.py:188} INFO - [2026-07-02T05:33:35.827+0000] {dag.py:3036} INFO - Sync 1 DAGs
[2026-07-02T05:33:35.995+0000] {logging_mixin.py:188} INFO - [2026-07-02T05:33:35.994+0000] {dag.py:3823} INFO - Setting next_dagrun for batch_pipeline_harga_pangan to 2026-07-01 23:00:00+00:00, run_after=2026-07-02 23:00:00+00:00
[2026-07-02T05:33:36.072+0000] {processor.py:183} INFO - Processing /opt/airflow/dags/batch_pipeline_dag.py took 0.592 seconds
[2026-07-02T05:34:06.380+0000] {processor.py:161} INFO - Started process (PID=1995) to work on /opt/airflow/dags/batch_pipeline_dag.py
[2026-07-02T05:34:06.383+0000] {processor.py:830} INFO - Processing file /opt/airflow/dags/batch_pipeline_dag.py for tasks to queue
[2026-07-02T05:34:06.387+0000] {logging_mixin.py:188} INFO - [2026-07-02T05:34:06.386+0000] {dagbag.py:538} INFO - Filling up the DagBag from /opt/airflow/dags/batch_pipeline_dag.py
[2026-07-02T05:34:06.453+0000] {processor.py:840} INFO - DAG(s) 'batch_pipeline_harga_pangan' retrieved from /opt/airflow/dags/batch_pipeline_dag.py
[2026-07-02T05:34:06.583+0000] {logging_mixin.py:188} INFO - [2026-07-02T05:34:06.582+0000] {dag.py:3036} INFO - Sync 1 DAGs
[2026-07-02T05:34:06.631+0000] {logging_mixin.py:188} INFO - [2026-07-02T05:34:06.631+0000] {dag.py:3823} INFO - Setting next_dagrun for batch_pipeline_harga_pangan to 2026-07-01 23:00:00+00:00, run_after=2026-07-02 23:00:00+00:00
[2026-07-02T05:34:06.666+0000] {processor.py:183} INFO - Processing /opt/airflow/dags/batch_pipeline_dag.py took 0.292 seconds
[2026-07-02T05:34:37.374+0000] {processor.py:161} INFO - Started process (PID=2013) to work on /opt/airflow/dags/batch_pipeline_dag.py
[2026-07-02T05:34:37.376+0000] {processor.py:830} INFO - Processing file /opt/airflow/dags/batch_pipeline_dag.py for tasks to queue
[2026-07-02T05:34:37.380+0000] {logging_mixin.py:188} INFO - [2026-07-02T05:34:37.378+0000] {dagbag.py:538} INFO - Filling up the DagBag from /opt/airflow/dags/batch_pipeline_dag.py
[2026-07-02T05:34:37.469+0000] {processor.py:840} INFO - DAG(s) 'batch_pipeline_harga_pangan' retrieved from /opt/airflow/dags/batch_pipeline_dag.py
[2026-07-02T05:34:37.656+0000] {logging_mixin.py:188} INFO - [2026-07-02T05:34:37.655+0000] {dag.py:3036} INFO - Sync 1 DAGs
[2026-07-02T05:34:37.721+0000] {logging_mixin.py:188} INFO - [2026-07-02T05:34:37.720+0000] {dag.py:3823} INFO - Setting next_dagrun for batch_pipeline_harga_pangan to 2026-07-01 23:00:00+00:00, run_after=2026-07-02 23:00:00+00:00
[2026-07-02T05:34:37.758+0000] {processor.py:183} INFO - Processing /opt/airflow/dags/batch_pipeline_dag.py took 0.391 seconds
[2026-07-02T05:35:08.160+0000] {processor.py:161} INFO - Started process (PID=2031) to work on /opt/airflow/dags/batch_pipeline_dag.py
[2026-07-02T05:35:08.163+0000] {processor.py:830} INFO - Processing file /opt/airflow/dags/batch_pipeline_dag.py for tasks to queue
[2026-07-02T05:35:08.165+0000] {logging_mixin.py:188} INFO - [2026-07-02T05:35:08.164+0000] {dagbag.py:538} INFO - Filling up the DagBag from /opt/airflow/dags/batch_pipeline_dag.py
[2026-07-02T05:35:08.240+0000] {processor.py:840} INFO - DAG(s) 'batch_pipeline_harga_pangan' retrieved from /opt/airflow/dags/batch_pipeline_dag.py
[2026-07-02T05:35:08.371+0000] {logging_mixin.py:188} INFO - [2026-07-02T05:35:08.371+0000] {dag.py:3036} INFO - Sync 1 DAGs
[2026-07-02T05:35:08.410+0000] {logging_mixin.py:188} INFO - [2026-07-02T05:35:08.410+0000] {dag.py:3823} INFO - Setting next_dagrun for batch_pipeline_harga_pangan to 2026-07-01 23:00:00+00:00, run_after=2026-07-02 23:00:00+00:00
[2026-07-02T05:35:08.448+0000] {processor.py:183} INFO - Processing /opt/airflow/dags/batch_pipeline_dag.py took 0.298 seconds
[2026-07-02T05:35:39.023+0000] {processor.py:161} INFO - Started process (PID=2049) to work on /opt/airflow/dags/batch_pipeline_dag.py
[2026-07-02T05:35:39.026+0000] {processor.py:830} INFO - Processing file /opt/airflow/dags/batch_pipeline_dag.py for tasks to queue
[2026-07-02T05:35:39.029+0000] {logging_mixin.py:188} INFO - [2026-07-02T05:35:39.028+0000] {dagbag.py:538} INFO - Filling up the DagBag from /opt/airflow/dags/batch_pipeline_dag.py
[2026-07-02T05:35:39.092+0000] {processor.py:840} INFO - DAG(s) 'batch_pipeline_harga_pangan' retrieved from /opt/airflow/dags/batch_pipeline_dag.py
[2026-07-02T05:35:39.212+0000] {logging_mixin.py:188} INFO - [2026-07-02T05:35:39.212+0000] {dag.py:3036} INFO - Sync 1 DAGs
[2026-07-02T05:35:39.257+0000] {logging_mixin.py:188} INFO - [2026-07-02T05:35:39.257+0000] {dag.py:3823} INFO - Setting next_dagrun for batch_pipeline_harga_pangan to 2026-07-01 23:00:00+00:00, run_after=2026-07-02 23:00:00+00:00
[2026-07-02T05:35:39.291+0000] {processor.py:183} INFO - Processing /opt/airflow/dags/batch_pipeline_dag.py took 0.278 seconds
[2026-07-02T05:36:11.435+0000] {processor.py:161} INFO - Started process (PID=2059) to work on /opt/airflow/dags/batch_pipeline_dag.py
[2026-07-02T05:36:11.437+0000] {processor.py:830} INFO - Processing file /opt/airflow/dags/batch_pipeline_dag.py for tasks to queue
[2026-07-02T05:36:11.441+0000] {logging_mixin.py:188} INFO - [2026-07-02T05:36:11.440+0000] {dagbag.py:538} INFO - Filling up the DagBag from /opt/airflow/dags/batch_pipeline_dag.py
[2026-07-02T05:36:11.503+0000] {processor.py:840} INFO - DAG(s) 'batch_pipeline_harga_pangan' retrieved from /opt/airflow/dags/batch_pipeline_dag.py
[2026-07-02T05:36:11.656+0000] {logging_mixin.py:188} INFO - [2026-07-02T05:36:11.655+0000] {dag.py:3036} INFO - Sync 1 DAGs
[2026-07-02T05:36:11.702+0000] {logging_mixin.py:188} INFO - [2026-07-02T05:36:11.701+0000] {dag.py:3823} INFO - Setting next_dagrun for batch_pipeline_harga_pangan to 2026-07-01 23:00:00+00:00, run_after=2026-07-02 23:00:00+00:00
[2026-07-02T05:36:11.737+0000] {processor.py:183} INFO - Processing /opt/airflow/dags/batch_pipeline_dag.py took 0.310 seconds
[2026-07-02T05:36:41.981+0000] {processor.py:161} INFO - Started process (PID=2078) to work on /opt/airflow/dags/batch_pipeline_dag.py
[2026-07-02T05:36:41.983+0000] {processor.py:830} INFO - Processing file /opt/airflow/dags/batch_pipeline_dag.py for tasks to queue
[2026-07-02T05:36:41.985+0000] {logging_mixin.py:188} INFO - [2026-07-02T05:36:41.985+0000] {dagbag.py:538} INFO - Filling up the DagBag from /opt/airflow/dags/batch_pipeline_dag.py
[2026-07-02T05:36:42.035+0000] {processor.py:840} INFO - DAG(s) 'batch_pipeline_harga_pangan' retrieved from /opt/airflow/dags/batch_pipeline_dag.py
[2026-07-02T05:36:42.132+0000] {logging_mixin.py:188} INFO - [2026-07-02T05:36:42.132+0000] {dag.py:3036} INFO - Sync 1 DAGs
[2026-07-02T05:36:42.170+0000] {logging_mixin.py:188} INFO - [2026-07-02T05:36:42.170+0000] {dag.py:3823} INFO - Setting next_dagrun for batch_pipeline_harga_pangan to 2026-07-01 23:00:00+00:00, run_after=2026-07-02 23:00:00+00:00
[2026-07-02T05:36:42.198+0000] {processor.py:183} INFO - Processing /opt/airflow/dags/batch_pipeline_dag.py took 0.222 seconds
[2026-07-02T05:37:12.499+0000] {processor.py:161} INFO - Started process (PID=2096) to work on /opt/airflow/dags/batch_pipeline_dag.py
[2026-07-02T05:37:12.501+0000] {processor.py:830} INFO - Processing file /opt/airflow/dags/batch_pipeline_dag.py for tasks to queue
[2026-07-02T05:37:12.503+0000] {logging_mixin.py:188} INFO - [2026-07-02T05:37:12.503+0000] {dagbag.py:538} INFO - Filling up the DagBag from /opt/airflow/dags/batch_pipeline_dag.py
[2026-07-02T05:37:12.549+0000] {processor.py:840} INFO - DAG(s) 'batch_pipeline_harga_pangan' retrieved from /opt/airflow/dags/batch_pipeline_dag.py
[2026-07-02T05:37:12.639+0000] {logging_mixin.py:188} INFO - [2026-07-02T05:37:12.639+0000] {dag.py:3036} INFO - Sync 1 DAGs
[2026-07-02T05:37:12.679+0000] {logging_mixin.py:188} INFO - [2026-07-02T05:37:12.679+0000] {dag.py:3823} INFO - Setting next_dagrun for batch_pipeline_harga_pangan to 2026-07-01 23:00:00+00:00, run_after=2026-07-02 23:00:00+00:00
[2026-07-02T05:37:12.707+0000] {processor.py:183} INFO - Processing /opt/airflow/dags/batch_pipeline_dag.py took 0.215 seconds
[2026-07-02T05:37:43.429+0000] {processor.py:161} INFO - Started process (PID=2114) to work on /opt/airflow/dags/batch_pipeline_dag.py
[2026-07-02T05:37:43.433+0000] {processor.py:830} INFO - Processing file /opt/airflow/dags/batch_pipeline_dag.py for tasks to queue
[2026-07-02T05:37:43.435+0000] {logging_mixin.py:188} INFO - [2026-07-02T05:37:43.434+0000] {dagbag.py:538} INFO - Filling up the DagBag from /opt/airflow/dags/batch_pipeline_dag.py
[2026-07-02T05:37:43.495+0000] {processor.py:840} INFO - DAG(s) 'batch_pipeline_harga_pangan' retrieved from /opt/airflow/dags/batch_pipeline_dag.py
[2026-07-02T05:37:43.602+0000] {logging_mixin.py:188} INFO - [2026-07-02T05:37:43.602+0000] {dag.py:3036} INFO - Sync 1 DAGs
[2026-07-02T05:37:43.643+0000] {logging_mixin.py:188} INFO - [2026-07-02T05:37:43.643+0000] {dag.py:3823} INFO - Setting next_dagrun for batch_pipeline_harga_pangan to 2026-07-01 23:00:00+00:00, run_after=2026-07-02 23:00:00+00:00
[2026-07-02T05:37:43.674+0000] {processor.py:183} INFO - Processing /opt/airflow/dags/batch_pipeline_dag.py took 0.252 seconds
[2026-07-02T05:38:14.435+0000] {processor.py:161} INFO - Started process (PID=2132) to work on /opt/airflow/dags/batch_pipeline_dag.py
[2026-07-02T05:38:14.437+0000] {processor.py:830} INFO - Processing file /opt/airflow/dags/batch_pipeline_dag.py for tasks to queue
[2026-07-02T05:38:14.438+0000] {logging_mixin.py:188} INFO - [2026-07-02T05:38:14.438+0000] {dagbag.py:538} INFO - Filling up the DagBag from /opt/airflow/dags/batch_pipeline_dag.py
[2026-07-02T05:38:14.486+0000] {processor.py:840} INFO - DAG(s) 'batch_pipeline_harga_pangan' retrieved from /opt/airflow/dags/batch_pipeline_dag.py
[2026-07-02T05:38:14.569+0000] {logging_mixin.py:188} INFO - [2026-07-02T05:38:14.569+0000] {dag.py:3036} INFO - Sync 1 DAGs
[2026-07-02T05:38:14.610+0000] {logging_mixin.py:188} INFO - [2026-07-02T05:38:14.610+0000] {dag.py:3823} INFO - Setting next_dagrun for batch_pipeline_harga_pangan to 2026-07-01 23:00:00+00:00, run_after=2026-07-02 23:00:00+00:00
[2026-07-02T05:38:14.640+0000] {processor.py:183} INFO - Processing /opt/airflow/dags/batch_pipeline_dag.py took 0.211 seconds
[2026-07-02T05:38:46.449+0000] {processor.py:161} INFO - Started process (PID=2150) to work on /opt/airflow/dags/batch_pipeline_dag.py
[2026-07-02T05:38:46.452+0000] {processor.py:830} INFO - Processing file /opt/airflow/dags/batch_pipeline_dag.py for tasks to queue
[2026-07-02T05:38:46.454+0000] {logging_mixin.py:188} INFO - [2026-07-02T05:38:46.454+0000] {dagbag.py:538} INFO - Filling up the DagBag from /opt/airflow/dags/batch_pipeline_dag.py
[2026-07-02T05:38:46.512+0000] {processor.py:840} INFO - DAG(s) 'batch_pipeline_harga_pangan' retrieved from /opt/airflow/dags/batch_pipeline_dag.py
[2026-07-02T05:38:46.624+0000] {logging_mixin.py:188} INFO - [2026-07-02T05:38:46.623+0000] {dag.py:3036} INFO - Sync 1 DAGs
[2026-07-02T05:38:46.669+0000] {logging_mixin.py:188} INFO - [2026-07-02T05:38:46.669+0000] {dag.py:3823} INFO - Setting next_dagrun for batch_pipeline_harga_pangan to 2026-07-01 23:00:00+00:00, run_after=2026-07-02 23:00:00+00:00
[2026-07-02T05:38:46.696+0000] {processor.py:183} INFO - Processing /opt/airflow/dags/batch_pipeline_dag.py took 0.252 seconds
[2026-07-02T05:39:19.420+0000] {processor.py:161} INFO - Started process (PID=2160) to work on /opt/airflow/dags/batch_pipeline_dag.py
[2026-07-02T05:39:19.422+0000] {processor.py:830} INFO - Processing file /opt/airflow/dags/batch_pipeline_dag.py for tasks to queue
[2026-07-02T05:39:19.423+0000] {logging_mixin.py:188} INFO - [2026-07-02T05:39:19.423+0000] {dagbag.py:538} INFO - Filling up the DagBag from /opt/airflow/dags/batch_pipeline_dag.py
[2026-07-02T05:39:19.471+0000] {processor.py:840} INFO - DAG(s) 'batch_pipeline_harga_pangan' retrieved from /opt/airflow/dags/batch_pipeline_dag.py
[2026-07-02T05:39:19.572+0000] {logging_mixin.py:188} INFO - [2026-07-02T05:39:19.571+0000] {dag.py:3036} INFO - Sync 1 DAGs
[2026-07-02T05:39:19.608+0000] {logging_mixin.py:188} INFO - [2026-07-02T05:39:19.608+0000] {dag.py:3823} INFO - Setting next_dagrun for batch_pipeline_harga_pangan to 2026-07-01 23:00:00+00:00, run_after=2026-07-02 23:00:00+00:00
[2026-07-02T05:39:19.638+0000] {processor.py:183} INFO - Processing /opt/airflow/dags/batch_pipeline_dag.py took 0.223 seconds
[2026-07-02T05:39:53.353+0000] {processor.py:161} INFO - Started process (PID=2178) to work on /opt/airflow/dags/batch_pipeline_dag.py
[2026-07-02T05:39:53.355+0000] {processor.py:830} INFO - Processing file /opt/airflow/dags/batch_pipeline_dag.py for tasks to queue
[2026-07-02T05:39:53.356+0000] {logging_mixin.py:188} INFO - [2026-07-02T05:39:53.356+0000] {dagbag.py:538} INFO - Filling up the DagBag from /opt/airflow/dags/batch_pipeline_dag.py
[2026-07-02T05:39:53.401+0000] {processor.py:840} INFO - DAG(s) 'batch_pipeline_harga_pangan' retrieved from /opt/airflow/dags/batch_pipeline_dag.py
[2026-07-02T05:39:53.486+0000] {logging_mixin.py:188} INFO - [2026-07-02T05:39:53.486+0000] {dag.py:3036} INFO - Sync 1 DAGs
[2026-07-02T05:39:53.524+0000] {logging_mixin.py:188} INFO - [2026-07-02T05:39:53.523+0000] {dag.py:3823} INFO - Setting next_dagrun for batch_pipeline_harga_pangan to 2026-07-01 23:00:00+00:00, run_after=2026-07-02 23:00:00+00:00
[2026-07-02T05:39:53.557+0000] {processor.py:183} INFO - Processing /opt/airflow/dags/batch_pipeline_dag.py took 0.209 seconds
[2026-07-02T05:40:26.454+0000] {processor.py:161} INFO - Started process (PID=2196) to work on /opt/airflow/dags/batch_pipeline_dag.py
[2026-07-02T05:40:26.462+0000] {processor.py:830} INFO - Processing file /opt/airflow/dags/batch_pipeline_dag.py for tasks to queue
[2026-07-02T05:40:26.465+0000] {logging_mixin.py:188} INFO - [2026-07-02T05:40:26.465+0000] {dagbag.py:538} INFO - Filling up the DagBag from /opt/airflow/dags/batch_pipeline_dag.py
[2026-07-02T05:40:26.658+0000] {processor.py:840} INFO - DAG(s) 'batch_pipeline_harga_pangan' retrieved from /opt/airflow/dags/batch_pipeline_dag.py
[2026-07-02T05:40:26.867+0000] {logging_mixin.py:188} INFO - [2026-07-02T05:40:26.866+0000] {dag.py:3036} INFO - Sync 1 DAGs
[2026-07-02T05:40:26.922+0000] {logging_mixin.py:188} INFO - [2026-07-02T05:40:26.921+0000] {dag.py:3823} INFO - Setting next_dagrun for batch_pipeline_harga_pangan to 2026-07-01 23:00:00+00:00, run_after=2026-07-02 23:00:00+00:00
[2026-07-02T05:40:26.966+0000] {processor.py:183} INFO - Processing /opt/airflow/dags/batch_pipeline_dag.py took 0.530 seconds
[2026-07-02T05:40:59.693+0000] {processor.py:161} INFO - Started process (PID=2214) to work on /opt/airflow/dags/batch_pipeline_dag.py
[2026-07-02T05:40:59.694+0000] {processor.py:830} INFO - Processing file /opt/airflow/dags/batch_pipeline_dag.py for tasks to queue
[2026-07-02T05:40:59.696+0000] {logging_mixin.py:188} INFO - [2026-07-02T05:40:59.696+0000] {dagbag.py:538} INFO - Filling up the DagBag from /opt/airflow/dags/batch_pipeline_dag.py
[2026-07-02T05:40:59.776+0000] {processor.py:840} INFO - DAG(s) 'batch_pipeline_harga_pangan' retrieved from /opt/airflow/dags/batch_pipeline_dag.py
[2026-07-02T05:40:59.871+0000] {logging_mixin.py:188} INFO - [2026-07-02T05:40:59.871+0000] {dag.py:3036} INFO - Sync 1 DAGs
[2026-07-02T05:40:59.907+0000] {logging_mixin.py:188} INFO - [2026-07-02T05:40:59.906+0000] {dag.py:3823} INFO - Setting next_dagrun for batch_pipeline_harga_pangan to 2026-07-01 23:00:00+00:00, run_after=2026-07-02 23:00:00+00:00
[2026-07-02T05:40:59.936+0000] {processor.py:183} INFO - Processing /opt/airflow/dags/batch_pipeline_dag.py took 0.247 seconds
[2026-07-02T05:41:32.612+0000] {processor.py:161} INFO - Started process (PID=2233) to work on /opt/airflow/dags/batch_pipeline_dag.py
[2026-07-02T05:41:32.613+0000] {processor.py:830} INFO - Processing file /opt/airflow/dags/batch_pipeline_dag.py for tasks to queue
[2026-07-02T05:41:32.615+0000] {logging_mixin.py:188} INFO - [2026-07-02T05:41:32.615+0000] {dagbag.py:538} INFO - Filling up the DagBag from /opt/airflow/dags/batch_pipeline_dag.py
[2026-07-02T05:41:32.666+0000] {processor.py:840} INFO - DAG(s) 'batch_pipeline_harga_pangan' retrieved from /opt/airflow/dags/batch_pipeline_dag.py
[2026-07-02T05:41:32.752+0000] {logging_mixin.py:188} INFO - [2026-07-02T05:41:32.752+0000] {dag.py:3036} INFO - Sync 1 DAGs
[2026-07-02T05:41:32.788+0000] {logging_mixin.py:188} INFO - [2026-07-02T05:41:32.787+0000] {dag.py:3823} INFO - Setting next_dagrun for batch_pipeline_harga_pangan to 2026-07-01 23:00:00+00:00, run_after=2026-07-02 23:00:00+00:00
[2026-07-02T05:41:32.816+0000] {processor.py:183} INFO - Processing /opt/airflow/dags/batch_pipeline_dag.py took 0.210 seconds
[2026-07-02T05:42:06.603+0000] {processor.py:161} INFO - Started process (PID=2251) to work on /opt/airflow/dags/batch_pipeline_dag.py
[2026-07-02T05:42:06.605+0000] {processor.py:830} INFO - Processing file /opt/airflow/dags/batch_pipeline_dag.py for tasks to queue
[2026-07-02T05:42:06.607+0000] {logging_mixin.py:188} INFO - [2026-07-02T05:42:06.606+0000] {dagbag.py:538} INFO - Filling up the DagBag from /opt/airflow/dags/batch_pipeline_dag.py
[2026-07-02T05:42:06.648+0000] {processor.py:840} INFO - DAG(s) 'batch_pipeline_harga_pangan' retrieved from /opt/airflow/dags/batch_pipeline_dag.py
[2026-07-02T05:42:06.734+0000] {logging_mixin.py:188} INFO - [2026-07-02T05:42:06.734+0000] {dag.py:3036} INFO - Sync 1 DAGs
[2026-07-02T05:42:06.767+0000] {logging_mixin.py:188} INFO - [2026-07-02T05:42:06.767+0000] {dag.py:3823} INFO - Setting next_dagrun for batch_pipeline_harga_pangan to 2026-07-01 23:00:00+00:00, run_after=2026-07-02 23:00:00+00:00
[2026-07-02T05:42:06.795+0000] {processor.py:183} INFO - Processing /opt/airflow/dags/batch_pipeline_dag.py took 0.197 seconds
[2026-07-02T05:42:39.504+0000] {processor.py:161} INFO - Started process (PID=2269) to work on /opt/airflow/dags/batch_pipeline_dag.py
[2026-07-02T05:42:39.506+0000] {processor.py:830} INFO - Processing file /opt/airflow/dags/batch_pipeline_dag.py for tasks to queue
[2026-07-02T05:42:39.507+0000] {logging_mixin.py:188} INFO - [2026-07-02T05:42:39.507+0000] {dagbag.py:538} INFO - Filling up the DagBag from /opt/airflow/dags/batch_pipeline_dag.py
[2026-07-02T05:42:39.550+0000] {processor.py:840} INFO - DAG(s) 'batch_pipeline_harga_pangan' retrieved from /opt/airflow/dags/batch_pipeline_dag.py
[2026-07-02T05:42:39.641+0000] {logging_mixin.py:188} INFO - [2026-07-02T05:42:39.640+0000] {dag.py:3036} INFO - Sync 1 DAGs
[2026-07-02T05:42:39.673+0000] {logging_mixin.py:188} INFO - [2026-07-02T05:42:39.673+0000] {dag.py:3823} INFO - Setting next_dagrun for batch_pipeline_harga_pangan to 2026-07-01 23:00:00+00:00, run_after=2026-07-02 23:00:00+00:00
[2026-07-02T05:42:39.706+0000] {processor.py:183} INFO - Processing /opt/airflow/dags/batch_pipeline_dag.py took 0.208 seconds
[2026-07-02T05:43:12.522+0000] {processor.py:161} INFO - Started process (PID=2287) to work on /opt/airflow/dags/batch_pipeline_dag.py
[2026-07-02T05:43:12.523+0000] {processor.py:830} INFO - Processing file /opt/airflow/dags/batch_pipeline_dag.py for tasks to queue
[2026-07-02T05:43:12.525+0000] {logging_mixin.py:188} INFO - [2026-07-02T05:43:12.524+0000] {dagbag.py:538} INFO - Filling up the DagBag from /opt/airflow/dags/batch_pipeline_dag.py
[2026-07-02T05:43:12.569+0000] {processor.py:840} INFO - DAG(s) 'batch_pipeline_harga_pangan' retrieved from /opt/airflow/dags/batch_pipeline_dag.py
[2026-07-02T05:43:12.670+0000] {logging_mixin.py:188} INFO - [2026-07-02T05:43:12.669+0000] {dag.py:3036} INFO - Sync 1 DAGs
[2026-07-02T05:43:12.707+0000] {logging_mixin.py:188} INFO - [2026-07-02T05:43:12.706+0000] {dag.py:3823} INFO - Setting next_dagrun for batch_pipeline_harga_pangan to 2026-07-01 23:00:00+00:00, run_after=2026-07-02 23:00:00+00:00
[2026-07-02T05:43:12.739+0000] {processor.py:183} INFO - Processing /opt/airflow/dags/batch_pipeline_dag.py took 0.223 seconds
[2026-07-02T05:43:46.366+0000] {processor.py:161} INFO - Started process (PID=2305) to work on /opt/airflow/dags/batch_pipeline_dag.py
[2026-07-02T05:43:46.367+0000] {processor.py:830} INFO - Processing file /opt/airflow/dags/batch_pipeline_dag.py for tasks to queue
[2026-07-02T05:43:46.367+0000] {logging_mixin.py:188} INFO - [2026-07-02T05:43:46.367+0000] {dagbag.py:538} INFO - Filling up the DagBag from /opt/airflow/dags/batch_pipeline_dag.py
[2026-07-02T05:43:46.389+0000] {processor.py:840} INFO - DAG(s) 'batch_pipeline_harga_pangan' retrieved from /opt/airflow/dags/batch_pipeline_dag.py
[2026-07-02T05:43:46.432+0000] {logging_mixin.py:188} INFO - [2026-07-02T05:43:46.431+0000] {dag.py:3036} INFO - Sync 1 DAGs
[2026-07-02T05:43:46.450+0000] {logging_mixin.py:188} INFO - [2026-07-02T05:43:46.450+0000] {dag.py:3823} INFO - Setting next_dagrun for batch_pipeline_harga_pangan to 2026-07-01 23:00:00+00:00, run_after=2026-07-02 23:00:00+00:00
[2026-07-02T05:43:46.466+0000] {processor.py:183} INFO - Processing /opt/airflow/dags/batch_pipeline_dag.py took 0.103 seconds
[2026-07-02T05:44:20.086+0000] {processor.py:161} INFO - Started process (PID=2323) to work on /opt/airflow/dags/batch_pipeline_dag.py
[2026-07-02T05:44:20.087+0000] {processor.py:830} INFO - Processing file /opt/airflow/dags/batch_pipeline_dag.py for tasks to queue
[2026-07-02T05:44:20.088+0000] {logging_mixin.py:188} INFO - [2026-07-02T05:44:20.088+0000] {dagbag.py:538} INFO - Filling up the DagBag from /opt/airflow/dags/batch_pipeline_dag.py
[2026-07-02T05:44:20.108+0000] {processor.py:840} INFO - DAG(s) 'batch_pipeline_harga_pangan' retrieved from /opt/airflow/dags/batch_pipeline_dag.py
[2026-07-02T05:44:20.159+0000] {logging_mixin.py:188} INFO - [2026-07-02T05:44:20.159+0000] {dag.py:3036} INFO - Sync 1 DAGs
[2026-07-02T05:44:20.180+0000] {logging_mixin.py:188} INFO - [2026-07-02T05:44:20.180+0000] {dag.py:3823} INFO - Setting next_dagrun for batch_pipeline_harga_pangan to 2026-07-01 23:00:00+00:00, run_after=2026-07-02 23:00:00+00:00
[2026-07-02T05:44:20.200+0000] {processor.py:183} INFO - Processing /opt/airflow/dags/batch_pipeline_dag.py took 0.116 seconds
[2026-07-02T05:44:52.792+0000] {processor.py:161} INFO - Started process (PID=2341) to work on /opt/airflow/dags/batch_pipeline_dag.py
[2026-07-02T05:44:52.793+0000] {processor.py:830} INFO - Processing file /opt/airflow/dags/batch_pipeline_dag.py for tasks to queue
[2026-07-02T05:44:52.793+0000] {logging_mixin.py:188} INFO - [2026-07-02T05:44:52.793+0000] {dagbag.py:538} INFO - Filling up the DagBag from /opt/airflow/dags/batch_pipeline_dag.py
[2026-07-02T05:44:52.813+0000] {processor.py:840} INFO - DAG(s) 'batch_pipeline_harga_pangan' retrieved from /opt/airflow/dags/batch_pipeline_dag.py
[2026-07-02T05:44:52.858+0000] {logging_mixin.py:188} INFO - [2026-07-02T05:44:52.857+0000] {dag.py:3036} INFO - Sync 1 DAGs
[2026-07-02T05:44:52.878+0000] {logging_mixin.py:188} INFO - [2026-07-02T05:44:52.877+0000] {dag.py:3823} INFO - Setting next_dagrun for batch_pipeline_harga_pangan to 2026-07-01 23:00:00+00:00, run_after=2026-07-02 23:00:00+00:00
[2026-07-02T05:44:52.894+0000] {processor.py:183} INFO - Processing /opt/airflow/dags/batch_pipeline_dag.py took 0.105 seconds
[2026-07-02T05:45:26.496+0000] {processor.py:161} INFO - Started process (PID=2359) to work on /opt/airflow/dags/batch_pipeline_dag.py
[2026-07-02T05:45:26.497+0000] {processor.py:830} INFO - Processing file /opt/airflow/dags/batch_pipeline_dag.py for tasks to queue
[2026-07-02T05:45:26.498+0000] {logging_mixin.py:188} INFO - [2026-07-02T05:45:26.498+0000] {dagbag.py:538} INFO - Filling up the DagBag from /opt/airflow/dags/batch_pipeline_dag.py
[2026-07-02T05:45:26.525+0000] {processor.py:840} INFO - DAG(s) 'batch_pipeline_harga_pangan' retrieved from /opt/airflow/dags/batch_pipeline_dag.py
[2026-07-02T05:45:26.574+0000] {logging_mixin.py:188} INFO - [2026-07-02T05:45:26.573+0000] {dag.py:3036} INFO - Sync 1 DAGs
[2026-07-02T05:45:26.596+0000] {logging_mixin.py:188} INFO - [2026-07-02T05:45:26.595+0000] {dag.py:3823} INFO - Setting next_dagrun for batch_pipeline_harga_pangan to 2026-07-01 23:00:00+00:00, run_after=2026-07-02 23:00:00+00:00
[2026-07-02T05:45:26.614+0000] {processor.py:183} INFO - Processing /opt/airflow/dags/batch_pipeline_dag.py took 0.121 seconds
[2026-07-02T05:45:59.180+0000] {processor.py:161} INFO - Started process (PID=2377) to work on /opt/airflow/dags/batch_pipeline_dag.py
[2026-07-02T05:45:59.182+0000] {processor.py:830} INFO - Processing file /opt/airflow/dags/batch_pipeline_dag.py for tasks to queue
[2026-07-02T05:45:59.183+0000] {logging_mixin.py:188} INFO - [2026-07-02T05:45:59.183+0000] {dagbag.py:538} INFO - Filling up the DagBag from /opt/airflow/dags/batch_pipeline_dag.py
[2026-07-02T05:45:59.210+0000] {processor.py:840} INFO - DAG(s) 'batch_pipeline_harga_pangan' retrieved from /opt/airflow/dags/batch_pipeline_dag.py
[2026-07-02T05:45:59.267+0000] {logging_mixin.py:188} INFO - [2026-07-02T05:45:59.267+0000] {dag.py:3036} INFO - Sync 1 DAGs
[2026-07-02T05:45:59.284+0000] {logging_mixin.py:188} INFO - [2026-07-02T05:45:59.284+0000] {dag.py:3823} INFO - Setting next_dagrun for batch_pipeline_harga_pangan to 2026-07-01 23:00:00+00:00, run_after=2026-07-02 23:00:00+00:00
[2026-07-02T05:45:59.299+0000] {processor.py:183} INFO - Processing /opt/airflow/dags/batch_pipeline_dag.py took 0.122 seconds
[2026-07-02T05:46:32.848+0000] {processor.py:161} INFO - Started process (PID=2394) to work on /opt/airflow/dags/batch_pipeline_dag.py
[2026-07-02T05:46:32.850+0000] {processor.py:830} INFO - Processing file /opt/airflow/dags/batch_pipeline_dag.py for tasks to queue
[2026-07-02T05:46:32.850+0000] {logging_mixin.py:188} INFO - [2026-07-02T05:46:32.850+0000] {dagbag.py:538} INFO - Filling up the DagBag from /opt/airflow/dags/batch_pipeline_dag.py
[2026-07-02T05:46:32.877+0000] {processor.py:840} INFO - DAG(s) 'batch_pipeline_harga_pangan' retrieved from /opt/airflow/dags/batch_pipeline_dag.py
[2026-07-02T05:46:32.929+0000] {logging_mixin.py:188} INFO - [2026-07-02T05:46:32.929+0000] {dag.py:3036} INFO - Sync 1 DAGs
[2026-07-02T05:46:32.950+0000] {logging_mixin.py:188} INFO - [2026-07-02T05:46:32.950+0000] {dag.py:3823} INFO - Setting next_dagrun for batch_pipeline_harga_pangan to 2026-07-01 23:00:00+00:00, run_after=2026-07-02 23:00:00+00:00
[2026-07-02T05:46:32.970+0000] {processor.py:183} INFO - Processing /opt/airflow/dags/batch_pipeline_dag.py took 0.126 seconds
[2026-07-02T05:47:06.546+0000] {processor.py:161} INFO - Started process (PID=2405) to work on /opt/airflow/dags/batch_pipeline_dag.py
[2026-07-02T05:47:06.547+0000] {processor.py:830} INFO - Processing file /opt/airflow/dags/batch_pipeline_dag.py for tasks to queue
[2026-07-02T05:47:06.548+0000] {logging_mixin.py:188} INFO - [2026-07-02T05:47:06.548+0000] {dagbag.py:538} INFO - Filling up the DagBag from /opt/airflow/dags/batch_pipeline_dag.py
[2026-07-02T05:47:06.570+0000] {processor.py:840} INFO - DAG(s) 'batch_pipeline_harga_pangan' retrieved from /opt/airflow/dags/batch_pipeline_dag.py
[2026-07-02T05:47:06.618+0000] {logging_mixin.py:188} INFO - [2026-07-02T05:47:06.618+0000] {dag.py:3036} INFO - Sync 1 DAGs
[2026-07-02T05:47:06.636+0000] {logging_mixin.py:188} INFO - [2026-07-02T05:47:06.636+0000] {dag.py:3823} INFO - Setting next_dagrun for batch_pipeline_harga_pangan to 2026-07-01 23:00:00+00:00, run_after=2026-07-02 23:00:00+00:00
[2026-07-02T05:47:06.653+0000] {processor.py:183} INFO - Processing /opt/airflow/dags/batch_pipeline_dag.py took 0.109 seconds
[2026-07-02T05:47:39.201+0000] {processor.py:161} INFO - Started process (PID=2423) to work on /opt/airflow/dags/batch_pipeline_dag.py
[2026-07-02T05:47:39.202+0000] {processor.py:830} INFO - Processing file /opt/airflow/dags/batch_pipeline_dag.py for tasks to queue
[2026-07-02T05:47:39.203+0000] {logging_mixin.py:188} INFO - [2026-07-02T05:47:39.203+0000] {dagbag.py:538} INFO - Filling up the DagBag from /opt/airflow/dags/batch_pipeline_dag.py
[2026-07-02T05:47:39.227+0000] {processor.py:840} INFO - DAG(s) 'batch_pipeline_harga_pangan' retrieved from /opt/airflow/dags/batch_pipeline_dag.py
[2026-07-02T05:47:39.281+0000] {logging_mixin.py:188} INFO - [2026-07-02T05:47:39.280+0000] {dag.py:3036} INFO - Sync 1 DAGs
[2026-07-02T05:47:39.303+0000] {logging_mixin.py:188} INFO - [2026-07-02T05:47:39.303+0000] {dag.py:3823} INFO - Setting next_dagrun for batch_pipeline_harga_pangan to 2026-07-01 23:00:00+00:00, run_after=2026-07-02 23:00:00+00:00
[2026-07-02T05:47:39.320+0000] {processor.py:183} INFO - Processing /opt/airflow/dags/batch_pipeline_dag.py took 0.122 seconds
[2026-07-02T05:48:12.880+0000] {processor.py:161} INFO - Started process (PID=2441) to work on /opt/airflow/dags/batch_pipeline_dag.py
[2026-07-02T05:48:12.881+0000] {processor.py:830} INFO - Processing file /opt/airflow/dags/batch_pipeline_dag.py for tasks to queue
[2026-07-02T05:48:12.882+0000] {logging_mixin.py:188} INFO - [2026-07-02T05:48:12.882+0000] {dagbag.py:538} INFO - Filling up the DagBag from /opt/airflow/dags/batch_pipeline_dag.py
[2026-07-02T05:48:12.901+0000] {processor.py:840} INFO - DAG(s) 'batch_pipeline_harga_pangan' retrieved from /opt/airflow/dags/batch_pipeline_dag.py
[2026-07-02T05:48:12.946+0000] {logging_mixin.py:188} INFO - [2026-07-02T05:48:12.946+0000] {dag.py:3036} INFO - Sync 1 DAGs
[2026-07-02T05:48:12.966+0000] {logging_mixin.py:188} INFO - [2026-07-02T05:48:12.965+0000] {dag.py:3823} INFO - Setting next_dagrun for batch_pipeline_harga_pangan to 2026-07-01 23:00:00+00:00, run_after=2026-07-02 23:00:00+00:00
[2026-07-02T05:48:12.981+0000] {processor.py:183} INFO - Processing /opt/airflow/dags/batch_pipeline_dag.py took 0.103 seconds
[2026-07-02T05:48:46.580+0000] {processor.py:161} INFO - Started process (PID=2459) to work on /opt/airflow/dags/batch_pipeline_dag.py
[2026-07-02T05:48:46.581+0000] {processor.py:830} INFO - Processing file /opt/airflow/dags/batch_pipeline_dag.py for tasks to queue
[2026-07-02T05:48:46.582+0000] {logging_mixin.py:188} INFO - [2026-07-02T05:48:46.582+0000] {dagbag.py:538} INFO - Filling up the DagBag from /opt/airflow/dags/batch_pipeline_dag.py
[2026-07-02T05:48:46.607+0000] {processor.py:840} INFO - DAG(s) 'batch_pipeline_harga_pangan' retrieved from /opt/airflow/dags/batch_pipeline_dag.py
[2026-07-02T05:48:46.656+0000] {logging_mixin.py:188} INFO - [2026-07-02T05:48:46.655+0000] {dag.py:3036} INFO - Sync 1 DAGs
[2026-07-02T05:48:46.674+0000] {logging_mixin.py:188} INFO - [2026-07-02T05:48:46.674+0000] {dag.py:3823} INFO - Setting next_dagrun for batch_pipeline_harga_pangan to 2026-07-01 23:00:00+00:00, run_after=2026-07-02 23:00:00+00:00
[2026-07-02T05:48:46.692+0000] {processor.py:183} INFO - Processing /opt/airflow/dags/batch_pipeline_dag.py took 0.114 seconds
[2026-07-02T05:49:19.205+0000] {processor.py:161} INFO - Started process (PID=2477) to work on /opt/airflow/dags/batch_pipeline_dag.py
[2026-07-02T05:49:19.205+0000] {processor.py:830} INFO - Processing file /opt/airflow/dags/batch_pipeline_dag.py for tasks to queue
[2026-07-02T05:49:19.206+0000] {logging_mixin.py:188} INFO - [2026-07-02T05:49:19.206+0000] {dagbag.py:538} INFO - Filling up the DagBag from /opt/airflow/dags/batch_pipeline_dag.py
[2026-07-02T05:49:19.227+0000] {processor.py:840} INFO - DAG(s) 'batch_pipeline_harga_pangan' retrieved from /opt/airflow/dags/batch_pipeline_dag.py
[2026-07-02T05:49:19.273+0000] {logging_mixin.py:188} INFO - [2026-07-02T05:49:19.272+0000] {dag.py:3036} INFO - Sync 1 DAGs
[2026-07-02T05:49:19.292+0000] {logging_mixin.py:188} INFO - [2026-07-02T05:49:19.292+0000] {dag.py:3823} INFO - Setting next_dagrun for batch_pipeline_harga_pangan to 2026-07-01 23:00:00+00:00, run_after=2026-07-02 23:00:00+00:00
[2026-07-02T05:49:19.309+0000] {processor.py:183} INFO - Processing /opt/airflow/dags/batch_pipeline_dag.py took 0.106 seconds
[2026-07-02T05:49:52.914+0000] {processor.py:161} INFO - Started process (PID=2495) to work on /opt/airflow/dags/batch_pipeline_dag.py
[2026-07-02T05:49:52.915+0000] {processor.py:830} INFO - Processing file /opt/airflow/dags/batch_pipeline_dag.py for tasks to queue
[2026-07-02T05:49:52.916+0000] {logging_mixin.py:188} INFO - [2026-07-02T05:49:52.916+0000] {dagbag.py:538} INFO - Filling up the DagBag from /opt/airflow/dags/batch_pipeline_dag.py
[2026-07-02T05:49:52.945+0000] {processor.py:840} INFO - DAG(s) 'batch_pipeline_harga_pangan' retrieved from /opt/airflow/dags/batch_pipeline_dag.py
[2026-07-02T05:49:53.000+0000] {logging_mixin.py:188} INFO - [2026-07-02T05:49:53.000+0000] {dag.py:3036} INFO - Sync 1 DAGs
[2026-07-02T05:49:53.021+0000] {logging_mixin.py:188} INFO - [2026-07-02T05:49:53.021+0000] {dag.py:3823} INFO - Setting next_dagrun for batch_pipeline_harga_pangan to 2026-07-01 23:00:00+00:00, run_after=2026-07-02 23:00:00+00:00
[2026-07-02T05:49:53.042+0000] {processor.py:183} INFO - Processing /opt/airflow/dags/batch_pipeline_dag.py took 0.132 seconds
[2026-07-02T05:50:25.930+0000] {processor.py:161} INFO - Started process (PID=2513) to work on /opt/airflow/dags/batch_pipeline_dag.py
[2026-07-02T05:50:25.931+0000] {processor.py:830} INFO - Processing file /opt/airflow/dags/batch_pipeline_dag.py for tasks to queue
[2026-07-02T05:50:25.932+0000] {logging_mixin.py:188} INFO - [2026-07-02T05:50:25.931+0000] {dagbag.py:538} INFO - Filling up the DagBag from /opt/airflow/dags/batch_pipeline_dag.py
[2026-07-02T05:50:25.955+0000] {processor.py:840} INFO - DAG(s) 'batch_pipeline_harga_pangan' retrieved from /opt/airflow/dags/batch_pipeline_dag.py
[2026-07-02T05:50:26.011+0000] {logging_mixin.py:188} INFO - [2026-07-02T05:50:26.011+0000] {dag.py:3036} INFO - Sync 1 DAGs
[2026-07-02T05:50:26.034+0000] {logging_mixin.py:188} INFO - [2026-07-02T05:50:26.033+0000] {dag.py:3823} INFO - Setting next_dagrun for batch_pipeline_harga_pangan to 2026-07-01 23:00:00+00:00, run_after=2026-07-02 23:00:00+00:00
[2026-07-02T05:50:26.207+0000] {processor.py:183} INFO - Processing /opt/airflow/dags/batch_pipeline_dag.py took 0.280 seconds
[2026-07-02T05:50:59.621+0000] {processor.py:161} INFO - Started process (PID=2531) to work on /opt/airflow/dags/batch_pipeline_dag.py
[2026-07-02T05:50:59.622+0000] {processor.py:830} INFO - Processing file /opt/airflow/dags/batch_pipeline_dag.py for tasks to queue
[2026-07-02T05:50:59.623+0000] {logging_mixin.py:188} INFO - [2026-07-02T05:50:59.623+0000] {dagbag.py:538} INFO - Filling up the DagBag from /opt/airflow/dags/batch_pipeline_dag.py
[2026-07-02T05:50:59.644+0000] {processor.py:840} INFO - DAG(s) 'batch_pipeline_harga_pangan' retrieved from /opt/airflow/dags/batch_pipeline_dag.py
[2026-07-02T05:50:59.691+0000] {logging_mixin.py:188} INFO - [2026-07-02T05:50:59.691+0000] {dag.py:3036} INFO - Sync 1 DAGs
[2026-07-02T05:50:59.710+0000] {logging_mixin.py:188} INFO - [2026-07-02T05:50:59.710+0000] {dag.py:3823} INFO - Setting next_dagrun for batch_pipeline_harga_pangan to 2026-07-01 23:00:00+00:00, run_after=2026-07-02 23:00:00+00:00
[2026-07-02T05:50:59.730+0000] {processor.py:183} INFO - Processing /opt/airflow/dags/batch_pipeline_dag.py took 0.112 seconds
[2026-07-02T05:51:33.315+0000] {processor.py:161} INFO - Started process (PID=2549) to work on /opt/airflow/dags/batch_pipeline_dag.py
[2026-07-02T05:51:33.316+0000] {processor.py:830} INFO - Processing file /opt/airflow/dags/batch_pipeline_dag.py for tasks to queue
[2026-07-02T05:51:33.317+0000] {logging_mixin.py:188} INFO - [2026-07-02T05:51:33.317+0000] {dagbag.py:538} INFO - Filling up the DagBag from /opt/airflow/dags/batch_pipeline_dag.py
[2026-07-02T05:51:33.349+0000] {processor.py:840} INFO - DAG(s) 'batch_pipeline_harga_pangan' retrieved from /opt/airflow/dags/batch_pipeline_dag.py
[2026-07-02T05:51:33.407+0000] {logging_mixin.py:188} INFO - [2026-07-02T05:51:33.407+0000] {dag.py:3036} INFO - Sync 1 DAGs
[2026-07-02T05:51:33.555+0000] {logging_mixin.py:188} INFO - [2026-07-02T05:51:33.555+0000] {dag.py:3823} INFO - Setting next_dagrun for batch_pipeline_harga_pangan to 2026-07-01 23:00:00+00:00, run_after=2026-07-02 23:00:00+00:00
[2026-07-02T05:51:33.573+0000] {processor.py:183} INFO - Processing /opt/airflow/dags/batch_pipeline_dag.py took 0.260 seconds
[2026-07-02T05:52:05.993+0000] {processor.py:161} INFO - Started process (PID=2567) to work on /opt/airflow/dags/batch_pipeline_dag.py
[2026-07-02T05:52:05.995+0000] {processor.py:830} INFO - Processing file /opt/airflow/dags/batch_pipeline_dag.py for tasks to queue
[2026-07-02T05:52:05.996+0000] {logging_mixin.py:188} INFO - [2026-07-02T05:52:05.996+0000] {dagbag.py:538} INFO - Filling up the DagBag from /opt/airflow/dags/batch_pipeline_dag.py
[2026-07-02T05:52:06.020+0000] {processor.py:840} INFO - DAG(s) 'batch_pipeline_harga_pangan' retrieved from /opt/airflow/dags/batch_pipeline_dag.py
[2026-07-02T05:52:06.091+0000] {logging_mixin.py:188} INFO - [2026-07-02T05:52:06.090+0000] {dag.py:3036} INFO - Sync 1 DAGs
[2026-07-02T05:52:06.115+0000] {logging_mixin.py:188} INFO - [2026-07-02T05:52:06.115+0000] {dag.py:3823} INFO - Setting next_dagrun for batch_pipeline_harga_pangan to 2026-07-01 23:00:00+00:00, run_after=2026-07-02 23:00:00+00:00
[2026-07-02T05:52:06.133+0000] {processor.py:183} INFO - Processing /opt/airflow/dags/batch_pipeline_dag.py took 0.144 seconds
[2026-07-02T05:52:39.644+0000] {processor.py:161} INFO - Started process (PID=2585) to work on /opt/airflow/dags/batch_pipeline_dag.py
[2026-07-02T05:52:39.645+0000] {processor.py:830} INFO - Processing file /opt/airflow/dags/batch_pipeline_dag.py for tasks to queue
[2026-07-02T05:52:39.646+0000] {logging_mixin.py:188} INFO - [2026-07-02T05:52:39.646+0000] {dagbag.py:538} INFO - Filling up the DagBag from /opt/airflow/dags/batch_pipeline_dag.py
[2026-07-02T05:52:39.684+0000] {processor.py:840} INFO - DAG(s) 'batch_pipeline_harga_pangan' retrieved from /opt/airflow/dags/batch_pipeline_dag.py
[2026-07-02T05:52:39.779+0000] {logging_mixin.py:188} INFO - [2026-07-02T05:52:39.779+0000] {dag.py:3036} INFO - Sync 1 DAGs
[2026-07-02T05:52:40.054+0000] {logging_mixin.py:188} INFO - [2026-07-02T05:52:40.053+0000] {dag.py:3823} INFO - Setting next_dagrun for batch_pipeline_harga_pangan to 2026-07-01 23:00:00+00:00, run_after=2026-07-02 23:00:00+00:00
[2026-07-02T05:52:40.081+0000] {processor.py:183} INFO - Processing /opt/airflow/dags/batch_pipeline_dag.py took 0.442 seconds
[2026-07-02T05:53:12.931+0000] {processor.py:161} INFO - Started process (PID=2603) to work on /opt/airflow/dags/batch_pipeline_dag.py
[2026-07-02T05:53:12.934+0000] {processor.py:830} INFO - Processing file /opt/airflow/dags/batch_pipeline_dag.py for tasks to queue
[2026-07-02T05:53:12.937+0000] {logging_mixin.py:188} INFO - [2026-07-02T05:53:12.935+0000] {dagbag.py:538} INFO - Filling up the DagBag from /opt/airflow/dags/batch_pipeline_dag.py
[2026-07-02T05:53:12.994+0000] {processor.py:840} INFO - DAG(s) 'batch_pipeline_harga_pangan' retrieved from /opt/airflow/dags/batch_pipeline_dag.py
[2026-07-02T05:53:13.105+0000] {logging_mixin.py:188} INFO - [2026-07-02T05:53:13.104+0000] {dag.py:3036} INFO - Sync 1 DAGs
[2026-07-02T05:53:13.143+0000] {logging_mixin.py:188} INFO - [2026-07-02T05:53:13.142+0000] {dag.py:3823} INFO - Setting next_dagrun for batch_pipeline_harga_pangan to 2026-07-01 23:00:00+00:00, run_after=2026-07-02 23:00:00+00:00
[2026-07-02T05:53:13.194+0000] {processor.py:183} INFO - Processing /opt/airflow/dags/batch_pipeline_dag.py took 0.269 seconds
[2026-07-02T05:53:46.702+0000] {processor.py:161} INFO - Started process (PID=2621) to work on /opt/airflow/dags/batch_pipeline_dag.py
[2026-07-02T05:53:46.704+0000] {processor.py:830} INFO - Processing file /opt/airflow/dags/batch_pipeline_dag.py for tasks to queue
[2026-07-02T05:53:46.705+0000] {logging_mixin.py:188} INFO - [2026-07-02T05:53:46.705+0000] {dagbag.py:538} INFO - Filling up the DagBag from /opt/airflow/dags/batch_pipeline_dag.py
[2026-07-02T05:53:46.742+0000] {processor.py:840} INFO - DAG(s) 'batch_pipeline_harga_pangan' retrieved from /opt/airflow/dags/batch_pipeline_dag.py
[2026-07-02T05:53:46.815+0000] {logging_mixin.py:188} INFO - [2026-07-02T05:53:46.814+0000] {dag.py:3036} INFO - Sync 1 DAGs
[2026-07-02T05:53:46.838+0000] {logging_mixin.py:188} INFO - [2026-07-02T05:53:46.838+0000] {dag.py:3823} INFO - Setting next_dagrun for batch_pipeline_harga_pangan to 2026-07-01 23:00:00+00:00, run_after=2026-07-02 23:00:00+00:00
[2026-07-02T05:53:46.863+0000] {processor.py:183} INFO - Processing /opt/airflow/dags/batch_pipeline_dag.py took 0.164 seconds
[2026-07-02T05:54:19.747+0000] {processor.py:161} INFO - Started process (PID=2639) to work on /opt/airflow/dags/batch_pipeline_dag.py
[2026-07-02T05:54:19.751+0000] {processor.py:830} INFO - Processing file /opt/airflow/dags/batch_pipeline_dag.py for tasks to queue
[2026-07-02T05:54:19.754+0000] {logging_mixin.py:188} INFO - [2026-07-02T05:54:19.753+0000] {dagbag.py:538} INFO - Filling up the DagBag from /opt/airflow/dags/batch_pipeline_dag.py
[2026-07-02T05:54:19.807+0000] {processor.py:840} INFO - DAG(s) 'batch_pipeline_harga_pangan' retrieved from /opt/airflow/dags/batch_pipeline_dag.py
[2026-07-02T05:54:19.896+0000] {logging_mixin.py:188} INFO - [2026-07-02T05:54:19.896+0000] {dag.py:3036} INFO - Sync 1 DAGs
[2026-07-02T05:54:19.944+0000] {logging_mixin.py:188} INFO - [2026-07-02T05:54:19.943+0000] {dag.py:3823} INFO - Setting next_dagrun for batch_pipeline_harga_pangan to 2026-07-01 23:00:00+00:00, run_after=2026-07-02 23:00:00+00:00
[2026-07-02T05:54:19.979+0000] {processor.py:183} INFO - Processing /opt/airflow/dags/batch_pipeline_dag.py took 0.239 seconds
[2026-07-02T05:54:52.558+0000] {processor.py:161} INFO - Started process (PID=2649) to work on /opt/airflow/dags/batch_pipeline_dag.py
[2026-07-02T05:54:52.558+0000] {processor.py:830} INFO - Processing file /opt/airflow/dags/batch_pipeline_dag.py for tasks to queue
[2026-07-02T05:54:52.559+0000] {logging_mixin.py:188} INFO - [2026-07-02T05:54:52.559+0000] {dagbag.py:538} INFO - Filling up the DagBag from /opt/airflow/dags/batch_pipeline_dag.py
[2026-07-02T05:54:52.584+0000] {processor.py:840} INFO - DAG(s) 'batch_pipeline_harga_pangan' retrieved from /opt/airflow/dags/batch_pipeline_dag.py
[2026-07-02T05:54:52.640+0000] {logging_mixin.py:188} INFO - [2026-07-02T05:54:52.640+0000] {dag.py:3036} INFO - Sync 1 DAGs
[2026-07-02T05:54:52.661+0000] {logging_mixin.py:188} INFO - [2026-07-02T05:54:52.661+0000] {dag.py:3823} INFO - Setting next_dagrun for batch_pipeline_harga_pangan to 2026-07-01 23:00:00+00:00, run_after=2026-07-02 23:00:00+00:00
[2026-07-02T05:54:52.685+0000] {processor.py:183} INFO - Processing /opt/airflow/dags/batch_pipeline_dag.py took 0.130 seconds
[2026-07-02T05:55:26.515+0000] {processor.py:161} INFO - Started process (PID=2667) to work on /opt/airflow/dags/batch_pipeline_dag.py
[2026-07-02T05:55:26.516+0000] {processor.py:830} INFO - Processing file /opt/airflow/dags/batch_pipeline_dag.py for tasks to queue
[2026-07-02T05:55:26.517+0000] {logging_mixin.py:188} INFO - [2026-07-02T05:55:26.517+0000] {dagbag.py:538} INFO - Filling up the DagBag from /opt/airflow/dags/batch_pipeline_dag.py
[2026-07-02T05:55:26.542+0000] {processor.py:840} INFO - DAG(s) 'batch_pipeline_harga_pangan' retrieved from /opt/airflow/dags/batch_pipeline_dag.py
[2026-07-02T05:55:26.588+0000] {logging_mixin.py:188} INFO - [2026-07-02T05:55:26.588+0000] {dag.py:3036} INFO - Sync 1 DAGs
[2026-07-02T05:55:26.607+0000] {logging_mixin.py:188} INFO - [2026-07-02T05:55:26.607+0000] {dag.py:3823} INFO - Setting next_dagrun for batch_pipeline_harga_pangan to 2026-07-01 23:00:00+00:00, run_after=2026-07-02 23:00:00+00:00
[2026-07-02T05:55:26.631+0000] {processor.py:183} INFO - Processing /opt/airflow/dags/batch_pipeline_dag.py took 0.119 seconds
[2026-07-02T05:56:00.179+0000] {processor.py:161} INFO - Started process (PID=2685) to work on /opt/airflow/dags/batch_pipeline_dag.py
[2026-07-02T05:56:00.180+0000] {processor.py:830} INFO - Processing file /opt/airflow/dags/batch_pipeline_dag.py for tasks to queue
[2026-07-02T05:56:00.181+0000] {logging_mixin.py:188} INFO - [2026-07-02T05:56:00.180+0000] {dagbag.py:538} INFO - Filling up the DagBag from /opt/airflow/dags/batch_pipeline_dag.py
[2026-07-02T05:56:00.235+0000] {processor.py:840} INFO - DAG(s) 'batch_pipeline_harga_pangan' retrieved from /opt/airflow/dags/batch_pipeline_dag.py
[2026-07-02T05:56:00.295+0000] {logging_mixin.py:188} INFO - [2026-07-02T05:56:00.295+0000] {dag.py:3036} INFO - Sync 1 DAGs
[2026-07-02T05:56:00.325+0000] {logging_mixin.py:188} INFO - [2026-07-02T05:56:00.325+0000] {dag.py:3823} INFO - Setting next_dagrun for batch_pipeline_harga_pangan to 2026-07-01 23:00:00+00:00, run_after=2026-07-02 23:00:00+00:00
[2026-07-02T05:56:00.351+0000] {processor.py:183} INFO - Processing /opt/airflow/dags/batch_pipeline_dag.py took 0.175 seconds
[2026-07-02T05:56:32.924+0000] {processor.py:161} INFO - Started process (PID=2703) to work on /opt/airflow/dags/batch_pipeline_dag.py
[2026-07-02T05:56:32.925+0000] {processor.py:830} INFO - Processing file /opt/airflow/dags/batch_pipeline_dag.py for tasks to queue
[2026-07-02T05:56:32.926+0000] {logging_mixin.py:188} INFO - [2026-07-02T05:56:32.926+0000] {dagbag.py:538} INFO - Filling up the DagBag from /opt/airflow/dags/batch_pipeline_dag.py
[2026-07-02T05:56:32.954+0000] {processor.py:840} INFO - DAG(s) 'batch_pipeline_harga_pangan' retrieved from /opt/airflow/dags/batch_pipeline_dag.py
[2026-07-02T05:56:33.015+0000] {logging_mixin.py:188} INFO - [2026-07-02T05:56:33.014+0000] {dag.py:3036} INFO - Sync 1 DAGs
[2026-07-02T05:56:33.038+0000] {logging_mixin.py:188} INFO - [2026-07-02T05:56:33.038+0000] {dag.py:3823} INFO - Setting next_dagrun for batch_pipeline_harga_pangan to 2026-07-01 23:00:00+00:00, run_after=2026-07-02 23:00:00+00:00
[2026-07-02T05:56:33.063+0000] {processor.py:183} INFO - Processing /opt/airflow/dags/batch_pipeline_dag.py took 0.141 seconds
[2026-07-02T05:57:03.173+0000] {processor.py:161} INFO - Started process (PID=2721) to work on /opt/airflow/dags/batch_pipeline_dag.py
[2026-07-02T05:57:03.174+0000] {processor.py:830} INFO - Processing file /opt/airflow/dags/batch_pipeline_dag.py for tasks to queue
[2026-07-02T05:57:03.175+0000] {logging_mixin.py:188} INFO - [2026-07-02T05:57:03.175+0000] {dagbag.py:538} INFO - Filling up the DagBag from /opt/airflow/dags/batch_pipeline_dag.py
[2026-07-02T05:57:03.197+0000] {processor.py:840} INFO - DAG(s) 'batch_pipeline_harga_pangan' retrieved from /opt/airflow/dags/batch_pipeline_dag.py
[2026-07-02T05:57:03.243+0000] {logging_mixin.py:188} INFO - [2026-07-02T05:57:03.243+0000] {dag.py:3036} INFO - Sync 1 DAGs
[2026-07-02T05:57:03.263+0000] {logging_mixin.py:188} INFO - [2026-07-02T05:57:03.263+0000] {dag.py:3823} INFO - Setting next_dagrun for batch_pipeline_harga_pangan to 2026-07-01 23:00:00+00:00, run_after=2026-07-02 23:00:00+00:00
[2026-07-02T05:57:03.285+0000] {processor.py:183} INFO - Processing /opt/airflow/dags/batch_pipeline_dag.py took 0.115 seconds
[2026-07-02T05:57:33.604+0000] {processor.py:161} INFO - Started process (PID=2739) to work on /opt/airflow/dags/batch_pipeline_dag.py
[2026-07-02T05:57:33.605+0000] {processor.py:830} INFO - Processing file /opt/airflow/dags/batch_pipeline_dag.py for tasks to queue
[2026-07-02T05:57:33.606+0000] {logging_mixin.py:188} INFO - [2026-07-02T05:57:33.606+0000] {dagbag.py:538} INFO - Filling up the DagBag from /opt/airflow/dags/batch_pipeline_dag.py
[2026-07-02T05:57:33.639+0000] {processor.py:840} INFO - DAG(s) 'batch_pipeline_harga_pangan' retrieved from /opt/airflow/dags/batch_pipeline_dag.py
[2026-07-02T05:57:33.742+0000] {logging_mixin.py:188} INFO - [2026-07-02T05:57:33.741+0000] {dag.py:3036} INFO - Sync 1 DAGs
[2026-07-02T05:57:33.765+0000] {logging_mixin.py:188} INFO - [2026-07-02T05:57:33.765+0000] {dag.py:3823} INFO - Setting next_dagrun for batch_pipeline_harga_pangan to 2026-07-01 23:00:00+00:00, run_after=2026-07-02 23:00:00+00:00
[2026-07-02T05:57:33.783+0000] {processor.py:183} INFO - Processing /opt/airflow/dags/batch_pipeline_dag.py took 0.183 seconds
[2026-07-02T05:58:04.432+0000] {processor.py:161} INFO - Started process (PID=2757) to work on /opt/airflow/dags/batch_pipeline_dag.py
[2026-07-02T05:58:04.433+0000] {processor.py:830} INFO - Processing file /opt/airflow/dags/batch_pipeline_dag.py for tasks to queue
[2026-07-02T05:58:04.434+0000] {logging_mixin.py:188} INFO - [2026-07-02T05:58:04.434+0000] {dagbag.py:538} INFO - Filling up the DagBag from /opt/airflow/dags/batch_pipeline_dag.py
[2026-07-02T05:58:04.465+0000] {processor.py:840} INFO - DAG(s) 'batch_pipeline_harga_pangan' retrieved from /opt/airflow/dags/batch_pipeline_dag.py
[2026-07-02T05:58:04.544+0000] {logging_mixin.py:188} INFO - [2026-07-02T05:58:04.544+0000] {dag.py:3036} INFO - Sync 1 DAGs
[2026-07-02T05:58:04.574+0000] {logging_mixin.py:188} INFO - [2026-07-02T05:58:04.574+0000] {dag.py:3823} INFO - Setting next_dagrun for batch_pipeline_harga_pangan to 2026-07-01 23:00:00+00:00, run_after=2026-07-02 23:00:00+00:00
[2026-07-02T05:58:04.602+0000] {processor.py:183} INFO - Processing /opt/airflow/dags/batch_pipeline_dag.py took 0.173 seconds
[2026-07-02T05:58:34.702+0000] {processor.py:161} INFO - Started process (PID=2776) to work on /opt/airflow/dags/batch_pipeline_dag.py
[2026-07-02T05:58:34.702+0000] {processor.py:830} INFO - Processing file /opt/airflow/dags/batch_pipeline_dag.py for tasks to queue
[2026-07-02T05:58:34.703+0000] {logging_mixin.py:188} INFO - [2026-07-02T05:58:34.703+0000] {dagbag.py:538} INFO - Filling up the DagBag from /opt/airflow/dags/batch_pipeline_dag.py
[2026-07-02T05:58:34.725+0000] {processor.py:840} INFO - DAG(s) 'batch_pipeline_harga_pangan' retrieved from /opt/airflow/dags/batch_pipeline_dag.py
[2026-07-02T05:58:34.769+0000] {logging_mixin.py:188} INFO - [2026-07-02T05:58:34.769+0000] {dag.py:3036} INFO - Sync 1 DAGs
[2026-07-02T05:58:34.787+0000] {logging_mixin.py:188} INFO - [2026-07-02T05:58:34.787+0000] {dag.py:3823} INFO - Setting next_dagrun for batch_pipeline_harga_pangan to 2026-07-01 23:00:00+00:00, run_after=2026-07-02 23:00:00+00:00
[2026-07-02T05:58:34.801+0000] {processor.py:183} INFO - Processing /opt/airflow/dags/batch_pipeline_dag.py took 0.103 seconds
[2026-07-02T05:59:05.334+0000] {processor.py:161} INFO - Started process (PID=2794) to work on /opt/airflow/dags/batch_pipeline_dag.py
[2026-07-02T05:59:05.335+0000] {processor.py:830} INFO - Processing file /opt/airflow/dags/batch_pipeline_dag.py for tasks to queue
[2026-07-02T05:59:05.336+0000] {logging_mixin.py:188} INFO - [2026-07-02T05:59:05.335+0000] {dagbag.py:538} INFO - Filling up the DagBag from /opt/airflow/dags/batch_pipeline_dag.py
[2026-07-02T05:59:05.356+0000] {processor.py:840} INFO - DAG(s) 'batch_pipeline_harga_pangan' retrieved from /opt/airflow/dags/batch_pipeline_dag.py
[2026-07-02T05:59:05.398+0000] {logging_mixin.py:188} INFO - [2026-07-02T05:59:05.397+0000] {dag.py:3036} INFO - Sync 1 DAGs
[2026-07-02T05:59:05.414+0000] {logging_mixin.py:188} INFO - [2026-07-02T05:59:05.414+0000] {dag.py:3823} INFO - Setting next_dagrun for batch_pipeline_harga_pangan to 2026-07-01 23:00:00+00:00, run_after=2026-07-02 23:00:00+00:00
[2026-07-02T05:59:05.432+0000] {processor.py:183} INFO - Processing /opt/airflow/dags/batch_pipeline_dag.py took 0.101 seconds
[2026-07-02T05:59:35.992+0000] {processor.py:161} INFO - Started process (PID=2804) to work on /opt/airflow/dags/batch_pipeline_dag.py
[2026-07-02T05:59:35.993+0000] {processor.py:830} INFO - Processing file /opt/airflow/dags/batch_pipeline_dag.py for tasks to queue
[2026-07-02T05:59:35.994+0000] {logging_mixin.py:188} INFO - [2026-07-02T05:59:35.994+0000] {dagbag.py:538} INFO - Filling up the DagBag from /opt/airflow/dags/batch_pipeline_dag.py
[2026-07-02T05:59:36.014+0000] {processor.py:840} INFO - DAG(s) 'batch_pipeline_harga_pangan' retrieved from /opt/airflow/dags/batch_pipeline_dag.py
[2026-07-02T05:59:36.073+0000] {logging_mixin.py:188} INFO - [2026-07-02T05:59:36.072+0000] {dag.py:3036} INFO - Sync 1 DAGs
[2026-07-02T05:59:36.094+0000] {logging_mixin.py:188} INFO - [2026-07-02T05:59:36.094+0000] {dag.py:3823} INFO - Setting next_dagrun for batch_pipeline_harga_pangan to 2026-07-01 23:00:00+00:00, run_after=2026-07-02 23:00:00+00:00
[2026-07-02T05:59:36.110+0000] {processor.py:183} INFO - Processing /opt/airflow/dags/batch_pipeline_dag.py took 0.120 seconds
[2026-07-02T06:00:06.658+0000] {processor.py:161} INFO - Started process (PID=2822) to work on /opt/airflow/dags/batch_pipeline_dag.py
[2026-07-02T06:00:06.659+0000] {processor.py:830} INFO - Processing file /opt/airflow/dags/batch_pipeline_dag.py for tasks to queue
[2026-07-02T06:00:06.660+0000] {logging_mixin.py:188} INFO - [2026-07-02T06:00:06.660+0000] {dagbag.py:538} INFO - Filling up the DagBag from /opt/airflow/dags/batch_pipeline_dag.py
[2026-07-02T06:00:06.685+0000] {processor.py:840} INFO - DAG(s) 'batch_pipeline_harga_pangan' retrieved from /opt/airflow/dags/batch_pipeline_dag.py
[2026-07-02T06:00:06.733+0000] {logging_mixin.py:188} INFO - [2026-07-02T06:00:06.732+0000] {dag.py:3036} INFO - Sync 1 DAGs
[2026-07-02T06:00:06.752+0000] {logging_mixin.py:188} INFO - [2026-07-02T06:00:06.752+0000] {dag.py:3823} INFO - Setting next_dagrun for batch_pipeline_harga_pangan to 2026-07-01 23:00:00+00:00, run_after=2026-07-02 23:00:00+00:00
[2026-07-02T06:00:06.768+0000] {processor.py:183} INFO - Processing /opt/airflow/dags/batch_pipeline_dag.py took 0.113 seconds
[2026-07-02T06:00:37.331+0000] {processor.py:161} INFO - Started process (PID=2840) to work on /opt/airflow/dags/batch_pipeline_dag.py
[2026-07-02T06:00:37.332+0000] {processor.py:830} INFO - Processing file /opt/airflow/dags/batch_pipeline_dag.py for tasks to queue
[2026-07-02T06:00:37.333+0000] {logging_mixin.py:188} INFO - [2026-07-02T06:00:37.333+0000] {dagbag.py:538} INFO - Filling up the DagBag from /opt/airflow/dags/batch_pipeline_dag.py
[2026-07-02T06:00:37.352+0000] {processor.py:840} INFO - DAG(s) 'batch_pipeline_harga_pangan' retrieved from /opt/airflow/dags/batch_pipeline_dag.py
[2026-07-02T06:00:37.396+0000] {logging_mixin.py:188} INFO - [2026-07-02T06:00:37.396+0000] {dag.py:3036} INFO - Sync 1 DAGs
[2026-07-02T06:00:37.416+0000] {logging_mixin.py:188} INFO - [2026-07-02T06:00:37.416+0000] {dag.py:3823} INFO - Setting next_dagrun for batch_pipeline_harga_pangan to 2026-07-01 23:00:00+00:00, run_after=2026-07-02 23:00:00+00:00
[2026-07-02T06:00:37.431+0000] {processor.py:183} INFO - Processing /opt/airflow/dags/batch_pipeline_dag.py took 0.103 seconds
[2026-07-02T06:01:08.033+0000] {processor.py:161} INFO - Started process (PID=2858) to work on /opt/airflow/dags/batch_pipeline_dag.py
[2026-07-02T06:01:08.034+0000] {processor.py:830} INFO - Processing file /opt/airflow/dags/batch_pipeline_dag.py for tasks to queue
[2026-07-02T06:01:08.036+0000] {logging_mixin.py:188} INFO - [2026-07-02T06:01:08.035+0000] {dagbag.py:538} INFO - Filling up the DagBag from /opt/airflow/dags/batch_pipeline_dag.py
[2026-07-02T06:01:08.075+0000] {processor.py:840} INFO - DAG(s) 'batch_pipeline_harga_pangan' retrieved from /opt/airflow/dags/batch_pipeline_dag.py
[2026-07-02T06:01:08.150+0000] {logging_mixin.py:188} INFO - [2026-07-02T06:01:08.149+0000] {dag.py:3036} INFO - Sync 1 DAGs
[2026-07-02T06:01:08.216+0000] {logging_mixin.py:188} INFO - [2026-07-02T06:01:08.216+0000] {dag.py:3823} INFO - Setting next_dagrun for batch_pipeline_harga_pangan to 2026-07-01 23:00:00+00:00, run_after=2026-07-02 23:00:00+00:00
[2026-07-02T06:01:08.275+0000] {processor.py:183} INFO - Processing /opt/airflow/dags/batch_pipeline_dag.py took 0.245 seconds
[2026-07-02T06:01:38.853+0000] {processor.py:161} INFO - Started process (PID=2876) to work on /opt/airflow/dags/batch_pipeline_dag.py
[2026-07-02T06:01:38.854+0000] {processor.py:830} INFO - Processing file /opt/airflow/dags/batch_pipeline_dag.py for tasks to queue
[2026-07-02T06:01:38.855+0000] {logging_mixin.py:188} INFO - [2026-07-02T06:01:38.854+0000] {dagbag.py:538} INFO - Filling up the DagBag from /opt/airflow/dags/batch_pipeline_dag.py
[2026-07-02T06:01:38.877+0000] {processor.py:840} INFO - DAG(s) 'batch_pipeline_harga_pangan' retrieved from /opt/airflow/dags/batch_pipeline_dag.py
[2026-07-02T06:01:38.922+0000] {logging_mixin.py:188} INFO - [2026-07-02T06:01:38.922+0000] {dag.py:3036} INFO - Sync 1 DAGs
[2026-07-02T06:01:38.942+0000] {logging_mixin.py:188} INFO - [2026-07-02T06:01:38.942+0000] {dag.py:3823} INFO - Setting next_dagrun for batch_pipeline_harga_pangan to 2026-07-01 23:00:00+00:00, run_after=2026-07-02 23:00:00+00:00
[2026-07-02T06:01:38.958+0000] {processor.py:183} INFO - Processing /opt/airflow/dags/batch_pipeline_dag.py took 0.107 seconds
[2026-07-02T06:02:09.525+0000] {processor.py:161} INFO - Started process (PID=2894) to work on /opt/airflow/dags/batch_pipeline_dag.py
[2026-07-02T06:02:09.526+0000] {processor.py:830} INFO - Processing file /opt/airflow/dags/batch_pipeline_dag.py for tasks to queue
[2026-07-02T06:02:09.527+0000] {logging_mixin.py:188} INFO - [2026-07-02T06:02:09.526+0000] {dagbag.py:538} INFO - Filling up the DagBag from /opt/airflow/dags/batch_pipeline_dag.py
[2026-07-02T06:02:09.550+0000] {processor.py:840} INFO - DAG(s) 'batch_pipeline_harga_pangan' retrieved from /opt/airflow/dags/batch_pipeline_dag.py
[2026-07-02T06:02:09.598+0000] {logging_mixin.py:188} INFO - [2026-07-02T06:02:09.598+0000] {dag.py:3036} INFO - Sync 1 DAGs
[2026-07-02T06:02:09.618+0000] {logging_mixin.py:188} INFO - [2026-07-02T06:02:09.618+0000] {dag.py:3823} INFO - Setting next_dagrun for batch_pipeline_harga_pangan to 2026-07-01 23:00:00+00:00, run_after=2026-07-02 23:00:00+00:00
[2026-07-02T06:02:09.634+0000] {processor.py:183} INFO - Processing /opt/airflow/dags/batch_pipeline_dag.py took 0.113 seconds
[2026-07-02T06:02:40.194+0000] {processor.py:161} INFO - Started process (PID=2912) to work on /opt/airflow/dags/batch_pipeline_dag.py
[2026-07-02T06:02:40.195+0000] {processor.py:830} INFO - Processing file /opt/airflow/dags/batch_pipeline_dag.py for tasks to queue
[2026-07-02T06:02:40.196+0000] {logging_mixin.py:188} INFO - [2026-07-02T06:02:40.196+0000] {dagbag.py:538} INFO - Filling up the DagBag from /opt/airflow/dags/batch_pipeline_dag.py
[2026-07-02T06:02:40.215+0000] {processor.py:840} INFO - DAG(s) 'batch_pipeline_harga_pangan' retrieved from /opt/airflow/dags/batch_pipeline_dag.py
[2026-07-02T06:02:40.256+0000] {logging_mixin.py:188} INFO - [2026-07-02T06:02:40.256+0000] {dag.py:3036} INFO - Sync 1 DAGs
[2026-07-02T06:02:40.274+0000] {logging_mixin.py:188} INFO - [2026-07-02T06:02:40.274+0000] {dag.py:3823} INFO - Setting next_dagrun for batch_pipeline_harga_pangan to 2026-07-01 23:00:00+00:00, run_after=2026-07-02 23:00:00+00:00
[2026-07-02T06:02:40.290+0000] {processor.py:183} INFO - Processing /opt/airflow/dags/batch_pipeline_dag.py took 0.098 seconds
[2026-07-02T06:03:11.917+0000] {processor.py:161} INFO - Started process (PID=2922) to work on /opt/airflow/dags/batch_pipeline_dag.py
[2026-07-02T06:03:11.917+0000] {processor.py:830} INFO - Processing file /opt/airflow/dags/batch_pipeline_dag.py for tasks to queue
[2026-07-02T06:03:11.918+0000] {logging_mixin.py:188} INFO - [2026-07-02T06:03:11.918+0000] {dagbag.py:538} INFO - Filling up the DagBag from /opt/airflow/dags/batch_pipeline_dag.py
[2026-07-02T06:03:11.938+0000] {processor.py:840} INFO - DAG(s) 'batch_pipeline_harga_pangan' retrieved from /opt/airflow/dags/batch_pipeline_dag.py
[2026-07-02T06:03:11.987+0000] {logging_mixin.py:188} INFO - [2026-07-02T06:03:11.987+0000] {dag.py:3036} INFO - Sync 1 DAGs
[2026-07-02T06:03:12.011+0000] {logging_mixin.py:188} INFO - [2026-07-02T06:03:12.011+0000] {dag.py:3823} INFO - Setting next_dagrun for batch_pipeline_harga_pangan to 2026-07-01 23:00:00+00:00, run_after=2026-07-02 23:00:00+00:00
[2026-07-02T06:03:12.036+0000] {processor.py:183} INFO - Processing /opt/airflow/dags/batch_pipeline_dag.py took 0.121 seconds
[2026-07-02T06:03:45.651+0000] {processor.py:161} INFO - Started process (PID=2940) to work on /opt/airflow/dags/batch_pipeline_dag.py
[2026-07-02T06:03:45.651+0000] {processor.py:830} INFO - Processing file /opt/airflow/dags/batch_pipeline_dag.py for tasks to queue
[2026-07-02T06:03:45.652+0000] {logging_mixin.py:188} INFO - [2026-07-02T06:03:45.652+0000] {dagbag.py:538} INFO - Filling up the DagBag from /opt/airflow/dags/batch_pipeline_dag.py
[2026-07-02T06:03:45.673+0000] {processor.py:840} INFO - DAG(s) 'batch_pipeline_harga_pangan' retrieved from /opt/airflow/dags/batch_pipeline_dag.py
[2026-07-02T06:03:45.714+0000] {logging_mixin.py:188} INFO - [2026-07-02T06:03:45.714+0000] {dag.py:3036} INFO - Sync 1 DAGs
[2026-07-02T06:03:45.732+0000] {logging_mixin.py:188} INFO - [2026-07-02T06:03:45.732+0000] {dag.py:3823} INFO - Setting next_dagrun for batch_pipeline_harga_pangan to 2026-07-01 23:00:00+00:00, run_after=2026-07-02 23:00:00+00:00
[2026-07-02T06:03:45.748+0000] {processor.py:183} INFO - Processing /opt/airflow/dags/batch_pipeline_dag.py took 0.100 seconds
[2026-07-02T06:04:19.419+0000] {processor.py:161} INFO - Started process (PID=2958) to work on /opt/airflow/dags/batch_pipeline_dag.py
[2026-07-02T06:04:19.421+0000] {processor.py:830} INFO - Processing file /opt/airflow/dags/batch_pipeline_dag.py for tasks to queue
[2026-07-02T06:04:19.422+0000] {logging_mixin.py:188} INFO - [2026-07-02T06:04:19.421+0000] {dagbag.py:538} INFO - Filling up the DagBag from /opt/airflow/dags/batch_pipeline_dag.py
[2026-07-02T06:04:19.462+0000] {processor.py:840} INFO - DAG(s) 'batch_pipeline_harga_pangan' retrieved from /opt/airflow/dags/batch_pipeline_dag.py
[2026-07-02T06:04:19.508+0000] {logging_mixin.py:188} INFO - [2026-07-02T06:04:19.508+0000] {dag.py:3036} INFO - Sync 1 DAGs
[2026-07-02T06:04:19.527+0000] {logging_mixin.py:188} INFO - [2026-07-02T06:04:19.526+0000] {dag.py:3823} INFO - Setting next_dagrun for batch_pipeline_harga_pangan to 2026-07-01 23:00:00+00:00, run_after=2026-07-02 23:00:00+00:00
[2026-07-02T06:04:19.543+0000] {processor.py:183} INFO - Processing /opt/airflow/dags/batch_pipeline_dag.py took 0.128 seconds
[2026-07-02T06:04:52.156+0000] {processor.py:161} INFO - Started process (PID=2976) to work on /opt/airflow/dags/batch_pipeline_dag.py
[2026-07-02T06:04:52.156+0000] {processor.py:830} INFO - Processing file /opt/airflow/dags/batch_pipeline_dag.py for tasks to queue
[2026-07-02T06:04:52.157+0000] {logging_mixin.py:188} INFO - [2026-07-02T06:04:52.157+0000] {dagbag.py:538} INFO - Filling up the DagBag from /opt/airflow/dags/batch_pipeline_dag.py
[2026-07-02T06:04:52.180+0000] {processor.py:840} INFO - DAG(s) 'batch_pipeline_harga_pangan' retrieved from /opt/airflow/dags/batch_pipeline_dag.py
[2026-07-02T06:04:52.224+0000] {logging_mixin.py:188} INFO - [2026-07-02T06:04:52.224+0000] {dag.py:3036} INFO - Sync 1 DAGs
[2026-07-02T06:04:52.241+0000] {logging_mixin.py:188} INFO - [2026-07-02T06:04:52.241+0000] {dag.py:3823} INFO - Setting next_dagrun for batch_pipeline_harga_pangan to 2026-07-01 23:00:00+00:00, run_after=2026-07-02 23:00:00+00:00
[2026-07-02T06:04:52.258+0000] {processor.py:183} INFO - Processing /opt/airflow/dags/batch_pipeline_dag.py took 0.105 seconds
[2026-07-02T06:05:25.848+0000] {processor.py:161} INFO - Started process (PID=2994) to work on /opt/airflow/dags/batch_pipeline_dag.py
[2026-07-02T06:05:25.848+0000] {processor.py:830} INFO - Processing file /opt/airflow/dags/batch_pipeline_dag.py for tasks to queue
[2026-07-02T06:05:25.849+0000] {logging_mixin.py:188} INFO - [2026-07-02T06:05:25.849+0000] {dagbag.py:538} INFO - Filling up the DagBag from /opt/airflow/dags/batch_pipeline_dag.py
[2026-07-02T06:05:25.871+0000] {processor.py:840} INFO - DAG(s) 'batch_pipeline_harga_pangan' retrieved from /opt/airflow/dags/batch_pipeline_dag.py
[2026-07-02T06:05:25.915+0000] {logging_mixin.py:188} INFO - [2026-07-02T06:05:25.915+0000] {dag.py:3036} INFO - Sync 1 DAGs
[2026-07-02T06:05:25.933+0000] {logging_mixin.py:188} INFO - [2026-07-02T06:05:25.933+0000] {dag.py:3823} INFO - Setting next_dagrun for batch_pipeline_harga_pangan to 2026-07-01 23:00:00+00:00, run_after=2026-07-02 23:00:00+00:00
[2026-07-02T06:05:25.949+0000] {processor.py:183} INFO - Processing /opt/airflow/dags/batch_pipeline_dag.py took 0.104 seconds
[2026-07-02T06:05:58.533+0000] {processor.py:161} INFO - Started process (PID=3012) to work on /opt/airflow/dags/batch_pipeline_dag.py
[2026-07-02T06:05:58.534+0000] {processor.py:830} INFO - Processing file /opt/airflow/dags/batch_pipeline_dag.py for tasks to queue
[2026-07-02T06:05:58.534+0000] {logging_mixin.py:188} INFO - [2026-07-02T06:05:58.534+0000] {dagbag.py:538} INFO - Filling up the DagBag from /opt/airflow/dags/batch_pipeline_dag.py
[2026-07-02T06:05:58.556+0000] {processor.py:840} INFO - DAG(s) 'batch_pipeline_harga_pangan' retrieved from /opt/airflow/dags/batch_pipeline_dag.py
[2026-07-02T06:05:58.601+0000] {logging_mixin.py:188} INFO - [2026-07-02T06:05:58.601+0000] {dag.py:3036} INFO - Sync 1 DAGs
[2026-07-02T06:05:58.619+0000] {logging_mixin.py:188} INFO - [2026-07-02T06:05:58.619+0000] {dag.py:3823} INFO - Setting next_dagrun for batch_pipeline_harga_pangan to 2026-07-01 23:00:00+00:00, run_after=2026-07-02 23:00:00+00:00
[2026-07-02T06:05:58.635+0000] {processor.py:183} INFO - Processing /opt/airflow/dags/batch_pipeline_dag.py took 0.105 seconds
[2026-07-02T06:06:32.251+0000] {processor.py:161} INFO - Started process (PID=3030) to work on /opt/airflow/dags/batch_pipeline_dag.py
[2026-07-02T06:06:32.251+0000] {processor.py:830} INFO - Processing file /opt/airflow/dags/batch_pipeline_dag.py for tasks to queue
[2026-07-02T06:06:32.252+0000] {logging_mixin.py:188} INFO - [2026-07-02T06:06:32.252+0000] {dagbag.py:538} INFO - Filling up the DagBag from /opt/airflow/dags/batch_pipeline_dag.py
[2026-07-02T06:06:32.274+0000] {processor.py:840} INFO - DAG(s) 'batch_pipeline_harga_pangan' retrieved from /opt/airflow/dags/batch_pipeline_dag.py
[2026-07-02T06:06:32.320+0000] {logging_mixin.py:188} INFO - [2026-07-02T06:06:32.319+0000] {dag.py:3036} INFO - Sync 1 DAGs
[2026-07-02T06:06:32.338+0000] {logging_mixin.py:188} INFO - [2026-07-02T06:06:32.338+0000] {dag.py:3823} INFO - Setting next_dagrun for batch_pipeline_harga_pangan to 2026-07-01 23:00:00+00:00, run_after=2026-07-02 23:00:00+00:00
[2026-07-02T06:06:32.355+0000] {processor.py:183} INFO - Processing /opt/airflow/dags/batch_pipeline_dag.py took 0.106 seconds
[2026-07-02T06:07:05.973+0000] {processor.py:161} INFO - Started process (PID=3048) to work on /opt/airflow/dags/batch_pipeline_dag.py
[2026-07-02T06:07:05.974+0000] {processor.py:830} INFO - Processing file /opt/airflow/dags/batch_pipeline_dag.py for tasks to queue
[2026-07-02T06:07:05.975+0000] {logging_mixin.py:188} INFO - [2026-07-02T06:07:05.974+0000] {dagbag.py:538} INFO - Filling up the DagBag from /opt/airflow/dags/batch_pipeline_dag.py
[2026-07-02T06:07:05.996+0000] {processor.py:840} INFO - DAG(s) 'batch_pipeline_harga_pangan' retrieved from /opt/airflow/dags/batch_pipeline_dag.py
[2026-07-02T06:07:06.040+0000] {logging_mixin.py:188} INFO - [2026-07-02T06:07:06.040+0000] {dag.py:3036} INFO - Sync 1 DAGs
[2026-07-02T06:07:06.057+0000] {logging_mixin.py:188} INFO - [2026-07-02T06:07:06.057+0000] {dag.py:3823} INFO - Setting next_dagrun for batch_pipeline_harga_pangan to 2026-07-01 23:00:00+00:00, run_after=2026-07-02 23:00:00+00:00
[2026-07-02T06:07:06.074+0000] {processor.py:183} INFO - Processing /opt/airflow/dags/batch_pipeline_dag.py took 0.103 seconds
[2026-07-02T06:07:38.691+0000] {processor.py:161} INFO - Started process (PID=3066) to work on /opt/airflow/dags/batch_pipeline_dag.py
[2026-07-02T06:07:38.692+0000] {processor.py:830} INFO - Processing file /opt/airflow/dags/batch_pipeline_dag.py for tasks to queue
[2026-07-02T06:07:38.693+0000] {logging_mixin.py:188} INFO - [2026-07-02T06:07:38.692+0000] {dagbag.py:538} INFO - Filling up the DagBag from /opt/airflow/dags/batch_pipeline_dag.py
[2026-07-02T06:07:38.713+0000] {processor.py:840} INFO - DAG(s) 'batch_pipeline_harga_pangan' retrieved from /opt/airflow/dags/batch_pipeline_dag.py
[2026-07-02T06:07:38.754+0000] {logging_mixin.py:188} INFO - [2026-07-02T06:07:38.754+0000] {dag.py:3036} INFO - Sync 1 DAGs
[2026-07-02T06:07:38.772+0000] {logging_mixin.py:188} INFO - [2026-07-02T06:07:38.771+0000] {dag.py:3823} INFO - Setting next_dagrun for batch_pipeline_harga_pangan to 2026-07-01 23:00:00+00:00, run_after=2026-07-02 23:00:00+00:00
[2026-07-02T06:07:38.788+0000] {processor.py:183} INFO - Processing /opt/airflow/dags/batch_pipeline_dag.py took 0.099 seconds
[2026-07-02T06:08:12.441+0000] {processor.py:161} INFO - Started process (PID=3084) to work on /opt/airflow/dags/batch_pipeline_dag.py
[2026-07-02T06:08:12.442+0000] {processor.py:830} INFO - Processing file /opt/airflow/dags/batch_pipeline_dag.py for tasks to queue
[2026-07-02T06:08:12.442+0000] {logging_mixin.py:188} INFO - [2026-07-02T06:08:12.442+0000] {dagbag.py:538} INFO - Filling up the DagBag from /opt/airflow/dags/batch_pipeline_dag.py
[2026-07-02T06:08:12.463+0000] {processor.py:840} INFO - DAG(s) 'batch_pipeline_harga_pangan' retrieved from /opt/airflow/dags/batch_pipeline_dag.py
[2026-07-02T06:08:12.505+0000] {logging_mixin.py:188} INFO - [2026-07-02T06:08:12.505+0000] {dag.py:3036} INFO - Sync 1 DAGs
[2026-07-02T06:08:12.525+0000] {logging_mixin.py:188} INFO - [2026-07-02T06:08:12.525+0000] {dag.py:3823} INFO - Setting next_dagrun for batch_pipeline_harga_pangan to 2026-07-01 23:00:00+00:00, run_after=2026-07-02 23:00:00+00:00
[2026-07-02T06:08:12.544+0000] {processor.py:183} INFO - Processing /opt/airflow/dags/batch_pipeline_dag.py took 0.105 seconds
[2026-07-02T06:08:46.162+0000] {processor.py:161} INFO - Started process (PID=3102) to work on /opt/airflow/dags/batch_pipeline_dag.py
[2026-07-02T06:08:46.162+0000] {processor.py:830} INFO - Processing file /opt/airflow/dags/batch_pipeline_dag.py for tasks to queue
[2026-07-02T06:08:46.163+0000] {logging_mixin.py:188} INFO - [2026-07-02T06:08:46.163+0000] {dagbag.py:538} INFO - Filling up the DagBag from /opt/airflow/dags/batch_pipeline_dag.py
[2026-07-02T06:08:46.183+0000] {processor.py:840} INFO - DAG(s) 'batch_pipeline_harga_pangan' retrieved from /opt/airflow/dags/batch_pipeline_dag.py
[2026-07-02T06:08:46.227+0000] {logging_mixin.py:188} INFO - [2026-07-02T06:08:46.226+0000] {dag.py:3036} INFO - Sync 1 DAGs
[2026-07-02T06:08:46.247+0000] {logging_mixin.py:188} INFO - [2026-07-02T06:08:46.246+0000] {dag.py:3823} INFO - Setting next_dagrun for batch_pipeline_harga_pangan to 2026-07-01 23:00:00+00:00, run_after=2026-07-02 23:00:00+00:00
[2026-07-02T06:08:46.277+0000] {processor.py:183} INFO - Processing /opt/airflow/dags/batch_pipeline_dag.py took 0.118 seconds
[2026-07-02T06:09:18.840+0000] {processor.py:161} INFO - Started process (PID=3120) to work on /opt/airflow/dags/batch_pipeline_dag.py
[2026-07-02T06:09:18.841+0000] {processor.py:830} INFO - Processing file /opt/airflow/dags/batch_pipeline_dag.py for tasks to queue
[2026-07-02T06:09:18.842+0000] {logging_mixin.py:188} INFO - [2026-07-02T06:09:18.841+0000] {dagbag.py:538} INFO - Filling up the DagBag from /opt/airflow/dags/batch_pipeline_dag.py
[2026-07-02T06:09:18.862+0000] {processor.py:840} INFO - DAG(s) 'batch_pipeline_harga_pangan' retrieved from /opt/airflow/dags/batch_pipeline_dag.py
[2026-07-02T06:09:18.904+0000] {logging_mixin.py:188} INFO - [2026-07-02T06:09:18.903+0000] {dag.py:3036} INFO - Sync 1 DAGs
[2026-07-02T06:09:18.926+0000] {logging_mixin.py:188} INFO - [2026-07-02T06:09:18.926+0000] {dag.py:3823} INFO - Setting next_dagrun for batch_pipeline_harga_pangan to 2026-07-01 23:00:00+00:00, run_after=2026-07-02 23:00:00+00:00
[2026-07-02T06:09:18.944+0000] {processor.py:183} INFO - Processing /opt/airflow/dags/batch_pipeline_dag.py took 0.106 seconds
[2026-07-02T06:09:52.534+0000] {processor.py:161} INFO - Started process (PID=3138) to work on /opt/airflow/dags/batch_pipeline_dag.py
[2026-07-02T06:09:52.537+0000] {processor.py:830} INFO - Processing file /opt/airflow/dags/batch_pipeline_dag.py for tasks to queue
[2026-07-02T06:09:52.538+0000] {logging_mixin.py:188} INFO - [2026-07-02T06:09:52.538+0000] {dagbag.py:538} INFO - Filling up the DagBag from /opt/airflow/dags/batch_pipeline_dag.py
[2026-07-02T06:09:52.560+0000] {processor.py:840} INFO - DAG(s) 'batch_pipeline_harga_pangan' retrieved from /opt/airflow/dags/batch_pipeline_dag.py
[2026-07-02T06:09:52.604+0000] {logging_mixin.py:188} INFO - [2026-07-02T06:09:52.604+0000] {dag.py:3036} INFO - Sync 1 DAGs
[2026-07-02T06:09:52.622+0000] {logging_mixin.py:188} INFO - [2026-07-02T06:09:52.622+0000] {dag.py:3823} INFO - Setting next_dagrun for batch_pipeline_harga_pangan to 2026-07-01 23:00:00+00:00, run_after=2026-07-02 23:00:00+00:00
[2026-07-02T06:09:52.638+0000] {processor.py:183} INFO - Processing /opt/airflow/dags/batch_pipeline_dag.py took 0.106 seconds
[2026-07-02T06:10:25.278+0000] {processor.py:161} INFO - Started process (PID=3156) to work on /opt/airflow/dags/batch_pipeline_dag.py
[2026-07-02T06:10:25.280+0000] {processor.py:830} INFO - Processing file /opt/airflow/dags/batch_pipeline_dag.py for tasks to queue
[2026-07-02T06:10:25.281+0000] {logging_mixin.py:188} INFO - [2026-07-02T06:10:25.280+0000] {dagbag.py:538} INFO - Filling up the DagBag from /opt/airflow/dags/batch_pipeline_dag.py
[2026-07-02T06:10:25.304+0000] {processor.py:840} INFO - DAG(s) 'batch_pipeline_harga_pangan' retrieved from /opt/airflow/dags/batch_pipeline_dag.py
[2026-07-02T06:10:25.355+0000] {logging_mixin.py:188} INFO - [2026-07-02T06:10:25.355+0000] {dag.py:3036} INFO - Sync 1 DAGs
[2026-07-02T06:10:25.375+0000] {logging_mixin.py:188} INFO - [2026-07-02T06:10:25.375+0000] {dag.py:3823} INFO - Setting next_dagrun for batch_pipeline_harga_pangan to 2026-07-01 23:00:00+00:00, run_after=2026-07-02 23:00:00+00:00
[2026-07-02T06:10:25.392+0000] {processor.py:183} INFO - Processing /opt/airflow/dags/batch_pipeline_dag.py took 0.118 seconds
[2026-07-02T06:10:58.994+0000] {processor.py:161} INFO - Started process (PID=3174) to work on /opt/airflow/dags/batch_pipeline_dag.py
[2026-07-02T06:10:58.995+0000] {processor.py:830} INFO - Processing file /opt/airflow/dags/batch_pipeline_dag.py for tasks to queue
[2026-07-02T06:10:58.996+0000] {logging_mixin.py:188} INFO - [2026-07-02T06:10:58.995+0000] {dagbag.py:538} INFO - Filling up the DagBag from /opt/airflow/dags/batch_pipeline_dag.py
[2026-07-02T06:10:59.017+0000] {processor.py:840} INFO - DAG(s) 'batch_pipeline_harga_pangan' retrieved from /opt/airflow/dags/batch_pipeline_dag.py
[2026-07-02T06:10:59.062+0000] {logging_mixin.py:188} INFO - [2026-07-02T06:10:59.061+0000] {dag.py:3036} INFO - Sync 1 DAGs
[2026-07-02T06:10:59.080+0000] {logging_mixin.py:188} INFO - [2026-07-02T06:10:59.080+0000] {dag.py:3823} INFO - Setting next_dagrun for batch_pipeline_harga_pangan to 2026-07-01 23:00:00+00:00, run_after=2026-07-02 23:00:00+00:00
[2026-07-02T06:10:59.095+0000] {processor.py:183} INFO - Processing /opt/airflow/dags/batch_pipeline_dag.py took 0.103 seconds
[2026-07-02T06:11:32.723+0000] {processor.py:161} INFO - Started process (PID=3192) to work on /opt/airflow/dags/batch_pipeline_dag.py
[2026-07-02T06:11:32.724+0000] {processor.py:830} INFO - Processing file /opt/airflow/dags/batch_pipeline_dag.py for tasks to queue
[2026-07-02T06:11:32.724+0000] {logging_mixin.py:188} INFO - [2026-07-02T06:11:32.724+0000] {dagbag.py:538} INFO - Filling up the DagBag from /opt/airflow/dags/batch_pipeline_dag.py
[2026-07-02T06:11:32.747+0000] {processor.py:840} INFO - DAG(s) 'batch_pipeline_harga_pangan' retrieved from /opt/airflow/dags/batch_pipeline_dag.py
[2026-07-02T06:11:32.789+0000] {logging_mixin.py:188} INFO - [2026-07-02T06:11:32.789+0000] {dag.py:3036} INFO - Sync 1 DAGs
[2026-07-02T06:11:32.806+0000] {logging_mixin.py:188} INFO - [2026-07-02T06:11:32.806+0000] {dag.py:3823} INFO - Setting next_dagrun for batch_pipeline_harga_pangan to 2026-07-01 23:00:00+00:00, run_after=2026-07-02 23:00:00+00:00
[2026-07-02T06:11:32.822+0000] {processor.py:183} INFO - Processing /opt/airflow/dags/batch_pipeline_dag.py took 0.102 seconds
[2026-07-02T06:12:05.428+0000] {processor.py:161} INFO - Started process (PID=3210) to work on /opt/airflow/dags/batch_pipeline_dag.py
[2026-07-02T06:12:05.429+0000] {processor.py:830} INFO - Processing file /opt/airflow/dags/batch_pipeline_dag.py for tasks to queue
[2026-07-02T06:12:05.430+0000] {logging_mixin.py:188} INFO - [2026-07-02T06:12:05.430+0000] {dagbag.py:538} INFO - Filling up the DagBag from /opt/airflow/dags/batch_pipeline_dag.py
[2026-07-02T06:12:05.456+0000] {processor.py:840} INFO - DAG(s) 'batch_pipeline_harga_pangan' retrieved from /opt/airflow/dags/batch_pipeline_dag.py
[2026-07-02T06:12:05.505+0000] {logging_mixin.py:188} INFO - [2026-07-02T06:12:05.505+0000] {dag.py:3036} INFO - Sync 1 DAGs
[2026-07-02T06:12:05.526+0000] {logging_mixin.py:188} INFO - [2026-07-02T06:12:05.526+0000] {dag.py:3823} INFO - Setting next_dagrun for batch_pipeline_harga_pangan to 2026-07-01 23:00:00+00:00, run_after=2026-07-02 23:00:00+00:00
[2026-07-02T06:12:05.543+0000] {processor.py:183} INFO - Processing /opt/airflow/dags/batch_pipeline_dag.py took 0.117 seconds
[2026-07-02T06:12:39.143+0000] {processor.py:161} INFO - Started process (PID=3228) to work on /opt/airflow/dags/batch_pipeline_dag.py
[2026-07-02T06:12:39.143+0000] {processor.py:830} INFO - Processing file /opt/airflow/dags/batch_pipeline_dag.py for tasks to queue
[2026-07-02T06:12:39.144+0000] {logging_mixin.py:188} INFO - [2026-07-02T06:12:39.144+0000] {dagbag.py:538} INFO - Filling up the DagBag from /opt/airflow/dags/batch_pipeline_dag.py
[2026-07-02T06:12:39.164+0000] {processor.py:840} INFO - DAG(s) 'batch_pipeline_harga_pangan' retrieved from /opt/airflow/dags/batch_pipeline_dag.py
[2026-07-02T06:12:39.208+0000] {logging_mixin.py:188} INFO - [2026-07-02T06:12:39.208+0000] {dag.py:3036} INFO - Sync 1 DAGs
[2026-07-02T06:12:39.226+0000] {logging_mixin.py:188} INFO - [2026-07-02T06:12:39.226+0000] {dag.py:3823} INFO - Setting next_dagrun for batch_pipeline_harga_pangan to 2026-07-01 23:00:00+00:00, run_after=2026-07-02 23:00:00+00:00
[2026-07-02T06:12:39.242+0000] {processor.py:183} INFO - Processing /opt/airflow/dags/batch_pipeline_dag.py took 0.102 seconds
[2026-07-02T06:13:12.864+0000] {processor.py:161} INFO - Started process (PID=3246) to work on /opt/airflow/dags/batch_pipeline_dag.py
[2026-07-02T06:13:12.865+0000] {processor.py:830} INFO - Processing file /opt/airflow/dags/batch_pipeline_dag.py for tasks to queue
[2026-07-02T06:13:12.865+0000] {logging_mixin.py:188} INFO - [2026-07-02T06:13:12.865+0000] {dagbag.py:538} INFO - Filling up the DagBag from /opt/airflow/dags/batch_pipeline_dag.py
[2026-07-02T06:13:12.883+0000] {processor.py:840} INFO - DAG(s) 'batch_pipeline_harga_pangan' retrieved from /opt/airflow/dags/batch_pipeline_dag.py
[2026-07-02T06:13:12.925+0000] {logging_mixin.py:188} INFO - [2026-07-02T06:13:12.925+0000] {dag.py:3036} INFO - Sync 1 DAGs
[2026-07-02T06:13:12.941+0000] {logging_mixin.py:188} INFO - [2026-07-02T06:13:12.941+0000] {dag.py:3823} INFO - Setting next_dagrun for batch_pipeline_harga_pangan to 2026-07-01 23:00:00+00:00, run_after=2026-07-02 23:00:00+00:00
[2026-07-02T06:13:12.958+0000] {processor.py:183} INFO - Processing /opt/airflow/dags/batch_pipeline_dag.py took 0.097 seconds
[2026-07-02T06:13:45.531+0000] {processor.py:161} INFO - Started process (PID=3262) to work on /opt/airflow/dags/batch_pipeline_dag.py
[2026-07-02T06:13:45.532+0000] {processor.py:830} INFO - Processing file /opt/airflow/dags/batch_pipeline_dag.py for tasks to queue
[2026-07-02T06:13:45.534+0000] {logging_mixin.py:188} INFO - [2026-07-02T06:13:45.533+0000] {dagbag.py:538} INFO - Filling up the DagBag from /opt/airflow/dags/batch_pipeline_dag.py
[2026-07-02T06:13:45.557+0000] {processor.py:840} INFO - DAG(s) 'batch_pipeline_harga_pangan' retrieved from /opt/airflow/dags/batch_pipeline_dag.py
[2026-07-02T06:13:45.618+0000] {logging_mixin.py:188} INFO - [2026-07-02T06:13:45.618+0000] {dag.py:3036} INFO - Sync 1 DAGs
[2026-07-02T06:13:45.643+0000] {logging_mixin.py:188} INFO - [2026-07-02T06:13:45.643+0000] {dag.py:3823} INFO - Setting next_dagrun for batch_pipeline_harga_pangan to 2026-07-01 23:00:00+00:00, run_after=2026-07-02 23:00:00+00:00
[2026-07-02T06:13:45.665+0000] {processor.py:183} INFO - Processing /opt/airflow/dags/batch_pipeline_dag.py took 0.136 seconds
[2026-07-02T06:14:19.287+0000] {processor.py:161} INFO - Started process (PID=3274) to work on /opt/airflow/dags/batch_pipeline_dag.py
[2026-07-02T06:14:19.287+0000] {processor.py:830} INFO - Processing file /opt/airflow/dags/batch_pipeline_dag.py for tasks to queue
[2026-07-02T06:14:19.288+0000] {logging_mixin.py:188} INFO - [2026-07-02T06:14:19.288+0000] {dagbag.py:538} INFO - Filling up the DagBag from /opt/airflow/dags/batch_pipeline_dag.py
[2026-07-02T06:14:19.308+0000] {processor.py:840} INFO - DAG(s) 'batch_pipeline_harga_pangan' retrieved from /opt/airflow/dags/batch_pipeline_dag.py
[2026-07-02T06:14:19.353+0000] {logging_mixin.py:188} INFO - [2026-07-02T06:14:19.352+0000] {dag.py:3036} INFO - Sync 1 DAGs
[2026-07-02T06:14:19.371+0000] {logging_mixin.py:188} INFO - [2026-07-02T06:14:19.371+0000] {dag.py:3823} INFO - Setting next_dagrun for batch_pipeline_harga_pangan to 2026-07-01 23:00:00+00:00, run_after=2026-07-02 23:00:00+00:00
[2026-07-02T06:14:19.389+0000] {processor.py:183} INFO - Processing /opt/airflow/dags/batch_pipeline_dag.py took 0.105 seconds
[2026-07-02T06:14:52.011+0000] {processor.py:161} INFO - Started process (PID=3292) to work on /opt/airflow/dags/batch_pipeline_dag.py
[2026-07-02T06:14:52.012+0000] {processor.py:830} INFO - Processing file /opt/airflow/dags/batch_pipeline_dag.py for tasks to queue
[2026-07-02T06:14:52.013+0000] {logging_mixin.py:188} INFO - [2026-07-02T06:14:52.012+0000] {dagbag.py:538} INFO - Filling up the DagBag from /opt/airflow/dags/batch_pipeline_dag.py
[2026-07-02T06:14:52.034+0000] {processor.py:840} INFO - DAG(s) 'batch_pipeline_harga_pangan' retrieved from /opt/airflow/dags/batch_pipeline_dag.py
[2026-07-02T06:14:52.077+0000] {logging_mixin.py:188} INFO - [2026-07-02T06:14:52.077+0000] {dag.py:3036} INFO - Sync 1 DAGs
[2026-07-02T06:14:52.095+0000] {logging_mixin.py:188} INFO - [2026-07-02T06:14:52.095+0000] {dag.py:3823} INFO - Setting next_dagrun for batch_pipeline_harga_pangan to 2026-07-01 23:00:00+00:00, run_after=2026-07-02 23:00:00+00:00
[2026-07-02T06:14:52.115+0000] {processor.py:183} INFO - Processing /opt/airflow/dags/batch_pipeline_dag.py took 0.107 seconds
[2026-07-02T06:15:25.721+0000] {processor.py:161} INFO - Started process (PID=3310) to work on /opt/airflow/dags/batch_pipeline_dag.py
[2026-07-02T06:15:25.722+0000] {processor.py:830} INFO - Processing file /opt/airflow/dags/batch_pipeline_dag.py for tasks to queue
[2026-07-02T06:15:25.723+0000] {logging_mixin.py:188} INFO - [2026-07-02T06:15:25.722+0000] {dagbag.py:538} INFO - Filling up the DagBag from /opt/airflow/dags/batch_pipeline_dag.py
[2026-07-02T06:15:25.745+0000] {processor.py:840} INFO - DAG(s) 'batch_pipeline_harga_pangan' retrieved from /opt/airflow/dags/batch_pipeline_dag.py
[2026-07-02T06:15:25.791+0000] {logging_mixin.py:188} INFO - [2026-07-02T06:15:25.791+0000] {dag.py:3036} INFO - Sync 1 DAGs
[2026-07-02T06:15:25.810+0000] {logging_mixin.py:188} INFO - [2026-07-02T06:15:25.810+0000] {dag.py:3823} INFO - Setting next_dagrun for batch_pipeline_harga_pangan to 2026-07-01 23:00:00+00:00, run_after=2026-07-02 23:00:00+00:00
[2026-07-02T06:15:25.825+0000] {processor.py:183} INFO - Processing /opt/airflow/dags/batch_pipeline_dag.py took 0.107 seconds
[2026-07-02T06:15:59.440+0000] {processor.py:161} INFO - Started process (PID=3328) to work on /opt/airflow/dags/batch_pipeline_dag.py
[2026-07-02T06:15:59.441+0000] {processor.py:830} INFO - Processing file /opt/airflow/dags/batch_pipeline_dag.py for tasks to queue
[2026-07-02T06:15:59.441+0000] {logging_mixin.py:188} INFO - [2026-07-02T06:15:59.441+0000] {dagbag.py:538} INFO - Filling up the DagBag from /opt/airflow/dags/batch_pipeline_dag.py
[2026-07-02T06:15:59.463+0000] {processor.py:840} INFO - DAG(s) 'batch_pipeline_harga_pangan' retrieved from /opt/airflow/dags/batch_pipeline_dag.py
[2026-07-02T06:15:59.517+0000] {logging_mixin.py:188} INFO - [2026-07-02T06:15:59.516+0000] {dag.py:3036} INFO - Sync 1 DAGs
[2026-07-02T06:15:59.535+0000] {logging_mixin.py:188} INFO - [2026-07-02T06:15:59.535+0000] {dag.py:3823} INFO - Setting next_dagrun for batch_pipeline_harga_pangan to 2026-07-01 23:00:00+00:00, run_after=2026-07-02 23:00:00+00:00
[2026-07-02T06:15:59.550+0000] {processor.py:183} INFO - Processing /opt/airflow/dags/batch_pipeline_dag.py took 0.112 seconds
[2026-07-02T06:16:32.137+0000] {processor.py:161} INFO - Started process (PID=3346) to work on /opt/airflow/dags/batch_pipeline_dag.py
[2026-07-02T06:16:32.138+0000] {processor.py:830} INFO - Processing file /opt/airflow/dags/batch_pipeline_dag.py for tasks to queue
[2026-07-02T06:16:32.139+0000] {logging_mixin.py:188} INFO - [2026-07-02T06:16:32.139+0000] {dagbag.py:538} INFO - Filling up the DagBag from /opt/airflow/dags/batch_pipeline_dag.py
[2026-07-02T06:16:32.162+0000] {processor.py:840} INFO - DAG(s) 'batch_pipeline_harga_pangan' retrieved from /opt/airflow/dags/batch_pipeline_dag.py
[2026-07-02T06:16:32.206+0000] {logging_mixin.py:188} INFO - [2026-07-02T06:16:32.206+0000] {dag.py:3036} INFO - Sync 1 DAGs
[2026-07-02T06:16:32.224+0000] {logging_mixin.py:188} INFO - [2026-07-02T06:16:32.224+0000] {dag.py:3823} INFO - Setting next_dagrun for batch_pipeline_harga_pangan to 2026-07-01 23:00:00+00:00, run_after=2026-07-02 23:00:00+00:00
[2026-07-02T06:16:32.241+0000] {processor.py:183} INFO - Processing /opt/airflow/dags/batch_pipeline_dag.py took 0.106 seconds
[2026-07-02T06:17:05.830+0000] {processor.py:161} INFO - Started process (PID=3364) to work on /opt/airflow/dags/batch_pipeline_dag.py
[2026-07-02T06:17:05.831+0000] {processor.py:830} INFO - Processing file /opt/airflow/dags/batch_pipeline_dag.py for tasks to queue
[2026-07-02T06:17:05.832+0000] {logging_mixin.py:188} INFO - [2026-07-02T06:17:05.831+0000] {dagbag.py:538} INFO - Filling up the DagBag from /opt/airflow/dags/batch_pipeline_dag.py
[2026-07-02T06:17:05.858+0000] {processor.py:840} INFO - DAG(s) 'batch_pipeline_harga_pangan' retrieved from /opt/airflow/dags/batch_pipeline_dag.py
[2026-07-02T06:17:05.904+0000] {logging_mixin.py:188} INFO - [2026-07-02T06:17:05.904+0000] {dag.py:3036} INFO - Sync 1 DAGs
[2026-07-02T06:17:05.922+0000] {logging_mixin.py:188} INFO - [2026-07-02T06:17:05.922+0000] {dag.py:3823} INFO - Setting next_dagrun for batch_pipeline_harga_pangan to 2026-07-01 23:00:00+00:00, run_after=2026-07-02 23:00:00+00:00
[2026-07-02T06:17:05.943+0000] {processor.py:183} INFO - Processing /opt/airflow/dags/batch_pipeline_dag.py took 0.117 seconds
[2026-07-02T06:17:39.564+0000] {processor.py:161} INFO - Started process (PID=3382) to work on /opt/airflow/dags/batch_pipeline_dag.py
[2026-07-02T06:17:39.566+0000] {processor.py:830} INFO - Processing file /opt/airflow/dags/batch_pipeline_dag.py for tasks to queue
[2026-07-02T06:17:39.567+0000] {logging_mixin.py:188} INFO - [2026-07-02T06:17:39.567+0000] {dagbag.py:538} INFO - Filling up the DagBag from /opt/airflow/dags/batch_pipeline_dag.py
[2026-07-02T06:17:39.606+0000] {processor.py:840} INFO - DAG(s) 'batch_pipeline_harga_pangan' retrieved from /opt/airflow/dags/batch_pipeline_dag.py
[2026-07-02T06:17:39.660+0000] {logging_mixin.py:188} INFO - [2026-07-02T06:17:39.660+0000] {dag.py:3036} INFO - Sync 1 DAGs
[2026-07-02T06:17:39.684+0000] {logging_mixin.py:188} INFO - [2026-07-02T06:17:39.684+0000] {dag.py:3823} INFO - Setting next_dagrun for batch_pipeline_harga_pangan to 2026-07-01 23:00:00+00:00, run_after=2026-07-02 23:00:00+00:00
[2026-07-02T06:17:39.709+0000] {processor.py:183} INFO - Processing /opt/airflow/dags/batch_pipeline_dag.py took 0.149 seconds
[2026-07-02T06:18:12.331+0000] {processor.py:161} INFO - Started process (PID=3400) to work on /opt/airflow/dags/batch_pipeline_dag.py
[2026-07-02T06:18:12.332+0000] {processor.py:830} INFO - Processing file /opt/airflow/dags/batch_pipeline_dag.py for tasks to queue
[2026-07-02T06:18:12.333+0000] {logging_mixin.py:188} INFO - [2026-07-02T06:18:12.333+0000] {dagbag.py:538} INFO - Filling up the DagBag from /opt/airflow/dags/batch_pipeline_dag.py
[2026-07-02T06:18:12.357+0000] {processor.py:840} INFO - DAG(s) 'batch_pipeline_harga_pangan' retrieved from /opt/airflow/dags/batch_pipeline_dag.py
[2026-07-02T06:18:12.420+0000] {logging_mixin.py:188} INFO - [2026-07-02T06:18:12.419+0000] {dag.py:3036} INFO - Sync 1 DAGs
[2026-07-02T06:18:12.443+0000] {logging_mixin.py:188} INFO - [2026-07-02T06:18:12.443+0000] {dag.py:3823} INFO - Setting next_dagrun for batch_pipeline_harga_pangan to 2026-07-01 23:00:00+00:00, run_after=2026-07-02 23:00:00+00:00
[2026-07-02T06:18:12.463+0000] {processor.py:183} INFO - Processing /opt/airflow/dags/batch_pipeline_dag.py took 0.135 seconds
[2026-07-02T06:18:46.030+0000] {processor.py:161} INFO - Started process (PID=3418) to work on /opt/airflow/dags/batch_pipeline_dag.py
[2026-07-02T06:18:46.031+0000] {processor.py:830} INFO - Processing file /opt/airflow/dags/batch_pipeline_dag.py for tasks to queue
[2026-07-02T06:18:46.032+0000] {logging_mixin.py:188} INFO - [2026-07-02T06:18:46.032+0000] {dagbag.py:538} INFO - Filling up the DagBag from /opt/airflow/dags/batch_pipeline_dag.py
[2026-07-02T06:18:46.055+0000] {processor.py:840} INFO - DAG(s) 'batch_pipeline_harga_pangan' retrieved from /opt/airflow/dags/batch_pipeline_dag.py
[2026-07-02T06:18:46.101+0000] {logging_mixin.py:188} INFO - [2026-07-02T06:18:46.101+0000] {dag.py:3036} INFO - Sync 1 DAGs
[2026-07-02T06:18:46.119+0000] {logging_mixin.py:188} INFO - [2026-07-02T06:18:46.119+0000] {dag.py:3823} INFO - Setting next_dagrun for batch_pipeline_harga_pangan to 2026-07-01 23:00:00+00:00, run_after=2026-07-02 23:00:00+00:00
[2026-07-02T06:18:46.136+0000] {processor.py:183} INFO - Processing /opt/airflow/dags/batch_pipeline_dag.py took 0.109 seconds
[2026-07-02T06:19:18.745+0000] {processor.py:161} INFO - Started process (PID=3436) to work on /opt/airflow/dags/batch_pipeline_dag.py
[2026-07-02T06:19:18.746+0000] {processor.py:830} INFO - Processing file /opt/airflow/dags/batch_pipeline_dag.py for tasks to queue
[2026-07-02T06:19:18.747+0000] {logging_mixin.py:188} INFO - [2026-07-02T06:19:18.747+0000] {dagbag.py:538} INFO - Filling up the DagBag from /opt/airflow/dags/batch_pipeline_dag.py
[2026-07-02T06:19:18.771+0000] {processor.py:840} INFO - DAG(s) 'batch_pipeline_harga_pangan' retrieved from /opt/airflow/dags/batch_pipeline_dag.py
[2026-07-02T06:19:18.821+0000] {logging_mixin.py:188} INFO - [2026-07-02T06:19:18.820+0000] {dag.py:3036} INFO - Sync 1 DAGs
[2026-07-02T06:19:18.841+0000] {logging_mixin.py:188} INFO - [2026-07-02T06:19:18.841+0000] {dag.py:3823} INFO - Setting next_dagrun for batch_pipeline_harga_pangan to 2026-07-01 23:00:00+00:00, run_after=2026-07-02 23:00:00+00:00
[2026-07-02T06:19:18.890+0000] {processor.py:183} INFO - Processing /opt/airflow/dags/batch_pipeline_dag.py took 0.147 seconds
[2026-07-02T06:19:52.460+0000] {processor.py:161} INFO - Started process (PID=3454) to work on /opt/airflow/dags/batch_pipeline_dag.py
[2026-07-02T06:19:52.461+0000] {processor.py:830} INFO - Processing file /opt/airflow/dags/batch_pipeline_dag.py for tasks to queue
[2026-07-02T06:19:52.462+0000] {logging_mixin.py:188} INFO - [2026-07-02T06:19:52.461+0000] {dagbag.py:538} INFO - Filling up the DagBag from /opt/airflow/dags/batch_pipeline_dag.py
[2026-07-02T06:19:52.484+0000] {processor.py:840} INFO - DAG(s) 'batch_pipeline_harga_pangan' retrieved from /opt/airflow/dags/batch_pipeline_dag.py
[2026-07-02T06:19:52.530+0000] {logging_mixin.py:188} INFO - [2026-07-02T06:19:52.530+0000] {dag.py:3036} INFO - Sync 1 DAGs
[2026-07-02T06:19:52.548+0000] {logging_mixin.py:188} INFO - [2026-07-02T06:19:52.548+0000] {dag.py:3823} INFO - Setting next_dagrun for batch_pipeline_harga_pangan to 2026-07-01 23:00:00+00:00, run_after=2026-07-02 23:00:00+00:00
[2026-07-02T06:19:52.564+0000] {processor.py:183} INFO - Processing /opt/airflow/dags/batch_pipeline_dag.py took 0.106 seconds
[2026-07-02T06:20:26.202+0000] {processor.py:161} INFO - Started process (PID=3472) to work on /opt/airflow/dags/batch_pipeline_dag.py
[2026-07-02T06:20:26.203+0000] {processor.py:830} INFO - Processing file /opt/airflow/dags/batch_pipeline_dag.py for tasks to queue
[2026-07-02T06:20:26.204+0000] {logging_mixin.py:188} INFO - [2026-07-02T06:20:26.204+0000] {dagbag.py:538} INFO - Filling up the DagBag from /opt/airflow/dags/batch_pipeline_dag.py
[2026-07-02T06:20:26.233+0000] {processor.py:840} INFO - DAG(s) 'batch_pipeline_harga_pangan' retrieved from /opt/airflow/dags/batch_pipeline_dag.py
[2026-07-02T06:20:26.290+0000] {logging_mixin.py:188} INFO - [2026-07-02T06:20:26.290+0000] {dag.py:3036} INFO - Sync 1 DAGs
[2026-07-02T06:20:26.318+0000] {logging_mixin.py:188} INFO - [2026-07-02T06:20:26.318+0000] {dag.py:3823} INFO - Setting next_dagrun for batch_pipeline_harga_pangan to 2026-07-01 23:00:00+00:00, run_after=2026-07-02 23:00:00+00:00
[2026-07-02T06:20:26.336+0000] {processor.py:183} INFO - Processing /opt/airflow/dags/batch_pipeline_dag.py took 0.136 seconds
[2026-07-02T06:20:58.920+0000] {processor.py:161} INFO - Started process (PID=3490) to work on /opt/airflow/dags/batch_pipeline_dag.py
[2026-07-02T06:20:58.921+0000] {processor.py:830} INFO - Processing file /opt/airflow/dags/batch_pipeline_dag.py for tasks to queue
[2026-07-02T06:20:58.922+0000] {logging_mixin.py:188} INFO - [2026-07-02T06:20:58.922+0000] {dagbag.py:538} INFO - Filling up the DagBag from /opt/airflow/dags/batch_pipeline_dag.py
[2026-07-02T06:20:58.948+0000] {processor.py:840} INFO - DAG(s) 'batch_pipeline_harga_pangan' retrieved from /opt/airflow/dags/batch_pipeline_dag.py
[2026-07-02T06:20:58.994+0000] {logging_mixin.py:188} INFO - [2026-07-02T06:20:58.994+0000] {dag.py:3036} INFO - Sync 1 DAGs
[2026-07-02T06:20:59.013+0000] {logging_mixin.py:188} INFO - [2026-07-02T06:20:59.013+0000] {dag.py:3823} INFO - Setting next_dagrun for batch_pipeline_harga_pangan to 2026-07-01 23:00:00+00:00, run_after=2026-07-02 23:00:00+00:00
[2026-07-02T06:20:59.032+0000] {processor.py:183} INFO - Processing /opt/airflow/dags/batch_pipeline_dag.py took 0.116 seconds
[2026-07-02T06:21:32.642+0000] {processor.py:161} INFO - Started process (PID=3508) to work on /opt/airflow/dags/batch_pipeline_dag.py
[2026-07-02T06:21:32.643+0000] {processor.py:830} INFO - Processing file /opt/airflow/dags/batch_pipeline_dag.py for tasks to queue
[2026-07-02T06:21:32.644+0000] {logging_mixin.py:188} INFO - [2026-07-02T06:21:32.644+0000] {dagbag.py:538} INFO - Filling up the DagBag from /opt/airflow/dags/batch_pipeline_dag.py
[2026-07-02T06:21:32.680+0000] {processor.py:840} INFO - DAG(s) 'batch_pipeline_harga_pangan' retrieved from /opt/airflow/dags/batch_pipeline_dag.py
[2026-07-02T06:21:32.730+0000] {logging_mixin.py:188} INFO - [2026-07-02T06:21:32.730+0000] {dag.py:3036} INFO - Sync 1 DAGs
[2026-07-02T06:21:32.753+0000] {logging_mixin.py:188} INFO - [2026-07-02T06:21:32.753+0000] {dag.py:3823} INFO - Setting next_dagrun for batch_pipeline_harga_pangan to 2026-07-01 23:00:00+00:00, run_after=2026-07-02 23:00:00+00:00
[2026-07-02T06:21:32.771+0000] {processor.py:183} INFO - Processing /opt/airflow/dags/batch_pipeline_dag.py took 0.132 seconds
[2026-07-02T06:22:06.345+0000] {processor.py:161} INFO - Started process (PID=3526) to work on /opt/airflow/dags/batch_pipeline_dag.py
[2026-07-02T06:22:06.347+0000] {processor.py:830} INFO - Processing file /opt/airflow/dags/batch_pipeline_dag.py for tasks to queue
[2026-07-02T06:22:06.348+0000] {logging_mixin.py:188} INFO - [2026-07-02T06:22:06.348+0000] {dagbag.py:538} INFO - Filling up the DagBag from /opt/airflow/dags/batch_pipeline_dag.py
[2026-07-02T06:22:06.367+0000] {processor.py:840} INFO - DAG(s) 'batch_pipeline_harga_pangan' retrieved from /opt/airflow/dags/batch_pipeline_dag.py
[2026-07-02T06:22:06.415+0000] {logging_mixin.py:188} INFO - [2026-07-02T06:22:06.414+0000] {dag.py:3036} INFO - Sync 1 DAGs
[2026-07-02T06:22:06.434+0000] {logging_mixin.py:188} INFO - [2026-07-02T06:22:06.433+0000] {dag.py:3823} INFO - Setting next_dagrun for batch_pipeline_harga_pangan to 2026-07-01 23:00:00+00:00, run_after=2026-07-02 23:00:00+00:00
[2026-07-02T06:22:06.452+0000] {processor.py:183} INFO - Processing /opt/airflow/dags/batch_pipeline_dag.py took 0.110 seconds
[2026-07-02T06:22:39.015+0000] {processor.py:161} INFO - Started process (PID=3543) to work on /opt/airflow/dags/batch_pipeline_dag.py
[2026-07-02T06:22:39.016+0000] {processor.py:830} INFO - Processing file /opt/airflow/dags/batch_pipeline_dag.py for tasks to queue
[2026-07-02T06:22:39.017+0000] {logging_mixin.py:188} INFO - [2026-07-02T06:22:39.017+0000] {dagbag.py:538} INFO - Filling up the DagBag from /opt/airflow/dags/batch_pipeline_dag.py
[2026-07-02T06:22:39.041+0000] {processor.py:840} INFO - DAG(s) 'batch_pipeline_harga_pangan' retrieved from /opt/airflow/dags/batch_pipeline_dag.py
[2026-07-02T06:22:39.082+0000] {logging_mixin.py:188} INFO - [2026-07-02T06:22:39.082+0000] {dag.py:3036} INFO - Sync 1 DAGs
[2026-07-02T06:22:39.102+0000] {logging_mixin.py:188} INFO - [2026-07-02T06:22:39.101+0000] {dag.py:3823} INFO - Setting next_dagrun for batch_pipeline_harga_pangan to 2026-07-01 23:00:00+00:00, run_after=2026-07-02 23:00:00+00:00
[2026-07-02T06:22:39.120+0000] {processor.py:183} INFO - Processing /opt/airflow/dags/batch_pipeline_dag.py took 0.107 seconds
[2026-07-02T06:23:12.820+0000] {processor.py:161} INFO - Started process (PID=3554) to work on /opt/airflow/dags/batch_pipeline_dag.py
[2026-07-02T06:23:12.821+0000] {processor.py:830} INFO - Processing file /opt/airflow/dags/batch_pipeline_dag.py for tasks to queue
[2026-07-02T06:23:12.822+0000] {logging_mixin.py:188} INFO - [2026-07-02T06:23:12.821+0000] {dagbag.py:538} INFO - Filling up the DagBag from /opt/airflow/dags/batch_pipeline_dag.py
[2026-07-02T06:23:12.846+0000] {processor.py:840} INFO - DAG(s) 'batch_pipeline_harga_pangan' retrieved from /opt/airflow/dags/batch_pipeline_dag.py
[2026-07-02T06:23:12.897+0000] {logging_mixin.py:188} INFO - [2026-07-02T06:23:12.897+0000] {dag.py:3036} INFO - Sync 1 DAGs
[2026-07-02T06:23:12.917+0000] {logging_mixin.py:188} INFO - [2026-07-02T06:23:12.917+0000] {dag.py:3823} INFO - Setting next_dagrun for batch_pipeline_harga_pangan to 2026-07-01 23:00:00+00:00, run_after=2026-07-02 23:00:00+00:00
[2026-07-02T06:23:12.937+0000] {processor.py:183} INFO - Processing /opt/airflow/dags/batch_pipeline_dag.py took 0.120 seconds
[2026-07-02T06:23:45.470+0000] {processor.py:161} INFO - Started process (PID=3573) to work on /opt/airflow/dags/batch_pipeline_dag.py
[2026-07-02T06:23:45.472+0000] {processor.py:830} INFO - Processing file /opt/airflow/dags/batch_pipeline_dag.py for tasks to queue
[2026-07-02T06:23:45.472+0000] {logging_mixin.py:188} INFO - [2026-07-02T06:23:45.472+0000] {dagbag.py:538} INFO - Filling up the DagBag from /opt/airflow/dags/batch_pipeline_dag.py
[2026-07-02T06:23:45.498+0000] {processor.py:840} INFO - DAG(s) 'batch_pipeline_harga_pangan' retrieved from /opt/airflow/dags/batch_pipeline_dag.py
[2026-07-02T06:23:45.549+0000] {logging_mixin.py:188} INFO - [2026-07-02T06:23:45.549+0000] {dag.py:3036} INFO - Sync 1 DAGs
[2026-07-02T06:23:45.570+0000] {logging_mixin.py:188} INFO - [2026-07-02T06:23:45.570+0000] {dag.py:3823} INFO - Setting next_dagrun for batch_pipeline_harga_pangan to 2026-07-01 23:00:00+00:00, run_after=2026-07-02 23:00:00+00:00
[2026-07-02T06:23:45.589+0000] {processor.py:183} INFO - Processing /opt/airflow/dags/batch_pipeline_dag.py took 0.122 seconds
[2026-07-02T06:24:19.171+0000] {processor.py:161} INFO - Started process (PID=3591) to work on /opt/airflow/dags/batch_pipeline_dag.py
[2026-07-02T06:24:19.171+0000] {processor.py:830} INFO - Processing file /opt/airflow/dags/batch_pipeline_dag.py for tasks to queue
[2026-07-02T06:24:19.172+0000] {logging_mixin.py:188} INFO - [2026-07-02T06:24:19.172+0000] {dagbag.py:538} INFO - Filling up the DagBag from /opt/airflow/dags/batch_pipeline_dag.py
[2026-07-02T06:24:19.195+0000] {processor.py:840} INFO - DAG(s) 'batch_pipeline_harga_pangan' retrieved from /opt/airflow/dags/batch_pipeline_dag.py
[2026-07-02T06:24:19.246+0000] {logging_mixin.py:188} INFO - [2026-07-02T06:24:19.246+0000] {dag.py:3036} INFO - Sync 1 DAGs
[2026-07-02T06:24:19.269+0000] {logging_mixin.py:188} INFO - [2026-07-02T06:24:19.269+0000] {dag.py:3823} INFO - Setting next_dagrun for batch_pipeline_harga_pangan to 2026-07-01 23:00:00+00:00, run_after=2026-07-02 23:00:00+00:00
[2026-07-02T06:24:19.288+0000] {processor.py:183} INFO - Processing /opt/airflow/dags/batch_pipeline_dag.py took 0.120 seconds
[2026-07-02T06:24:52.831+0000] {processor.py:161} INFO - Started process (PID=3609) to work on /opt/airflow/dags/batch_pipeline_dag.py
[2026-07-02T06:24:52.832+0000] {processor.py:830} INFO - Processing file /opt/airflow/dags/batch_pipeline_dag.py for tasks to queue
[2026-07-02T06:24:52.833+0000] {logging_mixin.py:188} INFO - [2026-07-02T06:24:52.833+0000] {dagbag.py:538} INFO - Filling up the DagBag from /opt/airflow/dags/batch_pipeline_dag.py
[2026-07-02T06:24:52.861+0000] {processor.py:840} INFO - DAG(s) 'batch_pipeline_harga_pangan' retrieved from /opt/airflow/dags/batch_pipeline_dag.py
[2026-07-02T06:24:52.914+0000] {logging_mixin.py:188} INFO - [2026-07-02T06:24:52.913+0000] {dag.py:3036} INFO - Sync 1 DAGs
[2026-07-02T06:24:52.935+0000] {logging_mixin.py:188} INFO - [2026-07-02T06:24:52.934+0000] {dag.py:3823} INFO - Setting next_dagrun for batch_pipeline_harga_pangan to 2026-07-01 23:00:00+00:00, run_after=2026-07-02 23:00:00+00:00
[2026-07-02T06:24:52.952+0000] {processor.py:183} INFO - Processing /opt/airflow/dags/batch_pipeline_dag.py took 0.125 seconds
[2026-07-02T06:25:25.533+0000] {processor.py:161} INFO - Started process (PID=3627) to work on /opt/airflow/dags/batch_pipeline_dag.py
[2026-07-02T06:25:25.534+0000] {processor.py:830} INFO - Processing file /opt/airflow/dags/batch_pipeline_dag.py for tasks to queue
[2026-07-02T06:25:25.536+0000] {logging_mixin.py:188} INFO - [2026-07-02T06:25:25.535+0000] {dagbag.py:538} INFO - Filling up the DagBag from /opt/airflow/dags/batch_pipeline_dag.py
[2026-07-02T06:25:25.566+0000] {processor.py:840} INFO - DAG(s) 'batch_pipeline_harga_pangan' retrieved from /opt/airflow/dags/batch_pipeline_dag.py
[2026-07-02T06:25:25.633+0000] {logging_mixin.py:188} INFO - [2026-07-02T06:25:25.633+0000] {dag.py:3036} INFO - Sync 1 DAGs
[2026-07-02T06:25:25.660+0000] {logging_mixin.py:188} INFO - [2026-07-02T06:25:25.660+0000] {dag.py:3823} INFO - Setting next_dagrun for batch_pipeline_harga_pangan to 2026-07-01 23:00:00+00:00, run_after=2026-07-02 23:00:00+00:00
[2026-07-02T06:25:25.692+0000] {processor.py:183} INFO - Processing /opt/airflow/dags/batch_pipeline_dag.py took 0.163 seconds
[2026-07-02T06:25:59.209+0000] {processor.py:161} INFO - Started process (PID=3645) to work on /opt/airflow/dags/batch_pipeline_dag.py
[2026-07-02T06:25:59.210+0000] {processor.py:830} INFO - Processing file /opt/airflow/dags/batch_pipeline_dag.py for tasks to queue
[2026-07-02T06:25:59.211+0000] {logging_mixin.py:188} INFO - [2026-07-02T06:25:59.211+0000] {dagbag.py:538} INFO - Filling up the DagBag from /opt/airflow/dags/batch_pipeline_dag.py
[2026-07-02T06:25:59.234+0000] {processor.py:840} INFO - DAG(s) 'batch_pipeline_harga_pangan' retrieved from /opt/airflow/dags/batch_pipeline_dag.py
[2026-07-02T06:25:59.282+0000] {logging_mixin.py:188} INFO - [2026-07-02T06:25:59.282+0000] {dag.py:3036} INFO - Sync 1 DAGs
[2026-07-02T06:25:59.305+0000] {logging_mixin.py:188} INFO - [2026-07-02T06:25:59.305+0000] {dag.py:3823} INFO - Setting next_dagrun for batch_pipeline_harga_pangan to 2026-07-01 23:00:00+00:00, run_after=2026-07-02 23:00:00+00:00
[2026-07-02T06:25:59.325+0000] {processor.py:183} INFO - Processing /opt/airflow/dags/batch_pipeline_dag.py took 0.119 seconds
[2026-07-02T06:26:32.880+0000] {processor.py:161} INFO - Started process (PID=3663) to work on /opt/airflow/dags/batch_pipeline_dag.py
[2026-07-02T06:26:32.881+0000] {processor.py:830} INFO - Processing file /opt/airflow/dags/batch_pipeline_dag.py for tasks to queue
[2026-07-02T06:26:32.882+0000] {logging_mixin.py:188} INFO - [2026-07-02T06:26:32.882+0000] {dagbag.py:538} INFO - Filling up the DagBag from /opt/airflow/dags/batch_pipeline_dag.py
[2026-07-02T06:26:32.907+0000] {processor.py:840} INFO - DAG(s) 'batch_pipeline_harga_pangan' retrieved from /opt/airflow/dags/batch_pipeline_dag.py
[2026-07-02T06:26:32.964+0000] {logging_mixin.py:188} INFO - [2026-07-02T06:26:32.964+0000] {dag.py:3036} INFO - Sync 1 DAGs
[2026-07-02T06:26:32.991+0000] {logging_mixin.py:188} INFO - [2026-07-02T06:26:32.991+0000] {dag.py:3823} INFO - Setting next_dagrun for batch_pipeline_harga_pangan to 2026-07-01 23:00:00+00:00, run_after=2026-07-02 23:00:00+00:00
[2026-07-02T06:26:33.015+0000] {processor.py:183} INFO - Processing /opt/airflow/dags/batch_pipeline_dag.py took 0.138 seconds
[2026-07-02T06:27:05.570+0000] {processor.py:161} INFO - Started process (PID=3681) to work on /opt/airflow/dags/batch_pipeline_dag.py
[2026-07-02T06:27:05.570+0000] {processor.py:830} INFO - Processing file /opt/airflow/dags/batch_pipeline_dag.py for tasks to queue
[2026-07-02T06:27:05.571+0000] {logging_mixin.py:188} INFO - [2026-07-02T06:27:05.571+0000] {dagbag.py:538} INFO - Filling up the DagBag from /opt/airflow/dags/batch_pipeline_dag.py
[2026-07-02T06:27:05.595+0000] {processor.py:840} INFO - DAG(s) 'batch_pipeline_harga_pangan' retrieved from /opt/airflow/dags/batch_pipeline_dag.py
[2026-07-02T06:27:05.651+0000] {logging_mixin.py:188} INFO - [2026-07-02T06:27:05.651+0000] {dag.py:3036} INFO - Sync 1 DAGs
[2026-07-02T06:27:05.675+0000] {logging_mixin.py:188} INFO - [2026-07-02T06:27:05.675+0000] {dag.py:3823} INFO - Setting next_dagrun for batch_pipeline_harga_pangan to 2026-07-01 23:00:00+00:00, run_after=2026-07-02 23:00:00+00:00
[2026-07-02T06:27:05.696+0000] {processor.py:183} INFO - Processing /opt/airflow/dags/batch_pipeline_dag.py took 0.130 seconds
[2026-07-02T06:27:39.290+0000] {processor.py:161} INFO - Started process (PID=3699) to work on /opt/airflow/dags/batch_pipeline_dag.py
[2026-07-02T06:27:39.291+0000] {processor.py:830} INFO - Processing file /opt/airflow/dags/batch_pipeline_dag.py for tasks to queue
[2026-07-02T06:27:39.292+0000] {logging_mixin.py:188} INFO - [2026-07-02T06:27:39.292+0000] {dagbag.py:538} INFO - Filling up the DagBag from /opt/airflow/dags/batch_pipeline_dag.py
[2026-07-02T06:27:39.319+0000] {processor.py:840} INFO - DAG(s) 'batch_pipeline_harga_pangan' retrieved from /opt/airflow/dags/batch_pipeline_dag.py
[2026-07-02T06:27:39.382+0000] {logging_mixin.py:188} INFO - [2026-07-02T06:27:39.382+0000] {dag.py:3036} INFO - Sync 1 DAGs
[2026-07-02T06:27:39.406+0000] {logging_mixin.py:188} INFO - [2026-07-02T06:27:39.405+0000] {dag.py:3823} INFO - Setting next_dagrun for batch_pipeline_harga_pangan to 2026-07-01 23:00:00+00:00, run_after=2026-07-02 23:00:00+00:00
[2026-07-02T06:27:39.426+0000] {processor.py:183} INFO - Processing /opt/airflow/dags/batch_pipeline_dag.py took 0.142 seconds
[2026-07-02T06:28:11.996+0000] {processor.py:161} INFO - Started process (PID=3717) to work on /opt/airflow/dags/batch_pipeline_dag.py
[2026-07-02T06:28:11.997+0000] {processor.py:830} INFO - Processing file /opt/airflow/dags/batch_pipeline_dag.py for tasks to queue
[2026-07-02T06:28:11.999+0000] {logging_mixin.py:188} INFO - [2026-07-02T06:28:11.998+0000] {dagbag.py:538} INFO - Filling up the DagBag from /opt/airflow/dags/batch_pipeline_dag.py
[2026-07-02T06:28:12.026+0000] {processor.py:840} INFO - DAG(s) 'batch_pipeline_harga_pangan' retrieved from /opt/airflow/dags/batch_pipeline_dag.py
[2026-07-02T06:28:12.093+0000] {logging_mixin.py:188} INFO - [2026-07-02T06:28:12.093+0000] {dag.py:3036} INFO - Sync 1 DAGs
[2026-07-02T06:28:12.117+0000] {logging_mixin.py:188} INFO - [2026-07-02T06:28:12.117+0000] {dag.py:3823} INFO - Setting next_dagrun for batch_pipeline_harga_pangan to 2026-07-01 23:00:00+00:00, run_after=2026-07-02 23:00:00+00:00
[2026-07-02T06:28:12.135+0000] {processor.py:183} INFO - Processing /opt/airflow/dags/batch_pipeline_dag.py took 0.142 seconds
[2026-07-02T06:28:45.684+0000] {processor.py:161} INFO - Started process (PID=3735) to work on /opt/airflow/dags/batch_pipeline_dag.py
[2026-07-02T06:28:45.695+0000] {processor.py:830} INFO - Processing file /opt/airflow/dags/batch_pipeline_dag.py for tasks to queue
[2026-07-02T06:28:45.696+0000] {logging_mixin.py:188} INFO - [2026-07-02T06:28:45.696+0000] {dagbag.py:538} INFO - Filling up the DagBag from /opt/airflow/dags/batch_pipeline_dag.py
[2026-07-02T06:28:45.730+0000] {processor.py:840} INFO - DAG(s) 'batch_pipeline_harga_pangan' retrieved from /opt/airflow/dags/batch_pipeline_dag.py
[2026-07-02T06:28:45.785+0000] {logging_mixin.py:188} INFO - [2026-07-02T06:28:45.784+0000] {dag.py:3036} INFO - Sync 1 DAGs
[2026-07-02T06:28:45.800+0000] {logging_mixin.py:188} INFO - [2026-07-02T06:28:45.800+0000] {dag.py:3823} INFO - Setting next_dagrun for batch_pipeline_harga_pangan to 2026-07-01 23:00:00+00:00, run_after=2026-07-02 23:00:00+00:00
[2026-07-02T06:28:45.893+0000] {processor.py:183} INFO - Processing /opt/airflow/dags/batch_pipeline_dag.py took 0.212 seconds
[2026-07-02T06:29:19.436+0000] {processor.py:161} INFO - Started process (PID=3753) to work on /opt/airflow/dags/batch_pipeline_dag.py
[2026-07-02T06:29:19.437+0000] {processor.py:830} INFO - Processing file /opt/airflow/dags/batch_pipeline_dag.py for tasks to queue
[2026-07-02T06:29:19.438+0000] {logging_mixin.py:188} INFO - [2026-07-02T06:29:19.437+0000] {dagbag.py:538} INFO - Filling up the DagBag from /opt/airflow/dags/batch_pipeline_dag.py
[2026-07-02T06:29:19.458+0000] {processor.py:840} INFO - DAG(s) 'batch_pipeline_harga_pangan' retrieved from /opt/airflow/dags/batch_pipeline_dag.py
[2026-07-02T06:29:19.502+0000] {logging_mixin.py:188} INFO - [2026-07-02T06:29:19.501+0000] {dag.py:3036} INFO - Sync 1 DAGs
[2026-07-02T06:29:19.524+0000] {logging_mixin.py:188} INFO - [2026-07-02T06:29:19.523+0000] {dag.py:3823} INFO - Setting next_dagrun for batch_pipeline_harga_pangan to 2026-07-01 23:00:00+00:00, run_after=2026-07-02 23:00:00+00:00
[2026-07-02T06:29:19.540+0000] {processor.py:183} INFO - Processing /opt/airflow/dags/batch_pipeline_dag.py took 0.106 seconds
[2026-07-02T06:29:52.096+0000] {processor.py:161} INFO - Started process (PID=3772) to work on /opt/airflow/dags/batch_pipeline_dag.py
[2026-07-02T06:29:52.097+0000] {processor.py:830} INFO - Processing file /opt/airflow/dags/batch_pipeline_dag.py for tasks to queue
[2026-07-02T06:29:52.098+0000] {logging_mixin.py:188} INFO - [2026-07-02T06:29:52.098+0000] {dagbag.py:538} INFO - Filling up the DagBag from /opt/airflow/dags/batch_pipeline_dag.py
[2026-07-02T06:29:52.127+0000] {processor.py:840} INFO - DAG(s) 'batch_pipeline_harga_pangan' retrieved from /opt/airflow/dags/batch_pipeline_dag.py
[2026-07-02T06:29:52.197+0000] {logging_mixin.py:188} INFO - [2026-07-02T06:29:52.197+0000] {dag.py:3036} INFO - Sync 1 DAGs
[2026-07-02T06:29:52.218+0000] {logging_mixin.py:188} INFO - [2026-07-02T06:29:52.217+0000] {dag.py:3823} INFO - Setting next_dagrun for batch_pipeline_harga_pangan to 2026-07-01 23:00:00+00:00, run_after=2026-07-02 23:00:00+00:00
[2026-07-02T06:29:52.242+0000] {processor.py:183} INFO - Processing /opt/airflow/dags/batch_pipeline_dag.py took 0.148 seconds
[2026-07-02T06:30:25.823+0000] {processor.py:161} INFO - Started process (PID=3790) to work on /opt/airflow/dags/batch_pipeline_dag.py
[2026-07-02T06:30:25.824+0000] {processor.py:830} INFO - Processing file /opt/airflow/dags/batch_pipeline_dag.py for tasks to queue
[2026-07-02T06:30:25.825+0000] {logging_mixin.py:188} INFO - [2026-07-02T06:30:25.825+0000] {dagbag.py:538} INFO - Filling up the DagBag from /opt/airflow/dags/batch_pipeline_dag.py
[2026-07-02T06:30:25.845+0000] {processor.py:840} INFO - DAG(s) 'batch_pipeline_harga_pangan' retrieved from /opt/airflow/dags/batch_pipeline_dag.py
[2026-07-02T06:30:25.887+0000] {logging_mixin.py:188} INFO - [2026-07-02T06:30:25.887+0000] {dag.py:3036} INFO - Sync 1 DAGs
[2026-07-02T06:30:25.907+0000] {logging_mixin.py:188} INFO - [2026-07-02T06:30:25.907+0000] {dag.py:3823} INFO - Setting next_dagrun for batch_pipeline_harga_pangan to 2026-07-01 23:00:00+00:00, run_after=2026-07-02 23:00:00+00:00
[2026-07-02T06:30:25.925+0000] {processor.py:183} INFO - Processing /opt/airflow/dags/batch_pipeline_dag.py took 0.105 seconds
[2026-07-02T06:30:59.536+0000] {processor.py:161} INFO - Started process (PID=3808) to work on /opt/airflow/dags/batch_pipeline_dag.py
[2026-07-02T06:30:59.537+0000] {processor.py:830} INFO - Processing file /opt/airflow/dags/batch_pipeline_dag.py for tasks to queue
[2026-07-02T06:30:59.538+0000] {logging_mixin.py:188} INFO - [2026-07-02T06:30:59.538+0000] {dagbag.py:538} INFO - Filling up the DagBag from /opt/airflow/dags/batch_pipeline_dag.py
[2026-07-02T06:30:59.561+0000] {processor.py:840} INFO - DAG(s) 'batch_pipeline_harga_pangan' retrieved from /opt/airflow/dags/batch_pipeline_dag.py
[2026-07-02T06:30:59.617+0000] {logging_mixin.py:188} INFO - [2026-07-02T06:30:59.617+0000] {dag.py:3036} INFO - Sync 1 DAGs
[2026-07-02T06:30:59.641+0000] {logging_mixin.py:188} INFO - [2026-07-02T06:30:59.641+0000] {dag.py:3823} INFO - Setting next_dagrun for batch_pipeline_harga_pangan to 2026-07-01 23:00:00+00:00, run_after=2026-07-02 23:00:00+00:00
[2026-07-02T06:30:59.664+0000] {processor.py:183} INFO - Processing /opt/airflow/dags/batch_pipeline_dag.py took 0.132 seconds
[2026-07-02T06:31:32.229+0000] {processor.py:161} INFO - Started process (PID=3826) to work on /opt/airflow/dags/batch_pipeline_dag.py
[2026-07-02T06:31:32.230+0000] {processor.py:830} INFO - Processing file /opt/airflow/dags/batch_pipeline_dag.py for tasks to queue
[2026-07-02T06:31:32.232+0000] {logging_mixin.py:188} INFO - [2026-07-02T06:31:32.231+0000] {dagbag.py:538} INFO - Filling up the DagBag from /opt/airflow/dags/batch_pipeline_dag.py
[2026-07-02T06:31:32.266+0000] {processor.py:840} INFO - DAG(s) 'batch_pipeline_harga_pangan' retrieved from /opt/airflow/dags/batch_pipeline_dag.py
[2026-07-02T06:31:32.333+0000] {logging_mixin.py:188} INFO - [2026-07-02T06:31:32.332+0000] {dag.py:3036} INFO - Sync 1 DAGs
[2026-07-02T06:31:32.358+0000] {logging_mixin.py:188} INFO - [2026-07-02T06:31:32.358+0000] {dag.py:3823} INFO - Setting next_dagrun for batch_pipeline_harga_pangan to 2026-07-01 23:00:00+00:00, run_after=2026-07-02 23:00:00+00:00
[2026-07-02T06:31:32.393+0000] {processor.py:183} INFO - Processing /opt/airflow/dags/batch_pipeline_dag.py took 0.167 seconds
[2026-07-02T06:32:05.918+0000] {processor.py:161} INFO - Started process (PID=3836) to work on /opt/airflow/dags/batch_pipeline_dag.py
[2026-07-02T06:32:05.919+0000] {processor.py:830} INFO - Processing file /opt/airflow/dags/batch_pipeline_dag.py for tasks to queue
[2026-07-02T06:32:05.920+0000] {logging_mixin.py:188} INFO - [2026-07-02T06:32:05.920+0000] {dagbag.py:538} INFO - Filling up the DagBag from /opt/airflow/dags/batch_pipeline_dag.py
[2026-07-02T06:32:05.946+0000] {processor.py:840} INFO - DAG(s) 'batch_pipeline_harga_pangan' retrieved from /opt/airflow/dags/batch_pipeline_dag.py
[2026-07-02T06:32:06.000+0000] {logging_mixin.py:188} INFO - [2026-07-02T06:32:06.000+0000] {dag.py:3036} INFO - Sync 1 DAGs
[2026-07-02T06:32:06.025+0000] {logging_mixin.py:188} INFO - [2026-07-02T06:32:06.025+0000] {dag.py:3823} INFO - Setting next_dagrun for batch_pipeline_harga_pangan to 2026-07-01 23:00:00+00:00, run_after=2026-07-02 23:00:00+00:00
[2026-07-02T06:32:06.046+0000] {processor.py:183} INFO - Processing /opt/airflow/dags/batch_pipeline_dag.py took 0.131 seconds
[2026-07-02T06:32:39.603+0000] {processor.py:161} INFO - Started process (PID=3854) to work on /opt/airflow/dags/batch_pipeline_dag.py
[2026-07-02T06:32:39.604+0000] {processor.py:830} INFO - Processing file /opt/airflow/dags/batch_pipeline_dag.py for tasks to queue
[2026-07-02T06:32:39.605+0000] {logging_mixin.py:188} INFO - [2026-07-02T06:32:39.605+0000] {dagbag.py:538} INFO - Filling up the DagBag from /opt/airflow/dags/batch_pipeline_dag.py
[2026-07-02T06:32:39.633+0000] {processor.py:840} INFO - DAG(s) 'batch_pipeline_harga_pangan' retrieved from /opt/airflow/dags/batch_pipeline_dag.py
[2026-07-02T06:32:39.696+0000] {logging_mixin.py:188} INFO - [2026-07-02T06:32:39.695+0000] {dag.py:3036} INFO - Sync 1 DAGs
[2026-07-02T06:32:39.724+0000] {logging_mixin.py:188} INFO - [2026-07-02T06:32:39.724+0000] {dag.py:3823} INFO - Setting next_dagrun for batch_pipeline_harga_pangan to 2026-07-01 23:00:00+00:00, run_after=2026-07-02 23:00:00+00:00
[2026-07-02T06:32:39.745+0000] {processor.py:183} INFO - Processing /opt/airflow/dags/batch_pipeline_dag.py took 0.145 seconds
[2026-07-02T06:33:12.309+0000] {processor.py:161} INFO - Started process (PID=3872) to work on /opt/airflow/dags/batch_pipeline_dag.py
[2026-07-02T06:33:12.310+0000] {processor.py:830} INFO - Processing file /opt/airflow/dags/batch_pipeline_dag.py for tasks to queue
[2026-07-02T06:33:12.311+0000] {logging_mixin.py:188} INFO - [2026-07-02T06:33:12.311+0000] {dagbag.py:538} INFO - Filling up the DagBag from /opt/airflow/dags/batch_pipeline_dag.py
[2026-07-02T06:33:12.339+0000] {processor.py:840} INFO - DAG(s) 'batch_pipeline_harga_pangan' retrieved from /opt/airflow/dags/batch_pipeline_dag.py
[2026-07-02T06:33:12.398+0000] {logging_mixin.py:188} INFO - [2026-07-02T06:33:12.397+0000] {dag.py:3036} INFO - Sync 1 DAGs
[2026-07-02T06:33:12.418+0000] {logging_mixin.py:188} INFO - [2026-07-02T06:33:12.418+0000] {dag.py:3823} INFO - Setting next_dagrun for batch_pipeline_harga_pangan to 2026-07-01 23:00:00+00:00, run_after=2026-07-02 23:00:00+00:00
[2026-07-02T06:33:12.439+0000] {processor.py:183} INFO - Processing /opt/airflow/dags/batch_pipeline_dag.py took 0.133 seconds
[2026-07-02T06:33:46.042+0000] {processor.py:161} INFO - Started process (PID=3890) to work on /opt/airflow/dags/batch_pipeline_dag.py
[2026-07-02T06:33:46.042+0000] {processor.py:830} INFO - Processing file /opt/airflow/dags/batch_pipeline_dag.py for tasks to queue
[2026-07-02T06:33:46.043+0000] {logging_mixin.py:188} INFO - [2026-07-02T06:33:46.043+0000] {dagbag.py:538} INFO - Filling up the DagBag from /opt/airflow/dags/batch_pipeline_dag.py
[2026-07-02T06:33:46.065+0000] {processor.py:840} INFO - DAG(s) 'batch_pipeline_harga_pangan' retrieved from /opt/airflow/dags/batch_pipeline_dag.py
[2026-07-02T06:33:46.109+0000] {logging_mixin.py:188} INFO - [2026-07-02T06:33:46.108+0000] {dag.py:3036} INFO - Sync 1 DAGs
[2026-07-02T06:33:46.127+0000] {logging_mixin.py:188} INFO - [2026-07-02T06:33:46.127+0000] {dag.py:3823} INFO - Setting next_dagrun for batch_pipeline_harga_pangan to 2026-07-01 23:00:00+00:00, run_after=2026-07-02 23:00:00+00:00
[2026-07-02T06:33:46.143+0000] {processor.py:183} INFO - Processing /opt/airflow/dags/batch_pipeline_dag.py took 0.104 seconds
[2026-07-02T06:34:18.727+0000] {processor.py:161} INFO - Started process (PID=3908) to work on /opt/airflow/dags/batch_pipeline_dag.py
[2026-07-02T06:34:18.728+0000] {processor.py:830} INFO - Processing file /opt/airflow/dags/batch_pipeline_dag.py for tasks to queue
[2026-07-02T06:34:18.729+0000] {logging_mixin.py:188} INFO - [2026-07-02T06:34:18.728+0000] {dagbag.py:538} INFO - Filling up the DagBag from /opt/airflow/dags/batch_pipeline_dag.py
[2026-07-02T06:34:18.795+0000] {processor.py:840} INFO - DAG(s) 'batch_pipeline_harga_pangan' retrieved from /opt/airflow/dags/batch_pipeline_dag.py
[2026-07-02T06:34:18.851+0000] {logging_mixin.py:188} INFO - [2026-07-02T06:34:18.850+0000] {dag.py:3036} INFO - Sync 1 DAGs
[2026-07-02T06:34:18.875+0000] {logging_mixin.py:188} INFO - [2026-07-02T06:34:18.874+0000] {dag.py:3823} INFO - Setting next_dagrun for batch_pipeline_harga_pangan to 2026-07-01 23:00:00+00:00, run_after=2026-07-02 23:00:00+00:00
[2026-07-02T06:34:18.892+0000] {processor.py:183} INFO - Processing /opt/airflow/dags/batch_pipeline_dag.py took 0.168 seconds
[2026-07-02T06:34:52.501+0000] {processor.py:161} INFO - Started process (PID=3926) to work on /opt/airflow/dags/batch_pipeline_dag.py
[2026-07-02T06:34:52.501+0000] {processor.py:830} INFO - Processing file /opt/airflow/dags/batch_pipeline_dag.py for tasks to queue
[2026-07-02T06:34:52.503+0000] {logging_mixin.py:188} INFO - [2026-07-02T06:34:52.502+0000] {dagbag.py:538} INFO - Filling up the DagBag from /opt/airflow/dags/batch_pipeline_dag.py
[2026-07-02T06:34:52.527+0000] {processor.py:840} INFO - DAG(s) 'batch_pipeline_harga_pangan' retrieved from /opt/airflow/dags/batch_pipeline_dag.py
[2026-07-02T06:34:52.576+0000] {logging_mixin.py:188} INFO - [2026-07-02T06:34:52.576+0000] {dag.py:3036} INFO - Sync 1 DAGs
[2026-07-02T06:34:52.596+0000] {logging_mixin.py:188} INFO - [2026-07-02T06:34:52.596+0000] {dag.py:3823} INFO - Setting next_dagrun for batch_pipeline_harga_pangan to 2026-07-01 23:00:00+00:00, run_after=2026-07-02 23:00:00+00:00
[2026-07-02T06:34:52.613+0000] {processor.py:183} INFO - Processing /opt/airflow/dags/batch_pipeline_dag.py took 0.115 seconds
[2026-07-02T06:35:26.186+0000] {processor.py:161} INFO - Started process (PID=3944) to work on /opt/airflow/dags/batch_pipeline_dag.py
[2026-07-02T06:35:26.187+0000] {processor.py:830} INFO - Processing file /opt/airflow/dags/batch_pipeline_dag.py for tasks to queue
[2026-07-02T06:35:26.188+0000] {logging_mixin.py:188} INFO - [2026-07-02T06:35:26.187+0000] {dagbag.py:538} INFO - Filling up the DagBag from /opt/airflow/dags/batch_pipeline_dag.py
[2026-07-02T06:35:26.209+0000] {processor.py:840} INFO - DAG(s) 'batch_pipeline_harga_pangan' retrieved from /opt/airflow/dags/batch_pipeline_dag.py
[2026-07-02T06:35:26.254+0000] {logging_mixin.py:188} INFO - [2026-07-02T06:35:26.253+0000] {dag.py:3036} INFO - Sync 1 DAGs
[2026-07-02T06:35:26.273+0000] {logging_mixin.py:188} INFO - [2026-07-02T06:35:26.273+0000] {dag.py:3823} INFO - Setting next_dagrun for batch_pipeline_harga_pangan to 2026-07-01 23:00:00+00:00, run_after=2026-07-02 23:00:00+00:00
[2026-07-02T06:35:26.292+0000] {processor.py:183} INFO - Processing /opt/airflow/dags/batch_pipeline_dag.py took 0.109 seconds
[2026-07-02T06:35:58.883+0000] {processor.py:161} INFO - Started process (PID=3962) to work on /opt/airflow/dags/batch_pipeline_dag.py
[2026-07-02T06:35:58.884+0000] {processor.py:830} INFO - Processing file /opt/airflow/dags/batch_pipeline_dag.py for tasks to queue
[2026-07-02T06:35:58.885+0000] {logging_mixin.py:188} INFO - [2026-07-02T06:35:58.885+0000] {dagbag.py:538} INFO - Filling up the DagBag from /opt/airflow/dags/batch_pipeline_dag.py
[2026-07-02T06:35:58.913+0000] {processor.py:840} INFO - DAG(s) 'batch_pipeline_harga_pangan' retrieved from /opt/airflow/dags/batch_pipeline_dag.py
[2026-07-02T06:35:58.974+0000] {logging_mixin.py:188} INFO - [2026-07-02T06:35:58.973+0000] {dag.py:3036} INFO - Sync 1 DAGs
[2026-07-02T06:35:58.998+0000] {logging_mixin.py:188} INFO - [2026-07-02T06:35:58.998+0000] {dag.py:3823} INFO - Setting next_dagrun for batch_pipeline_harga_pangan to 2026-07-01 23:00:00+00:00, run_after=2026-07-02 23:00:00+00:00
[2026-07-02T06:35:59.014+0000] {processor.py:183} INFO - Processing /opt/airflow/dags/batch_pipeline_dag.py took 0.135 seconds
[2026-07-02T06:36:32.598+0000] {processor.py:161} INFO - Started process (PID=3980) to work on /opt/airflow/dags/batch_pipeline_dag.py
[2026-07-02T06:36:32.600+0000] {processor.py:830} INFO - Processing file /opt/airflow/dags/batch_pipeline_dag.py for tasks to queue
[2026-07-02T06:36:32.601+0000] {logging_mixin.py:188} INFO - [2026-07-02T06:36:32.600+0000] {dagbag.py:538} INFO - Filling up the DagBag from /opt/airflow/dags/batch_pipeline_dag.py
[2026-07-02T06:36:32.640+0000] {processor.py:840} INFO - DAG(s) 'batch_pipeline_harga_pangan' retrieved from /opt/airflow/dags/batch_pipeline_dag.py
[2026-07-02T06:36:32.713+0000] {logging_mixin.py:188} INFO - [2026-07-02T06:36:32.713+0000] {dag.py:3036} INFO - Sync 1 DAGs
[2026-07-02T06:36:32.740+0000] {logging_mixin.py:188} INFO - [2026-07-02T06:36:32.740+0000] {dag.py:3823} INFO - Setting next_dagrun for batch_pipeline_harga_pangan to 2026-07-01 23:00:00+00:00, run_after=2026-07-02 23:00:00+00:00
[2026-07-02T06:36:32.757+0000] {processor.py:183} INFO - Processing /opt/airflow/dags/batch_pipeline_dag.py took 0.165 seconds
[2026-07-02T06:37:06.325+0000] {processor.py:161} INFO - Started process (PID=3998) to work on /opt/airflow/dags/batch_pipeline_dag.py
[2026-07-02T06:37:06.326+0000] {processor.py:830} INFO - Processing file /opt/airflow/dags/batch_pipeline_dag.py for tasks to queue
[2026-07-02T06:37:06.327+0000] {logging_mixin.py:188} INFO - [2026-07-02T06:37:06.327+0000] {dagbag.py:538} INFO - Filling up the DagBag from /opt/airflow/dags/batch_pipeline_dag.py
[2026-07-02T06:37:06.353+0000] {processor.py:840} INFO - DAG(s) 'batch_pipeline_harga_pangan' retrieved from /opt/airflow/dags/batch_pipeline_dag.py
[2026-07-02T06:37:06.411+0000] {logging_mixin.py:188} INFO - [2026-07-02T06:37:06.411+0000] {dag.py:3036} INFO - Sync 1 DAGs
[2026-07-02T06:37:06.431+0000] {logging_mixin.py:188} INFO - [2026-07-02T06:37:06.431+0000] {dag.py:3823} INFO - Setting next_dagrun for batch_pipeline_harga_pangan to 2026-07-01 23:00:00+00:00, run_after=2026-07-02 23:00:00+00:00
[2026-07-02T06:37:06.454+0000] {processor.py:183} INFO - Processing /opt/airflow/dags/batch_pipeline_dag.py took 0.133 seconds
[2026-07-02T06:37:39.031+0000] {processor.py:161} INFO - Started process (PID=4016) to work on /opt/airflow/dags/batch_pipeline_dag.py
[2026-07-02T06:37:39.032+0000] {processor.py:830} INFO - Processing file /opt/airflow/dags/batch_pipeline_dag.py for tasks to queue
[2026-07-02T06:37:39.034+0000] {logging_mixin.py:188} INFO - [2026-07-02T06:37:39.033+0000] {dagbag.py:538} INFO - Filling up the DagBag from /opt/airflow/dags/batch_pipeline_dag.py
[2026-07-02T06:37:39.058+0000] {processor.py:840} INFO - DAG(s) 'batch_pipeline_harga_pangan' retrieved from /opt/airflow/dags/batch_pipeline_dag.py
[2026-07-02T06:37:39.105+0000] {logging_mixin.py:188} INFO - [2026-07-02T06:37:39.105+0000] {dag.py:3036} INFO - Sync 1 DAGs
[2026-07-02T06:37:39.128+0000] {logging_mixin.py:188} INFO - [2026-07-02T06:37:39.127+0000] {dag.py:3823} INFO - Setting next_dagrun for batch_pipeline_harga_pangan to 2026-07-01 23:00:00+00:00, run_after=2026-07-02 23:00:00+00:00
[2026-07-02T06:37:39.144+0000] {processor.py:183} INFO - Processing /opt/airflow/dags/batch_pipeline_dag.py took 0.116 seconds
[2026-07-02T06:38:12.732+0000] {processor.py:161} INFO - Started process (PID=4034) to work on /opt/airflow/dags/batch_pipeline_dag.py
[2026-07-02T06:38:12.734+0000] {processor.py:830} INFO - Processing file /opt/airflow/dags/batch_pipeline_dag.py for tasks to queue
[2026-07-02T06:38:12.736+0000] {logging_mixin.py:188} INFO - [2026-07-02T06:38:12.735+0000] {dagbag.py:538} INFO - Filling up the DagBag from /opt/airflow/dags/batch_pipeline_dag.py
[2026-07-02T06:38:12.783+0000] {processor.py:840} INFO - DAG(s) 'batch_pipeline_harga_pangan' retrieved from /opt/airflow/dags/batch_pipeline_dag.py
[2026-07-02T06:38:12.881+0000] {logging_mixin.py:188} INFO - [2026-07-02T06:38:12.881+0000] {dag.py:3036} INFO - Sync 1 DAGs
[2026-07-02T06:38:12.915+0000] {logging_mixin.py:188} INFO - [2026-07-02T06:38:12.915+0000] {dag.py:3823} INFO - Setting next_dagrun for batch_pipeline_harga_pangan to 2026-07-01 23:00:00+00:00, run_after=2026-07-02 23:00:00+00:00
[2026-07-02T06:38:12.939+0000] {processor.py:183} INFO - Processing /opt/airflow/dags/batch_pipeline_dag.py took 0.212 seconds
[2026-07-02T06:38:45.492+0000] {processor.py:161} INFO - Started process (PID=4053) to work on /opt/airflow/dags/batch_pipeline_dag.py
[2026-07-02T06:38:45.494+0000] {processor.py:830} INFO - Processing file /opt/airflow/dags/batch_pipeline_dag.py for tasks to queue
[2026-07-02T06:38:45.496+0000] {logging_mixin.py:188} INFO - [2026-07-02T06:38:45.495+0000] {dagbag.py:538} INFO - Filling up the DagBag from /opt/airflow/dags/batch_pipeline_dag.py
[2026-07-02T06:38:45.530+0000] {processor.py:840} INFO - DAG(s) 'batch_pipeline_harga_pangan' retrieved from /opt/airflow/dags/batch_pipeline_dag.py
[2026-07-02T06:38:45.602+0000] {logging_mixin.py:188} INFO - [2026-07-02T06:38:45.602+0000] {dag.py:3036} INFO - Sync 1 DAGs
[2026-07-02T06:38:45.637+0000] {logging_mixin.py:188} INFO - [2026-07-02T06:38:45.636+0000] {dag.py:3823} INFO - Setting next_dagrun for batch_pipeline_harga_pangan to 2026-07-01 23:00:00+00:00, run_after=2026-07-02 23:00:00+00:00
[2026-07-02T06:38:45.663+0000] {processor.py:183} INFO - Processing /opt/airflow/dags/batch_pipeline_dag.py took 0.174 seconds
[2026-07-02T06:39:19.238+0000] {processor.py:161} INFO - Started process (PID=4071) to work on /opt/airflow/dags/batch_pipeline_dag.py
[2026-07-02T06:39:19.239+0000] {processor.py:830} INFO - Processing file /opt/airflow/dags/batch_pipeline_dag.py for tasks to queue
[2026-07-02T06:39:19.240+0000] {logging_mixin.py:188} INFO - [2026-07-02T06:39:19.240+0000] {dagbag.py:538} INFO - Filling up the DagBag from /opt/airflow/dags/batch_pipeline_dag.py
[2026-07-02T06:39:19.265+0000] {processor.py:840} INFO - DAG(s) 'batch_pipeline_harga_pangan' retrieved from /opt/airflow/dags/batch_pipeline_dag.py
[2026-07-02T06:39:19.319+0000] {logging_mixin.py:188} INFO - [2026-07-02T06:39:19.319+0000] {dag.py:3036} INFO - Sync 1 DAGs
[2026-07-02T06:39:19.339+0000] {logging_mixin.py:188} INFO - [2026-07-02T06:39:19.339+0000] {dag.py:3823} INFO - Setting next_dagrun for batch_pipeline_harga_pangan to 2026-07-01 23:00:00+00:00, run_after=2026-07-02 23:00:00+00:00
[2026-07-02T06:39:19.355+0000] {processor.py:183} INFO - Processing /opt/airflow/dags/batch_pipeline_dag.py took 0.119 seconds
[2026-07-02T06:39:52.919+0000] {processor.py:161} INFO - Started process (PID=4089) to work on /opt/airflow/dags/batch_pipeline_dag.py
[2026-07-02T06:39:52.920+0000] {processor.py:830} INFO - Processing file /opt/airflow/dags/batch_pipeline_dag.py for tasks to queue
[2026-07-02T06:39:52.921+0000] {logging_mixin.py:188} INFO - [2026-07-02T06:39:52.921+0000] {dagbag.py:538} INFO - Filling up the DagBag from /opt/airflow/dags/batch_pipeline_dag.py
[2026-07-02T06:39:52.948+0000] {processor.py:840} INFO - DAG(s) 'batch_pipeline_harga_pangan' retrieved from /opt/airflow/dags/batch_pipeline_dag.py
[2026-07-02T06:39:52.995+0000] {logging_mixin.py:188} INFO - [2026-07-02T06:39:52.995+0000] {dag.py:3036} INFO - Sync 1 DAGs
[2026-07-02T06:39:53.015+0000] {logging_mixin.py:188} INFO - [2026-07-02T06:39:53.014+0000] {dag.py:3823} INFO - Setting next_dagrun for batch_pipeline_harga_pangan to 2026-07-01 23:00:00+00:00, run_after=2026-07-02 23:00:00+00:00
[2026-07-02T06:39:53.032+0000] {processor.py:183} INFO - Processing /opt/airflow/dags/batch_pipeline_dag.py took 0.116 seconds
[2026-07-02T06:40:25.676+0000] {processor.py:161} INFO - Started process (PID=4107) to work on /opt/airflow/dags/batch_pipeline_dag.py
[2026-07-02T06:40:25.677+0000] {processor.py:830} INFO - Processing file /opt/airflow/dags/batch_pipeline_dag.py for tasks to queue
[2026-07-02T06:40:25.678+0000] {logging_mixin.py:188} INFO - [2026-07-02T06:40:25.677+0000] {dagbag.py:538} INFO - Filling up the DagBag from /opt/airflow/dags/batch_pipeline_dag.py
[2026-07-02T06:40:25.701+0000] {processor.py:840} INFO - DAG(s) 'batch_pipeline_harga_pangan' retrieved from /opt/airflow/dags/batch_pipeline_dag.py
[2026-07-02T06:40:25.751+0000] {logging_mixin.py:188} INFO - [2026-07-02T06:40:25.751+0000] {dag.py:3036} INFO - Sync 1 DAGs
[2026-07-02T06:40:25.772+0000] {logging_mixin.py:188} INFO - [2026-07-02T06:40:25.772+0000] {dag.py:3823} INFO - Setting next_dagrun for batch_pipeline_harga_pangan to 2026-07-01 23:00:00+00:00, run_after=2026-07-02 23:00:00+00:00
[2026-07-02T06:40:25.794+0000] {processor.py:183} INFO - Processing /opt/airflow/dags/batch_pipeline_dag.py took 0.120 seconds
[2026-07-02T06:40:59.327+0000] {processor.py:161} INFO - Started process (PID=4124) to work on /opt/airflow/dags/batch_pipeline_dag.py
[2026-07-02T06:40:59.328+0000] {processor.py:830} INFO - Processing file /opt/airflow/dags/batch_pipeline_dag.py for tasks to queue
[2026-07-02T06:40:59.329+0000] {logging_mixin.py:188} INFO - [2026-07-02T06:40:59.329+0000] {dagbag.py:538} INFO - Filling up the DagBag from /opt/airflow/dags/batch_pipeline_dag.py
[2026-07-02T06:40:59.361+0000] {processor.py:840} INFO - DAG(s) 'batch_pipeline_harga_pangan' retrieved from /opt/airflow/dags/batch_pipeline_dag.py
[2026-07-02T06:40:59.428+0000] {logging_mixin.py:188} INFO - [2026-07-02T06:40:59.428+0000] {dag.py:3036} INFO - Sync 1 DAGs
[2026-07-02T06:40:59.455+0000] {logging_mixin.py:188} INFO - [2026-07-02T06:40:59.455+0000] {dag.py:3823} INFO - Setting next_dagrun for batch_pipeline_harga_pangan to 2026-07-01 23:00:00+00:00, run_after=2026-07-02 23:00:00+00:00
[2026-07-02T06:40:59.479+0000] {processor.py:183} INFO - Processing /opt/airflow/dags/batch_pipeline_dag.py took 0.156 seconds
[2026-07-02T06:41:33.025+0000] {processor.py:161} INFO - Started process (PID=4135) to work on /opt/airflow/dags/batch_pipeline_dag.py
[2026-07-02T06:41:33.026+0000] {processor.py:830} INFO - Processing file /opt/airflow/dags/batch_pipeline_dag.py for tasks to queue
[2026-07-02T06:41:33.028+0000] {logging_mixin.py:188} INFO - [2026-07-02T06:41:33.027+0000] {dagbag.py:538} INFO - Filling up the DagBag from /opt/airflow/dags/batch_pipeline_dag.py
[2026-07-02T06:41:33.052+0000] {processor.py:840} INFO - DAG(s) 'batch_pipeline_harga_pangan' retrieved from /opt/airflow/dags/batch_pipeline_dag.py
[2026-07-02T06:41:33.108+0000] {logging_mixin.py:188} INFO - [2026-07-02T06:41:33.108+0000] {dag.py:3036} INFO - Sync 1 DAGs
[2026-07-02T06:41:33.135+0000] {logging_mixin.py:188} INFO - [2026-07-02T06:41:33.134+0000] {dag.py:3823} INFO - Setting next_dagrun for batch_pipeline_harga_pangan to 2026-07-01 23:00:00+00:00, run_after=2026-07-02 23:00:00+00:00
[2026-07-02T06:41:33.153+0000] {processor.py:183} INFO - Processing /opt/airflow/dags/batch_pipeline_dag.py took 0.131 seconds
[2026-07-02T06:42:05.704+0000] {processor.py:161} INFO - Started process (PID=4154) to work on /opt/airflow/dags/batch_pipeline_dag.py
[2026-07-02T06:42:05.706+0000] {processor.py:830} INFO - Processing file /opt/airflow/dags/batch_pipeline_dag.py for tasks to queue
[2026-07-02T06:42:05.707+0000] {logging_mixin.py:188} INFO - [2026-07-02T06:42:05.707+0000] {dagbag.py:538} INFO - Filling up the DagBag from /opt/airflow/dags/batch_pipeline_dag.py
[2026-07-02T06:42:05.731+0000] {processor.py:840} INFO - DAG(s) 'batch_pipeline_harga_pangan' retrieved from /opt/airflow/dags/batch_pipeline_dag.py
[2026-07-02T06:42:05.781+0000] {logging_mixin.py:188} INFO - [2026-07-02T06:42:05.780+0000] {dag.py:3036} INFO - Sync 1 DAGs
[2026-07-02T06:42:05.800+0000] {logging_mixin.py:188} INFO - [2026-07-02T06:42:05.800+0000] {dag.py:3823} INFO - Setting next_dagrun for batch_pipeline_harga_pangan to 2026-07-01 23:00:00+00:00, run_after=2026-07-02 23:00:00+00:00
[2026-07-02T06:42:05.817+0000] {processor.py:183} INFO - Processing /opt/airflow/dags/batch_pipeline_dag.py took 0.116 seconds
[2026-07-02T06:42:39.420+0000] {processor.py:161} INFO - Started process (PID=4172) to work on /opt/airflow/dags/batch_pipeline_dag.py
[2026-07-02T06:42:39.424+0000] {processor.py:830} INFO - Processing file /opt/airflow/dags/batch_pipeline_dag.py for tasks to queue
[2026-07-02T06:42:39.426+0000] {logging_mixin.py:188} INFO - [2026-07-02T06:42:39.425+0000] {dagbag.py:538} INFO - Filling up the DagBag from /opt/airflow/dags/batch_pipeline_dag.py
[2026-07-02T06:42:39.468+0000] {processor.py:840} INFO - DAG(s) 'batch_pipeline_harga_pangan' retrieved from /opt/airflow/dags/batch_pipeline_dag.py
[2026-07-02T06:42:39.539+0000] {logging_mixin.py:188} INFO - [2026-07-02T06:42:39.539+0000] {dag.py:3036} INFO - Sync 1 DAGs
[2026-07-02T06:42:40.078+0000] {logging_mixin.py:188} INFO - [2026-07-02T06:42:40.078+0000] {dag.py:3823} INFO - Setting next_dagrun for batch_pipeline_harga_pangan to 2026-07-01 23:00:00+00:00, run_after=2026-07-02 23:00:00+00:00
[2026-07-02T06:42:40.097+0000] {processor.py:183} INFO - Processing /opt/airflow/dags/batch_pipeline_dag.py took 0.683 seconds
[2026-07-02T06:43:12.694+0000] {processor.py:161} INFO - Started process (PID=4190) to work on /opt/airflow/dags/batch_pipeline_dag.py
[2026-07-02T06:43:12.695+0000] {processor.py:830} INFO - Processing file /opt/airflow/dags/batch_pipeline_dag.py for tasks to queue
[2026-07-02T06:43:12.697+0000] {logging_mixin.py:188} INFO - [2026-07-02T06:43:12.696+0000] {dagbag.py:538} INFO - Filling up the DagBag from /opt/airflow/dags/batch_pipeline_dag.py
[2026-07-02T06:43:12.726+0000] {processor.py:840} INFO - DAG(s) 'batch_pipeline_harga_pangan' retrieved from /opt/airflow/dags/batch_pipeline_dag.py
[2026-07-02T06:43:12.780+0000] {logging_mixin.py:188} INFO - [2026-07-02T06:43:12.779+0000] {dag.py:3036} INFO - Sync 1 DAGs
[2026-07-02T06:43:12.801+0000] {logging_mixin.py:188} INFO - [2026-07-02T06:43:12.801+0000] {dag.py:3823} INFO - Setting next_dagrun for batch_pipeline_harga_pangan to 2026-07-01 23:00:00+00:00, run_after=2026-07-02 23:00:00+00:00
[2026-07-02T06:43:12.825+0000] {processor.py:183} INFO - Processing /opt/airflow/dags/batch_pipeline_dag.py took 0.135 seconds
[2026-07-02T06:43:46.396+0000] {processor.py:161} INFO - Started process (PID=4208) to work on /opt/airflow/dags/batch_pipeline_dag.py
[2026-07-02T06:43:46.397+0000] {processor.py:830} INFO - Processing file /opt/airflow/dags/batch_pipeline_dag.py for tasks to queue
[2026-07-02T06:43:46.397+0000] {logging_mixin.py:188} INFO - [2026-07-02T06:43:46.397+0000] {dagbag.py:538} INFO - Filling up the DagBag from /opt/airflow/dags/batch_pipeline_dag.py
[2026-07-02T06:43:46.418+0000] {processor.py:840} INFO - DAG(s) 'batch_pipeline_harga_pangan' retrieved from /opt/airflow/dags/batch_pipeline_dag.py
[2026-07-02T06:43:46.594+0000] {logging_mixin.py:188} INFO - [2026-07-02T06:43:46.594+0000] {dag.py:3036} INFO - Sync 1 DAGs
[2026-07-02T06:43:46.610+0000] {logging_mixin.py:188} INFO - [2026-07-02T06:43:46.610+0000] {dag.py:3823} INFO - Setting next_dagrun for batch_pipeline_harga_pangan to 2026-07-01 23:00:00+00:00, run_after=2026-07-02 23:00:00+00:00
[2026-07-02T06:43:46.627+0000] {processor.py:183} INFO - Processing /opt/airflow/dags/batch_pipeline_dag.py took 0.234 seconds
[2026-07-02T06:44:19.267+0000] {processor.py:161} INFO - Started process (PID=4226) to work on /opt/airflow/dags/batch_pipeline_dag.py
[2026-07-02T06:44:19.269+0000] {processor.py:830} INFO - Processing file /opt/airflow/dags/batch_pipeline_dag.py for tasks to queue
[2026-07-02T06:44:19.271+0000] {logging_mixin.py:188} INFO - [2026-07-02T06:44:19.270+0000] {dagbag.py:538} INFO - Filling up the DagBag from /opt/airflow/dags/batch_pipeline_dag.py
[2026-07-02T06:44:19.298+0000] {processor.py:840} INFO - DAG(s) 'batch_pipeline_harga_pangan' retrieved from /opt/airflow/dags/batch_pipeline_dag.py
[2026-07-02T06:44:19.347+0000] {logging_mixin.py:188} INFO - [2026-07-02T06:44:19.347+0000] {dag.py:3036} INFO - Sync 1 DAGs
[2026-07-02T06:44:19.479+0000] {logging_mixin.py:188} INFO - [2026-07-02T06:44:19.478+0000] {dag.py:3823} INFO - Setting next_dagrun for batch_pipeline_harga_pangan to 2026-07-01 23:00:00+00:00, run_after=2026-07-02 23:00:00+00:00
[2026-07-02T06:44:19.500+0000] {processor.py:183} INFO - Processing /opt/airflow/dags/batch_pipeline_dag.py took 0.235 seconds
[2026-07-02T06:44:52.956+0000] {processor.py:161} INFO - Started process (PID=4244) to work on /opt/airflow/dags/batch_pipeline_dag.py
[2026-07-02T06:44:52.957+0000] {processor.py:830} INFO - Processing file /opt/airflow/dags/batch_pipeline_dag.py for tasks to queue
[2026-07-02T06:44:52.958+0000] {logging_mixin.py:188} INFO - [2026-07-02T06:44:52.958+0000] {dagbag.py:538} INFO - Filling up the DagBag from /opt/airflow/dags/batch_pipeline_dag.py
[2026-07-02T06:44:53.126+0000] {processor.py:840} INFO - DAG(s) 'batch_pipeline_harga_pangan' retrieved from /opt/airflow/dags/batch_pipeline_dag.py
[2026-07-02T06:44:53.181+0000] {logging_mixin.py:188} INFO - [2026-07-02T06:44:53.181+0000] {dag.py:3036} INFO - Sync 1 DAGs
[2026-07-02T06:44:53.200+0000] {logging_mixin.py:188} INFO - [2026-07-02T06:44:53.200+0000] {dag.py:3823} INFO - Setting next_dagrun for batch_pipeline_harga_pangan to 2026-07-01 23:00:00+00:00, run_after=2026-07-02 23:00:00+00:00
[2026-07-02T06:44:53.220+0000] {processor.py:183} INFO - Processing /opt/airflow/dags/batch_pipeline_dag.py took 0.268 seconds
[2026-07-02T06:45:25.821+0000] {processor.py:161} INFO - Started process (PID=4262) to work on /opt/airflow/dags/batch_pipeline_dag.py
[2026-07-02T06:45:25.822+0000] {processor.py:830} INFO - Processing file /opt/airflow/dags/batch_pipeline_dag.py for tasks to queue
[2026-07-02T06:45:25.823+0000] {logging_mixin.py:188} INFO - [2026-07-02T06:45:25.823+0000] {dagbag.py:538} INFO - Filling up the DagBag from /opt/airflow/dags/batch_pipeline_dag.py
[2026-07-02T06:45:25.844+0000] {processor.py:840} INFO - DAG(s) 'batch_pipeline_harga_pangan' retrieved from /opt/airflow/dags/batch_pipeline_dag.py
[2026-07-02T06:45:25.889+0000] {logging_mixin.py:188} INFO - [2026-07-02T06:45:25.888+0000] {dag.py:3036} INFO - Sync 1 DAGs
[2026-07-02T06:45:26.008+0000] {logging_mixin.py:188} INFO - [2026-07-02T06:45:26.008+0000] {dag.py:3823} INFO - Setting next_dagrun for batch_pipeline_harga_pangan to 2026-07-01 23:00:00+00:00, run_after=2026-07-02 23:00:00+00:00
[2026-07-02T06:45:26.022+0000] {processor.py:183} INFO - Processing /opt/airflow/dags/batch_pipeline_dag.py took 0.204 seconds
[2026-07-02T06:45:59.626+0000] {processor.py:161} INFO - Started process (PID=4280) to work on /opt/airflow/dags/batch_pipeline_dag.py
[2026-07-02T06:45:59.627+0000] {processor.py:830} INFO - Processing file /opt/airflow/dags/batch_pipeline_dag.py for tasks to queue
[2026-07-02T06:45:59.628+0000] {logging_mixin.py:188} INFO - [2026-07-02T06:45:59.628+0000] {dagbag.py:538} INFO - Filling up the DagBag from /opt/airflow/dags/batch_pipeline_dag.py
[2026-07-02T06:45:59.652+0000] {processor.py:840} INFO - DAG(s) 'batch_pipeline_harga_pangan' retrieved from /opt/airflow/dags/batch_pipeline_dag.py
[2026-07-02T06:45:59.698+0000] {logging_mixin.py:188} INFO - [2026-07-02T06:45:59.698+0000] {dag.py:3036} INFO - Sync 1 DAGs
[2026-07-02T06:45:59.716+0000] {logging_mixin.py:188} INFO - [2026-07-02T06:45:59.716+0000] {dag.py:3823} INFO - Setting next_dagrun for batch_pipeline_harga_pangan to 2026-07-01 23:00:00+00:00, run_after=2026-07-02 23:00:00+00:00
[2026-07-02T06:45:59.733+0000] {processor.py:183} INFO - Processing /opt/airflow/dags/batch_pipeline_dag.py took 0.111 seconds
[2026-07-02T06:46:32.361+0000] {processor.py:161} INFO - Started process (PID=4298) to work on /opt/airflow/dags/batch_pipeline_dag.py
[2026-07-02T06:46:32.362+0000] {processor.py:830} INFO - Processing file /opt/airflow/dags/batch_pipeline_dag.py for tasks to queue
[2026-07-02T06:46:32.362+0000] {logging_mixin.py:188} INFO - [2026-07-02T06:46:32.362+0000] {dagbag.py:538} INFO - Filling up the DagBag from /opt/airflow/dags/batch_pipeline_dag.py
[2026-07-02T06:46:32.385+0000] {processor.py:840} INFO - DAG(s) 'batch_pipeline_harga_pangan' retrieved from /opt/airflow/dags/batch_pipeline_dag.py
[2026-07-02T06:46:32.431+0000] {logging_mixin.py:188} INFO - [2026-07-02T06:46:32.431+0000] {dag.py:3036} INFO - Sync 1 DAGs
[2026-07-02T06:46:32.450+0000] {logging_mixin.py:188} INFO - [2026-07-02T06:46:32.450+0000] {dag.py:3823} INFO - Setting next_dagrun for batch_pipeline_harga_pangan to 2026-07-01 23:00:00+00:00, run_after=2026-07-02 23:00:00+00:00
[2026-07-02T06:46:32.466+0000] {processor.py:183} INFO - Processing /opt/airflow/dags/batch_pipeline_dag.py took 0.108 seconds
[2026-07-02T06:47:06.061+0000] {processor.py:161} INFO - Started process (PID=4316) to work on /opt/airflow/dags/batch_pipeline_dag.py
[2026-07-02T06:47:06.063+0000] {processor.py:830} INFO - Processing file /opt/airflow/dags/batch_pipeline_dag.py for tasks to queue
[2026-07-02T06:47:06.064+0000] {logging_mixin.py:188} INFO - [2026-07-02T06:47:06.064+0000] {dagbag.py:538} INFO - Filling up the DagBag from /opt/airflow/dags/batch_pipeline_dag.py
[2026-07-02T06:47:06.098+0000] {processor.py:840} INFO - DAG(s) 'batch_pipeline_harga_pangan' retrieved from /opt/airflow/dags/batch_pipeline_dag.py
[2026-07-02T06:47:06.161+0000] {logging_mixin.py:188} INFO - [2026-07-02T06:47:06.160+0000] {dag.py:3036} INFO - Sync 1 DAGs
[2026-07-02T06:47:06.182+0000] {logging_mixin.py:188} INFO - [2026-07-02T06:47:06.182+0000] {dag.py:3823} INFO - Setting next_dagrun for batch_pipeline_harga_pangan to 2026-07-01 23:00:00+00:00, run_after=2026-07-02 23:00:00+00:00
[2026-07-02T06:47:06.201+0000] {processor.py:183} INFO - Processing /opt/airflow/dags/batch_pipeline_dag.py took 0.143 seconds
[2026-07-02T06:47:38.781+0000] {processor.py:161} INFO - Started process (PID=4334) to work on /opt/airflow/dags/batch_pipeline_dag.py
[2026-07-02T06:47:38.782+0000] {processor.py:830} INFO - Processing file /opt/airflow/dags/batch_pipeline_dag.py for tasks to queue
[2026-07-02T06:47:38.783+0000] {logging_mixin.py:188} INFO - [2026-07-02T06:47:38.782+0000] {dagbag.py:538} INFO - Filling up the DagBag from /opt/airflow/dags/batch_pipeline_dag.py
[2026-07-02T06:47:38.805+0000] {processor.py:840} INFO - DAG(s) 'batch_pipeline_harga_pangan' retrieved from /opt/airflow/dags/batch_pipeline_dag.py
[2026-07-02T06:47:38.863+0000] {logging_mixin.py:188} INFO - [2026-07-02T06:47:38.862+0000] {dag.py:3036} INFO - Sync 1 DAGs
[2026-07-02T06:47:38.884+0000] {logging_mixin.py:188} INFO - [2026-07-02T06:47:38.884+0000] {dag.py:3823} INFO - Setting next_dagrun for batch_pipeline_harga_pangan to 2026-07-01 23:00:00+00:00, run_after=2026-07-02 23:00:00+00:00
[2026-07-02T06:47:38.906+0000] {processor.py:183} INFO - Processing /opt/airflow/dags/batch_pipeline_dag.py took 0.129 seconds
[2026-07-02T06:48:12.508+0000] {processor.py:161} INFO - Started process (PID=4352) to work on /opt/airflow/dags/batch_pipeline_dag.py
[2026-07-02T06:48:12.509+0000] {processor.py:830} INFO - Processing file /opt/airflow/dags/batch_pipeline_dag.py for tasks to queue
[2026-07-02T06:48:12.510+0000] {logging_mixin.py:188} INFO - [2026-07-02T06:48:12.510+0000] {dagbag.py:538} INFO - Filling up the DagBag from /opt/airflow/dags/batch_pipeline_dag.py
[2026-07-02T06:48:12.542+0000] {processor.py:840} INFO - DAG(s) 'batch_pipeline_harga_pangan' retrieved from /opt/airflow/dags/batch_pipeline_dag.py
[2026-07-02T06:48:12.602+0000] {logging_mixin.py:188} INFO - [2026-07-02T06:48:12.602+0000] {dag.py:3036} INFO - Sync 1 DAGs
[2026-07-02T06:48:12.635+0000] {logging_mixin.py:188} INFO - [2026-07-02T06:48:12.634+0000] {dag.py:3823} INFO - Setting next_dagrun for batch_pipeline_harga_pangan to 2026-07-01 23:00:00+00:00, run_after=2026-07-02 23:00:00+00:00
[2026-07-02T06:48:12.659+0000] {processor.py:183} INFO - Processing /opt/airflow/dags/batch_pipeline_dag.py took 0.153 seconds
[2026-07-02T06:48:46.281+0000] {processor.py:161} INFO - Started process (PID=4370) to work on /opt/airflow/dags/batch_pipeline_dag.py
[2026-07-02T06:48:46.282+0000] {processor.py:830} INFO - Processing file /opt/airflow/dags/batch_pipeline_dag.py for tasks to queue
[2026-07-02T06:48:46.284+0000] {logging_mixin.py:188} INFO - [2026-07-02T06:48:46.283+0000] {dagbag.py:538} INFO - Filling up the DagBag from /opt/airflow/dags/batch_pipeline_dag.py
[2026-07-02T06:48:46.336+0000] {processor.py:840} INFO - DAG(s) 'batch_pipeline_harga_pangan' retrieved from /opt/airflow/dags/batch_pipeline_dag.py
[2026-07-02T06:48:46.444+0000] {logging_mixin.py:188} INFO - [2026-07-02T06:48:46.444+0000] {dag.py:3036} INFO - Sync 1 DAGs
[2026-07-02T06:48:46.525+0000] {logging_mixin.py:188} INFO - [2026-07-02T06:48:46.524+0000] {dag.py:3823} INFO - Setting next_dagrun for batch_pipeline_harga_pangan to 2026-07-01 23:00:00+00:00, run_after=2026-07-02 23:00:00+00:00
[2026-07-02T06:48:46.594+0000] {processor.py:183} INFO - Processing /opt/airflow/dags/batch_pipeline_dag.py took 0.318 seconds
[2026-07-02T06:49:19.129+0000] {processor.py:161} INFO - Started process (PID=4388) to work on /opt/airflow/dags/batch_pipeline_dag.py
[2026-07-02T06:49:19.130+0000] {processor.py:830} INFO - Processing file /opt/airflow/dags/batch_pipeline_dag.py for tasks to queue
[2026-07-02T06:49:19.131+0000] {logging_mixin.py:188} INFO - [2026-07-02T06:49:19.131+0000] {dagbag.py:538} INFO - Filling up the DagBag from /opt/airflow/dags/batch_pipeline_dag.py
[2026-07-02T06:49:19.156+0000] {processor.py:840} INFO - DAG(s) 'batch_pipeline_harga_pangan' retrieved from /opt/airflow/dags/batch_pipeline_dag.py
[2026-07-02T06:49:19.212+0000] {logging_mixin.py:188} INFO - [2026-07-02T06:49:19.212+0000] {dag.py:3036} INFO - Sync 1 DAGs
[2026-07-02T06:49:19.235+0000] {logging_mixin.py:188} INFO - [2026-07-02T06:49:19.235+0000] {dag.py:3823} INFO - Setting next_dagrun for batch_pipeline_harga_pangan to 2026-07-01 23:00:00+00:00, run_after=2026-07-02 23:00:00+00:00
[2026-07-02T06:49:19.260+0000] {processor.py:183} INFO - Processing /opt/airflow/dags/batch_pipeline_dag.py took 0.134 seconds
[2026-07-02T06:49:52.864+0000] {processor.py:161} INFO - Started process (PID=4406) to work on /opt/airflow/dags/batch_pipeline_dag.py
[2026-07-02T06:49:52.866+0000] {processor.py:830} INFO - Processing file /opt/airflow/dags/batch_pipeline_dag.py for tasks to queue
[2026-07-02T06:49:52.868+0000] {logging_mixin.py:188} INFO - [2026-07-02T06:49:52.867+0000] {dagbag.py:538} INFO - Filling up the DagBag from /opt/airflow/dags/batch_pipeline_dag.py
[2026-07-02T06:49:52.899+0000] {processor.py:840} INFO - DAG(s) 'batch_pipeline_harga_pangan' retrieved from /opt/airflow/dags/batch_pipeline_dag.py
[2026-07-02T06:49:52.968+0000] {logging_mixin.py:188} INFO - [2026-07-02T06:49:52.968+0000] {dag.py:3036} INFO - Sync 1 DAGs
[2026-07-02T06:49:52.996+0000] {logging_mixin.py:188} INFO - [2026-07-02T06:49:52.996+0000] {dag.py:3823} INFO - Setting next_dagrun for batch_pipeline_harga_pangan to 2026-07-01 23:00:00+00:00, run_after=2026-07-02 23:00:00+00:00
[2026-07-02T06:49:53.017+0000] {processor.py:183} INFO - Processing /opt/airflow/dags/batch_pipeline_dag.py took 0.158 seconds
[2026-07-02T06:50:25.594+0000] {processor.py:161} INFO - Started process (PID=4416) to work on /opt/airflow/dags/batch_pipeline_dag.py
[2026-07-02T06:50:25.595+0000] {processor.py:830} INFO - Processing file /opt/airflow/dags/batch_pipeline_dag.py for tasks to queue
[2026-07-02T06:50:25.597+0000] {logging_mixin.py:188} INFO - [2026-07-02T06:50:25.596+0000] {dagbag.py:538} INFO - Filling up the DagBag from /opt/airflow/dags/batch_pipeline_dag.py
[2026-07-02T06:50:25.618+0000] {processor.py:840} INFO - DAG(s) 'batch_pipeline_harga_pangan' retrieved from /opt/airflow/dags/batch_pipeline_dag.py
[2026-07-02T06:50:25.661+0000] {logging_mixin.py:188} INFO - [2026-07-02T06:50:25.661+0000] {dag.py:3036} INFO - Sync 1 DAGs
[2026-07-02T06:50:25.679+0000] {logging_mixin.py:188} INFO - [2026-07-02T06:50:25.679+0000] {dag.py:3823} INFO - Setting next_dagrun for batch_pipeline_harga_pangan to 2026-07-01 23:00:00+00:00, run_after=2026-07-02 23:00:00+00:00
[2026-07-02T06:50:25.696+0000] {processor.py:183} INFO - Processing /opt/airflow/dags/batch_pipeline_dag.py took 0.104 seconds
[2026-07-02T06:50:59.289+0000] {processor.py:161} INFO - Started process (PID=4434) to work on /opt/airflow/dags/batch_pipeline_dag.py
[2026-07-02T06:50:59.289+0000] {processor.py:830} INFO - Processing file /opt/airflow/dags/batch_pipeline_dag.py for tasks to queue
[2026-07-02T06:50:59.290+0000] {logging_mixin.py:188} INFO - [2026-07-02T06:50:59.290+0000] {dagbag.py:538} INFO - Filling up the DagBag from /opt/airflow/dags/batch_pipeline_dag.py
[2026-07-02T06:50:59.311+0000] {processor.py:840} INFO - DAG(s) 'batch_pipeline_harga_pangan' retrieved from /opt/airflow/dags/batch_pipeline_dag.py
[2026-07-02T06:50:59.354+0000] {logging_mixin.py:188} INFO - [2026-07-02T06:50:59.354+0000] {dag.py:3036} INFO - Sync 1 DAGs
[2026-07-02T06:50:59.378+0000] {logging_mixin.py:188} INFO - [2026-07-02T06:50:59.377+0000] {dag.py:3823} INFO - Setting next_dagrun for batch_pipeline_harga_pangan to 2026-07-01 23:00:00+00:00, run_after=2026-07-02 23:00:00+00:00
[2026-07-02T06:50:59.397+0000] {processor.py:183} INFO - Processing /opt/airflow/dags/batch_pipeline_dag.py took 0.111 seconds
[2026-07-02T06:51:32.971+0000] {processor.py:161} INFO - Started process (PID=4452) to work on /opt/airflow/dags/batch_pipeline_dag.py
[2026-07-02T06:51:32.972+0000] {processor.py:830} INFO - Processing file /opt/airflow/dags/batch_pipeline_dag.py for tasks to queue
[2026-07-02T06:51:32.973+0000] {logging_mixin.py:188} INFO - [2026-07-02T06:51:32.973+0000] {dagbag.py:538} INFO - Filling up the DagBag from /opt/airflow/dags/batch_pipeline_dag.py
[2026-07-02T06:51:33.000+0000] {processor.py:840} INFO - DAG(s) 'batch_pipeline_harga_pangan' retrieved from /opt/airflow/dags/batch_pipeline_dag.py
[2026-07-02T06:51:33.051+0000] {logging_mixin.py:188} INFO - [2026-07-02T06:51:33.051+0000] {dag.py:3036} INFO - Sync 1 DAGs
[2026-07-02T06:51:33.070+0000] {logging_mixin.py:188} INFO - [2026-07-02T06:51:33.070+0000] {dag.py:3823} INFO - Setting next_dagrun for batch_pipeline_harga_pangan to 2026-07-01 23:00:00+00:00, run_after=2026-07-02 23:00:00+00:00
[2026-07-02T06:51:33.090+0000] {processor.py:183} INFO - Processing /opt/airflow/dags/batch_pipeline_dag.py took 0.122 seconds
[2026-07-02T06:52:05.705+0000] {processor.py:161} INFO - Started process (PID=4470) to work on /opt/airflow/dags/batch_pipeline_dag.py
[2026-07-02T06:52:05.706+0000] {processor.py:830} INFO - Processing file /opt/airflow/dags/batch_pipeline_dag.py for tasks to queue
[2026-07-02T06:52:05.707+0000] {logging_mixin.py:188} INFO - [2026-07-02T06:52:05.707+0000] {dagbag.py:538} INFO - Filling up the DagBag from /opt/airflow/dags/batch_pipeline_dag.py
[2026-07-02T06:52:05.729+0000] {processor.py:840} INFO - DAG(s) 'batch_pipeline_harga_pangan' retrieved from /opt/airflow/dags/batch_pipeline_dag.py
[2026-07-02T06:52:05.771+0000] {logging_mixin.py:188} INFO - [2026-07-02T06:52:05.770+0000] {dag.py:3036} INFO - Sync 1 DAGs
[2026-07-02T06:52:05.788+0000] {logging_mixin.py:188} INFO - [2026-07-02T06:52:05.788+0000] {dag.py:3823} INFO - Setting next_dagrun for batch_pipeline_harga_pangan to 2026-07-01 23:00:00+00:00, run_after=2026-07-02 23:00:00+00:00
[2026-07-02T06:52:05.805+0000] {processor.py:183} INFO - Processing /opt/airflow/dags/batch_pipeline_dag.py took 0.103 seconds
[2026-07-02T06:52:39.413+0000] {processor.py:161} INFO - Started process (PID=4488) to work on /opt/airflow/dags/batch_pipeline_dag.py
[2026-07-02T06:52:39.414+0000] {processor.py:830} INFO - Processing file /opt/airflow/dags/batch_pipeline_dag.py for tasks to queue
[2026-07-02T06:52:39.415+0000] {logging_mixin.py:188} INFO - [2026-07-02T06:52:39.414+0000] {dagbag.py:538} INFO - Filling up the DagBag from /opt/airflow/dags/batch_pipeline_dag.py
[2026-07-02T06:52:39.446+0000] {processor.py:840} INFO - DAG(s) 'batch_pipeline_harga_pangan' retrieved from /opt/airflow/dags/batch_pipeline_dag.py
[2026-07-02T06:52:39.515+0000] {logging_mixin.py:188} INFO - [2026-07-02T06:52:39.515+0000] {dag.py:3036} INFO - Sync 1 DAGs
[2026-07-02T06:52:39.542+0000] {logging_mixin.py:188} INFO - [2026-07-02T06:52:39.541+0000] {dag.py:3823} INFO - Setting next_dagrun for batch_pipeline_harga_pangan to 2026-07-01 23:00:00+00:00, run_after=2026-07-02 23:00:00+00:00
[2026-07-02T06:52:39.565+0000] {processor.py:183} INFO - Processing /opt/airflow/dags/batch_pipeline_dag.py took 0.155 seconds
[2026-07-02T06:53:12.226+0000] {processor.py:161} INFO - Started process (PID=4506) to work on /opt/airflow/dags/batch_pipeline_dag.py
[2026-07-02T06:53:12.227+0000] {processor.py:830} INFO - Processing file /opt/airflow/dags/batch_pipeline_dag.py for tasks to queue
[2026-07-02T06:53:12.227+0000] {logging_mixin.py:188} INFO - [2026-07-02T06:53:12.227+0000] {dagbag.py:538} INFO - Filling up the DagBag from /opt/airflow/dags/batch_pipeline_dag.py
[2026-07-02T06:53:12.251+0000] {processor.py:840} INFO - DAG(s) 'batch_pipeline_harga_pangan' retrieved from /opt/airflow/dags/batch_pipeline_dag.py
[2026-07-02T06:53:12.300+0000] {logging_mixin.py:188} INFO - [2026-07-02T06:53:12.299+0000] {dag.py:3036} INFO - Sync 1 DAGs
[2026-07-02T06:53:12.323+0000] {logging_mixin.py:188} INFO - [2026-07-02T06:53:12.323+0000] {dag.py:3823} INFO - Setting next_dagrun for batch_pipeline_harga_pangan to 2026-07-01 23:00:00+00:00, run_after=2026-07-02 23:00:00+00:00
[2026-07-02T06:53:12.339+0000] {processor.py:183} INFO - Processing /opt/airflow/dags/batch_pipeline_dag.py took 0.116 seconds
[2026-07-02T06:53:45.890+0000] {processor.py:161} INFO - Started process (PID=4524) to work on /opt/airflow/dags/batch_pipeline_dag.py
[2026-07-02T06:53:45.891+0000] {processor.py:830} INFO - Processing file /opt/airflow/dags/batch_pipeline_dag.py for tasks to queue
[2026-07-02T06:53:45.892+0000] {logging_mixin.py:188} INFO - [2026-07-02T06:53:45.891+0000] {dagbag.py:538} INFO - Filling up the DagBag from /opt/airflow/dags/batch_pipeline_dag.py
[2026-07-02T06:53:45.916+0000] {processor.py:840} INFO - DAG(s) 'batch_pipeline_harga_pangan' retrieved from /opt/airflow/dags/batch_pipeline_dag.py
[2026-07-02T06:53:45.965+0000] {logging_mixin.py:188} INFO - [2026-07-02T06:53:45.964+0000] {dag.py:3036} INFO - Sync 1 DAGs
[2026-07-02T06:53:45.984+0000] {logging_mixin.py:188} INFO - [2026-07-02T06:53:45.983+0000] {dag.py:3823} INFO - Setting next_dagrun for batch_pipeline_harga_pangan to 2026-07-01 23:00:00+00:00, run_after=2026-07-02 23:00:00+00:00
[2026-07-02T06:53:46.001+0000] {processor.py:183} INFO - Processing /opt/airflow/dags/batch_pipeline_dag.py took 0.114 seconds
[2026-07-02T06:54:19.602+0000] {processor.py:161} INFO - Started process (PID=4542) to work on /opt/airflow/dags/batch_pipeline_dag.py
[2026-07-02T06:54:19.603+0000] {processor.py:830} INFO - Processing file /opt/airflow/dags/batch_pipeline_dag.py for tasks to queue
[2026-07-02T06:54:19.604+0000] {logging_mixin.py:188} INFO - [2026-07-02T06:54:19.604+0000] {dagbag.py:538} INFO - Filling up the DagBag from /opt/airflow/dags/batch_pipeline_dag.py
[2026-07-02T06:54:19.646+0000] {processor.py:840} INFO - DAG(s) 'batch_pipeline_harga_pangan' retrieved from /opt/airflow/dags/batch_pipeline_dag.py
[2026-07-02T06:54:19.786+0000] {logging_mixin.py:188} INFO - [2026-07-02T06:54:19.786+0000] {dag.py:3036} INFO - Sync 1 DAGs
[2026-07-02T06:54:19.811+0000] {logging_mixin.py:188} INFO - [2026-07-02T06:54:19.811+0000] {dag.py:3823} INFO - Setting next_dagrun for batch_pipeline_harga_pangan to 2026-07-01 23:00:00+00:00, run_after=2026-07-02 23:00:00+00:00
[2026-07-02T06:54:19.826+0000] {processor.py:183} INFO - Processing /opt/airflow/dags/batch_pipeline_dag.py took 0.227 seconds
[2026-07-02T06:54:52.383+0000] {processor.py:161} INFO - Started process (PID=4561) to work on /opt/airflow/dags/batch_pipeline_dag.py
[2026-07-02T06:54:52.384+0000] {processor.py:830} INFO - Processing file /opt/airflow/dags/batch_pipeline_dag.py for tasks to queue
[2026-07-02T06:54:52.385+0000] {logging_mixin.py:188} INFO - [2026-07-02T06:54:52.384+0000] {dagbag.py:538} INFO - Filling up the DagBag from /opt/airflow/dags/batch_pipeline_dag.py
[2026-07-02T06:54:52.405+0000] {processor.py:840} INFO - DAG(s) 'batch_pipeline_harga_pangan' retrieved from /opt/airflow/dags/batch_pipeline_dag.py
[2026-07-02T06:54:52.447+0000] {logging_mixin.py:188} INFO - [2026-07-02T06:54:52.447+0000] {dag.py:3036} INFO - Sync 1 DAGs
[2026-07-02T06:54:52.469+0000] {logging_mixin.py:188} INFO - [2026-07-02T06:54:52.468+0000] {dag.py:3823} INFO - Setting next_dagrun for batch_pipeline_harga_pangan to 2026-07-01 23:00:00+00:00, run_after=2026-07-02 23:00:00+00:00
[2026-07-02T06:54:52.485+0000] {processor.py:183} INFO - Processing /opt/airflow/dags/batch_pipeline_dag.py took 0.104 seconds
[2026-07-02T06:55:26.071+0000] {processor.py:161} INFO - Started process (PID=4579) to work on /opt/airflow/dags/batch_pipeline_dag.py
[2026-07-02T06:55:26.072+0000] {processor.py:830} INFO - Processing file /opt/airflow/dags/batch_pipeline_dag.py for tasks to queue
[2026-07-02T06:55:26.073+0000] {logging_mixin.py:188} INFO - [2026-07-02T06:55:26.073+0000] {dagbag.py:538} INFO - Filling up the DagBag from /opt/airflow/dags/batch_pipeline_dag.py
[2026-07-02T06:55:26.096+0000] {processor.py:840} INFO - DAG(s) 'batch_pipeline_harga_pangan' retrieved from /opt/airflow/dags/batch_pipeline_dag.py
[2026-07-02T06:55:26.151+0000] {logging_mixin.py:188} INFO - [2026-07-02T06:55:26.151+0000] {dag.py:3036} INFO - Sync 1 DAGs
[2026-07-02T06:55:26.173+0000] {logging_mixin.py:188} INFO - [2026-07-02T06:55:26.172+0000] {dag.py:3823} INFO - Setting next_dagrun for batch_pipeline_harga_pangan to 2026-07-01 23:00:00+00:00, run_after=2026-07-02 23:00:00+00:00
[2026-07-02T06:55:26.197+0000] {processor.py:183} INFO - Processing /opt/airflow/dags/batch_pipeline_dag.py took 0.129 seconds
[2026-07-02T06:55:59.863+0000] {processor.py:161} INFO - Started process (PID=4597) to work on /opt/airflow/dags/batch_pipeline_dag.py
[2026-07-02T06:55:59.865+0000] {processor.py:830} INFO - Processing file /opt/airflow/dags/batch_pipeline_dag.py for tasks to queue
[2026-07-02T06:55:59.866+0000] {logging_mixin.py:188} INFO - [2026-07-02T06:55:59.865+0000] {dagbag.py:538} INFO - Filling up the DagBag from /opt/airflow/dags/batch_pipeline_dag.py
[2026-07-02T06:55:59.892+0000] {processor.py:840} INFO - DAG(s) 'batch_pipeline_harga_pangan' retrieved from /opt/airflow/dags/batch_pipeline_dag.py
[2026-07-02T06:55:59.950+0000] {logging_mixin.py:188} INFO - [2026-07-02T06:55:59.950+0000] {dag.py:3036} INFO - Sync 1 DAGs
[2026-07-02T06:55:59.972+0000] {logging_mixin.py:188} INFO - [2026-07-02T06:55:59.972+0000] {dag.py:3823} INFO - Setting next_dagrun for batch_pipeline_harga_pangan to 2026-07-01 23:00:00+00:00, run_after=2026-07-02 23:00:00+00:00
[2026-07-02T06:55:59.990+0000] {processor.py:183} INFO - Processing /opt/airflow/dags/batch_pipeline_dag.py took 0.130 seconds
[2026-07-02T06:56:32.577+0000] {processor.py:161} INFO - Started process (PID=4615) to work on /opt/airflow/dags/batch_pipeline_dag.py
[2026-07-02T06:56:32.578+0000] {processor.py:830} INFO - Processing file /opt/airflow/dags/batch_pipeline_dag.py for tasks to queue
[2026-07-02T06:56:32.579+0000] {logging_mixin.py:188} INFO - [2026-07-02T06:56:32.579+0000] {dagbag.py:538} INFO - Filling up the DagBag from /opt/airflow/dags/batch_pipeline_dag.py
[2026-07-02T06:56:32.605+0000] {processor.py:840} INFO - DAG(s) 'batch_pipeline_harga_pangan' retrieved from /opt/airflow/dags/batch_pipeline_dag.py
[2026-07-02T06:56:32.666+0000] {logging_mixin.py:188} INFO - [2026-07-02T06:56:32.666+0000] {dag.py:3036} INFO - Sync 1 DAGs
[2026-07-02T06:56:32.694+0000] {logging_mixin.py:188} INFO - [2026-07-02T06:56:32.693+0000] {dag.py:3823} INFO - Setting next_dagrun for batch_pipeline_harga_pangan to 2026-07-01 23:00:00+00:00, run_after=2026-07-02 23:00:00+00:00
[2026-07-02T06:56:32.718+0000] {processor.py:183} INFO - Processing /opt/airflow/dags/batch_pipeline_dag.py took 0.144 seconds
[2026-07-02T06:57:06.278+0000] {processor.py:161} INFO - Started process (PID=4633) to work on /opt/airflow/dags/batch_pipeline_dag.py
[2026-07-02T06:57:06.278+0000] {processor.py:830} INFO - Processing file /opt/airflow/dags/batch_pipeline_dag.py for tasks to queue
[2026-07-02T06:57:06.279+0000] {logging_mixin.py:188} INFO - [2026-07-02T06:57:06.279+0000] {dagbag.py:538} INFO - Filling up the DagBag from /opt/airflow/dags/batch_pipeline_dag.py
[2026-07-02T06:57:06.300+0000] {processor.py:840} INFO - DAG(s) 'batch_pipeline_harga_pangan' retrieved from /opt/airflow/dags/batch_pipeline_dag.py
[2026-07-02T06:57:06.348+0000] {logging_mixin.py:188} INFO - [2026-07-02T06:57:06.348+0000] {dag.py:3036} INFO - Sync 1 DAGs
[2026-07-02T06:57:06.368+0000] {logging_mixin.py:188} INFO - [2026-07-02T06:57:06.367+0000] {dag.py:3823} INFO - Setting next_dagrun for batch_pipeline_harga_pangan to 2026-07-01 23:00:00+00:00, run_after=2026-07-02 23:00:00+00:00
[2026-07-02T06:57:06.383+0000] {processor.py:183} INFO - Processing /opt/airflow/dags/batch_pipeline_dag.py took 0.108 seconds
[2026-07-02T06:57:38.978+0000] {processor.py:161} INFO - Started process (PID=4651) to work on /opt/airflow/dags/batch_pipeline_dag.py
[2026-07-02T06:57:38.979+0000] {processor.py:830} INFO - Processing file /opt/airflow/dags/batch_pipeline_dag.py for tasks to queue
[2026-07-02T06:57:38.980+0000] {logging_mixin.py:188} INFO - [2026-07-02T06:57:38.980+0000] {dagbag.py:538} INFO - Filling up the DagBag from /opt/airflow/dags/batch_pipeline_dag.py
[2026-07-02T06:57:39.001+0000] {processor.py:840} INFO - DAG(s) 'batch_pipeline_harga_pangan' retrieved from /opt/airflow/dags/batch_pipeline_dag.py
[2026-07-02T06:57:39.046+0000] {logging_mixin.py:188} INFO - [2026-07-02T06:57:39.045+0000] {dag.py:3036} INFO - Sync 1 DAGs
[2026-07-02T06:57:39.065+0000] {logging_mixin.py:188} INFO - [2026-07-02T06:57:39.064+0000] {dag.py:3823} INFO - Setting next_dagrun for batch_pipeline_harga_pangan to 2026-07-01 23:00:00+00:00, run_after=2026-07-02 23:00:00+00:00
[2026-07-02T06:57:39.082+0000] {processor.py:183} INFO - Processing /opt/airflow/dags/batch_pipeline_dag.py took 0.107 seconds
[2026-07-02T06:58:12.700+0000] {processor.py:161} INFO - Started process (PID=4669) to work on /opt/airflow/dags/batch_pipeline_dag.py
[2026-07-02T06:58:12.701+0000] {processor.py:830} INFO - Processing file /opt/airflow/dags/batch_pipeline_dag.py for tasks to queue
[2026-07-02T06:58:12.703+0000] {logging_mixin.py:188} INFO - [2026-07-02T06:58:12.703+0000] {dagbag.py:538} INFO - Filling up the DagBag from /opt/airflow/dags/batch_pipeline_dag.py
[2026-07-02T06:58:12.734+0000] {processor.py:840} INFO - DAG(s) 'batch_pipeline_harga_pangan' retrieved from /opt/airflow/dags/batch_pipeline_dag.py
[2026-07-02T06:58:12.837+0000] {logging_mixin.py:188} INFO - [2026-07-02T06:58:12.836+0000] {dag.py:3036} INFO - Sync 1 DAGs
[2026-07-02T06:58:12.857+0000] {logging_mixin.py:188} INFO - [2026-07-02T06:58:12.857+0000] {dag.py:3823} INFO - Setting next_dagrun for batch_pipeline_harga_pangan to 2026-07-01 23:00:00+00:00, run_after=2026-07-02 23:00:00+00:00
[2026-07-02T06:58:12.877+0000] {processor.py:183} INFO - Processing /opt/airflow/dags/batch_pipeline_dag.py took 0.179 seconds
[2026-07-02T06:58:46.395+0000] {processor.py:161} INFO - Started process (PID=4687) to work on /opt/airflow/dags/batch_pipeline_dag.py
[2026-07-02T06:58:46.396+0000] {processor.py:830} INFO - Processing file /opt/airflow/dags/batch_pipeline_dag.py for tasks to queue
[2026-07-02T06:58:46.397+0000] {logging_mixin.py:188} INFO - [2026-07-02T06:58:46.397+0000] {dagbag.py:538} INFO - Filling up the DagBag from /opt/airflow/dags/batch_pipeline_dag.py
[2026-07-02T06:58:46.419+0000] {processor.py:840} INFO - DAG(s) 'batch_pipeline_harga_pangan' retrieved from /opt/airflow/dags/batch_pipeline_dag.py
[2026-07-02T06:58:46.473+0000] {logging_mixin.py:188} INFO - [2026-07-02T06:58:46.473+0000] {dag.py:3036} INFO - Sync 1 DAGs
[2026-07-02T06:58:46.498+0000] {logging_mixin.py:188} INFO - [2026-07-02T06:58:46.498+0000] {dag.py:3823} INFO - Setting next_dagrun for batch_pipeline_harga_pangan to 2026-07-01 23:00:00+00:00, run_after=2026-07-02 23:00:00+00:00
[2026-07-02T06:58:46.518+0000] {processor.py:183} INFO - Processing /opt/airflow/dags/batch_pipeline_dag.py took 0.126 seconds
[2026-07-02T06:59:19.150+0000] {processor.py:161} INFO - Started process (PID=4697) to work on /opt/airflow/dags/batch_pipeline_dag.py
[2026-07-02T06:59:19.151+0000] {processor.py:830} INFO - Processing file /opt/airflow/dags/batch_pipeline_dag.py for tasks to queue
[2026-07-02T06:59:19.153+0000] {logging_mixin.py:188} INFO - [2026-07-02T06:59:19.152+0000] {dagbag.py:538} INFO - Filling up the DagBag from /opt/airflow/dags/batch_pipeline_dag.py
[2026-07-02T06:59:19.177+0000] {processor.py:840} INFO - DAG(s) 'batch_pipeline_harga_pangan' retrieved from /opt/airflow/dags/batch_pipeline_dag.py
[2026-07-02T06:59:19.225+0000] {logging_mixin.py:188} INFO - [2026-07-02T06:59:19.224+0000] {dag.py:3036} INFO - Sync 1 DAGs
[2026-07-02T06:59:19.247+0000] {logging_mixin.py:188} INFO - [2026-07-02T06:59:19.247+0000] {dag.py:3823} INFO - Setting next_dagrun for batch_pipeline_harga_pangan to 2026-07-01 23:00:00+00:00, run_after=2026-07-02 23:00:00+00:00
[2026-07-02T06:59:19.270+0000] {processor.py:183} INFO - Processing /opt/airflow/dags/batch_pipeline_dag.py took 0.122 seconds
[2026-07-02T06:59:52.843+0000] {processor.py:161} INFO - Started process (PID=4715) to work on /opt/airflow/dags/batch_pipeline_dag.py
[2026-07-02T06:59:52.844+0000] {processor.py:830} INFO - Processing file /opt/airflow/dags/batch_pipeline_dag.py for tasks to queue
[2026-07-02T06:59:52.845+0000] {logging_mixin.py:188} INFO - [2026-07-02T06:59:52.845+0000] {dagbag.py:538} INFO - Filling up the DagBag from /opt/airflow/dags/batch_pipeline_dag.py
[2026-07-02T06:59:52.869+0000] {processor.py:840} INFO - DAG(s) 'batch_pipeline_harga_pangan' retrieved from /opt/airflow/dags/batch_pipeline_dag.py
[2026-07-02T06:59:52.919+0000] {logging_mixin.py:188} INFO - [2026-07-02T06:59:52.918+0000] {dag.py:3036} INFO - Sync 1 DAGs
[2026-07-02T06:59:52.939+0000] {logging_mixin.py:188} INFO - [2026-07-02T06:59:52.938+0000] {dag.py:3823} INFO - Setting next_dagrun for batch_pipeline_harga_pangan to 2026-07-01 23:00:00+00:00, run_after=2026-07-02 23:00:00+00:00
[2026-07-02T06:59:52.956+0000] {processor.py:183} INFO - Processing /opt/airflow/dags/batch_pipeline_dag.py took 0.116 seconds
[2026-07-02T07:00:25.545+0000] {processor.py:161} INFO - Started process (PID=4733) to work on /opt/airflow/dags/batch_pipeline_dag.py
[2026-07-02T07:00:25.545+0000] {processor.py:830} INFO - Processing file /opt/airflow/dags/batch_pipeline_dag.py for tasks to queue
[2026-07-02T07:00:25.546+0000] {logging_mixin.py:188} INFO - [2026-07-02T07:00:25.546+0000] {dagbag.py:538} INFO - Filling up the DagBag from /opt/airflow/dags/batch_pipeline_dag.py
[2026-07-02T07:00:25.566+0000] {processor.py:840} INFO - DAG(s) 'batch_pipeline_harga_pangan' retrieved from /opt/airflow/dags/batch_pipeline_dag.py
[2026-07-02T07:00:25.610+0000] {logging_mixin.py:188} INFO - [2026-07-02T07:00:25.609+0000] {dag.py:3036} INFO - Sync 1 DAGs
[2026-07-02T07:00:25.628+0000] {logging_mixin.py:188} INFO - [2026-07-02T07:00:25.628+0000] {dag.py:3823} INFO - Setting next_dagrun for batch_pipeline_harga_pangan to 2026-07-01 23:00:00+00:00, run_after=2026-07-02 23:00:00+00:00
[2026-07-02T07:00:25.646+0000] {processor.py:183} INFO - Processing /opt/airflow/dags/batch_pipeline_dag.py took 0.104 seconds
[2026-07-02T07:00:59.223+0000] {processor.py:161} INFO - Started process (PID=4751) to work on /opt/airflow/dags/batch_pipeline_dag.py
[2026-07-02T07:00:59.224+0000] {processor.py:830} INFO - Processing file /opt/airflow/dags/batch_pipeline_dag.py for tasks to queue
[2026-07-02T07:00:59.224+0000] {logging_mixin.py:188} INFO - [2026-07-02T07:00:59.224+0000] {dagbag.py:538} INFO - Filling up the DagBag from /opt/airflow/dags/batch_pipeline_dag.py
[2026-07-02T07:00:59.246+0000] {processor.py:840} INFO - DAG(s) 'batch_pipeline_harga_pangan' retrieved from /opt/airflow/dags/batch_pipeline_dag.py
[2026-07-02T07:00:59.291+0000] {logging_mixin.py:188} INFO - [2026-07-02T07:00:59.291+0000] {dag.py:3036} INFO - Sync 1 DAGs
[2026-07-02T07:00:59.310+0000] {logging_mixin.py:188} INFO - [2026-07-02T07:00:59.310+0000] {dag.py:3823} INFO - Setting next_dagrun for batch_pipeline_harga_pangan to 2026-07-01 23:00:00+00:00, run_after=2026-07-02 23:00:00+00:00
[2026-07-02T07:00:59.325+0000] {processor.py:183} INFO - Processing /opt/airflow/dags/batch_pipeline_dag.py took 0.105 seconds
[2026-07-02T07:01:32.908+0000] {processor.py:161} INFO - Started process (PID=4769) to work on /opt/airflow/dags/batch_pipeline_dag.py
[2026-07-02T07:01:32.909+0000] {processor.py:830} INFO - Processing file /opt/airflow/dags/batch_pipeline_dag.py for tasks to queue
[2026-07-02T07:01:32.910+0000] {logging_mixin.py:188} INFO - [2026-07-02T07:01:32.910+0000] {dagbag.py:538} INFO - Filling up the DagBag from /opt/airflow/dags/batch_pipeline_dag.py
[2026-07-02T07:01:32.935+0000] {processor.py:840} INFO - DAG(s) 'batch_pipeline_harga_pangan' retrieved from /opt/airflow/dags/batch_pipeline_dag.py
[2026-07-02T07:01:32.983+0000] {logging_mixin.py:188} INFO - [2026-07-02T07:01:32.983+0000] {dag.py:3036} INFO - Sync 1 DAGs
[2026-07-02T07:01:33.006+0000] {logging_mixin.py:188} INFO - [2026-07-02T07:01:33.006+0000] {dag.py:3823} INFO - Setting next_dagrun for batch_pipeline_harga_pangan to 2026-07-01 23:00:00+00:00, run_after=2026-07-02 23:00:00+00:00
[2026-07-02T07:01:33.027+0000] {processor.py:183} INFO - Processing /opt/airflow/dags/batch_pipeline_dag.py took 0.121 seconds
[2026-07-02T07:02:05.591+0000] {processor.py:161} INFO - Started process (PID=4787) to work on /opt/airflow/dags/batch_pipeline_dag.py
[2026-07-02T07:02:05.592+0000] {processor.py:830} INFO - Processing file /opt/airflow/dags/batch_pipeline_dag.py for tasks to queue
[2026-07-02T07:02:05.593+0000] {logging_mixin.py:188} INFO - [2026-07-02T07:02:05.593+0000] {dagbag.py:538} INFO - Filling up the DagBag from /opt/airflow/dags/batch_pipeline_dag.py
[2026-07-02T07:02:05.620+0000] {processor.py:840} INFO - DAG(s) 'batch_pipeline_harga_pangan' retrieved from /opt/airflow/dags/batch_pipeline_dag.py
[2026-07-02T07:02:05.679+0000] {logging_mixin.py:188} INFO - [2026-07-02T07:02:05.679+0000] {dag.py:3036} INFO - Sync 1 DAGs
[2026-07-02T07:02:05.702+0000] {logging_mixin.py:188} INFO - [2026-07-02T07:02:05.702+0000] {dag.py:3823} INFO - Setting next_dagrun for batch_pipeline_harga_pangan to 2026-07-01 23:00:00+00:00, run_after=2026-07-02 23:00:00+00:00
[2026-07-02T07:02:05.723+0000] {processor.py:183} INFO - Processing /opt/airflow/dags/batch_pipeline_dag.py took 0.135 seconds
[2026-07-02T07:02:39.311+0000] {processor.py:161} INFO - Started process (PID=4806) to work on /opt/airflow/dags/batch_pipeline_dag.py
[2026-07-02T07:02:39.311+0000] {processor.py:830} INFO - Processing file /opt/airflow/dags/batch_pipeline_dag.py for tasks to queue
[2026-07-02T07:02:39.312+0000] {logging_mixin.py:188} INFO - [2026-07-02T07:02:39.312+0000] {dagbag.py:538} INFO - Filling up the DagBag from /opt/airflow/dags/batch_pipeline_dag.py
[2026-07-02T07:02:39.334+0000] {processor.py:840} INFO - DAG(s) 'batch_pipeline_harga_pangan' retrieved from /opt/airflow/dags/batch_pipeline_dag.py
[2026-07-02T07:02:39.389+0000] {logging_mixin.py:188} INFO - [2026-07-02T07:02:39.389+0000] {dag.py:3036} INFO - Sync 1 DAGs
[2026-07-02T07:02:39.414+0000] {logging_mixin.py:188} INFO - [2026-07-02T07:02:39.413+0000] {dag.py:3823} INFO - Setting next_dagrun for batch_pipeline_harga_pangan to 2026-07-01 23:00:00+00:00, run_after=2026-07-02 23:00:00+00:00
[2026-07-02T07:02:39.433+0000] {processor.py:183} INFO - Processing /opt/airflow/dags/batch_pipeline_dag.py took 0.125 seconds
[2026-07-02T07:03:13.014+0000] {processor.py:161} INFO - Started process (PID=4824) to work on /opt/airflow/dags/batch_pipeline_dag.py
[2026-07-02T07:03:13.015+0000] {processor.py:830} INFO - Processing file /opt/airflow/dags/batch_pipeline_dag.py for tasks to queue
[2026-07-02T07:03:13.016+0000] {logging_mixin.py:188} INFO - [2026-07-02T07:03:13.015+0000] {dagbag.py:538} INFO - Filling up the DagBag from /opt/airflow/dags/batch_pipeline_dag.py
[2026-07-02T07:03:13.047+0000] {processor.py:840} INFO - DAG(s) 'batch_pipeline_harga_pangan' retrieved from /opt/airflow/dags/batch_pipeline_dag.py
[2026-07-02T07:03:13.099+0000] {logging_mixin.py:188} INFO - [2026-07-02T07:03:13.099+0000] {dag.py:3036} INFO - Sync 1 DAGs
[2026-07-02T07:03:13.123+0000] {logging_mixin.py:188} INFO - [2026-07-02T07:03:13.122+0000] {dag.py:3823} INFO - Setting next_dagrun for batch_pipeline_harga_pangan to 2026-07-01 23:00:00+00:00, run_after=2026-07-02 23:00:00+00:00
[2026-07-02T07:03:13.145+0000] {processor.py:183} INFO - Processing /opt/airflow/dags/batch_pipeline_dag.py took 0.133 seconds
[2026-07-02T07:03:45.690+0000] {processor.py:161} INFO - Started process (PID=4842) to work on /opt/airflow/dags/batch_pipeline_dag.py
[2026-07-02T07:03:45.691+0000] {processor.py:830} INFO - Processing file /opt/airflow/dags/batch_pipeline_dag.py for tasks to queue
[2026-07-02T07:03:45.692+0000] {logging_mixin.py:188} INFO - [2026-07-02T07:03:45.692+0000] {dagbag.py:538} INFO - Filling up the DagBag from /opt/airflow/dags/batch_pipeline_dag.py
[2026-07-02T07:03:45.723+0000] {processor.py:840} INFO - DAG(s) 'batch_pipeline_harga_pangan' retrieved from /opt/airflow/dags/batch_pipeline_dag.py
[2026-07-02T07:03:45.781+0000] {logging_mixin.py:188} INFO - [2026-07-02T07:03:45.780+0000] {dag.py:3036} INFO - Sync 1 DAGs
[2026-07-02T07:03:45.804+0000] {logging_mixin.py:188} INFO - [2026-07-02T07:03:45.804+0000] {dag.py:3823} INFO - Setting next_dagrun for batch_pipeline_harga_pangan to 2026-07-01 23:00:00+00:00, run_after=2026-07-02 23:00:00+00:00
[2026-07-02T07:03:45.823+0000] {processor.py:183} INFO - Processing /opt/airflow/dags/batch_pipeline_dag.py took 0.136 seconds
[2026-07-02T07:04:19.407+0000] {processor.py:161} INFO - Started process (PID=4860) to work on /opt/airflow/dags/batch_pipeline_dag.py
[2026-07-02T07:04:19.408+0000] {processor.py:830} INFO - Processing file /opt/airflow/dags/batch_pipeline_dag.py for tasks to queue
[2026-07-02T07:04:19.408+0000] {logging_mixin.py:188} INFO - [2026-07-02T07:04:19.408+0000] {dagbag.py:538} INFO - Filling up the DagBag from /opt/airflow/dags/batch_pipeline_dag.py
[2026-07-02T07:04:19.430+0000] {processor.py:840} INFO - DAG(s) 'batch_pipeline_harga_pangan' retrieved from /opt/airflow/dags/batch_pipeline_dag.py
[2026-07-02T07:04:19.478+0000] {logging_mixin.py:188} INFO - [2026-07-02T07:04:19.478+0000] {dag.py:3036} INFO - Sync 1 DAGs
[2026-07-02T07:04:19.498+0000] {logging_mixin.py:188} INFO - [2026-07-02T07:04:19.498+0000] {dag.py:3823} INFO - Setting next_dagrun for batch_pipeline_harga_pangan to 2026-07-01 23:00:00+00:00, run_after=2026-07-02 23:00:00+00:00
[2026-07-02T07:04:19.515+0000] {processor.py:183} INFO - Processing /opt/airflow/dags/batch_pipeline_dag.py took 0.110 seconds
[2026-07-02T07:04:53.105+0000] {processor.py:161} INFO - Started process (PID=4878) to work on /opt/airflow/dags/batch_pipeline_dag.py
[2026-07-02T07:04:53.106+0000] {processor.py:830} INFO - Processing file /opt/airflow/dags/batch_pipeline_dag.py for tasks to queue
[2026-07-02T07:04:53.107+0000] {logging_mixin.py:188} INFO - [2026-07-02T07:04:53.107+0000] {dagbag.py:538} INFO - Filling up the DagBag from /opt/airflow/dags/batch_pipeline_dag.py
[2026-07-02T07:04:53.128+0000] {processor.py:840} INFO - DAG(s) 'batch_pipeline_harga_pangan' retrieved from /opt/airflow/dags/batch_pipeline_dag.py
[2026-07-02T07:04:53.172+0000] {logging_mixin.py:188} INFO - [2026-07-02T07:04:53.172+0000] {dag.py:3036} INFO - Sync 1 DAGs
[2026-07-02T07:04:53.192+0000] {logging_mixin.py:188} INFO - [2026-07-02T07:04:53.192+0000] {dag.py:3823} INFO - Setting next_dagrun for batch_pipeline_harga_pangan to 2026-07-01 23:00:00+00:00, run_after=2026-07-02 23:00:00+00:00
[2026-07-02T07:04:53.211+0000] {processor.py:183} INFO - Processing /opt/airflow/dags/batch_pipeline_dag.py took 0.108 seconds
[2026-07-02T07:05:25.782+0000] {processor.py:161} INFO - Started process (PID=4896) to work on /opt/airflow/dags/batch_pipeline_dag.py
[2026-07-02T07:05:25.783+0000] {processor.py:830} INFO - Processing file /opt/airflow/dags/batch_pipeline_dag.py for tasks to queue
[2026-07-02T07:05:25.784+0000] {logging_mixin.py:188} INFO - [2026-07-02T07:05:25.783+0000] {dagbag.py:538} INFO - Filling up the DagBag from /opt/airflow/dags/batch_pipeline_dag.py
[2026-07-02T07:05:25.804+0000] {processor.py:840} INFO - DAG(s) 'batch_pipeline_harga_pangan' retrieved from /opt/airflow/dags/batch_pipeline_dag.py
[2026-07-02T07:05:25.859+0000] {logging_mixin.py:188} INFO - [2026-07-02T07:05:25.859+0000] {dag.py:3036} INFO - Sync 1 DAGs
[2026-07-02T07:05:25.881+0000] {logging_mixin.py:188} INFO - [2026-07-02T07:05:25.881+0000] {dag.py:3823} INFO - Setting next_dagrun for batch_pipeline_harga_pangan to 2026-07-01 23:00:00+00:00, run_after=2026-07-02 23:00:00+00:00
[2026-07-02T07:05:25.902+0000] {processor.py:183} INFO - Processing /opt/airflow/dags/batch_pipeline_dag.py took 0.124 seconds
[2026-07-02T07:05:59.484+0000] {processor.py:161} INFO - Started process (PID=4914) to work on /opt/airflow/dags/batch_pipeline_dag.py
[2026-07-02T07:05:59.485+0000] {processor.py:830} INFO - Processing file /opt/airflow/dags/batch_pipeline_dag.py for tasks to queue
[2026-07-02T07:05:59.486+0000] {logging_mixin.py:188} INFO - [2026-07-02T07:05:59.486+0000] {dagbag.py:538} INFO - Filling up the DagBag from /opt/airflow/dags/batch_pipeline_dag.py
[2026-07-02T07:05:59.505+0000] {processor.py:840} INFO - DAG(s) 'batch_pipeline_harga_pangan' retrieved from /opt/airflow/dags/batch_pipeline_dag.py
[2026-07-02T07:05:59.550+0000] {logging_mixin.py:188} INFO - [2026-07-02T07:05:59.549+0000] {dag.py:3036} INFO - Sync 1 DAGs
[2026-07-02T07:05:59.569+0000] {logging_mixin.py:188} INFO - [2026-07-02T07:05:59.569+0000] {dag.py:3823} INFO - Setting next_dagrun for batch_pipeline_harga_pangan to 2026-07-01 23:00:00+00:00, run_after=2026-07-02 23:00:00+00:00
[2026-07-02T07:05:59.586+0000] {processor.py:183} INFO - Processing /opt/airflow/dags/batch_pipeline_dag.py took 0.104 seconds
[2026-07-02T07:06:33.158+0000] {processor.py:161} INFO - Started process (PID=4932) to work on /opt/airflow/dags/batch_pipeline_dag.py
[2026-07-02T07:06:33.159+0000] {processor.py:830} INFO - Processing file /opt/airflow/dags/batch_pipeline_dag.py for tasks to queue
[2026-07-02T07:06:33.160+0000] {logging_mixin.py:188} INFO - [2026-07-02T07:06:33.160+0000] {dagbag.py:538} INFO - Filling up the DagBag from /opt/airflow/dags/batch_pipeline_dag.py
[2026-07-02T07:06:33.181+0000] {processor.py:840} INFO - DAG(s) 'batch_pipeline_harga_pangan' retrieved from /opt/airflow/dags/batch_pipeline_dag.py
[2026-07-02T07:06:33.230+0000] {logging_mixin.py:188} INFO - [2026-07-02T07:06:33.230+0000] {dag.py:3036} INFO - Sync 1 DAGs
[2026-07-02T07:06:33.254+0000] {logging_mixin.py:188} INFO - [2026-07-02T07:06:33.253+0000] {dag.py:3823} INFO - Setting next_dagrun for batch_pipeline_harga_pangan to 2026-07-01 23:00:00+00:00, run_after=2026-07-02 23:00:00+00:00
[2026-07-02T07:06:33.276+0000] {processor.py:183} INFO - Processing /opt/airflow/dags/batch_pipeline_dag.py took 0.120 seconds
[2026-07-02T07:07:05.803+0000] {processor.py:161} INFO - Started process (PID=4950) to work on /opt/airflow/dags/batch_pipeline_dag.py
[2026-07-02T07:07:05.804+0000] {processor.py:830} INFO - Processing file /opt/airflow/dags/batch_pipeline_dag.py for tasks to queue
[2026-07-02T07:07:05.806+0000] {logging_mixin.py:188} INFO - [2026-07-02T07:07:05.805+0000] {dagbag.py:538} INFO - Filling up the DagBag from /opt/airflow/dags/batch_pipeline_dag.py
[2026-07-02T07:07:05.828+0000] {processor.py:840} INFO - DAG(s) 'batch_pipeline_harga_pangan' retrieved from /opt/airflow/dags/batch_pipeline_dag.py
[2026-07-02T07:07:05.899+0000] {logging_mixin.py:188} INFO - [2026-07-02T07:07:05.898+0000] {dag.py:3036} INFO - Sync 1 DAGs
[2026-07-02T07:07:05.927+0000] {logging_mixin.py:188} INFO - [2026-07-02T07:07:05.927+0000] {dag.py:3823} INFO - Setting next_dagrun for batch_pipeline_harga_pangan to 2026-07-01 23:00:00+00:00, run_after=2026-07-02 23:00:00+00:00
[2026-07-02T07:07:05.947+0000] {processor.py:183} INFO - Processing /opt/airflow/dags/batch_pipeline_dag.py took 0.147 seconds
[2026-07-02T07:07:39.516+0000] {processor.py:161} INFO - Started process (PID=4968) to work on /opt/airflow/dags/batch_pipeline_dag.py
[2026-07-02T07:07:39.516+0000] {processor.py:830} INFO - Processing file /opt/airflow/dags/batch_pipeline_dag.py for tasks to queue
[2026-07-02T07:07:39.517+0000] {logging_mixin.py:188} INFO - [2026-07-02T07:07:39.517+0000] {dagbag.py:538} INFO - Filling up the DagBag from /opt/airflow/dags/batch_pipeline_dag.py
[2026-07-02T07:07:39.537+0000] {processor.py:840} INFO - DAG(s) 'batch_pipeline_harga_pangan' retrieved from /opt/airflow/dags/batch_pipeline_dag.py
[2026-07-02T07:07:39.586+0000] {logging_mixin.py:188} INFO - [2026-07-02T07:07:39.585+0000] {dag.py:3036} INFO - Sync 1 DAGs
[2026-07-02T07:07:39.605+0000] {logging_mixin.py:188} INFO - [2026-07-02T07:07:39.605+0000] {dag.py:3823} INFO - Setting next_dagrun for batch_pipeline_harga_pangan to 2026-07-01 23:00:00+00:00, run_after=2026-07-02 23:00:00+00:00
[2026-07-02T07:07:39.623+0000] {processor.py:183} INFO - Processing /opt/airflow/dags/batch_pipeline_dag.py took 0.110 seconds
[2026-07-02T07:08:13.187+0000] {processor.py:161} INFO - Started process (PID=4986) to work on /opt/airflow/dags/batch_pipeline_dag.py
[2026-07-02T07:08:13.188+0000] {processor.py:830} INFO - Processing file /opt/airflow/dags/batch_pipeline_dag.py for tasks to queue
[2026-07-02T07:08:13.190+0000] {logging_mixin.py:188} INFO - [2026-07-02T07:08:13.189+0000] {dagbag.py:538} INFO - Filling up the DagBag from /opt/airflow/dags/batch_pipeline_dag.py
[2026-07-02T07:08:13.225+0000] {processor.py:840} INFO - DAG(s) 'batch_pipeline_harga_pangan' retrieved from /opt/airflow/dags/batch_pipeline_dag.py
[2026-07-02T07:08:13.289+0000] {logging_mixin.py:188} INFO - [2026-07-02T07:08:13.289+0000] {dag.py:3036} INFO - Sync 1 DAGs
[2026-07-02T07:08:13.311+0000] {logging_mixin.py:188} INFO - [2026-07-02T07:08:13.311+0000] {dag.py:3823} INFO - Setting next_dagrun for batch_pipeline_harga_pangan to 2026-07-01 23:00:00+00:00, run_after=2026-07-02 23:00:00+00:00
[2026-07-02T07:08:13.329+0000] {processor.py:183} INFO - Processing /opt/airflow/dags/batch_pipeline_dag.py took 0.146 seconds
[2026-07-02T07:08:45.885+0000] {processor.py:161} INFO - Started process (PID=4996) to work on /opt/airflow/dags/batch_pipeline_dag.py
[2026-07-02T07:08:45.886+0000] {processor.py:830} INFO - Processing file /opt/airflow/dags/batch_pipeline_dag.py for tasks to queue
[2026-07-02T07:08:45.887+0000] {logging_mixin.py:188} INFO - [2026-07-02T07:08:45.886+0000] {dagbag.py:538} INFO - Filling up the DagBag from /opt/airflow/dags/batch_pipeline_dag.py
[2026-07-02T07:08:45.911+0000] {processor.py:840} INFO - DAG(s) 'batch_pipeline_harga_pangan' retrieved from /opt/airflow/dags/batch_pipeline_dag.py
[2026-07-02T07:08:45.960+0000] {logging_mixin.py:188} INFO - [2026-07-02T07:08:45.959+0000] {dag.py:3036} INFO - Sync 1 DAGs
[2026-07-02T07:08:45.979+0000] {logging_mixin.py:188} INFO - [2026-07-02T07:08:45.979+0000] {dag.py:3823} INFO - Setting next_dagrun for batch_pipeline_harga_pangan to 2026-07-01 23:00:00+00:00, run_after=2026-07-02 23:00:00+00:00
[2026-07-02T07:08:45.997+0000] {processor.py:183} INFO - Processing /opt/airflow/dags/batch_pipeline_dag.py took 0.115 seconds
[2026-07-02T07:09:19.542+0000] {processor.py:161} INFO - Started process (PID=5014) to work on /opt/airflow/dags/batch_pipeline_dag.py
[2026-07-02T07:09:19.544+0000] {processor.py:830} INFO - Processing file /opt/airflow/dags/batch_pipeline_dag.py for tasks to queue
[2026-07-02T07:09:19.545+0000] {logging_mixin.py:188} INFO - [2026-07-02T07:09:19.544+0000] {dagbag.py:538} INFO - Filling up the DagBag from /opt/airflow/dags/batch_pipeline_dag.py
[2026-07-02T07:09:19.568+0000] {processor.py:840} INFO - DAG(s) 'batch_pipeline_harga_pangan' retrieved from /opt/airflow/dags/batch_pipeline_dag.py
[2026-07-02T07:09:19.617+0000] {logging_mixin.py:188} INFO - [2026-07-02T07:09:19.617+0000] {dag.py:3036} INFO - Sync 1 DAGs
[2026-07-02T07:09:19.640+0000] {logging_mixin.py:188} INFO - [2026-07-02T07:09:19.640+0000] {dag.py:3823} INFO - Setting next_dagrun for batch_pipeline_harga_pangan to 2026-07-01 23:00:00+00:00, run_after=2026-07-02 23:00:00+00:00
[2026-07-02T07:09:19.655+0000] {processor.py:183} INFO - Processing /opt/airflow/dags/batch_pipeline_dag.py took 0.116 seconds
[2026-07-02T07:09:53.208+0000] {processor.py:161} INFO - Started process (PID=5032) to work on /opt/airflow/dags/batch_pipeline_dag.py
[2026-07-02T07:09:53.209+0000] {processor.py:830} INFO - Processing file /opt/airflow/dags/batch_pipeline_dag.py for tasks to queue
[2026-07-02T07:09:53.210+0000] {logging_mixin.py:188} INFO - [2026-07-02T07:09:53.210+0000] {dagbag.py:538} INFO - Filling up the DagBag from /opt/airflow/dags/batch_pipeline_dag.py
[2026-07-02T07:09:53.235+0000] {processor.py:840} INFO - DAG(s) 'batch_pipeline_harga_pangan' retrieved from /opt/airflow/dags/batch_pipeline_dag.py
[2026-07-02T07:09:53.285+0000] {logging_mixin.py:188} INFO - [2026-07-02T07:09:53.285+0000] {dag.py:3036} INFO - Sync 1 DAGs
[2026-07-02T07:09:53.307+0000] {logging_mixin.py:188} INFO - [2026-07-02T07:09:53.307+0000] {dag.py:3823} INFO - Setting next_dagrun for batch_pipeline_harga_pangan to 2026-07-01 23:00:00+00:00, run_after=2026-07-02 23:00:00+00:00
[2026-07-02T07:09:53.328+0000] {processor.py:183} INFO - Processing /opt/airflow/dags/batch_pipeline_dag.py took 0.122 seconds
[2026-07-02T07:10:25.957+0000] {processor.py:161} INFO - Started process (PID=5050) to work on /opt/airflow/dags/batch_pipeline_dag.py
[2026-07-02T07:10:25.958+0000] {processor.py:830} INFO - Processing file /opt/airflow/dags/batch_pipeline_dag.py for tasks to queue
[2026-07-02T07:10:25.960+0000] {logging_mixin.py:188} INFO - [2026-07-02T07:10:25.959+0000] {dagbag.py:538} INFO - Filling up the DagBag from /opt/airflow/dags/batch_pipeline_dag.py
[2026-07-02T07:10:25.995+0000] {processor.py:840} INFO - DAG(s) 'batch_pipeline_harga_pangan' retrieved from /opt/airflow/dags/batch_pipeline_dag.py
[2026-07-02T07:10:26.072+0000] {logging_mixin.py:188} INFO - [2026-07-02T07:10:26.071+0000] {dag.py:3036} INFO - Sync 1 DAGs
[2026-07-02T07:10:26.102+0000] {logging_mixin.py:188} INFO - [2026-07-02T07:10:26.102+0000] {dag.py:3823} INFO - Setting next_dagrun for batch_pipeline_harga_pangan to 2026-07-01 23:00:00+00:00, run_after=2026-07-02 23:00:00+00:00
[2026-07-02T07:10:26.131+0000] {processor.py:183} INFO - Processing /opt/airflow/dags/batch_pipeline_dag.py took 0.179 seconds
[2026-07-02T07:10:59.672+0000] {processor.py:161} INFO - Started process (PID=5068) to work on /opt/airflow/dags/batch_pipeline_dag.py
[2026-07-02T07:10:59.672+0000] {processor.py:830} INFO - Processing file /opt/airflow/dags/batch_pipeline_dag.py for tasks to queue
[2026-07-02T07:10:59.673+0000] {logging_mixin.py:188} INFO - [2026-07-02T07:10:59.673+0000] {dagbag.py:538} INFO - Filling up the DagBag from /opt/airflow/dags/batch_pipeline_dag.py
[2026-07-02T07:10:59.700+0000] {processor.py:840} INFO - DAG(s) 'batch_pipeline_harga_pangan' retrieved from /opt/airflow/dags/batch_pipeline_dag.py
[2026-07-02T07:10:59.766+0000] {logging_mixin.py:188} INFO - [2026-07-02T07:10:59.766+0000] {dag.py:3036} INFO - Sync 1 DAGs
[2026-07-02T07:10:59.790+0000] {logging_mixin.py:188} INFO - [2026-07-02T07:10:59.790+0000] {dag.py:3823} INFO - Setting next_dagrun for batch_pipeline_harga_pangan to 2026-07-01 23:00:00+00:00, run_after=2026-07-02 23:00:00+00:00
[2026-07-02T07:10:59.811+0000] {processor.py:183} INFO - Processing /opt/airflow/dags/batch_pipeline_dag.py took 0.142 seconds
[2026-07-02T07:11:33.286+0000] {processor.py:161} INFO - Started process (PID=5086) to work on /opt/airflow/dags/batch_pipeline_dag.py
[2026-07-02T07:11:33.288+0000] {processor.py:830} INFO - Processing file /opt/airflow/dags/batch_pipeline_dag.py for tasks to queue
[2026-07-02T07:11:33.297+0000] {logging_mixin.py:188} INFO - [2026-07-02T07:11:33.296+0000] {dagbag.py:538} INFO - Filling up the DagBag from /opt/airflow/dags/batch_pipeline_dag.py
[2026-07-02T07:11:33.363+0000] {processor.py:840} INFO - DAG(s) 'batch_pipeline_harga_pangan' retrieved from /opt/airflow/dags/batch_pipeline_dag.py
[2026-07-02T07:11:33.472+0000] {logging_mixin.py:188} INFO - [2026-07-02T07:11:33.471+0000] {dag.py:3036} INFO - Sync 1 DAGs
[2026-07-02T07:11:33.528+0000] {logging_mixin.py:188} INFO - [2026-07-02T07:11:33.527+0000] {dag.py:3823} INFO - Setting next_dagrun for batch_pipeline_harga_pangan to 2026-07-01 23:00:00+00:00, run_after=2026-07-02 23:00:00+00:00
[2026-07-02T07:11:33.560+0000] {processor.py:183} INFO - Processing /opt/airflow/dags/batch_pipeline_dag.py took 0.281 seconds
[2026-07-02T07:12:06.187+0000] {processor.py:161} INFO - Started process (PID=5104) to work on /opt/airflow/dags/batch_pipeline_dag.py
[2026-07-02T07:12:06.188+0000] {processor.py:830} INFO - Processing file /opt/airflow/dags/batch_pipeline_dag.py for tasks to queue
[2026-07-02T07:12:06.188+0000] {logging_mixin.py:188} INFO - [2026-07-02T07:12:06.188+0000] {dagbag.py:538} INFO - Filling up the DagBag from /opt/airflow/dags/batch_pipeline_dag.py
[2026-07-02T07:12:06.214+0000] {processor.py:840} INFO - DAG(s) 'batch_pipeline_harga_pangan' retrieved from /opt/airflow/dags/batch_pipeline_dag.py
[2026-07-02T07:12:06.260+0000] {logging_mixin.py:188} INFO - [2026-07-02T07:12:06.259+0000] {dag.py:3036} INFO - Sync 1 DAGs
[2026-07-02T07:12:06.284+0000] {logging_mixin.py:188} INFO - [2026-07-02T07:12:06.284+0000] {dag.py:3823} INFO - Setting next_dagrun for batch_pipeline_harga_pangan to 2026-07-01 23:00:00+00:00, run_after=2026-07-02 23:00:00+00:00
[2026-07-02T07:12:06.310+0000] {processor.py:183} INFO - Processing /opt/airflow/dags/batch_pipeline_dag.py took 0.125 seconds
[2026-07-02T07:12:39.919+0000] {processor.py:161} INFO - Started process (PID=5122) to work on /opt/airflow/dags/batch_pipeline_dag.py
[2026-07-02T07:12:39.919+0000] {processor.py:830} INFO - Processing file /opt/airflow/dags/batch_pipeline_dag.py for tasks to queue
[2026-07-02T07:12:39.920+0000] {logging_mixin.py:188} INFO - [2026-07-02T07:12:39.920+0000] {dagbag.py:538} INFO - Filling up the DagBag from /opt/airflow/dags/batch_pipeline_dag.py
[2026-07-02T07:12:39.942+0000] {processor.py:840} INFO - DAG(s) 'batch_pipeline_harga_pangan' retrieved from /opt/airflow/dags/batch_pipeline_dag.py
[2026-07-02T07:12:40.020+0000] {logging_mixin.py:188} INFO - [2026-07-02T07:12:40.020+0000] {dag.py:3036} INFO - Sync 1 DAGs
[2026-07-02T07:12:40.042+0000] {logging_mixin.py:188} INFO - [2026-07-02T07:12:40.042+0000] {dag.py:3823} INFO - Setting next_dagrun for batch_pipeline_harga_pangan to 2026-07-01 23:00:00+00:00, run_after=2026-07-02 23:00:00+00:00
[2026-07-02T07:12:40.061+0000] {processor.py:183} INFO - Processing /opt/airflow/dags/batch_pipeline_dag.py took 0.146 seconds
[2026-07-02T07:13:12.669+0000] {processor.py:161} INFO - Started process (PID=5140) to work on /opt/airflow/dags/batch_pipeline_dag.py
[2026-07-02T07:13:12.671+0000] {processor.py:830} INFO - Processing file /opt/airflow/dags/batch_pipeline_dag.py for tasks to queue
[2026-07-02T07:13:12.675+0000] {logging_mixin.py:188} INFO - [2026-07-02T07:13:12.673+0000] {dagbag.py:538} INFO - Filling up the DagBag from /opt/airflow/dags/batch_pipeline_dag.py
[2026-07-02T07:13:12.749+0000] {processor.py:840} INFO - DAG(s) 'batch_pipeline_harga_pangan' retrieved from /opt/airflow/dags/batch_pipeline_dag.py
[2026-07-02T07:13:12.929+0000] {logging_mixin.py:188} INFO - [2026-07-02T07:13:12.929+0000] {dag.py:3036} INFO - Sync 1 DAGs
[2026-07-02T07:13:13.033+0000] {logging_mixin.py:188} INFO - [2026-07-02T07:13:13.033+0000] {dag.py:3823} INFO - Setting next_dagrun for batch_pipeline_harga_pangan to 2026-07-01 23:00:00+00:00, run_after=2026-07-02 23:00:00+00:00
[2026-07-02T07:13:13.109+0000] {processor.py:183} INFO - Processing /opt/airflow/dags/batch_pipeline_dag.py took 0.445 seconds
[2026-07-02T07:13:45.656+0000] {processor.py:161} INFO - Started process (PID=5158) to work on /opt/airflow/dags/batch_pipeline_dag.py
[2026-07-02T07:13:45.657+0000] {processor.py:830} INFO - Processing file /opt/airflow/dags/batch_pipeline_dag.py for tasks to queue
[2026-07-02T07:13:45.658+0000] {logging_mixin.py:188} INFO - [2026-07-02T07:13:45.658+0000] {dagbag.py:538} INFO - Filling up the DagBag from /opt/airflow/dags/batch_pipeline_dag.py
[2026-07-02T07:13:45.697+0000] {processor.py:840} INFO - DAG(s) 'batch_pipeline_harga_pangan' retrieved from /opt/airflow/dags/batch_pipeline_dag.py
[2026-07-02T07:13:45.771+0000] {logging_mixin.py:188} INFO - [2026-07-02T07:13:45.771+0000] {dag.py:3036} INFO - Sync 1 DAGs
[2026-07-02T07:13:45.804+0000] {logging_mixin.py:188} INFO - [2026-07-02T07:13:45.804+0000] {dag.py:3823} INFO - Setting next_dagrun for batch_pipeline_harga_pangan to 2026-07-01 23:00:00+00:00, run_after=2026-07-02 23:00:00+00:00
[2026-07-02T07:13:45.829+0000] {processor.py:183} INFO - Processing /opt/airflow/dags/batch_pipeline_dag.py took 0.178 seconds
[2026-07-02T07:14:19.412+0000] {processor.py:161} INFO - Started process (PID=5176) to work on /opt/airflow/dags/batch_pipeline_dag.py
[2026-07-02T07:14:19.413+0000] {processor.py:830} INFO - Processing file /opt/airflow/dags/batch_pipeline_dag.py for tasks to queue
[2026-07-02T07:14:19.414+0000] {logging_mixin.py:188} INFO - [2026-07-02T07:14:19.414+0000] {dagbag.py:538} INFO - Filling up the DagBag from /opt/airflow/dags/batch_pipeline_dag.py
[2026-07-02T07:14:19.449+0000] {processor.py:840} INFO - DAG(s) 'batch_pipeline_harga_pangan' retrieved from /opt/airflow/dags/batch_pipeline_dag.py
[2026-07-02T07:14:19.509+0000] {logging_mixin.py:188} INFO - [2026-07-02T07:14:19.508+0000] {dag.py:3036} INFO - Sync 1 DAGs
[2026-07-02T07:14:19.536+0000] {logging_mixin.py:188} INFO - [2026-07-02T07:14:19.536+0000] {dag.py:3823} INFO - Setting next_dagrun for batch_pipeline_harga_pangan to 2026-07-01 23:00:00+00:00, run_after=2026-07-02 23:00:00+00:00
[2026-07-02T07:14:19.561+0000] {processor.py:183} INFO - Processing /opt/airflow/dags/batch_pipeline_dag.py took 0.152 seconds
[2026-07-02T07:14:53.220+0000] {processor.py:161} INFO - Started process (PID=5194) to work on /opt/airflow/dags/batch_pipeline_dag.py
[2026-07-02T07:14:53.221+0000] {processor.py:830} INFO - Processing file /opt/airflow/dags/batch_pipeline_dag.py for tasks to queue
[2026-07-02T07:14:53.223+0000] {logging_mixin.py:188} INFO - [2026-07-02T07:14:53.222+0000] {dagbag.py:538} INFO - Filling up the DagBag from /opt/airflow/dags/batch_pipeline_dag.py
[2026-07-02T07:14:53.265+0000] {processor.py:840} INFO - DAG(s) 'batch_pipeline_harga_pangan' retrieved from /opt/airflow/dags/batch_pipeline_dag.py
[2026-07-02T07:14:53.338+0000] {logging_mixin.py:188} INFO - [2026-07-02T07:14:53.338+0000] {dag.py:3036} INFO - Sync 1 DAGs
[2026-07-02T07:14:53.370+0000] {logging_mixin.py:188} INFO - [2026-07-02T07:14:53.370+0000] {dag.py:3823} INFO - Setting next_dagrun for batch_pipeline_harga_pangan to 2026-07-01 23:00:00+00:00, run_after=2026-07-02 23:00:00+00:00
[2026-07-02T07:14:53.394+0000] {processor.py:183} INFO - Processing /opt/airflow/dags/batch_pipeline_dag.py took 0.179 seconds
[2026-07-02T07:15:25.975+0000] {processor.py:161} INFO - Started process (PID=5212) to work on /opt/airflow/dags/batch_pipeline_dag.py
[2026-07-02T07:15:25.976+0000] {processor.py:830} INFO - Processing file /opt/airflow/dags/batch_pipeline_dag.py for tasks to queue
[2026-07-02T07:15:25.977+0000] {logging_mixin.py:188} INFO - [2026-07-02T07:15:25.976+0000] {dagbag.py:538} INFO - Filling up the DagBag from /opt/airflow/dags/batch_pipeline_dag.py
[2026-07-02T07:15:26.003+0000] {processor.py:840} INFO - DAG(s) 'batch_pipeline_harga_pangan' retrieved from /opt/airflow/dags/batch_pipeline_dag.py
[2026-07-02T07:15:26.055+0000] {logging_mixin.py:188} INFO - [2026-07-02T07:15:26.055+0000] {dag.py:3036} INFO - Sync 1 DAGs
[2026-07-02T07:15:26.080+0000] {logging_mixin.py:188} INFO - [2026-07-02T07:15:26.079+0000] {dag.py:3823} INFO - Setting next_dagrun for batch_pipeline_harga_pangan to 2026-07-01 23:00:00+00:00, run_after=2026-07-02 23:00:00+00:00
[2026-07-02T07:15:26.098+0000] {processor.py:183} INFO - Processing /opt/airflow/dags/batch_pipeline_dag.py took 0.127 seconds
[2026-07-02T07:15:59.728+0000] {processor.py:161} INFO - Started process (PID=5229) to work on /opt/airflow/dags/batch_pipeline_dag.py
[2026-07-02T07:15:59.731+0000] {processor.py:830} INFO - Processing file /opt/airflow/dags/batch_pipeline_dag.py for tasks to queue
[2026-07-02T07:15:59.733+0000] {logging_mixin.py:188} INFO - [2026-07-02T07:15:59.732+0000] {dagbag.py:538} INFO - Filling up the DagBag from /opt/airflow/dags/batch_pipeline_dag.py
[2026-07-02T07:15:59.756+0000] {processor.py:840} INFO - DAG(s) 'batch_pipeline_harga_pangan' retrieved from /opt/airflow/dags/batch_pipeline_dag.py
[2026-07-02T07:15:59.801+0000] {logging_mixin.py:188} INFO - [2026-07-02T07:15:59.800+0000] {dag.py:3036} INFO - Sync 1 DAGs
[2026-07-02T07:15:59.823+0000] {logging_mixin.py:188} INFO - [2026-07-02T07:15:59.823+0000] {dag.py:3823} INFO - Setting next_dagrun for batch_pipeline_harga_pangan to 2026-07-01 23:00:00+00:00, run_after=2026-07-02 23:00:00+00:00
[2026-07-02T07:15:59.840+0000] {processor.py:183} INFO - Processing /opt/airflow/dags/batch_pipeline_dag.py took 0.114 seconds
[2026-07-02T07:16:32.431+0000] {processor.py:161} INFO - Started process (PID=5240) to work on /opt/airflow/dags/batch_pipeline_dag.py
[2026-07-02T07:16:32.431+0000] {processor.py:830} INFO - Processing file /opt/airflow/dags/batch_pipeline_dag.py for tasks to queue
[2026-07-02T07:16:32.432+0000] {logging_mixin.py:188} INFO - [2026-07-02T07:16:32.432+0000] {dagbag.py:538} INFO - Filling up the DagBag from /opt/airflow/dags/batch_pipeline_dag.py
[2026-07-02T07:16:32.452+0000] {processor.py:840} INFO - DAG(s) 'batch_pipeline_harga_pangan' retrieved from /opt/airflow/dags/batch_pipeline_dag.py
[2026-07-02T07:16:32.498+0000] {logging_mixin.py:188} INFO - [2026-07-02T07:16:32.497+0000] {dag.py:3036} INFO - Sync 1 DAGs
[2026-07-02T07:16:32.516+0000] {logging_mixin.py:188} INFO - [2026-07-02T07:16:32.516+0000] {dag.py:3823} INFO - Setting next_dagrun for batch_pipeline_harga_pangan to 2026-07-01 23:00:00+00:00, run_after=2026-07-02 23:00:00+00:00
[2026-07-02T07:16:32.532+0000] {processor.py:183} INFO - Processing /opt/airflow/dags/batch_pipeline_dag.py took 0.104 seconds
[2026-07-02T07:17:06.119+0000] {processor.py:161} INFO - Started process (PID=5258) to work on /opt/airflow/dags/batch_pipeline_dag.py
[2026-07-02T07:17:06.120+0000] {processor.py:830} INFO - Processing file /opt/airflow/dags/batch_pipeline_dag.py for tasks to queue
[2026-07-02T07:17:06.120+0000] {logging_mixin.py:188} INFO - [2026-07-02T07:17:06.120+0000] {dagbag.py:538} INFO - Filling up the DagBag from /opt/airflow/dags/batch_pipeline_dag.py
[2026-07-02T07:17:06.142+0000] {processor.py:840} INFO - DAG(s) 'batch_pipeline_harga_pangan' retrieved from /opt/airflow/dags/batch_pipeline_dag.py
[2026-07-02T07:17:06.185+0000] {logging_mixin.py:188} INFO - [2026-07-02T07:17:06.185+0000] {dag.py:3036} INFO - Sync 1 DAGs
[2026-07-02T07:17:06.204+0000] {logging_mixin.py:188} INFO - [2026-07-02T07:17:06.203+0000] {dag.py:3823} INFO - Setting next_dagrun for batch_pipeline_harga_pangan to 2026-07-01 23:00:00+00:00, run_after=2026-07-02 23:00:00+00:00
[2026-07-02T07:17:06.221+0000] {processor.py:183} INFO - Processing /opt/airflow/dags/batch_pipeline_dag.py took 0.105 seconds
[2026-07-02T07:17:39.836+0000] {processor.py:161} INFO - Started process (PID=5276) to work on /opt/airflow/dags/batch_pipeline_dag.py
[2026-07-02T07:17:39.837+0000] {processor.py:830} INFO - Processing file /opt/airflow/dags/batch_pipeline_dag.py for tasks to queue
[2026-07-02T07:17:39.837+0000] {logging_mixin.py:188} INFO - [2026-07-02T07:17:39.837+0000] {dagbag.py:538} INFO - Filling up the DagBag from /opt/airflow/dags/batch_pipeline_dag.py
[2026-07-02T07:17:39.861+0000] {processor.py:840} INFO - DAG(s) 'batch_pipeline_harga_pangan' retrieved from /opt/airflow/dags/batch_pipeline_dag.py
[2026-07-02T07:17:39.906+0000] {logging_mixin.py:188} INFO - [2026-07-02T07:17:39.905+0000] {dag.py:3036} INFO - Sync 1 DAGs
[2026-07-02T07:17:39.926+0000] {logging_mixin.py:188} INFO - [2026-07-02T07:17:39.925+0000] {dag.py:3823} INFO - Setting next_dagrun for batch_pipeline_harga_pangan to 2026-07-01 23:00:00+00:00, run_after=2026-07-02 23:00:00+00:00
[2026-07-02T07:17:39.942+0000] {processor.py:183} INFO - Processing /opt/airflow/dags/batch_pipeline_dag.py took 0.109 seconds
[2026-07-02T07:18:12.519+0000] {processor.py:161} INFO - Started process (PID=5294) to work on /opt/airflow/dags/batch_pipeline_dag.py
[2026-07-02T07:18:12.520+0000] {processor.py:830} INFO - Processing file /opt/airflow/dags/batch_pipeline_dag.py for tasks to queue
[2026-07-02T07:18:12.521+0000] {logging_mixin.py:188} INFO - [2026-07-02T07:18:12.520+0000] {dagbag.py:538} INFO - Filling up the DagBag from /opt/airflow/dags/batch_pipeline_dag.py
[2026-07-02T07:18:12.540+0000] {processor.py:840} INFO - DAG(s) 'batch_pipeline_harga_pangan' retrieved from /opt/airflow/dags/batch_pipeline_dag.py
[2026-07-02T07:18:12.586+0000] {logging_mixin.py:188} INFO - [2026-07-02T07:18:12.586+0000] {dag.py:3036} INFO - Sync 1 DAGs
[2026-07-02T07:18:12.605+0000] {logging_mixin.py:188} INFO - [2026-07-02T07:18:12.605+0000] {dag.py:3823} INFO - Setting next_dagrun for batch_pipeline_harga_pangan to 2026-07-01 23:00:00+00:00, run_after=2026-07-02 23:00:00+00:00
[2026-07-02T07:18:12.627+0000] {processor.py:183} INFO - Processing /opt/airflow/dags/batch_pipeline_dag.py took 0.111 seconds
[2026-07-02T07:18:46.218+0000] {processor.py:161} INFO - Started process (PID=5312) to work on /opt/airflow/dags/batch_pipeline_dag.py
[2026-07-02T07:18:46.219+0000] {processor.py:830} INFO - Processing file /opt/airflow/dags/batch_pipeline_dag.py for tasks to queue
[2026-07-02T07:18:46.220+0000] {logging_mixin.py:188} INFO - [2026-07-02T07:18:46.220+0000] {dagbag.py:538} INFO - Filling up the DagBag from /opt/airflow/dags/batch_pipeline_dag.py
[2026-07-02T07:18:46.242+0000] {processor.py:840} INFO - DAG(s) 'batch_pipeline_harga_pangan' retrieved from /opt/airflow/dags/batch_pipeline_dag.py
[2026-07-02T07:18:46.288+0000] {logging_mixin.py:188} INFO - [2026-07-02T07:18:46.287+0000] {dag.py:3036} INFO - Sync 1 DAGs
[2026-07-02T07:18:46.308+0000] {logging_mixin.py:188} INFO - [2026-07-02T07:18:46.308+0000] {dag.py:3823} INFO - Setting next_dagrun for batch_pipeline_harga_pangan to 2026-07-01 23:00:00+00:00, run_after=2026-07-02 23:00:00+00:00
[2026-07-02T07:18:46.329+0000] {processor.py:183} INFO - Processing /opt/airflow/dags/batch_pipeline_dag.py took 0.113 seconds
[2026-07-02T07:19:19.893+0000] {processor.py:161} INFO - Started process (PID=5330) to work on /opt/airflow/dags/batch_pipeline_dag.py
[2026-07-02T07:19:19.894+0000] {processor.py:830} INFO - Processing file /opt/airflow/dags/batch_pipeline_dag.py for tasks to queue
[2026-07-02T07:19:19.895+0000] {logging_mixin.py:188} INFO - [2026-07-02T07:19:19.895+0000] {dagbag.py:538} INFO - Filling up the DagBag from /opt/airflow/dags/batch_pipeline_dag.py
[2026-07-02T07:19:19.920+0000] {processor.py:840} INFO - DAG(s) 'batch_pipeline_harga_pangan' retrieved from /opt/airflow/dags/batch_pipeline_dag.py
[2026-07-02T07:19:19.968+0000] {logging_mixin.py:188} INFO - [2026-07-02T07:19:19.968+0000] {dag.py:3036} INFO - Sync 1 DAGs
[2026-07-02T07:19:19.987+0000] {logging_mixin.py:188} INFO - [2026-07-02T07:19:19.986+0000] {dag.py:3823} INFO - Setting next_dagrun for batch_pipeline_harga_pangan to 2026-07-01 23:00:00+00:00, run_after=2026-07-02 23:00:00+00:00
[2026-07-02T07:19:20.009+0000] {processor.py:183} INFO - Processing /opt/airflow/dags/batch_pipeline_dag.py took 0.118 seconds
[2026-07-02T07:19:53.377+0000] {processor.py:161} INFO - Started process (PID=5348) to work on /opt/airflow/dags/batch_pipeline_dag.py
[2026-07-02T07:19:53.379+0000] {processor.py:830} INFO - Processing file /opt/airflow/dags/batch_pipeline_dag.py for tasks to queue
[2026-07-02T07:19:53.381+0000] {logging_mixin.py:188} INFO - [2026-07-02T07:19:53.381+0000] {dagbag.py:538} INFO - Filling up the DagBag from /opt/airflow/dags/batch_pipeline_dag.py
[2026-07-02T07:19:53.584+0000] {processor.py:840} INFO - DAG(s) 'batch_pipeline_harga_pangan' retrieved from /opt/airflow/dags/batch_pipeline_dag.py
[2026-07-02T07:19:54.217+0000] {logging_mixin.py:188} INFO - [2026-07-02T07:19:54.216+0000] {dag.py:3036} INFO - Sync 1 DAGs
[2026-07-02T07:19:54.331+0000] {logging_mixin.py:188} INFO - [2026-07-02T07:19:54.331+0000] {dag.py:3823} INFO - Setting next_dagrun for batch_pipeline_harga_pangan to 2026-07-01 23:00:00+00:00, run_after=2026-07-02 23:00:00+00:00
[2026-07-02T07:19:54.392+0000] {processor.py:183} INFO - Processing /opt/airflow/dags/batch_pipeline_dag.py took 1.020 seconds
[2026-07-02T07:20:25.995+0000] {processor.py:161} INFO - Started process (PID=5366) to work on /opt/airflow/dags/batch_pipeline_dag.py
[2026-07-02T07:20:25.996+0000] {processor.py:830} INFO - Processing file /opt/airflow/dags/batch_pipeline_dag.py for tasks to queue
[2026-07-02T07:20:25.997+0000] {logging_mixin.py:188} INFO - [2026-07-02T07:20:25.996+0000] {dagbag.py:538} INFO - Filling up the DagBag from /opt/airflow/dags/batch_pipeline_dag.py
[2026-07-02T07:20:26.021+0000] {processor.py:840} INFO - DAG(s) 'batch_pipeline_harga_pangan' retrieved from /opt/airflow/dags/batch_pipeline_dag.py
[2026-07-02T07:20:26.085+0000] {logging_mixin.py:188} INFO - [2026-07-02T07:20:26.085+0000] {dag.py:3036} INFO - Sync 1 DAGs
[2026-07-02T07:20:26.107+0000] {logging_mixin.py:188} INFO - [2026-07-02T07:20:26.107+0000] {dag.py:3823} INFO - Setting next_dagrun for batch_pipeline_harga_pangan to 2026-07-01 23:00:00+00:00, run_after=2026-07-02 23:00:00+00:00
[2026-07-02T07:20:26.130+0000] {processor.py:183} INFO - Processing /opt/airflow/dags/batch_pipeline_dag.py took 0.140 seconds
[2026-07-02T07:20:59.680+0000] {processor.py:161} INFO - Started process (PID=5384) to work on /opt/airflow/dags/batch_pipeline_dag.py
[2026-07-02T07:20:59.680+0000] {processor.py:830} INFO - Processing file /opt/airflow/dags/batch_pipeline_dag.py for tasks to queue
[2026-07-02T07:20:59.681+0000] {logging_mixin.py:188} INFO - [2026-07-02T07:20:59.681+0000] {dagbag.py:538} INFO - Filling up the DagBag from /opt/airflow/dags/batch_pipeline_dag.py
[2026-07-02T07:20:59.706+0000] {processor.py:840} INFO - DAG(s) 'batch_pipeline_harga_pangan' retrieved from /opt/airflow/dags/batch_pipeline_dag.py
[2026-07-02T07:20:59.765+0000] {logging_mixin.py:188} INFO - [2026-07-02T07:20:59.765+0000] {dag.py:3036} INFO - Sync 1 DAGs
[2026-07-02T07:20:59.789+0000] {logging_mixin.py:188} INFO - [2026-07-02T07:20:59.789+0000] {dag.py:3823} INFO - Setting next_dagrun for batch_pipeline_harga_pangan to 2026-07-01 23:00:00+00:00, run_after=2026-07-02 23:00:00+00:00
[2026-07-02T07:20:59.806+0000] {processor.py:183} INFO - Processing /opt/airflow/dags/batch_pipeline_dag.py took 0.129 seconds
[2026-07-02T07:21:32.414+0000] {processor.py:161} INFO - Started process (PID=5402) to work on /opt/airflow/dags/batch_pipeline_dag.py
[2026-07-02T07:21:32.414+0000] {processor.py:830} INFO - Processing file /opt/airflow/dags/batch_pipeline_dag.py for tasks to queue
[2026-07-02T07:21:32.415+0000] {logging_mixin.py:188} INFO - [2026-07-02T07:21:32.415+0000] {dagbag.py:538} INFO - Filling up the DagBag from /opt/airflow/dags/batch_pipeline_dag.py
[2026-07-02T07:21:32.447+0000] {processor.py:840} INFO - DAG(s) 'batch_pipeline_harga_pangan' retrieved from /opt/airflow/dags/batch_pipeline_dag.py
[2026-07-02T07:21:32.498+0000] {logging_mixin.py:188} INFO - [2026-07-02T07:21:32.498+0000] {dag.py:3036} INFO - Sync 1 DAGs
[2026-07-02T07:21:32.524+0000] {logging_mixin.py:188} INFO - [2026-07-02T07:21:32.524+0000] {dag.py:3823} INFO - Setting next_dagrun for batch_pipeline_harga_pangan to 2026-07-01 23:00:00+00:00, run_after=2026-07-02 23:00:00+00:00
[2026-07-02T07:21:32.542+0000] {processor.py:183} INFO - Processing /opt/airflow/dags/batch_pipeline_dag.py took 0.130 seconds
[2026-07-02T07:22:06.086+0000] {processor.py:161} INFO - Started process (PID=5421) to work on /opt/airflow/dags/batch_pipeline_dag.py
[2026-07-02T07:22:06.087+0000] {processor.py:830} INFO - Processing file /opt/airflow/dags/batch_pipeline_dag.py for tasks to queue
[2026-07-02T07:22:06.088+0000] {logging_mixin.py:188} INFO - [2026-07-02T07:22:06.087+0000] {dagbag.py:538} INFO - Filling up the DagBag from /opt/airflow/dags/batch_pipeline_dag.py
[2026-07-02T07:22:06.112+0000] {processor.py:840} INFO - DAG(s) 'batch_pipeline_harga_pangan' retrieved from /opt/airflow/dags/batch_pipeline_dag.py
[2026-07-02T07:22:06.163+0000] {logging_mixin.py:188} INFO - [2026-07-02T07:22:06.163+0000] {dag.py:3036} INFO - Sync 1 DAGs
[2026-07-02T07:22:06.184+0000] {logging_mixin.py:188} INFO - [2026-07-02T07:22:06.183+0000] {dag.py:3823} INFO - Setting next_dagrun for batch_pipeline_harga_pangan to 2026-07-01 23:00:00+00:00, run_after=2026-07-02 23:00:00+00:00
[2026-07-02T07:22:06.202+0000] {processor.py:183} INFO - Processing /opt/airflow/dags/batch_pipeline_dag.py took 0.119 seconds
[2026-07-02T07:22:39.803+0000] {processor.py:161} INFO - Started process (PID=5439) to work on /opt/airflow/dags/batch_pipeline_dag.py
[2026-07-02T07:22:39.803+0000] {processor.py:830} INFO - Processing file /opt/airflow/dags/batch_pipeline_dag.py for tasks to queue
[2026-07-02T07:22:39.804+0000] {logging_mixin.py:188} INFO - [2026-07-02T07:22:39.804+0000] {dagbag.py:538} INFO - Filling up the DagBag from /opt/airflow/dags/batch_pipeline_dag.py
[2026-07-02T07:22:39.825+0000] {processor.py:840} INFO - DAG(s) 'batch_pipeline_harga_pangan' retrieved from /opt/airflow/dags/batch_pipeline_dag.py
[2026-07-02T07:22:39.872+0000] {logging_mixin.py:188} INFO - [2026-07-02T07:22:39.871+0000] {dag.py:3036} INFO - Sync 1 DAGs
[2026-07-02T07:22:39.891+0000] {logging_mixin.py:188} INFO - [2026-07-02T07:22:39.891+0000] {dag.py:3823} INFO - Setting next_dagrun for batch_pipeline_harga_pangan to 2026-07-01 23:00:00+00:00, run_after=2026-07-02 23:00:00+00:00
[2026-07-02T07:22:39.911+0000] {processor.py:183} INFO - Processing /opt/airflow/dags/batch_pipeline_dag.py took 0.111 seconds
[2026-07-02T07:23:12.500+0000] {processor.py:161} INFO - Started process (PID=5457) to work on /opt/airflow/dags/batch_pipeline_dag.py
[2026-07-02T07:23:12.501+0000] {processor.py:830} INFO - Processing file /opt/airflow/dags/batch_pipeline_dag.py for tasks to queue
[2026-07-02T07:23:12.502+0000] {logging_mixin.py:188} INFO - [2026-07-02T07:23:12.501+0000] {dagbag.py:538} INFO - Filling up the DagBag from /opt/airflow/dags/batch_pipeline_dag.py
[2026-07-02T07:23:12.526+0000] {processor.py:840} INFO - DAG(s) 'batch_pipeline_harga_pangan' retrieved from /opt/airflow/dags/batch_pipeline_dag.py
[2026-07-02T07:23:12.576+0000] {logging_mixin.py:188} INFO - [2026-07-02T07:23:12.576+0000] {dag.py:3036} INFO - Sync 1 DAGs
[2026-07-02T07:23:12.598+0000] {logging_mixin.py:188} INFO - [2026-07-02T07:23:12.598+0000] {dag.py:3823} INFO - Setting next_dagrun for batch_pipeline_harga_pangan to 2026-07-01 23:00:00+00:00, run_after=2026-07-02 23:00:00+00:00
[2026-07-02T07:23:12.622+0000] {processor.py:183} INFO - Processing /opt/airflow/dags/batch_pipeline_dag.py took 0.124 seconds
[2026-07-02T07:23:46.169+0000] {processor.py:161} INFO - Started process (PID=5475) to work on /opt/airflow/dags/batch_pipeline_dag.py
[2026-07-02T07:23:46.170+0000] {processor.py:830} INFO - Processing file /opt/airflow/dags/batch_pipeline_dag.py for tasks to queue
[2026-07-02T07:23:46.171+0000] {logging_mixin.py:188} INFO - [2026-07-02T07:23:46.170+0000] {dagbag.py:538} INFO - Filling up the DagBag from /opt/airflow/dags/batch_pipeline_dag.py
[2026-07-02T07:23:46.198+0000] {processor.py:840} INFO - DAG(s) 'batch_pipeline_harga_pangan' retrieved from /opt/airflow/dags/batch_pipeline_dag.py
[2026-07-02T07:23:46.257+0000] {logging_mixin.py:188} INFO - [2026-07-02T07:23:46.257+0000] {dag.py:3036} INFO - Sync 1 DAGs
[2026-07-02T07:23:46.281+0000] {logging_mixin.py:188} INFO - [2026-07-02T07:23:46.280+0000] {dag.py:3823} INFO - Setting next_dagrun for batch_pipeline_harga_pangan to 2026-07-01 23:00:00+00:00, run_after=2026-07-02 23:00:00+00:00
[2026-07-02T07:23:46.298+0000] {processor.py:183} INFO - Processing /opt/airflow/dags/batch_pipeline_dag.py took 0.133 seconds
[2026-07-02T07:24:19.826+0000] {processor.py:161} INFO - Started process (PID=5493) to work on /opt/airflow/dags/batch_pipeline_dag.py
[2026-07-02T07:24:19.827+0000] {processor.py:830} INFO - Processing file /opt/airflow/dags/batch_pipeline_dag.py for tasks to queue
[2026-07-02T07:24:19.828+0000] {logging_mixin.py:188} INFO - [2026-07-02T07:24:19.828+0000] {dagbag.py:538} INFO - Filling up the DagBag from /opt/airflow/dags/batch_pipeline_dag.py
[2026-07-02T07:24:19.850+0000] {processor.py:840} INFO - DAG(s) 'batch_pipeline_harga_pangan' retrieved from /opt/airflow/dags/batch_pipeline_dag.py
[2026-07-02T07:24:19.901+0000] {logging_mixin.py:188} INFO - [2026-07-02T07:24:19.901+0000] {dag.py:3036} INFO - Sync 1 DAGs
[2026-07-02T07:24:19.922+0000] {logging_mixin.py:188} INFO - [2026-07-02T07:24:19.922+0000] {dag.py:3823} INFO - Setting next_dagrun for batch_pipeline_harga_pangan to 2026-07-01 23:00:00+00:00, run_after=2026-07-02 23:00:00+00:00
[2026-07-02T07:24:19.944+0000] {processor.py:183} INFO - Processing /opt/airflow/dags/batch_pipeline_dag.py took 0.120 seconds
[2026-07-02T07:24:52.496+0000] {processor.py:161} INFO - Started process (PID=5511) to work on /opt/airflow/dags/batch_pipeline_dag.py
[2026-07-02T07:24:52.497+0000] {processor.py:830} INFO - Processing file /opt/airflow/dags/batch_pipeline_dag.py for tasks to queue
[2026-07-02T07:24:52.498+0000] {logging_mixin.py:188} INFO - [2026-07-02T07:24:52.498+0000] {dagbag.py:538} INFO - Filling up the DagBag from /opt/airflow/dags/batch_pipeline_dag.py
[2026-07-02T07:24:52.535+0000] {processor.py:840} INFO - DAG(s) 'batch_pipeline_harga_pangan' retrieved from /opt/airflow/dags/batch_pipeline_dag.py
[2026-07-02T07:24:52.610+0000] {logging_mixin.py:188} INFO - [2026-07-02T07:24:52.610+0000] {dag.py:3036} INFO - Sync 1 DAGs
[2026-07-02T07:24:52.642+0000] {logging_mixin.py:188} INFO - [2026-07-02T07:24:52.642+0000] {dag.py:3823} INFO - Setting next_dagrun for batch_pipeline_harga_pangan to 2026-07-01 23:00:00+00:00, run_after=2026-07-02 23:00:00+00:00
[2026-07-02T07:24:52.663+0000] {processor.py:183} INFO - Processing /opt/airflow/dags/batch_pipeline_dag.py took 0.171 seconds
[2026-07-02T07:25:26.356+0000] {processor.py:161} INFO - Started process (PID=5521) to work on /opt/airflow/dags/batch_pipeline_dag.py
[2026-07-02T07:25:26.357+0000] {processor.py:830} INFO - Processing file /opt/airflow/dags/batch_pipeline_dag.py for tasks to queue
[2026-07-02T07:25:26.358+0000] {logging_mixin.py:188} INFO - [2026-07-02T07:25:26.358+0000] {dagbag.py:538} INFO - Filling up the DagBag from /opt/airflow/dags/batch_pipeline_dag.py
[2026-07-02T07:25:26.382+0000] {processor.py:840} INFO - DAG(s) 'batch_pipeline_harga_pangan' retrieved from /opt/airflow/dags/batch_pipeline_dag.py
[2026-07-02T07:25:26.435+0000] {logging_mixin.py:188} INFO - [2026-07-02T07:25:26.434+0000] {dag.py:3036} INFO - Sync 1 DAGs
[2026-07-02T07:25:26.457+0000] {logging_mixin.py:188} INFO - [2026-07-02T07:25:26.457+0000] {dag.py:3823} INFO - Setting next_dagrun for batch_pipeline_harga_pangan to 2026-07-01 23:00:00+00:00, run_after=2026-07-02 23:00:00+00:00
[2026-07-02T07:25:26.478+0000] {processor.py:183} INFO - Processing /opt/airflow/dags/batch_pipeline_dag.py took 0.125 seconds
[2026-07-02T07:26:00.011+0000] {processor.py:161} INFO - Started process (PID=5539) to work on /opt/airflow/dags/batch_pipeline_dag.py
[2026-07-02T07:26:00.012+0000] {processor.py:830} INFO - Processing file /opt/airflow/dags/batch_pipeline_dag.py for tasks to queue
[2026-07-02T07:26:00.013+0000] {logging_mixin.py:188} INFO - [2026-07-02T07:26:00.013+0000] {dagbag.py:538} INFO - Filling up the DagBag from /opt/airflow/dags/batch_pipeline_dag.py
[2026-07-02T07:26:00.040+0000] {processor.py:840} INFO - DAG(s) 'batch_pipeline_harga_pangan' retrieved from /opt/airflow/dags/batch_pipeline_dag.py
[2026-07-02T07:26:00.094+0000] {logging_mixin.py:188} INFO - [2026-07-02T07:26:00.094+0000] {dag.py:3036} INFO - Sync 1 DAGs
[2026-07-02T07:26:00.115+0000] {logging_mixin.py:188} INFO - [2026-07-02T07:26:00.115+0000] {dag.py:3823} INFO - Setting next_dagrun for batch_pipeline_harga_pangan to 2026-07-01 23:00:00+00:00, run_after=2026-07-02 23:00:00+00:00
[2026-07-02T07:26:00.134+0000] {processor.py:183} INFO - Processing /opt/airflow/dags/batch_pipeline_dag.py took 0.126 seconds
[2026-07-02T07:26:32.735+0000] {processor.py:161} INFO - Started process (PID=5557) to work on /opt/airflow/dags/batch_pipeline_dag.py
[2026-07-02T07:26:32.737+0000] {processor.py:830} INFO - Processing file /opt/airflow/dags/batch_pipeline_dag.py for tasks to queue
[2026-07-02T07:26:32.739+0000] {logging_mixin.py:188} INFO - [2026-07-02T07:26:32.738+0000] {dagbag.py:538} INFO - Filling up the DagBag from /opt/airflow/dags/batch_pipeline_dag.py
[2026-07-02T07:26:32.773+0000] {processor.py:840} INFO - DAG(s) 'batch_pipeline_harga_pangan' retrieved from /opt/airflow/dags/batch_pipeline_dag.py
[2026-07-02T07:26:32.843+0000] {logging_mixin.py:188} INFO - [2026-07-02T07:26:32.842+0000] {dag.py:3036} INFO - Sync 1 DAGs
[2026-07-02T07:26:32.868+0000] {logging_mixin.py:188} INFO - [2026-07-02T07:26:32.868+0000] {dag.py:3823} INFO - Setting next_dagrun for batch_pipeline_harga_pangan to 2026-07-01 23:00:00+00:00, run_after=2026-07-02 23:00:00+00:00
[2026-07-02T07:26:32.886+0000] {processor.py:183} INFO - Processing /opt/airflow/dags/batch_pipeline_dag.py took 0.155 seconds
[2026-07-02T07:27:06.475+0000] {processor.py:161} INFO - Started process (PID=5575) to work on /opt/airflow/dags/batch_pipeline_dag.py
[2026-07-02T07:27:06.476+0000] {processor.py:830} INFO - Processing file /opt/airflow/dags/batch_pipeline_dag.py for tasks to queue
[2026-07-02T07:27:06.478+0000] {logging_mixin.py:188} INFO - [2026-07-02T07:27:06.477+0000] {dagbag.py:538} INFO - Filling up the DagBag from /opt/airflow/dags/batch_pipeline_dag.py
[2026-07-02T07:27:06.515+0000] {processor.py:840} INFO - DAG(s) 'batch_pipeline_harga_pangan' retrieved from /opt/airflow/dags/batch_pipeline_dag.py
[2026-07-02T07:27:06.592+0000] {logging_mixin.py:188} INFO - [2026-07-02T07:27:06.591+0000] {dag.py:3036} INFO - Sync 1 DAGs
[2026-07-02T07:27:06.619+0000] {logging_mixin.py:188} INFO - [2026-07-02T07:27:06.619+0000] {dag.py:3823} INFO - Setting next_dagrun for batch_pipeline_harga_pangan to 2026-07-01 23:00:00+00:00, run_after=2026-07-02 23:00:00+00:00
[2026-07-02T07:27:06.646+0000] {processor.py:183} INFO - Processing /opt/airflow/dags/batch_pipeline_dag.py took 0.176 seconds
[2026-07-02T07:27:39.190+0000] {processor.py:161} INFO - Started process (PID=5593) to work on /opt/airflow/dags/batch_pipeline_dag.py
[2026-07-02T07:27:39.192+0000] {processor.py:830} INFO - Processing file /opt/airflow/dags/batch_pipeline_dag.py for tasks to queue
[2026-07-02T07:27:39.193+0000] {logging_mixin.py:188} INFO - [2026-07-02T07:27:39.193+0000] {dagbag.py:538} INFO - Filling up the DagBag from /opt/airflow/dags/batch_pipeline_dag.py
[2026-07-02T07:27:39.226+0000] {processor.py:840} INFO - DAG(s) 'batch_pipeline_harga_pangan' retrieved from /opt/airflow/dags/batch_pipeline_dag.py
[2026-07-02T07:27:39.286+0000] {logging_mixin.py:188} INFO - [2026-07-02T07:27:39.285+0000] {dag.py:3036} INFO - Sync 1 DAGs
[2026-07-02T07:27:39.313+0000] {logging_mixin.py:188} INFO - [2026-07-02T07:27:39.313+0000] {dag.py:3823} INFO - Setting next_dagrun for batch_pipeline_harga_pangan to 2026-07-01 23:00:00+00:00, run_after=2026-07-02 23:00:00+00:00
[2026-07-02T07:27:39.337+0000] {processor.py:183} INFO - Processing /opt/airflow/dags/batch_pipeline_dag.py took 0.153 seconds
[2026-07-02T07:28:12.947+0000] {processor.py:161} INFO - Started process (PID=5611) to work on /opt/airflow/dags/batch_pipeline_dag.py
[2026-07-02T07:28:12.948+0000] {processor.py:830} INFO - Processing file /opt/airflow/dags/batch_pipeline_dag.py for tasks to queue
[2026-07-02T07:28:12.948+0000] {logging_mixin.py:188} INFO - [2026-07-02T07:28:12.948+0000] {dagbag.py:538} INFO - Filling up the DagBag from /opt/airflow/dags/batch_pipeline_dag.py
[2026-07-02T07:28:12.980+0000] {processor.py:840} INFO - DAG(s) 'batch_pipeline_harga_pangan' retrieved from /opt/airflow/dags/batch_pipeline_dag.py
[2026-07-02T07:28:13.040+0000] {logging_mixin.py:188} INFO - [2026-07-02T07:28:13.039+0000] {dag.py:3036} INFO - Sync 1 DAGs
[2026-07-02T07:28:13.067+0000] {logging_mixin.py:188} INFO - [2026-07-02T07:28:13.067+0000] {dag.py:3823} INFO - Setting next_dagrun for batch_pipeline_harga_pangan to 2026-07-01 23:00:00+00:00, run_after=2026-07-02 23:00:00+00:00
[2026-07-02T07:28:13.085+0000] {processor.py:183} INFO - Processing /opt/airflow/dags/batch_pipeline_dag.py took 0.141 seconds
[2026-07-02T07:28:46.640+0000] {processor.py:161} INFO - Started process (PID=5629) to work on /opt/airflow/dags/batch_pipeline_dag.py
[2026-07-02T07:28:46.641+0000] {processor.py:830} INFO - Processing file /opt/airflow/dags/batch_pipeline_dag.py for tasks to queue
[2026-07-02T07:28:46.643+0000] {logging_mixin.py:188} INFO - [2026-07-02T07:28:46.642+0000] {dagbag.py:538} INFO - Filling up the DagBag from /opt/airflow/dags/batch_pipeline_dag.py
[2026-07-02T07:28:46.677+0000] {processor.py:840} INFO - DAG(s) 'batch_pipeline_harga_pangan' retrieved from /opt/airflow/dags/batch_pipeline_dag.py
[2026-07-02T07:28:46.747+0000] {logging_mixin.py:188} INFO - [2026-07-02T07:28:46.746+0000] {dag.py:3036} INFO - Sync 1 DAGs
[2026-07-02T07:28:46.773+0000] {logging_mixin.py:188} INFO - [2026-07-02T07:28:46.773+0000] {dag.py:3823} INFO - Setting next_dagrun for batch_pipeline_harga_pangan to 2026-07-01 23:00:00+00:00, run_after=2026-07-02 23:00:00+00:00
[2026-07-02T07:28:46.809+0000] {processor.py:183} INFO - Processing /opt/airflow/dags/batch_pipeline_dag.py took 0.173 seconds
[2026-07-02T07:29:19.449+0000] {processor.py:161} INFO - Started process (PID=5647) to work on /opt/airflow/dags/batch_pipeline_dag.py
[2026-07-02T07:29:19.450+0000] {processor.py:830} INFO - Processing file /opt/airflow/dags/batch_pipeline_dag.py for tasks to queue
[2026-07-02T07:29:19.452+0000] {logging_mixin.py:188} INFO - [2026-07-02T07:29:19.451+0000] {dagbag.py:538} INFO - Filling up the DagBag from /opt/airflow/dags/batch_pipeline_dag.py
[2026-07-02T07:29:19.484+0000] {processor.py:840} INFO - DAG(s) 'batch_pipeline_harga_pangan' retrieved from /opt/airflow/dags/batch_pipeline_dag.py
[2026-07-02T07:29:19.539+0000] {logging_mixin.py:188} INFO - [2026-07-02T07:29:19.539+0000] {dag.py:3036} INFO - Sync 1 DAGs
[2026-07-02T07:29:19.559+0000] {logging_mixin.py:188} INFO - [2026-07-02T07:29:19.559+0000] {dag.py:3823} INFO - Setting next_dagrun for batch_pipeline_harga_pangan to 2026-07-01 23:00:00+00:00, run_after=2026-07-02 23:00:00+00:00
[2026-07-02T07:29:19.580+0000] {processor.py:183} INFO - Processing /opt/airflow/dags/batch_pipeline_dag.py took 0.134 seconds
[2026-07-02T07:29:53.147+0000] {processor.py:161} INFO - Started process (PID=5665) to work on /opt/airflow/dags/batch_pipeline_dag.py
[2026-07-02T07:29:53.149+0000] {processor.py:830} INFO - Processing file /opt/airflow/dags/batch_pipeline_dag.py for tasks to queue
[2026-07-02T07:29:53.149+0000] {logging_mixin.py:188} INFO - [2026-07-02T07:29:53.149+0000] {dagbag.py:538} INFO - Filling up the DagBag from /opt/airflow/dags/batch_pipeline_dag.py
[2026-07-02T07:29:53.181+0000] {processor.py:840} INFO - DAG(s) 'batch_pipeline_harga_pangan' retrieved from /opt/airflow/dags/batch_pipeline_dag.py
[2026-07-02T07:29:53.255+0000] {logging_mixin.py:188} INFO - [2026-07-02T07:29:53.254+0000] {dag.py:3036} INFO - Sync 1 DAGs
[2026-07-02T07:29:53.282+0000] {logging_mixin.py:188} INFO - [2026-07-02T07:29:53.282+0000] {dag.py:3823} INFO - Setting next_dagrun for batch_pipeline_harga_pangan to 2026-07-01 23:00:00+00:00, run_after=2026-07-02 23:00:00+00:00
[2026-07-02T07:29:53.305+0000] {processor.py:183} INFO - Processing /opt/airflow/dags/batch_pipeline_dag.py took 0.161 seconds
[2026-07-02T07:30:25.965+0000] {processor.py:161} INFO - Started process (PID=5683) to work on /opt/airflow/dags/batch_pipeline_dag.py
[2026-07-02T07:30:25.966+0000] {processor.py:830} INFO - Processing file /opt/airflow/dags/batch_pipeline_dag.py for tasks to queue
[2026-07-02T07:30:25.968+0000] {logging_mixin.py:188} INFO - [2026-07-02T07:30:25.967+0000] {dagbag.py:538} INFO - Filling up the DagBag from /opt/airflow/dags/batch_pipeline_dag.py
[2026-07-02T07:30:26.002+0000] {processor.py:840} INFO - DAG(s) 'batch_pipeline_harga_pangan' retrieved from /opt/airflow/dags/batch_pipeline_dag.py
[2026-07-02T07:30:26.069+0000] {logging_mixin.py:188} INFO - [2026-07-02T07:30:26.069+0000] {dag.py:3036} INFO - Sync 1 DAGs
[2026-07-02T07:30:26.091+0000] {logging_mixin.py:188} INFO - [2026-07-02T07:30:26.090+0000] {dag.py:3823} INFO - Setting next_dagrun for batch_pipeline_harga_pangan to 2026-07-01 23:00:00+00:00, run_after=2026-07-02 23:00:00+00:00
[2026-07-02T07:30:26.142+0000] {processor.py:183} INFO - Processing /opt/airflow/dags/batch_pipeline_dag.py took 0.179 seconds
[2026-07-02T07:30:59.693+0000] {processor.py:161} INFO - Started process (PID=5701) to work on /opt/airflow/dags/batch_pipeline_dag.py
[2026-07-02T07:30:59.694+0000] {processor.py:830} INFO - Processing file /opt/airflow/dags/batch_pipeline_dag.py for tasks to queue
[2026-07-02T07:30:59.695+0000] {logging_mixin.py:188} INFO - [2026-07-02T07:30:59.694+0000] {dagbag.py:538} INFO - Filling up the DagBag from /opt/airflow/dags/batch_pipeline_dag.py
[2026-07-02T07:30:59.728+0000] {processor.py:840} INFO - DAG(s) 'batch_pipeline_harga_pangan' retrieved from /opt/airflow/dags/batch_pipeline_dag.py
[2026-07-02T07:30:59.801+0000] {logging_mixin.py:188} INFO - [2026-07-02T07:30:59.800+0000] {dag.py:3036} INFO - Sync 1 DAGs
[2026-07-02T07:30:59.831+0000] {logging_mixin.py:188} INFO - [2026-07-02T07:30:59.831+0000] {dag.py:3823} INFO - Setting next_dagrun for batch_pipeline_harga_pangan to 2026-07-01 23:00:00+00:00, run_after=2026-07-02 23:00:00+00:00
[2026-07-02T07:30:59.855+0000] {processor.py:183} INFO - Processing /opt/airflow/dags/batch_pipeline_dag.py took 0.167 seconds
[2026-07-02T07:31:33.390+0000] {processor.py:161} INFO - Started process (PID=5711) to work on /opt/airflow/dags/batch_pipeline_dag.py
[2026-07-02T07:31:33.390+0000] {processor.py:830} INFO - Processing file /opt/airflow/dags/batch_pipeline_dag.py for tasks to queue
[2026-07-02T07:31:33.391+0000] {logging_mixin.py:188} INFO - [2026-07-02T07:31:33.391+0000] {dagbag.py:538} INFO - Filling up the DagBag from /opt/airflow/dags/batch_pipeline_dag.py
[2026-07-02T07:31:33.420+0000] {processor.py:840} INFO - DAG(s) 'batch_pipeline_harga_pangan' retrieved from /opt/airflow/dags/batch_pipeline_dag.py
[2026-07-02T07:31:33.529+0000] {logging_mixin.py:188} INFO - [2026-07-02T07:31:33.529+0000] {dag.py:3036} INFO - Sync 1 DAGs
[2026-07-02T07:31:33.564+0000] {logging_mixin.py:188} INFO - [2026-07-02T07:31:33.564+0000] {dag.py:3823} INFO - Setting next_dagrun for batch_pipeline_harga_pangan to 2026-07-01 23:00:00+00:00, run_after=2026-07-02 23:00:00+00:00
[2026-07-02T07:31:33.593+0000] {processor.py:183} INFO - Processing /opt/airflow/dags/batch_pipeline_dag.py took 0.206 seconds
[2026-07-02T07:32:06.140+0000] {processor.py:161} INFO - Started process (PID=5729) to work on /opt/airflow/dags/batch_pipeline_dag.py
[2026-07-02T07:32:06.142+0000] {processor.py:830} INFO - Processing file /opt/airflow/dags/batch_pipeline_dag.py for tasks to queue
[2026-07-02T07:32:06.143+0000] {logging_mixin.py:188} INFO - [2026-07-02T07:32:06.142+0000] {dagbag.py:538} INFO - Filling up the DagBag from /opt/airflow/dags/batch_pipeline_dag.py
[2026-07-02T07:32:06.167+0000] {processor.py:840} INFO - DAG(s) 'batch_pipeline_harga_pangan' retrieved from /opt/airflow/dags/batch_pipeline_dag.py
[2026-07-02T07:32:06.223+0000] {logging_mixin.py:188} INFO - [2026-07-02T07:32:06.223+0000] {dag.py:3036} INFO - Sync 1 DAGs
[2026-07-02T07:32:06.246+0000] {logging_mixin.py:188} INFO - [2026-07-02T07:32:06.246+0000] {dag.py:3823} INFO - Setting next_dagrun for batch_pipeline_harga_pangan to 2026-07-01 23:00:00+00:00, run_after=2026-07-02 23:00:00+00:00
[2026-07-02T07:32:06.266+0000] {processor.py:183} INFO - Processing /opt/airflow/dags/batch_pipeline_dag.py took 0.129 seconds
[2026-07-02T07:32:39.815+0000] {processor.py:161} INFO - Started process (PID=5747) to work on /opt/airflow/dags/batch_pipeline_dag.py
[2026-07-02T07:32:39.816+0000] {processor.py:830} INFO - Processing file /opt/airflow/dags/batch_pipeline_dag.py for tasks to queue
[2026-07-02T07:32:39.817+0000] {logging_mixin.py:188} INFO - [2026-07-02T07:32:39.817+0000] {dagbag.py:538} INFO - Filling up the DagBag from /opt/airflow/dags/batch_pipeline_dag.py
[2026-07-02T07:32:39.846+0000] {processor.py:840} INFO - DAG(s) 'batch_pipeline_harga_pangan' retrieved from /opt/airflow/dags/batch_pipeline_dag.py
[2026-07-02T07:32:39.906+0000] {logging_mixin.py:188} INFO - [2026-07-02T07:32:39.906+0000] {dag.py:3036} INFO - Sync 1 DAGs
[2026-07-02T07:32:39.930+0000] {logging_mixin.py:188} INFO - [2026-07-02T07:32:39.929+0000] {dag.py:3823} INFO - Setting next_dagrun for batch_pipeline_harga_pangan to 2026-07-01 23:00:00+00:00, run_after=2026-07-02 23:00:00+00:00
[2026-07-02T07:32:39.951+0000] {processor.py:183} INFO - Processing /opt/airflow/dags/batch_pipeline_dag.py took 0.139 seconds
[2026-07-02T07:33:12.530+0000] {processor.py:161} INFO - Started process (PID=5765) to work on /opt/airflow/dags/batch_pipeline_dag.py
[2026-07-02T07:33:12.531+0000] {processor.py:830} INFO - Processing file /opt/airflow/dags/batch_pipeline_dag.py for tasks to queue
[2026-07-02T07:33:12.532+0000] {logging_mixin.py:188} INFO - [2026-07-02T07:33:12.532+0000] {dagbag.py:538} INFO - Filling up the DagBag from /opt/airflow/dags/batch_pipeline_dag.py
[2026-07-02T07:33:12.557+0000] {processor.py:840} INFO - DAG(s) 'batch_pipeline_harga_pangan' retrieved from /opt/airflow/dags/batch_pipeline_dag.py
[2026-07-02T07:33:12.618+0000] {logging_mixin.py:188} INFO - [2026-07-02T07:33:12.618+0000] {dag.py:3036} INFO - Sync 1 DAGs
[2026-07-02T07:33:12.644+0000] {logging_mixin.py:188} INFO - [2026-07-02T07:33:12.644+0000] {dag.py:3823} INFO - Setting next_dagrun for batch_pipeline_harga_pangan to 2026-07-01 23:00:00+00:00, run_after=2026-07-02 23:00:00+00:00
[2026-07-02T07:33:12.664+0000] {processor.py:183} INFO - Processing /opt/airflow/dags/batch_pipeline_dag.py took 0.136 seconds
[2026-07-02T07:33:46.240+0000] {processor.py:161} INFO - Started process (PID=5783) to work on /opt/airflow/dags/batch_pipeline_dag.py
[2026-07-02T07:33:46.242+0000] {processor.py:830} INFO - Processing file /opt/airflow/dags/batch_pipeline_dag.py for tasks to queue
[2026-07-02T07:33:46.243+0000] {logging_mixin.py:188} INFO - [2026-07-02T07:33:46.243+0000] {dagbag.py:538} INFO - Filling up the DagBag from /opt/airflow/dags/batch_pipeline_dag.py
[2026-07-02T07:33:46.275+0000] {processor.py:840} INFO - DAG(s) 'batch_pipeline_harga_pangan' retrieved from /opt/airflow/dags/batch_pipeline_dag.py
[2026-07-02T07:33:46.328+0000] {logging_mixin.py:188} INFO - [2026-07-02T07:33:46.327+0000] {dag.py:3036} INFO - Sync 1 DAGs
[2026-07-02T07:33:46.347+0000] {logging_mixin.py:188} INFO - [2026-07-02T07:33:46.347+0000] {dag.py:3823} INFO - Setting next_dagrun for batch_pipeline_harga_pangan to 2026-07-01 23:00:00+00:00, run_after=2026-07-02 23:00:00+00:00
[2026-07-02T07:33:46.365+0000] {processor.py:183} INFO - Processing /opt/airflow/dags/batch_pipeline_dag.py took 0.128 seconds
[2026-07-02T07:34:19.904+0000] {processor.py:161} INFO - Started process (PID=5802) to work on /opt/airflow/dags/batch_pipeline_dag.py
[2026-07-02T07:34:19.905+0000] {processor.py:830} INFO - Processing file /opt/airflow/dags/batch_pipeline_dag.py for tasks to queue
[2026-07-02T07:34:19.906+0000] {logging_mixin.py:188} INFO - [2026-07-02T07:34:19.906+0000] {dagbag.py:538} INFO - Filling up the DagBag from /opt/airflow/dags/batch_pipeline_dag.py
[2026-07-02T07:34:19.932+0000] {processor.py:840} INFO - DAG(s) 'batch_pipeline_harga_pangan' retrieved from /opt/airflow/dags/batch_pipeline_dag.py
[2026-07-02T07:34:19.982+0000] {logging_mixin.py:188} INFO - [2026-07-02T07:34:19.982+0000] {dag.py:3036} INFO - Sync 1 DAGs
[2026-07-02T07:34:20.004+0000] {logging_mixin.py:188} INFO - [2026-07-02T07:34:20.004+0000] {dag.py:3823} INFO - Setting next_dagrun for batch_pipeline_harga_pangan to 2026-07-01 23:00:00+00:00, run_after=2026-07-02 23:00:00+00:00
[2026-07-02T07:34:20.022+0000] {processor.py:183} INFO - Processing /opt/airflow/dags/batch_pipeline_dag.py took 0.121 seconds
[2026-07-02T07:34:53.461+0000] {processor.py:161} INFO - Started process (PID=5820) to work on /opt/airflow/dags/batch_pipeline_dag.py
[2026-07-02T07:34:53.462+0000] {processor.py:830} INFO - Processing file /opt/airflow/dags/batch_pipeline_dag.py for tasks to queue
[2026-07-02T07:34:53.462+0000] {logging_mixin.py:188} INFO - [2026-07-02T07:34:53.462+0000] {dagbag.py:538} INFO - Filling up the DagBag from /opt/airflow/dags/batch_pipeline_dag.py
[2026-07-02T07:34:53.496+0000] {processor.py:840} INFO - DAG(s) 'batch_pipeline_harga_pangan' retrieved from /opt/airflow/dags/batch_pipeline_dag.py
[2026-07-02T07:34:53.605+0000] {logging_mixin.py:188} INFO - [2026-07-02T07:34:53.605+0000] {dag.py:3036} INFO - Sync 1 DAGs
[2026-07-02T07:34:54.289+0000] {logging_mixin.py:188} INFO - [2026-07-02T07:34:54.289+0000] {dag.py:3823} INFO - Setting next_dagrun for batch_pipeline_harga_pangan to 2026-07-01 23:00:00+00:00, run_after=2026-07-02 23:00:00+00:00
[2026-07-02T07:34:54.306+0000] {processor.py:183} INFO - Processing /opt/airflow/dags/batch_pipeline_dag.py took 0.850 seconds
[2026-07-02T07:35:26.072+0000] {processor.py:161} INFO - Started process (PID=5838) to work on /opt/airflow/dags/batch_pipeline_dag.py
[2026-07-02T07:35:26.073+0000] {processor.py:830} INFO - Processing file /opt/airflow/dags/batch_pipeline_dag.py for tasks to queue
[2026-07-02T07:35:26.074+0000] {logging_mixin.py:188} INFO - [2026-07-02T07:35:26.074+0000] {dagbag.py:538} INFO - Filling up the DagBag from /opt/airflow/dags/batch_pipeline_dag.py
[2026-07-02T07:35:26.110+0000] {processor.py:840} INFO - DAG(s) 'batch_pipeline_harga_pangan' retrieved from /opt/airflow/dags/batch_pipeline_dag.py
[2026-07-02T07:35:26.236+0000] {logging_mixin.py:188} INFO - [2026-07-02T07:35:26.236+0000] {dag.py:3036} INFO - Sync 1 DAGs
[2026-07-02T07:35:26.319+0000] {logging_mixin.py:188} INFO - [2026-07-02T07:35:26.318+0000] {dag.py:3823} INFO - Setting next_dagrun for batch_pipeline_harga_pangan to 2026-07-01 23:00:00+00:00, run_after=2026-07-02 23:00:00+00:00
[2026-07-02T07:35:26.382+0000] {processor.py:183} INFO - Processing /opt/airflow/dags/batch_pipeline_dag.py took 0.316 seconds
[2026-07-02T07:35:59.922+0000] {processor.py:161} INFO - Started process (PID=5856) to work on /opt/airflow/dags/batch_pipeline_dag.py
[2026-07-02T07:35:59.923+0000] {processor.py:830} INFO - Processing file /opt/airflow/dags/batch_pipeline_dag.py for tasks to queue
[2026-07-02T07:35:59.924+0000] {logging_mixin.py:188} INFO - [2026-07-02T07:35:59.924+0000] {dagbag.py:538} INFO - Filling up the DagBag from /opt/airflow/dags/batch_pipeline_dag.py
[2026-07-02T07:35:59.947+0000] {processor.py:840} INFO - DAG(s) 'batch_pipeline_harga_pangan' retrieved from /opt/airflow/dags/batch_pipeline_dag.py
[2026-07-02T07:36:00.006+0000] {logging_mixin.py:188} INFO - [2026-07-02T07:36:00.005+0000] {dag.py:3036} INFO - Sync 1 DAGs
[2026-07-02T07:36:00.200+0000] {logging_mixin.py:188} INFO - [2026-07-02T07:36:00.200+0000] {dag.py:3823} INFO - Setting next_dagrun for batch_pipeline_harga_pangan to 2026-07-01 23:00:00+00:00, run_after=2026-07-02 23:00:00+00:00
[2026-07-02T07:36:00.227+0000] {processor.py:183} INFO - Processing /opt/airflow/dags/batch_pipeline_dag.py took 0.310 seconds
[2026-07-02T07:36:32.578+0000] {processor.py:161} INFO - Started process (PID=5874) to work on /opt/airflow/dags/batch_pipeline_dag.py
[2026-07-02T07:36:32.579+0000] {processor.py:830} INFO - Processing file /opt/airflow/dags/batch_pipeline_dag.py for tasks to queue
[2026-07-02T07:36:32.580+0000] {logging_mixin.py:188} INFO - [2026-07-02T07:36:32.579+0000] {dagbag.py:538} INFO - Filling up the DagBag from /opt/airflow/dags/batch_pipeline_dag.py
[2026-07-02T07:36:32.606+0000] {processor.py:840} INFO - DAG(s) 'batch_pipeline_harga_pangan' retrieved from /opt/airflow/dags/batch_pipeline_dag.py
[2026-07-02T07:36:32.660+0000] {logging_mixin.py:188} INFO - [2026-07-02T07:36:32.660+0000] {dag.py:3036} INFO - Sync 1 DAGs
[2026-07-02T07:36:32.683+0000] {logging_mixin.py:188} INFO - [2026-07-02T07:36:32.682+0000] {dag.py:3823} INFO - Setting next_dagrun for batch_pipeline_harga_pangan to 2026-07-01 23:00:00+00:00, run_after=2026-07-02 23:00:00+00:00
[2026-07-02T07:36:32.703+0000] {processor.py:183} INFO - Processing /opt/airflow/dags/batch_pipeline_dag.py took 0.129 seconds
[2026-07-02T07:37:06.262+0000] {processor.py:161} INFO - Started process (PID=5892) to work on /opt/airflow/dags/batch_pipeline_dag.py
[2026-07-02T07:37:06.264+0000] {processor.py:830} INFO - Processing file /opt/airflow/dags/batch_pipeline_dag.py for tasks to queue
[2026-07-02T07:37:06.265+0000] {logging_mixin.py:188} INFO - [2026-07-02T07:37:06.265+0000] {dagbag.py:538} INFO - Filling up the DagBag from /opt/airflow/dags/batch_pipeline_dag.py
[2026-07-02T07:37:06.301+0000] {processor.py:840} INFO - DAG(s) 'batch_pipeline_harga_pangan' retrieved from /opt/airflow/dags/batch_pipeline_dag.py
[2026-07-02T07:37:06.352+0000] {logging_mixin.py:188} INFO - [2026-07-02T07:37:06.352+0000] {dag.py:3036} INFO - Sync 1 DAGs
[2026-07-02T07:37:06.540+0000] {logging_mixin.py:188} INFO - [2026-07-02T07:37:06.540+0000] {dag.py:3823} INFO - Setting next_dagrun for batch_pipeline_harga_pangan to 2026-07-01 23:00:00+00:00, run_after=2026-07-02 23:00:00+00:00
[2026-07-02T07:37:06.559+0000] {processor.py:183} INFO - Processing /opt/airflow/dags/batch_pipeline_dag.py took 0.301 seconds
[2026-07-02T07:37:40.103+0000] {processor.py:161} INFO - Started process (PID=5911) to work on /opt/airflow/dags/batch_pipeline_dag.py
[2026-07-02T07:37:40.104+0000] {processor.py:830} INFO - Processing file /opt/airflow/dags/batch_pipeline_dag.py for tasks to queue
[2026-07-02T07:37:40.105+0000] {logging_mixin.py:188} INFO - [2026-07-02T07:37:40.105+0000] {dagbag.py:538} INFO - Filling up the DagBag from /opt/airflow/dags/batch_pipeline_dag.py
[2026-07-02T07:37:40.136+0000] {processor.py:840} INFO - DAG(s) 'batch_pipeline_harga_pangan' retrieved from /opt/airflow/dags/batch_pipeline_dag.py
[2026-07-02T07:37:40.195+0000] {logging_mixin.py:188} INFO - [2026-07-02T07:37:40.195+0000] {dag.py:3036} INFO - Sync 1 DAGs
[2026-07-02T07:37:40.218+0000] {logging_mixin.py:188} INFO - [2026-07-02T07:37:40.217+0000] {dag.py:3823} INFO - Setting next_dagrun for batch_pipeline_harga_pangan to 2026-07-01 23:00:00+00:00, run_after=2026-07-02 23:00:00+00:00
[2026-07-02T07:37:40.368+0000] {processor.py:183} INFO - Processing /opt/airflow/dags/batch_pipeline_dag.py took 0.268 seconds
[2026-07-02T07:38:12.798+0000] {processor.py:161} INFO - Started process (PID=5929) to work on /opt/airflow/dags/batch_pipeline_dag.py
[2026-07-02T07:38:12.799+0000] {processor.py:830} INFO - Processing file /opt/airflow/dags/batch_pipeline_dag.py for tasks to queue
[2026-07-02T07:38:12.801+0000] {logging_mixin.py:188} INFO - [2026-07-02T07:38:12.800+0000] {dagbag.py:538} INFO - Filling up the DagBag from /opt/airflow/dags/batch_pipeline_dag.py
[2026-07-02T07:38:12.825+0000] {processor.py:840} INFO - DAG(s) 'batch_pipeline_harga_pangan' retrieved from /opt/airflow/dags/batch_pipeline_dag.py
[2026-07-02T07:38:13.009+0000] {logging_mixin.py:188} INFO - [2026-07-02T07:38:13.009+0000] {dag.py:3036} INFO - Sync 1 DAGs
[2026-07-02T07:38:13.029+0000] {logging_mixin.py:188} INFO - [2026-07-02T07:38:13.029+0000] {dag.py:3823} INFO - Setting next_dagrun for batch_pipeline_harga_pangan to 2026-07-01 23:00:00+00:00, run_after=2026-07-02 23:00:00+00:00
[2026-07-02T07:38:13.052+0000] {processor.py:183} INFO - Processing /opt/airflow/dags/batch_pipeline_dag.py took 0.257 seconds
[2026-07-02T07:38:46.629+0000] {processor.py:161} INFO - Started process (PID=5947) to work on /opt/airflow/dags/batch_pipeline_dag.py
[2026-07-02T07:38:46.630+0000] {processor.py:830} INFO - Processing file /opt/airflow/dags/batch_pipeline_dag.py for tasks to queue
[2026-07-02T07:38:46.632+0000] {logging_mixin.py:188} INFO - [2026-07-02T07:38:46.631+0000] {dagbag.py:538} INFO - Filling up the DagBag from /opt/airflow/dags/batch_pipeline_dag.py
[2026-07-02T07:38:46.661+0000] {processor.py:840} INFO - DAG(s) 'batch_pipeline_harga_pangan' retrieved from /opt/airflow/dags/batch_pipeline_dag.py
[2026-07-02T07:38:46.722+0000] {logging_mixin.py:188} INFO - [2026-07-02T07:38:46.721+0000] {dag.py:3036} INFO - Sync 1 DAGs
[2026-07-02T07:38:46.881+0000] {logging_mixin.py:188} INFO - [2026-07-02T07:38:46.881+0000] {dag.py:3823} INFO - Setting next_dagrun for batch_pipeline_harga_pangan to 2026-07-01 23:00:00+00:00, run_after=2026-07-02 23:00:00+00:00
[2026-07-02T07:38:46.903+0000] {processor.py:183} INFO - Processing /opt/airflow/dags/batch_pipeline_dag.py took 0.279 seconds
[2026-07-02T07:39:19.322+0000] {processor.py:161} INFO - Started process (PID=5957) to work on /opt/airflow/dags/batch_pipeline_dag.py
[2026-07-02T07:39:19.323+0000] {processor.py:830} INFO - Processing file /opt/airflow/dags/batch_pipeline_dag.py for tasks to queue
[2026-07-02T07:39:19.324+0000] {logging_mixin.py:188} INFO - [2026-07-02T07:39:19.324+0000] {dagbag.py:538} INFO - Filling up the DagBag from /opt/airflow/dags/batch_pipeline_dag.py
[2026-07-02T07:39:19.535+0000] {processor.py:840} INFO - DAG(s) 'batch_pipeline_harga_pangan' retrieved from /opt/airflow/dags/batch_pipeline_dag.py
[2026-07-02T07:39:19.590+0000] {logging_mixin.py:188} INFO - [2026-07-02T07:39:19.590+0000] {dag.py:3036} INFO - Sync 1 DAGs
[2026-07-02T07:39:19.609+0000] {logging_mixin.py:188} INFO - [2026-07-02T07:39:19.609+0000] {dag.py:3823} INFO - Setting next_dagrun for batch_pipeline_harga_pangan to 2026-07-01 23:00:00+00:00, run_after=2026-07-02 23:00:00+00:00
[2026-07-02T07:39:19.623+0000] {processor.py:183} INFO - Processing /opt/airflow/dags/batch_pipeline_dag.py took 0.306 seconds
[2026-07-02T07:39:53.153+0000] {processor.py:161} INFO - Started process (PID=5975) to work on /opt/airflow/dags/batch_pipeline_dag.py
[2026-07-02T07:39:53.154+0000] {processor.py:830} INFO - Processing file /opt/airflow/dags/batch_pipeline_dag.py for tasks to queue
[2026-07-02T07:39:53.155+0000] {logging_mixin.py:188} INFO - [2026-07-02T07:39:53.155+0000] {dagbag.py:538} INFO - Filling up the DagBag from /opt/airflow/dags/batch_pipeline_dag.py
[2026-07-02T07:39:53.189+0000] {processor.py:840} INFO - DAG(s) 'batch_pipeline_harga_pangan' retrieved from /opt/airflow/dags/batch_pipeline_dag.py
[2026-07-02T07:39:53.248+0000] {logging_mixin.py:188} INFO - [2026-07-02T07:39:53.247+0000] {dag.py:3036} INFO - Sync 1 DAGs
[2026-07-02T07:39:53.273+0000] {logging_mixin.py:188} INFO - [2026-07-02T07:39:53.273+0000] {dag.py:3823} INFO - Setting next_dagrun for batch_pipeline_harga_pangan to 2026-07-01 23:00:00+00:00, run_after=2026-07-02 23:00:00+00:00
[2026-07-02T07:39:53.291+0000] {processor.py:183} INFO - Processing /opt/airflow/dags/batch_pipeline_dag.py took 0.141 seconds
[2026-07-02T07:40:25.966+0000] {processor.py:161} INFO - Started process (PID=5993) to work on /opt/airflow/dags/batch_pipeline_dag.py
[2026-07-02T07:40:25.967+0000] {processor.py:830} INFO - Processing file /opt/airflow/dags/batch_pipeline_dag.py for tasks to queue
[2026-07-02T07:40:25.969+0000] {logging_mixin.py:188} INFO - [2026-07-02T07:40:25.968+0000] {dagbag.py:538} INFO - Filling up the DagBag from /opt/airflow/dags/batch_pipeline_dag.py
[2026-07-02T07:40:26.001+0000] {processor.py:840} INFO - DAG(s) 'batch_pipeline_harga_pangan' retrieved from /opt/airflow/dags/batch_pipeline_dag.py
[2026-07-02T07:40:26.082+0000] {logging_mixin.py:188} INFO - [2026-07-02T07:40:26.082+0000] {dag.py:3036} INFO - Sync 1 DAGs
[2026-07-02T07:40:26.112+0000] {logging_mixin.py:188} INFO - [2026-07-02T07:40:26.112+0000] {dag.py:3823} INFO - Setting next_dagrun for batch_pipeline_harga_pangan to 2026-07-01 23:00:00+00:00, run_after=2026-07-02 23:00:00+00:00
[2026-07-02T07:40:26.142+0000] {processor.py:183} INFO - Processing /opt/airflow/dags/batch_pipeline_dag.py took 0.179 seconds
[2026-07-02T07:40:59.681+0000] {processor.py:161} INFO - Started process (PID=6011) to work on /opt/airflow/dags/batch_pipeline_dag.py
[2026-07-02T07:40:59.683+0000] {processor.py:830} INFO - Processing file /opt/airflow/dags/batch_pipeline_dag.py for tasks to queue
[2026-07-02T07:40:59.684+0000] {logging_mixin.py:188} INFO - [2026-07-02T07:40:59.684+0000] {dagbag.py:538} INFO - Filling up the DagBag from /opt/airflow/dags/batch_pipeline_dag.py
[2026-07-02T07:40:59.718+0000] {processor.py:840} INFO - DAG(s) 'batch_pipeline_harga_pangan' retrieved from /opt/airflow/dags/batch_pipeline_dag.py
[2026-07-02T07:40:59.784+0000] {logging_mixin.py:188} INFO - [2026-07-02T07:40:59.783+0000] {dag.py:3036} INFO - Sync 1 DAGs
[2026-07-02T07:40:59.805+0000] {logging_mixin.py:188} INFO - [2026-07-02T07:40:59.805+0000] {dag.py:3823} INFO - Setting next_dagrun for batch_pipeline_harga_pangan to 2026-07-01 23:00:00+00:00, run_after=2026-07-02 23:00:00+00:00
[2026-07-02T07:40:59.823+0000] {processor.py:183} INFO - Processing /opt/airflow/dags/batch_pipeline_dag.py took 0.148 seconds
[2026-07-02T07:41:32.801+0000] {processor.py:161} INFO - Started process (PID=6029) to work on /opt/airflow/dags/batch_pipeline_dag.py
[2026-07-02T07:41:32.802+0000] {processor.py:830} INFO - Processing file /opt/airflow/dags/batch_pipeline_dag.py for tasks to queue
[2026-07-02T07:41:32.803+0000] {logging_mixin.py:188} INFO - [2026-07-02T07:41:32.803+0000] {dagbag.py:538} INFO - Filling up the DagBag from /opt/airflow/dags/batch_pipeline_dag.py
[2026-07-02T07:41:32.833+0000] {processor.py:840} INFO - DAG(s) 'batch_pipeline_harga_pangan' retrieved from /opt/airflow/dags/batch_pipeline_dag.py
[2026-07-02T07:41:32.893+0000] {logging_mixin.py:188} INFO - [2026-07-02T07:41:32.893+0000] {dag.py:3036} INFO - Sync 1 DAGs
[2026-07-02T07:41:32.918+0000] {logging_mixin.py:188} INFO - [2026-07-02T07:41:32.917+0000] {dag.py:3823} INFO - Setting next_dagrun for batch_pipeline_harga_pangan to 2026-07-01 23:00:00+00:00, run_after=2026-07-02 23:00:00+00:00
[2026-07-02T07:41:32.934+0000] {processor.py:183} INFO - Processing /opt/airflow/dags/batch_pipeline_dag.py took 0.137 seconds
[2026-07-02T07:42:06.473+0000] {processor.py:161} INFO - Started process (PID=6047) to work on /opt/airflow/dags/batch_pipeline_dag.py
[2026-07-02T07:42:06.473+0000] {processor.py:830} INFO - Processing file /opt/airflow/dags/batch_pipeline_dag.py for tasks to queue
[2026-07-02T07:42:06.474+0000] {logging_mixin.py:188} INFO - [2026-07-02T07:42:06.474+0000] {dagbag.py:538} INFO - Filling up the DagBag from /opt/airflow/dags/batch_pipeline_dag.py
[2026-07-02T07:42:06.497+0000] {processor.py:840} INFO - DAG(s) 'batch_pipeline_harga_pangan' retrieved from /opt/airflow/dags/batch_pipeline_dag.py
[2026-07-02T07:42:06.546+0000] {logging_mixin.py:188} INFO - [2026-07-02T07:42:06.546+0000] {dag.py:3036} INFO - Sync 1 DAGs
[2026-07-02T07:42:06.568+0000] {logging_mixin.py:188} INFO - [2026-07-02T07:42:06.568+0000] {dag.py:3823} INFO - Setting next_dagrun for batch_pipeline_harga_pangan to 2026-07-01 23:00:00+00:00, run_after=2026-07-02 23:00:00+00:00
[2026-07-02T07:42:06.592+0000] {processor.py:183} INFO - Processing /opt/airflow/dags/batch_pipeline_dag.py took 0.122 seconds
[2026-07-02T07:42:40.159+0000] {processor.py:161} INFO - Started process (PID=6065) to work on /opt/airflow/dags/batch_pipeline_dag.py
[2026-07-02T07:42:40.160+0000] {processor.py:830} INFO - Processing file /opt/airflow/dags/batch_pipeline_dag.py for tasks to queue
[2026-07-02T07:42:40.162+0000] {logging_mixin.py:188} INFO - [2026-07-02T07:42:40.162+0000] {dagbag.py:538} INFO - Filling up the DagBag from /opt/airflow/dags/batch_pipeline_dag.py
[2026-07-02T07:42:40.193+0000] {processor.py:840} INFO - DAG(s) 'batch_pipeline_harga_pangan' retrieved from /opt/airflow/dags/batch_pipeline_dag.py
[2026-07-02T07:42:40.260+0000] {logging_mixin.py:188} INFO - [2026-07-02T07:42:40.260+0000] {dag.py:3036} INFO - Sync 1 DAGs
[2026-07-02T07:42:40.286+0000] {logging_mixin.py:188} INFO - [2026-07-02T07:42:40.286+0000] {dag.py:3823} INFO - Setting next_dagrun for batch_pipeline_harga_pangan to 2026-07-01 23:00:00+00:00, run_after=2026-07-02 23:00:00+00:00
[2026-07-02T07:42:40.306+0000] {processor.py:183} INFO - Processing /opt/airflow/dags/batch_pipeline_dag.py took 0.151 seconds
[2026-07-02T07:43:12.872+0000] {processor.py:161} INFO - Started process (PID=6083) to work on /opt/airflow/dags/batch_pipeline_dag.py
[2026-07-02T07:43:12.873+0000] {processor.py:830} INFO - Processing file /opt/airflow/dags/batch_pipeline_dag.py for tasks to queue
[2026-07-02T07:43:12.874+0000] {logging_mixin.py:188} INFO - [2026-07-02T07:43:12.874+0000] {dagbag.py:538} INFO - Filling up the DagBag from /opt/airflow/dags/batch_pipeline_dag.py
[2026-07-02T07:43:12.902+0000] {processor.py:840} INFO - DAG(s) 'batch_pipeline_harga_pangan' retrieved from /opt/airflow/dags/batch_pipeline_dag.py
[2026-07-02T07:43:12.967+0000] {logging_mixin.py:188} INFO - [2026-07-02T07:43:12.967+0000] {dag.py:3036} INFO - Sync 1 DAGs
[2026-07-02T07:43:12.990+0000] {logging_mixin.py:188} INFO - [2026-07-02T07:43:12.990+0000] {dag.py:3823} INFO - Setting next_dagrun for batch_pipeline_harga_pangan to 2026-07-01 23:00:00+00:00, run_after=2026-07-02 23:00:00+00:00
[2026-07-02T07:43:13.009+0000] {processor.py:183} INFO - Processing /opt/airflow/dags/batch_pipeline_dag.py took 0.139 seconds
[2026-07-02T07:43:46.563+0000] {processor.py:161} INFO - Started process (PID=6101) to work on /opt/airflow/dags/batch_pipeline_dag.py
[2026-07-02T07:43:46.564+0000] {processor.py:830} INFO - Processing file /opt/airflow/dags/batch_pipeline_dag.py for tasks to queue
[2026-07-02T07:43:46.565+0000] {logging_mixin.py:188} INFO - [2026-07-02T07:43:46.565+0000] {dagbag.py:538} INFO - Filling up the DagBag from /opt/airflow/dags/batch_pipeline_dag.py
[2026-07-02T07:43:46.598+0000] {processor.py:840} INFO - DAG(s) 'batch_pipeline_harga_pangan' retrieved from /opt/airflow/dags/batch_pipeline_dag.py
[2026-07-02T07:43:46.671+0000] {logging_mixin.py:188} INFO - [2026-07-02T07:43:46.670+0000] {dag.py:3036} INFO - Sync 1 DAGs
[2026-07-02T07:43:46.693+0000] {logging_mixin.py:188} INFO - [2026-07-02T07:43:46.693+0000] {dag.py:3823} INFO - Setting next_dagrun for batch_pipeline_harga_pangan to 2026-07-01 23:00:00+00:00, run_after=2026-07-02 23:00:00+00:00
[2026-07-02T07:43:46.711+0000] {processor.py:183} INFO - Processing /opt/airflow/dags/batch_pipeline_dag.py took 0.153 seconds
[2026-07-02T07:44:19.234+0000] {processor.py:161} INFO - Started process (PID=6119) to work on /opt/airflow/dags/batch_pipeline_dag.py
[2026-07-02T07:44:19.235+0000] {processor.py:830} INFO - Processing file /opt/airflow/dags/batch_pipeline_dag.py for tasks to queue
[2026-07-02T07:44:19.236+0000] {logging_mixin.py:188} INFO - [2026-07-02T07:44:19.236+0000] {dagbag.py:538} INFO - Filling up the DagBag from /opt/airflow/dags/batch_pipeline_dag.py
[2026-07-02T07:44:19.261+0000] {processor.py:840} INFO - DAG(s) 'batch_pipeline_harga_pangan' retrieved from /opt/airflow/dags/batch_pipeline_dag.py
[2026-07-02T07:44:19.320+0000] {logging_mixin.py:188} INFO - [2026-07-02T07:44:19.320+0000] {dag.py:3036} INFO - Sync 1 DAGs
[2026-07-02T07:44:19.346+0000] {logging_mixin.py:188} INFO - [2026-07-02T07:44:19.346+0000] {dag.py:3823} INFO - Setting next_dagrun for batch_pipeline_harga_pangan to 2026-07-01 23:00:00+00:00, run_after=2026-07-02 23:00:00+00:00
[2026-07-02T07:44:19.370+0000] {processor.py:183} INFO - Processing /opt/airflow/dags/batch_pipeline_dag.py took 0.138 seconds
[2026-07-02T07:44:52.926+0000] {processor.py:161} INFO - Started process (PID=6137) to work on /opt/airflow/dags/batch_pipeline_dag.py
[2026-07-02T07:44:52.928+0000] {processor.py:830} INFO - Processing file /opt/airflow/dags/batch_pipeline_dag.py for tasks to queue
[2026-07-02T07:44:52.929+0000] {logging_mixin.py:188} INFO - [2026-07-02T07:44:52.929+0000] {dagbag.py:538} INFO - Filling up the DagBag from /opt/airflow/dags/batch_pipeline_dag.py
[2026-07-02T07:44:52.954+0000] {processor.py:840} INFO - DAG(s) 'batch_pipeline_harga_pangan' retrieved from /opt/airflow/dags/batch_pipeline_dag.py
[2026-07-02T07:44:53.008+0000] {logging_mixin.py:188} INFO - [2026-07-02T07:44:53.008+0000] {dag.py:3036} INFO - Sync 1 DAGs
[2026-07-02T07:44:53.031+0000] {logging_mixin.py:188} INFO - [2026-07-02T07:44:53.030+0000] {dag.py:3823} INFO - Setting next_dagrun for batch_pipeline_harga_pangan to 2026-07-01 23:00:00+00:00, run_after=2026-07-02 23:00:00+00:00
[2026-07-02T07:44:53.049+0000] {processor.py:183} INFO - Processing /opt/airflow/dags/batch_pipeline_dag.py took 0.127 seconds
[2026-07-02T07:45:26.797+0000] {processor.py:161} INFO - Started process (PID=6155) to work on /opt/airflow/dags/batch_pipeline_dag.py
[2026-07-02T07:45:26.799+0000] {processor.py:830} INFO - Processing file /opt/airflow/dags/batch_pipeline_dag.py for tasks to queue
[2026-07-02T07:45:26.800+0000] {logging_mixin.py:188} INFO - [2026-07-02T07:45:26.800+0000] {dagbag.py:538} INFO - Filling up the DagBag from /opt/airflow/dags/batch_pipeline_dag.py
[2026-07-02T07:45:26.853+0000] {processor.py:840} INFO - DAG(s) 'batch_pipeline_harga_pangan' retrieved from /opt/airflow/dags/batch_pipeline_dag.py
[2026-07-02T07:45:26.951+0000] {logging_mixin.py:188} INFO - [2026-07-02T07:45:26.951+0000] {dag.py:3036} INFO - Sync 1 DAGs
[2026-07-02T07:45:26.988+0000] {logging_mixin.py:188} INFO - [2026-07-02T07:45:26.987+0000] {dag.py:3823} INFO - Setting next_dagrun for batch_pipeline_harga_pangan to 2026-07-01 23:00:00+00:00, run_after=2026-07-02 23:00:00+00:00
[2026-07-02T07:45:27.014+0000] {processor.py:183} INFO - Processing /opt/airflow/dags/batch_pipeline_dag.py took 0.224 seconds
[2026-07-02T07:45:59.533+0000] {processor.py:161} INFO - Started process (PID=6165) to work on /opt/airflow/dags/batch_pipeline_dag.py
[2026-07-02T07:45:59.534+0000] {processor.py:830} INFO - Processing file /opt/airflow/dags/batch_pipeline_dag.py for tasks to queue
[2026-07-02T07:45:59.535+0000] {logging_mixin.py:188} INFO - [2026-07-02T07:45:59.535+0000] {dagbag.py:538} INFO - Filling up the DagBag from /opt/airflow/dags/batch_pipeline_dag.py
[2026-07-02T07:45:59.565+0000] {processor.py:840} INFO - DAG(s) 'batch_pipeline_harga_pangan' retrieved from /opt/airflow/dags/batch_pipeline_dag.py
[2026-07-02T07:45:59.625+0000] {logging_mixin.py:188} INFO - [2026-07-02T07:45:59.625+0000] {dag.py:3036} INFO - Sync 1 DAGs
[2026-07-02T07:45:59.647+0000] {logging_mixin.py:188} INFO - [2026-07-02T07:45:59.647+0000] {dag.py:3823} INFO - Setting next_dagrun for batch_pipeline_harga_pangan to 2026-07-01 23:00:00+00:00, run_after=2026-07-02 23:00:00+00:00
[2026-07-02T07:45:59.664+0000] {processor.py:183} INFO - Processing /opt/airflow/dags/batch_pipeline_dag.py took 0.134 seconds
[2026-07-02T07:46:33.196+0000] {processor.py:161} INFO - Started process (PID=6183) to work on /opt/airflow/dags/batch_pipeline_dag.py
[2026-07-02T07:46:33.197+0000] {processor.py:830} INFO - Processing file /opt/airflow/dags/batch_pipeline_dag.py for tasks to queue
[2026-07-02T07:46:33.197+0000] {logging_mixin.py:188} INFO - [2026-07-02T07:46:33.197+0000] {dagbag.py:538} INFO - Filling up the DagBag from /opt/airflow/dags/batch_pipeline_dag.py
[2026-07-02T07:46:33.224+0000] {processor.py:840} INFO - DAG(s) 'batch_pipeline_harga_pangan' retrieved from /opt/airflow/dags/batch_pipeline_dag.py
[2026-07-02T07:46:33.278+0000] {logging_mixin.py:188} INFO - [2026-07-02T07:46:33.278+0000] {dag.py:3036} INFO - Sync 1 DAGs
[2026-07-02T07:46:33.304+0000] {logging_mixin.py:188} INFO - [2026-07-02T07:46:33.304+0000] {dag.py:3823} INFO - Setting next_dagrun for batch_pipeline_harga_pangan to 2026-07-01 23:00:00+00:00, run_after=2026-07-02 23:00:00+00:00
[2026-07-02T07:46:33.323+0000] {processor.py:183} INFO - Processing /opt/airflow/dags/batch_pipeline_dag.py took 0.131 seconds
[2026-07-02T07:47:05.924+0000] {processor.py:161} INFO - Started process (PID=6201) to work on /opt/airflow/dags/batch_pipeline_dag.py
[2026-07-02T07:47:05.925+0000] {processor.py:830} INFO - Processing file /opt/airflow/dags/batch_pipeline_dag.py for tasks to queue
[2026-07-02T07:47:05.926+0000] {logging_mixin.py:188} INFO - [2026-07-02T07:47:05.926+0000] {dagbag.py:538} INFO - Filling up the DagBag from /opt/airflow/dags/batch_pipeline_dag.py
[2026-07-02T07:47:05.957+0000] {processor.py:840} INFO - DAG(s) 'batch_pipeline_harga_pangan' retrieved from /opt/airflow/dags/batch_pipeline_dag.py
[2026-07-02T07:47:06.017+0000] {logging_mixin.py:188} INFO - [2026-07-02T07:47:06.016+0000] {dag.py:3036} INFO - Sync 1 DAGs
[2026-07-02T07:47:06.041+0000] {logging_mixin.py:188} INFO - [2026-07-02T07:47:06.041+0000] {dag.py:3823} INFO - Setting next_dagrun for batch_pipeline_harga_pangan to 2026-07-01 23:00:00+00:00, run_after=2026-07-02 23:00:00+00:00
[2026-07-02T07:47:06.062+0000] {processor.py:183} INFO - Processing /opt/airflow/dags/batch_pipeline_dag.py took 0.142 seconds
[2026-07-02T07:47:39.603+0000] {processor.py:161} INFO - Started process (PID=6219) to work on /opt/airflow/dags/batch_pipeline_dag.py
[2026-07-02T07:47:39.604+0000] {processor.py:830} INFO - Processing file /opt/airflow/dags/batch_pipeline_dag.py for tasks to queue
[2026-07-02T07:47:39.605+0000] {logging_mixin.py:188} INFO - [2026-07-02T07:47:39.605+0000] {dagbag.py:538} INFO - Filling up the DagBag from /opt/airflow/dags/batch_pipeline_dag.py
[2026-07-02T07:47:39.631+0000] {processor.py:840} INFO - DAG(s) 'batch_pipeline_harga_pangan' retrieved from /opt/airflow/dags/batch_pipeline_dag.py
[2026-07-02T07:47:39.687+0000] {logging_mixin.py:188} INFO - [2026-07-02T07:47:39.687+0000] {dag.py:3036} INFO - Sync 1 DAGs
[2026-07-02T07:47:39.711+0000] {logging_mixin.py:188} INFO - [2026-07-02T07:47:39.710+0000] {dag.py:3823} INFO - Setting next_dagrun for batch_pipeline_harga_pangan to 2026-07-01 23:00:00+00:00, run_after=2026-07-02 23:00:00+00:00
[2026-07-02T07:47:39.730+0000] {processor.py:183} INFO - Processing /opt/airflow/dags/batch_pipeline_dag.py took 0.129 seconds
[2026-07-02T07:48:13.313+0000] {processor.py:161} INFO - Started process (PID=6237) to work on /opt/airflow/dags/batch_pipeline_dag.py
[2026-07-02T07:48:13.314+0000] {processor.py:830} INFO - Processing file /opt/airflow/dags/batch_pipeline_dag.py for tasks to queue
[2026-07-02T07:48:13.315+0000] {logging_mixin.py:188} INFO - [2026-07-02T07:48:13.314+0000] {dagbag.py:538} INFO - Filling up the DagBag from /opt/airflow/dags/batch_pipeline_dag.py
[2026-07-02T07:48:13.348+0000] {processor.py:840} INFO - DAG(s) 'batch_pipeline_harga_pangan' retrieved from /opt/airflow/dags/batch_pipeline_dag.py
[2026-07-02T07:48:13.424+0000] {logging_mixin.py:188} INFO - [2026-07-02T07:48:13.424+0000] {dag.py:3036} INFO - Sync 1 DAGs
[2026-07-02T07:48:13.451+0000] {logging_mixin.py:188} INFO - [2026-07-02T07:48:13.450+0000] {dag.py:3823} INFO - Setting next_dagrun for batch_pipeline_harga_pangan to 2026-07-01 23:00:00+00:00, run_after=2026-07-02 23:00:00+00:00
[2026-07-02T07:48:13.470+0000] {processor.py:183} INFO - Processing /opt/airflow/dags/batch_pipeline_dag.py took 0.160 seconds
[2026-07-02T07:48:46.100+0000] {processor.py:161} INFO - Started process (PID=6255) to work on /opt/airflow/dags/batch_pipeline_dag.py
[2026-07-02T07:48:46.102+0000] {processor.py:830} INFO - Processing file /opt/airflow/dags/batch_pipeline_dag.py for tasks to queue
[2026-07-02T07:48:46.103+0000] {logging_mixin.py:188} INFO - [2026-07-02T07:48:46.103+0000] {dagbag.py:538} INFO - Filling up the DagBag from /opt/airflow/dags/batch_pipeline_dag.py
[2026-07-02T07:48:46.126+0000] {processor.py:840} INFO - DAG(s) 'batch_pipeline_harga_pangan' retrieved from /opt/airflow/dags/batch_pipeline_dag.py
[2026-07-02T07:48:46.195+0000] {logging_mixin.py:188} INFO - [2026-07-02T07:48:46.195+0000] {dag.py:3036} INFO - Sync 1 DAGs
[2026-07-02T07:48:46.219+0000] {logging_mixin.py:188} INFO - [2026-07-02T07:48:46.219+0000] {dag.py:3823} INFO - Setting next_dagrun for batch_pipeline_harga_pangan to 2026-07-01 23:00:00+00:00, run_after=2026-07-02 23:00:00+00:00
[2026-07-02T07:48:46.243+0000] {processor.py:183} INFO - Processing /opt/airflow/dags/batch_pipeline_dag.py took 0.146 seconds
[2026-07-02T07:49:19.768+0000] {processor.py:161} INFO - Started process (PID=6273) to work on /opt/airflow/dags/batch_pipeline_dag.py
[2026-07-02T07:49:19.769+0000] {processor.py:830} INFO - Processing file /opt/airflow/dags/batch_pipeline_dag.py for tasks to queue
[2026-07-02T07:49:19.770+0000] {logging_mixin.py:188} INFO - [2026-07-02T07:49:19.770+0000] {dagbag.py:538} INFO - Filling up the DagBag from /opt/airflow/dags/batch_pipeline_dag.py
[2026-07-02T07:49:19.794+0000] {processor.py:840} INFO - DAG(s) 'batch_pipeline_harga_pangan' retrieved from /opt/airflow/dags/batch_pipeline_dag.py
[2026-07-02T07:49:19.857+0000] {logging_mixin.py:188} INFO - [2026-07-02T07:49:19.856+0000] {dag.py:3036} INFO - Sync 1 DAGs
[2026-07-02T07:49:19.883+0000] {logging_mixin.py:188} INFO - [2026-07-02T07:49:19.882+0000] {dag.py:3823} INFO - Setting next_dagrun for batch_pipeline_harga_pangan to 2026-07-01 23:00:00+00:00, run_after=2026-07-02 23:00:00+00:00
[2026-07-02T07:49:19.907+0000] {processor.py:183} INFO - Processing /opt/airflow/dags/batch_pipeline_dag.py took 0.141 seconds
[2026-07-02T07:49:53.428+0000] {processor.py:161} INFO - Started process (PID=6291) to work on /opt/airflow/dags/batch_pipeline_dag.py
[2026-07-02T07:49:53.430+0000] {processor.py:830} INFO - Processing file /opt/airflow/dags/batch_pipeline_dag.py for tasks to queue
[2026-07-02T07:49:53.430+0000] {logging_mixin.py:188} INFO - [2026-07-02T07:49:53.430+0000] {dagbag.py:538} INFO - Filling up the DagBag from /opt/airflow/dags/batch_pipeline_dag.py
[2026-07-02T07:49:53.454+0000] {processor.py:840} INFO - DAG(s) 'batch_pipeline_harga_pangan' retrieved from /opt/airflow/dags/batch_pipeline_dag.py
[2026-07-02T07:49:53.514+0000] {logging_mixin.py:188} INFO - [2026-07-02T07:49:53.514+0000] {dag.py:3036} INFO - Sync 1 DAGs
[2026-07-02T07:49:53.537+0000] {logging_mixin.py:188} INFO - [2026-07-02T07:49:53.537+0000] {dag.py:3823} INFO - Setting next_dagrun for batch_pipeline_harga_pangan to 2026-07-01 23:00:00+00:00, run_after=2026-07-02 23:00:00+00:00
[2026-07-02T07:49:53.554+0000] {processor.py:183} INFO - Processing /opt/airflow/dags/batch_pipeline_dag.py took 0.129 seconds
[2026-07-02T07:50:26.282+0000] {processor.py:161} INFO - Started process (PID=6309) to work on /opt/airflow/dags/batch_pipeline_dag.py
[2026-07-02T07:50:26.285+0000] {processor.py:830} INFO - Processing file /opt/airflow/dags/batch_pipeline_dag.py for tasks to queue
[2026-07-02T07:50:26.287+0000] {logging_mixin.py:188} INFO - [2026-07-02T07:50:26.287+0000] {dagbag.py:538} INFO - Filling up the DagBag from /opt/airflow/dags/batch_pipeline_dag.py
[2026-07-02T07:50:26.330+0000] {processor.py:840} INFO - DAG(s) 'batch_pipeline_harga_pangan' retrieved from /opt/airflow/dags/batch_pipeline_dag.py
[2026-07-02T07:50:26.436+0000] {logging_mixin.py:188} INFO - [2026-07-02T07:50:26.436+0000] {dag.py:3036} INFO - Sync 1 DAGs
[2026-07-02T07:50:26.471+0000] {logging_mixin.py:188} INFO - [2026-07-02T07:50:26.471+0000] {dag.py:3823} INFO - Setting next_dagrun for batch_pipeline_harga_pangan to 2026-07-01 23:00:00+00:00, run_after=2026-07-02 23:00:00+00:00
[2026-07-02T07:50:26.497+0000] {processor.py:183} INFO - Processing /opt/airflow/dags/batch_pipeline_dag.py took 0.219 seconds
[2026-07-02T07:51:00.030+0000] {processor.py:161} INFO - Started process (PID=6327) to work on /opt/airflow/dags/batch_pipeline_dag.py
[2026-07-02T07:51:00.031+0000] {processor.py:830} INFO - Processing file /opt/airflow/dags/batch_pipeline_dag.py for tasks to queue
[2026-07-02T07:51:00.032+0000] {logging_mixin.py:188} INFO - [2026-07-02T07:51:00.031+0000] {dagbag.py:538} INFO - Filling up the DagBag from /opt/airflow/dags/batch_pipeline_dag.py
[2026-07-02T07:51:00.059+0000] {processor.py:840} INFO - DAG(s) 'batch_pipeline_harga_pangan' retrieved from /opt/airflow/dags/batch_pipeline_dag.py
[2026-07-02T07:51:00.134+0000] {logging_mixin.py:188} INFO - [2026-07-02T07:51:00.134+0000] {dag.py:3036} INFO - Sync 1 DAGs
[2026-07-02T07:51:00.158+0000] {logging_mixin.py:188} INFO - [2026-07-02T07:51:00.158+0000] {dag.py:3823} INFO - Setting next_dagrun for batch_pipeline_harga_pangan to 2026-07-01 23:00:00+00:00, run_after=2026-07-02 23:00:00+00:00
[2026-07-02T07:51:00.181+0000] {processor.py:183} INFO - Processing /opt/airflow/dags/batch_pipeline_dag.py took 0.154 seconds
[2026-07-02T07:51:32.819+0000] {processor.py:161} INFO - Started process (PID=6345) to work on /opt/airflow/dags/batch_pipeline_dag.py
[2026-07-02T07:51:32.820+0000] {processor.py:830} INFO - Processing file /opt/airflow/dags/batch_pipeline_dag.py for tasks to queue
[2026-07-02T07:51:32.821+0000] {logging_mixin.py:188} INFO - [2026-07-02T07:51:32.820+0000] {dagbag.py:538} INFO - Filling up the DagBag from /opt/airflow/dags/batch_pipeline_dag.py
[2026-07-02T07:51:32.850+0000] {processor.py:840} INFO - DAG(s) 'batch_pipeline_harga_pangan' retrieved from /opt/airflow/dags/batch_pipeline_dag.py
[2026-07-02T07:51:32.915+0000] {logging_mixin.py:188} INFO - [2026-07-02T07:51:32.915+0000] {dag.py:3036} INFO - Sync 1 DAGs
[2026-07-02T07:51:32.941+0000] {logging_mixin.py:188} INFO - [2026-07-02T07:51:32.940+0000] {dag.py:3823} INFO - Setting next_dagrun for batch_pipeline_harga_pangan to 2026-07-01 23:00:00+00:00, run_after=2026-07-02 23:00:00+00:00
[2026-07-02T07:51:32.963+0000] {processor.py:183} INFO - Processing /opt/airflow/dags/batch_pipeline_dag.py took 0.147 seconds
[2026-07-02T07:52:06.479+0000] {processor.py:161} INFO - Started process (PID=6363) to work on /opt/airflow/dags/batch_pipeline_dag.py
[2026-07-02T07:52:06.481+0000] {processor.py:830} INFO - Processing file /opt/airflow/dags/batch_pipeline_dag.py for tasks to queue
[2026-07-02T07:52:06.482+0000] {logging_mixin.py:188} INFO - [2026-07-02T07:52:06.482+0000] {dagbag.py:538} INFO - Filling up the DagBag from /opt/airflow/dags/batch_pipeline_dag.py
[2026-07-02T07:52:06.517+0000] {processor.py:840} INFO - DAG(s) 'batch_pipeline_harga_pangan' retrieved from /opt/airflow/dags/batch_pipeline_dag.py
[2026-07-02T07:52:06.593+0000] {logging_mixin.py:188} INFO - [2026-07-02T07:52:06.593+0000] {dag.py:3036} INFO - Sync 1 DAGs
[2026-07-02T07:52:06.626+0000] {logging_mixin.py:188} INFO - [2026-07-02T07:52:06.626+0000] {dag.py:3823} INFO - Setting next_dagrun for batch_pipeline_harga_pangan to 2026-07-01 23:00:00+00:00, run_after=2026-07-02 23:00:00+00:00
[2026-07-02T07:52:06.653+0000] {processor.py:183} INFO - Processing /opt/airflow/dags/batch_pipeline_dag.py took 0.177 seconds
[2026-07-02T07:52:40.196+0000] {processor.py:161} INFO - Started process (PID=6381) to work on /opt/airflow/dags/batch_pipeline_dag.py
[2026-07-02T07:52:40.197+0000] {processor.py:830} INFO - Processing file /opt/airflow/dags/batch_pipeline_dag.py for tasks to queue
[2026-07-02T07:52:40.198+0000] {logging_mixin.py:188} INFO - [2026-07-02T07:52:40.198+0000] {dagbag.py:538} INFO - Filling up the DagBag from /opt/airflow/dags/batch_pipeline_dag.py
[2026-07-02T07:52:40.220+0000] {processor.py:840} INFO - DAG(s) 'batch_pipeline_harga_pangan' retrieved from /opt/airflow/dags/batch_pipeline_dag.py
[2026-07-02T07:52:40.269+0000] {logging_mixin.py:188} INFO - [2026-07-02T07:52:40.268+0000] {dag.py:3036} INFO - Sync 1 DAGs
[2026-07-02T07:52:40.293+0000] {logging_mixin.py:188} INFO - [2026-07-02T07:52:40.293+0000] {dag.py:3823} INFO - Setting next_dagrun for batch_pipeline_harga_pangan to 2026-07-01 23:00:00+00:00, run_after=2026-07-02 23:00:00+00:00
[2026-07-02T07:52:40.317+0000] {processor.py:183} INFO - Processing /opt/airflow/dags/batch_pipeline_dag.py took 0.124 seconds
[2026-07-02T07:53:13.079+0000] {processor.py:161} INFO - Started process (PID=6398) to work on /opt/airflow/dags/batch_pipeline_dag.py
[2026-07-02T07:53:13.081+0000] {processor.py:830} INFO - Processing file /opt/airflow/dags/batch_pipeline_dag.py for tasks to queue
[2026-07-02T07:53:13.083+0000] {logging_mixin.py:188} INFO - [2026-07-02T07:53:13.082+0000] {dagbag.py:538} INFO - Filling up the DagBag from /opt/airflow/dags/batch_pipeline_dag.py
[2026-07-02T07:53:13.137+0000] {processor.py:840} INFO - DAG(s) 'batch_pipeline_harga_pangan' retrieved from /opt/airflow/dags/batch_pipeline_dag.py
[2026-07-02T07:53:13.242+0000] {logging_mixin.py:188} INFO - [2026-07-02T07:53:13.242+0000] {dag.py:3036} INFO - Sync 1 DAGs
[2026-07-02T07:53:13.278+0000] {logging_mixin.py:188} INFO - [2026-07-02T07:53:13.277+0000] {dag.py:3823} INFO - Setting next_dagrun for batch_pipeline_harga_pangan to 2026-07-01 23:00:00+00:00, run_after=2026-07-02 23:00:00+00:00
[2026-07-02T07:53:13.306+0000] {processor.py:183} INFO - Processing /opt/airflow/dags/batch_pipeline_dag.py took 0.238 seconds
[2026-07-02T07:53:46.817+0000] {processor.py:161} INFO - Started process (PID=6409) to work on /opt/airflow/dags/batch_pipeline_dag.py
[2026-07-02T07:53:46.819+0000] {processor.py:830} INFO - Processing file /opt/airflow/dags/batch_pipeline_dag.py for tasks to queue
[2026-07-02T07:53:46.821+0000] {logging_mixin.py:188} INFO - [2026-07-02T07:53:46.820+0000] {dagbag.py:538} INFO - Filling up the DagBag from /opt/airflow/dags/batch_pipeline_dag.py
[2026-07-02T07:53:46.858+0000] {processor.py:840} INFO - DAG(s) 'batch_pipeline_harga_pangan' retrieved from /opt/airflow/dags/batch_pipeline_dag.py
[2026-07-02T07:53:46.924+0000] {logging_mixin.py:188} INFO - [2026-07-02T07:53:46.924+0000] {dag.py:3036} INFO - Sync 1 DAGs
[2026-07-02T07:53:46.949+0000] {logging_mixin.py:188} INFO - [2026-07-02T07:53:46.949+0000] {dag.py:3823} INFO - Setting next_dagrun for batch_pipeline_harga_pangan to 2026-07-01 23:00:00+00:00, run_after=2026-07-02 23:00:00+00:00
[2026-07-02T07:53:46.964+0000] {processor.py:183} INFO - Processing /opt/airflow/dags/batch_pipeline_dag.py took 0.151 seconds
[2026-07-02T07:54:19.531+0000] {processor.py:161} INFO - Started process (PID=6428) to work on /opt/airflow/dags/batch_pipeline_dag.py
[2026-07-02T07:54:19.532+0000] {processor.py:830} INFO - Processing file /opt/airflow/dags/batch_pipeline_dag.py for tasks to queue
[2026-07-02T07:54:19.533+0000] {logging_mixin.py:188} INFO - [2026-07-02T07:54:19.533+0000] {dagbag.py:538} INFO - Filling up the DagBag from /opt/airflow/dags/batch_pipeline_dag.py
[2026-07-02T07:54:19.565+0000] {processor.py:840} INFO - DAG(s) 'batch_pipeline_harga_pangan' retrieved from /opt/airflow/dags/batch_pipeline_dag.py
[2026-07-02T07:54:19.627+0000] {logging_mixin.py:188} INFO - [2026-07-02T07:54:19.627+0000] {dag.py:3036} INFO - Sync 1 DAGs
[2026-07-02T07:54:19.652+0000] {logging_mixin.py:188} INFO - [2026-07-02T07:54:19.652+0000] {dag.py:3823} INFO - Setting next_dagrun for batch_pipeline_harga_pangan to 2026-07-01 23:00:00+00:00, run_after=2026-07-02 23:00:00+00:00
[2026-07-02T07:54:19.676+0000] {processor.py:183} INFO - Processing /opt/airflow/dags/batch_pipeline_dag.py took 0.148 seconds
[2026-07-02T07:54:53.217+0000] {processor.py:161} INFO - Started process (PID=6447) to work on /opt/airflow/dags/batch_pipeline_dag.py
[2026-07-02T07:54:53.218+0000] {processor.py:830} INFO - Processing file /opt/airflow/dags/batch_pipeline_dag.py for tasks to queue
[2026-07-02T07:54:53.219+0000] {logging_mixin.py:188} INFO - [2026-07-02T07:54:53.219+0000] {dagbag.py:538} INFO - Filling up the DagBag from /opt/airflow/dags/batch_pipeline_dag.py
[2026-07-02T07:54:53.245+0000] {processor.py:840} INFO - DAG(s) 'batch_pipeline_harga_pangan' retrieved from /opt/airflow/dags/batch_pipeline_dag.py
[2026-07-02T07:54:53.298+0000] {logging_mixin.py:188} INFO - [2026-07-02T07:54:53.298+0000] {dag.py:3036} INFO - Sync 1 DAGs
[2026-07-02T07:54:53.321+0000] {logging_mixin.py:188} INFO - [2026-07-02T07:54:53.321+0000] {dag.py:3823} INFO - Setting next_dagrun for batch_pipeline_harga_pangan to 2026-07-01 23:00:00+00:00, run_after=2026-07-02 23:00:00+00:00
[2026-07-02T07:54:53.342+0000] {processor.py:183} INFO - Processing /opt/airflow/dags/batch_pipeline_dag.py took 0.128 seconds
[2026-07-02T07:55:26.967+0000] {processor.py:161} INFO - Started process (PID=6465) to work on /opt/airflow/dags/batch_pipeline_dag.py
[2026-07-02T07:55:26.968+0000] {processor.py:830} INFO - Processing file /opt/airflow/dags/batch_pipeline_dag.py for tasks to queue
[2026-07-02T07:55:26.969+0000] {logging_mixin.py:188} INFO - [2026-07-02T07:55:26.968+0000] {dagbag.py:538} INFO - Filling up the DagBag from /opt/airflow/dags/batch_pipeline_dag.py
[2026-07-02T07:55:26.994+0000] {processor.py:840} INFO - DAG(s) 'batch_pipeline_harga_pangan' retrieved from /opt/airflow/dags/batch_pipeline_dag.py
[2026-07-02T07:55:27.055+0000] {logging_mixin.py:188} INFO - [2026-07-02T07:55:27.055+0000] {dag.py:3036} INFO - Sync 1 DAGs
[2026-07-02T07:55:27.079+0000] {logging_mixin.py:188} INFO - [2026-07-02T07:55:27.079+0000] {dag.py:3823} INFO - Setting next_dagrun for batch_pipeline_harga_pangan to 2026-07-01 23:00:00+00:00, run_after=2026-07-02 23:00:00+00:00
[2026-07-02T07:55:27.101+0000] {processor.py:183} INFO - Processing /opt/airflow/dags/batch_pipeline_dag.py took 0.137 seconds
[2026-07-02T07:55:57.166+0000] {processor.py:161} INFO - Started process (PID=6483) to work on /opt/airflow/dags/batch_pipeline_dag.py
[2026-07-02T07:55:57.167+0000] {processor.py:830} INFO - Processing file /opt/airflow/dags/batch_pipeline_dag.py for tasks to queue
[2026-07-02T07:55:57.168+0000] {logging_mixin.py:188} INFO - [2026-07-02T07:55:57.168+0000] {dagbag.py:538} INFO - Filling up the DagBag from /opt/airflow/dags/batch_pipeline_dag.py
[2026-07-02T07:55:57.194+0000] {processor.py:840} INFO - DAG(s) 'batch_pipeline_harga_pangan' retrieved from /opt/airflow/dags/batch_pipeline_dag.py
[2026-07-02T07:55:57.256+0000] {logging_mixin.py:188} INFO - [2026-07-02T07:55:57.256+0000] {dag.py:3036} INFO - Sync 1 DAGs
[2026-07-02T07:55:57.278+0000] {logging_mixin.py:188} INFO - [2026-07-02T07:55:57.278+0000] {dag.py:3823} INFO - Setting next_dagrun for batch_pipeline_harga_pangan to 2026-07-01 23:00:00+00:00, run_after=2026-07-02 23:00:00+00:00
[2026-07-02T07:55:57.296+0000] {processor.py:183} INFO - Processing /opt/airflow/dags/batch_pipeline_dag.py took 0.133 seconds
[2026-07-02T07:56:27.624+0000] {processor.py:161} INFO - Started process (PID=6501) to work on /opt/airflow/dags/batch_pipeline_dag.py
[2026-07-02T07:56:27.625+0000] {processor.py:830} INFO - Processing file /opt/airflow/dags/batch_pipeline_dag.py for tasks to queue
[2026-07-02T07:56:27.626+0000] {logging_mixin.py:188} INFO - [2026-07-02T07:56:27.626+0000] {dagbag.py:538} INFO - Filling up the DagBag from /opt/airflow/dags/batch_pipeline_dag.py
[2026-07-02T07:56:27.652+0000] {processor.py:840} INFO - DAG(s) 'batch_pipeline_harga_pangan' retrieved from /opt/airflow/dags/batch_pipeline_dag.py
[2026-07-02T07:56:27.706+0000] {logging_mixin.py:188} INFO - [2026-07-02T07:56:27.705+0000] {dag.py:3036} INFO - Sync 1 DAGs
[2026-07-02T07:56:27.729+0000] {logging_mixin.py:188} INFO - [2026-07-02T07:56:27.729+0000] {dag.py:3823} INFO - Setting next_dagrun for batch_pipeline_harga_pangan to 2026-07-01 23:00:00+00:00, run_after=2026-07-02 23:00:00+00:00
[2026-07-02T07:56:27.750+0000] {processor.py:183} INFO - Processing /opt/airflow/dags/batch_pipeline_dag.py took 0.129 seconds
[2026-07-02T07:56:58.601+0000] {processor.py:161} INFO - Started process (PID=6519) to work on /opt/airflow/dags/batch_pipeline_dag.py
[2026-07-02T07:56:58.602+0000] {processor.py:830} INFO - Processing file /opt/airflow/dags/batch_pipeline_dag.py for tasks to queue
[2026-07-02T07:56:58.603+0000] {logging_mixin.py:188} INFO - [2026-07-02T07:56:58.603+0000] {dagbag.py:538} INFO - Filling up the DagBag from /opt/airflow/dags/batch_pipeline_dag.py
[2026-07-02T07:56:58.627+0000] {processor.py:840} INFO - DAG(s) 'batch_pipeline_harga_pangan' retrieved from /opt/airflow/dags/batch_pipeline_dag.py
[2026-07-02T07:56:58.681+0000] {logging_mixin.py:188} INFO - [2026-07-02T07:56:58.681+0000] {dag.py:3036} INFO - Sync 1 DAGs
[2026-07-02T07:56:58.705+0000] {logging_mixin.py:188} INFO - [2026-07-02T07:56:58.705+0000] {dag.py:3823} INFO - Setting next_dagrun for batch_pipeline_harga_pangan to 2026-07-01 23:00:00+00:00, run_after=2026-07-02 23:00:00+00:00
[2026-07-02T07:56:58.724+0000] {processor.py:183} INFO - Processing /opt/airflow/dags/batch_pipeline_dag.py took 0.126 seconds
[2026-07-02T07:57:29.328+0000] {processor.py:161} INFO - Started process (PID=6537) to work on /opt/airflow/dags/batch_pipeline_dag.py
[2026-07-02T07:57:29.329+0000] {processor.py:830} INFO - Processing file /opt/airflow/dags/batch_pipeline_dag.py for tasks to queue
[2026-07-02T07:57:29.330+0000] {logging_mixin.py:188} INFO - [2026-07-02T07:57:29.329+0000] {dagbag.py:538} INFO - Filling up the DagBag from /opt/airflow/dags/batch_pipeline_dag.py
[2026-07-02T07:57:29.354+0000] {processor.py:840} INFO - DAG(s) 'batch_pipeline_harga_pangan' retrieved from /opt/airflow/dags/batch_pipeline_dag.py
[2026-07-02T07:57:29.410+0000] {logging_mixin.py:188} INFO - [2026-07-02T07:57:29.410+0000] {dag.py:3036} INFO - Sync 1 DAGs
[2026-07-02T07:57:29.435+0000] {logging_mixin.py:188} INFO - [2026-07-02T07:57:29.434+0000] {dag.py:3823} INFO - Setting next_dagrun for batch_pipeline_harga_pangan to 2026-07-01 23:00:00+00:00, run_after=2026-07-02 23:00:00+00:00
[2026-07-02T07:57:29.455+0000] {processor.py:183} INFO - Processing /opt/airflow/dags/batch_pipeline_dag.py took 0.129 seconds
[2026-07-02T07:57:59.999+0000] {processor.py:161} INFO - Started process (PID=6555) to work on /opt/airflow/dags/batch_pipeline_dag.py
[2026-07-02T07:58:00.000+0000] {processor.py:830} INFO - Processing file /opt/airflow/dags/batch_pipeline_dag.py for tasks to queue
[2026-07-02T07:58:00.001+0000] {logging_mixin.py:188} INFO - [2026-07-02T07:58:00.001+0000] {dagbag.py:538} INFO - Filling up the DagBag from /opt/airflow/dags/batch_pipeline_dag.py
[2026-07-02T07:58:00.034+0000] {processor.py:840} INFO - DAG(s) 'batch_pipeline_harga_pangan' retrieved from /opt/airflow/dags/batch_pipeline_dag.py
[2026-07-02T07:58:00.104+0000] {logging_mixin.py:188} INFO - [2026-07-02T07:58:00.104+0000] {dag.py:3036} INFO - Sync 1 DAGs
[2026-07-02T07:58:00.133+0000] {logging_mixin.py:188} INFO - [2026-07-02T07:58:00.133+0000] {dag.py:3823} INFO - Setting next_dagrun for batch_pipeline_harga_pangan to 2026-07-01 23:00:00+00:00, run_after=2026-07-02 23:00:00+00:00
[2026-07-02T07:58:00.158+0000] {processor.py:183} INFO - Processing /opt/airflow/dags/batch_pipeline_dag.py took 0.163 seconds
[2026-07-02T07:58:30.670+0000] {processor.py:161} INFO - Started process (PID=6565) to work on /opt/airflow/dags/batch_pipeline_dag.py
[2026-07-02T07:58:30.671+0000] {processor.py:830} INFO - Processing file /opt/airflow/dags/batch_pipeline_dag.py for tasks to queue
[2026-07-02T07:58:30.672+0000] {logging_mixin.py:188} INFO - [2026-07-02T07:58:30.672+0000] {dagbag.py:538} INFO - Filling up the DagBag from /opt/airflow/dags/batch_pipeline_dag.py
[2026-07-02T07:58:30.696+0000] {processor.py:840} INFO - DAG(s) 'batch_pipeline_harga_pangan' retrieved from /opt/airflow/dags/batch_pipeline_dag.py
[2026-07-02T07:58:30.755+0000] {logging_mixin.py:188} INFO - [2026-07-02T07:58:30.754+0000] {dag.py:3036} INFO - Sync 1 DAGs
[2026-07-02T07:58:30.778+0000] {logging_mixin.py:188} INFO - [2026-07-02T07:58:30.778+0000] {dag.py:3823} INFO - Setting next_dagrun for batch_pipeline_harga_pangan to 2026-07-01 23:00:00+00:00, run_after=2026-07-02 23:00:00+00:00
[2026-07-02T07:58:30.797+0000] {processor.py:183} INFO - Processing /opt/airflow/dags/batch_pipeline_dag.py took 0.132 seconds
[2026-07-02T07:59:01.423+0000] {processor.py:161} INFO - Started process (PID=6583) to work on /opt/airflow/dags/batch_pipeline_dag.py
[2026-07-02T07:59:01.427+0000] {processor.py:830} INFO - Processing file /opt/airflow/dags/batch_pipeline_dag.py for tasks to queue
[2026-07-02T07:59:01.432+0000] {logging_mixin.py:188} INFO - [2026-07-02T07:59:01.432+0000] {dagbag.py:538} INFO - Filling up the DagBag from /opt/airflow/dags/batch_pipeline_dag.py
[2026-07-02T07:59:01.500+0000] {processor.py:840} INFO - DAG(s) 'batch_pipeline_harga_pangan' retrieved from /opt/airflow/dags/batch_pipeline_dag.py
[2026-07-02T07:59:01.571+0000] {logging_mixin.py:188} INFO - [2026-07-02T07:59:01.570+0000] {dag.py:3036} INFO - Sync 1 DAGs
[2026-07-02T07:59:01.601+0000] {logging_mixin.py:188} INFO - [2026-07-02T07:59:01.601+0000] {dag.py:3823} INFO - Setting next_dagrun for batch_pipeline_harga_pangan to 2026-07-01 23:00:00+00:00, run_after=2026-07-02 23:00:00+00:00
[2026-07-02T07:59:01.628+0000] {processor.py:183} INFO - Processing /opt/airflow/dags/batch_pipeline_dag.py took 0.210 seconds
[2026-07-02T07:59:32.158+0000] {processor.py:161} INFO - Started process (PID=6601) to work on /opt/airflow/dags/batch_pipeline_dag.py
[2026-07-02T07:59:32.159+0000] {processor.py:830} INFO - Processing file /opt/airflow/dags/batch_pipeline_dag.py for tasks to queue
[2026-07-02T07:59:32.160+0000] {logging_mixin.py:188} INFO - [2026-07-02T07:59:32.160+0000] {dagbag.py:538} INFO - Filling up the DagBag from /opt/airflow/dags/batch_pipeline_dag.py
[2026-07-02T07:59:32.183+0000] {processor.py:840} INFO - DAG(s) 'batch_pipeline_harga_pangan' retrieved from /opt/airflow/dags/batch_pipeline_dag.py
[2026-07-02T07:59:32.236+0000] {logging_mixin.py:188} INFO - [2026-07-02T07:59:32.236+0000] {dag.py:3036} INFO - Sync 1 DAGs
[2026-07-02T07:59:32.257+0000] {logging_mixin.py:188} INFO - [2026-07-02T07:59:32.257+0000] {dag.py:3823} INFO - Setting next_dagrun for batch_pipeline_harga_pangan to 2026-07-01 23:00:00+00:00, run_after=2026-07-02 23:00:00+00:00
[2026-07-02T07:59:32.280+0000] {processor.py:183} INFO - Processing /opt/airflow/dags/batch_pipeline_dag.py took 0.125 seconds
[2026-07-02T08:00:02.807+0000] {processor.py:161} INFO - Started process (PID=6619) to work on /opt/airflow/dags/batch_pipeline_dag.py
[2026-07-02T08:00:02.808+0000] {processor.py:830} INFO - Processing file /opt/airflow/dags/batch_pipeline_dag.py for tasks to queue
[2026-07-02T08:00:02.809+0000] {logging_mixin.py:188} INFO - [2026-07-02T08:00:02.808+0000] {dagbag.py:538} INFO - Filling up the DagBag from /opt/airflow/dags/batch_pipeline_dag.py
[2026-07-02T08:00:02.832+0000] {processor.py:840} INFO - DAG(s) 'batch_pipeline_harga_pangan' retrieved from /opt/airflow/dags/batch_pipeline_dag.py
[2026-07-02T08:00:02.884+0000] {logging_mixin.py:188} INFO - [2026-07-02T08:00:02.883+0000] {dag.py:3036} INFO - Sync 1 DAGs
[2026-07-02T08:00:02.907+0000] {logging_mixin.py:188} INFO - [2026-07-02T08:00:02.907+0000] {dag.py:3823} INFO - Setting next_dagrun for batch_pipeline_harga_pangan to 2026-07-01 23:00:00+00:00, run_after=2026-07-02 23:00:00+00:00
[2026-07-02T08:00:02.925+0000] {processor.py:183} INFO - Processing /opt/airflow/dags/batch_pipeline_dag.py took 0.122 seconds
[2026-07-02T08:00:33.606+0000] {processor.py:161} INFO - Started process (PID=6637) to work on /opt/airflow/dags/batch_pipeline_dag.py
[2026-07-02T08:00:33.607+0000] {processor.py:830} INFO - Processing file /opt/airflow/dags/batch_pipeline_dag.py for tasks to queue
[2026-07-02T08:00:33.608+0000] {logging_mixin.py:188} INFO - [2026-07-02T08:00:33.608+0000] {dagbag.py:538} INFO - Filling up the DagBag from /opt/airflow/dags/batch_pipeline_dag.py
[2026-07-02T08:00:33.632+0000] {processor.py:840} INFO - DAG(s) 'batch_pipeline_harga_pangan' retrieved from /opt/airflow/dags/batch_pipeline_dag.py
[2026-07-02T08:00:33.695+0000] {logging_mixin.py:188} INFO - [2026-07-02T08:00:33.695+0000] {dag.py:3036} INFO - Sync 1 DAGs
[2026-07-02T08:00:33.715+0000] {logging_mixin.py:188} INFO - [2026-07-02T08:00:33.715+0000] {dag.py:3823} INFO - Setting next_dagrun for batch_pipeline_harga_pangan to 2026-07-01 23:00:00+00:00, run_after=2026-07-02 23:00:00+00:00
[2026-07-02T08:00:33.736+0000] {processor.py:183} INFO - Processing /opt/airflow/dags/batch_pipeline_dag.py took 0.134 seconds
[2026-07-02T08:01:04.254+0000] {processor.py:161} INFO - Started process (PID=6655) to work on /opt/airflow/dags/batch_pipeline_dag.py
[2026-07-02T08:01:04.256+0000] {processor.py:830} INFO - Processing file /opt/airflow/dags/batch_pipeline_dag.py for tasks to queue
[2026-07-02T08:01:04.257+0000] {logging_mixin.py:188} INFO - [2026-07-02T08:01:04.256+0000] {dagbag.py:538} INFO - Filling up the DagBag from /opt/airflow/dags/batch_pipeline_dag.py
[2026-07-02T08:01:04.278+0000] {processor.py:840} INFO - DAG(s) 'batch_pipeline_harga_pangan' retrieved from /opt/airflow/dags/batch_pipeline_dag.py
[2026-07-02T08:01:04.331+0000] {logging_mixin.py:188} INFO - [2026-07-02T08:01:04.330+0000] {dag.py:3036} INFO - Sync 1 DAGs
[2026-07-02T08:01:04.352+0000] {logging_mixin.py:188} INFO - [2026-07-02T08:01:04.352+0000] {dag.py:3823} INFO - Setting next_dagrun for batch_pipeline_harga_pangan to 2026-07-01 23:00:00+00:00, run_after=2026-07-02 23:00:00+00:00
[2026-07-02T08:01:04.381+0000] {processor.py:183} INFO - Processing /opt/airflow/dags/batch_pipeline_dag.py took 0.131 seconds
[2026-07-02T08:01:34.954+0000] {processor.py:161} INFO - Started process (PID=6665) to work on /opt/airflow/dags/batch_pipeline_dag.py
[2026-07-02T08:01:34.961+0000] {processor.py:830} INFO - Processing file /opt/airflow/dags/batch_pipeline_dag.py for tasks to queue
[2026-07-02T08:01:34.963+0000] {logging_mixin.py:188} INFO - [2026-07-02T08:01:34.963+0000] {dagbag.py:538} INFO - Filling up the DagBag from /opt/airflow/dags/batch_pipeline_dag.py
[2026-07-02T08:01:35.078+0000] {processor.py:840} INFO - DAG(s) 'batch_pipeline_harga_pangan' retrieved from /opt/airflow/dags/batch_pipeline_dag.py
[2026-07-02T08:01:35.203+0000] {logging_mixin.py:188} INFO - [2026-07-02T08:01:35.203+0000] {dag.py:3036} INFO - Sync 1 DAGs
[2026-07-02T08:01:35.231+0000] {logging_mixin.py:188} INFO - [2026-07-02T08:01:35.230+0000] {dag.py:3823} INFO - Setting next_dagrun for batch_pipeline_harga_pangan to 2026-07-01 23:00:00+00:00, run_after=2026-07-02 23:00:00+00:00
[2026-07-02T08:01:35.247+0000] {processor.py:183} INFO - Processing /opt/airflow/dags/batch_pipeline_dag.py took 0.296 seconds
[2026-07-02T08:02:06.778+0000] {processor.py:161} INFO - Started process (PID=6683) to work on /opt/airflow/dags/batch_pipeline_dag.py
[2026-07-02T08:02:06.779+0000] {processor.py:830} INFO - Processing file /opt/airflow/dags/batch_pipeline_dag.py for tasks to queue
[2026-07-02T08:02:06.780+0000] {logging_mixin.py:188} INFO - [2026-07-02T08:02:06.780+0000] {dagbag.py:538} INFO - Filling up the DagBag from /opt/airflow/dags/batch_pipeline_dag.py
[2026-07-02T08:02:06.806+0000] {processor.py:840} INFO - DAG(s) 'batch_pipeline_harga_pangan' retrieved from /opt/airflow/dags/batch_pipeline_dag.py
[2026-07-02T08:02:06.875+0000] {logging_mixin.py:188} INFO - [2026-07-02T08:02:06.875+0000] {dag.py:3036} INFO - Sync 1 DAGs
[2026-07-02T08:02:06.898+0000] {logging_mixin.py:188} INFO - [2026-07-02T08:02:06.898+0000] {dag.py:3823} INFO - Setting next_dagrun for batch_pipeline_harga_pangan to 2026-07-01 23:00:00+00:00, run_after=2026-07-02 23:00:00+00:00
[2026-07-02T08:02:06.918+0000] {processor.py:183} INFO - Processing /opt/airflow/dags/batch_pipeline_dag.py took 0.144 seconds
[2026-07-02T08:02:39.446+0000] {processor.py:161} INFO - Started process (PID=6701) to work on /opt/airflow/dags/batch_pipeline_dag.py
[2026-07-02T08:02:39.447+0000] {processor.py:830} INFO - Processing file /opt/airflow/dags/batch_pipeline_dag.py for tasks to queue
[2026-07-02T08:02:39.449+0000] {logging_mixin.py:188} INFO - [2026-07-02T08:02:39.449+0000] {dagbag.py:538} INFO - Filling up the DagBag from /opt/airflow/dags/batch_pipeline_dag.py
[2026-07-02T08:02:39.479+0000] {processor.py:840} INFO - DAG(s) 'batch_pipeline_harga_pangan' retrieved from /opt/airflow/dags/batch_pipeline_dag.py
[2026-07-02T08:02:39.549+0000] {logging_mixin.py:188} INFO - [2026-07-02T08:02:39.549+0000] {dag.py:3036} INFO - Sync 1 DAGs
[2026-07-02T08:02:39.577+0000] {logging_mixin.py:188} INFO - [2026-07-02T08:02:39.576+0000] {dag.py:3823} INFO - Setting next_dagrun for batch_pipeline_harga_pangan to 2026-07-01 23:00:00+00:00, run_after=2026-07-02 23:00:00+00:00
[2026-07-02T08:02:39.598+0000] {processor.py:183} INFO - Processing /opt/airflow/dags/batch_pipeline_dag.py took 0.156 seconds
[2026-07-02T08:03:13.236+0000] {processor.py:161} INFO - Started process (PID=6719) to work on /opt/airflow/dags/batch_pipeline_dag.py
[2026-07-02T08:03:13.239+0000] {processor.py:830} INFO - Processing file /opt/airflow/dags/batch_pipeline_dag.py for tasks to queue
[2026-07-02T08:03:13.241+0000] {logging_mixin.py:188} INFO - [2026-07-02T08:03:13.240+0000] {dagbag.py:538} INFO - Filling up the DagBag from /opt/airflow/dags/batch_pipeline_dag.py
[2026-07-02T08:03:13.308+0000] {processor.py:840} INFO - DAG(s) 'batch_pipeline_harga_pangan' retrieved from /opt/airflow/dags/batch_pipeline_dag.py
[2026-07-02T08:03:13.378+0000] {logging_mixin.py:188} INFO - [2026-07-02T08:03:13.377+0000] {dag.py:3036} INFO - Sync 1 DAGs
[2026-07-02T08:03:13.404+0000] {logging_mixin.py:188} INFO - [2026-07-02T08:03:13.404+0000] {dag.py:3823} INFO - Setting next_dagrun for batch_pipeline_harga_pangan to 2026-07-01 23:00:00+00:00, run_after=2026-07-02 23:00:00+00:00
[2026-07-02T08:03:13.423+0000] {processor.py:183} INFO - Processing /opt/airflow/dags/batch_pipeline_dag.py took 0.190 seconds
[2026-07-02T08:03:47.005+0000] {processor.py:161} INFO - Started process (PID=6738) to work on /opt/airflow/dags/batch_pipeline_dag.py
[2026-07-02T08:03:47.007+0000] {processor.py:830} INFO - Processing file /opt/airflow/dags/batch_pipeline_dag.py for tasks to queue
[2026-07-02T08:03:47.009+0000] {logging_mixin.py:188} INFO - [2026-07-02T08:03:47.008+0000] {dagbag.py:538} INFO - Filling up the DagBag from /opt/airflow/dags/batch_pipeline_dag.py
[2026-07-02T08:03:47.045+0000] {processor.py:840} INFO - DAG(s) 'batch_pipeline_harga_pangan' retrieved from /opt/airflow/dags/batch_pipeline_dag.py
[2026-07-02T08:03:47.137+0000] {logging_mixin.py:188} INFO - [2026-07-02T08:03:47.136+0000] {dag.py:3036} INFO - Sync 1 DAGs
[2026-07-02T08:03:47.178+0000] {logging_mixin.py:188} INFO - [2026-07-02T08:03:47.177+0000] {dag.py:3823} INFO - Setting next_dagrun for batch_pipeline_harga_pangan to 2026-07-01 23:00:00+00:00, run_after=2026-07-02 23:00:00+00:00
[2026-07-02T08:03:47.206+0000] {processor.py:183} INFO - Processing /opt/airflow/dags/batch_pipeline_dag.py took 0.207 seconds
[2026-07-02T08:04:19.736+0000] {processor.py:161} INFO - Started process (PID=6757) to work on /opt/airflow/dags/batch_pipeline_dag.py
[2026-07-02T08:04:19.737+0000] {processor.py:830} INFO - Processing file /opt/airflow/dags/batch_pipeline_dag.py for tasks to queue
[2026-07-02T08:04:19.738+0000] {logging_mixin.py:188} INFO - [2026-07-02T08:04:19.738+0000] {dagbag.py:538} INFO - Filling up the DagBag from /opt/airflow/dags/batch_pipeline_dag.py
[2026-07-02T08:04:19.769+0000] {processor.py:840} INFO - DAG(s) 'batch_pipeline_harga_pangan' retrieved from /opt/airflow/dags/batch_pipeline_dag.py
[2026-07-02T08:04:19.843+0000] {logging_mixin.py:188} INFO - [2026-07-02T08:04:19.843+0000] {dag.py:3036} INFO - Sync 1 DAGs
[2026-07-02T08:04:19.877+0000] {logging_mixin.py:188} INFO - [2026-07-02T08:04:19.877+0000] {dag.py:3823} INFO - Setting next_dagrun for batch_pipeline_harga_pangan to 2026-07-01 23:00:00+00:00, run_after=2026-07-02 23:00:00+00:00
[2026-07-02T08:04:19.903+0000] {processor.py:183} INFO - Processing /opt/airflow/dags/batch_pipeline_dag.py took 0.172 seconds
[2026-07-02T08:04:53.560+0000] {processor.py:161} INFO - Started process (PID=6775) to work on /opt/airflow/dags/batch_pipeline_dag.py
[2026-07-02T08:04:53.561+0000] {processor.py:830} INFO - Processing file /opt/airflow/dags/batch_pipeline_dag.py for tasks to queue
[2026-07-02T08:04:53.562+0000] {logging_mixin.py:188} INFO - [2026-07-02T08:04:53.562+0000] {dagbag.py:538} INFO - Filling up the DagBag from /opt/airflow/dags/batch_pipeline_dag.py
[2026-07-02T08:04:53.601+0000] {processor.py:840} INFO - DAG(s) 'batch_pipeline_harga_pangan' retrieved from /opt/airflow/dags/batch_pipeline_dag.py
[2026-07-02T08:04:53.673+0000] {logging_mixin.py:188} INFO - [2026-07-02T08:04:53.673+0000] {dag.py:3036} INFO - Sync 1 DAGs
[2026-07-02T08:04:53.700+0000] {logging_mixin.py:188} INFO - [2026-07-02T08:04:53.700+0000] {dag.py:3823} INFO - Setting next_dagrun for batch_pipeline_harga_pangan to 2026-07-01 23:00:00+00:00, run_after=2026-07-02 23:00:00+00:00
[2026-07-02T08:04:53.722+0000] {processor.py:183} INFO - Processing /opt/airflow/dags/batch_pipeline_dag.py took 0.165 seconds
[2026-07-02T08:05:26.488+0000] {processor.py:161} INFO - Started process (PID=6793) to work on /opt/airflow/dags/batch_pipeline_dag.py
[2026-07-02T08:05:26.489+0000] {processor.py:830} INFO - Processing file /opt/airflow/dags/batch_pipeline_dag.py for tasks to queue
[2026-07-02T08:05:26.490+0000] {logging_mixin.py:188} INFO - [2026-07-02T08:05:26.490+0000] {dagbag.py:538} INFO - Filling up the DagBag from /opt/airflow/dags/batch_pipeline_dag.py
[2026-07-02T08:05:26.530+0000] {processor.py:840} INFO - DAG(s) 'batch_pipeline_harga_pangan' retrieved from /opt/airflow/dags/batch_pipeline_dag.py
[2026-07-02T08:05:26.750+0000] {logging_mixin.py:188} INFO - [2026-07-02T08:05:26.749+0000] {dag.py:3036} INFO - Sync 1 DAGs
[2026-07-02T08:05:26.943+0000] {logging_mixin.py:188} INFO - [2026-07-02T08:05:26.943+0000] {dag.py:3823} INFO - Setting next_dagrun for batch_pipeline_harga_pangan to 2026-07-01 23:00:00+00:00, run_after=2026-07-02 23:00:00+00:00
[2026-07-02T08:05:27.073+0000] {processor.py:183} INFO - Processing /opt/airflow/dags/batch_pipeline_dag.py took 0.588 seconds
[2026-07-02T08:05:59.596+0000] {processor.py:161} INFO - Started process (PID=6811) to work on /opt/airflow/dags/batch_pipeline_dag.py
[2026-07-02T08:05:59.599+0000] {processor.py:830} INFO - Processing file /opt/airflow/dags/batch_pipeline_dag.py for tasks to queue
[2026-07-02T08:05:59.601+0000] {logging_mixin.py:188} INFO - [2026-07-02T08:05:59.600+0000] {dagbag.py:538} INFO - Filling up the DagBag from /opt/airflow/dags/batch_pipeline_dag.py
[2026-07-02T08:05:59.668+0000] {processor.py:840} INFO - DAG(s) 'batch_pipeline_harga_pangan' retrieved from /opt/airflow/dags/batch_pipeline_dag.py
[2026-07-02T08:05:59.792+0000] {logging_mixin.py:188} INFO - [2026-07-02T08:05:59.792+0000] {dag.py:3036} INFO - Sync 1 DAGs
[2026-07-02T08:05:59.843+0000] {logging_mixin.py:188} INFO - [2026-07-02T08:05:59.842+0000] {dag.py:3823} INFO - Setting next_dagrun for batch_pipeline_harga_pangan to 2026-07-01 23:00:00+00:00, run_after=2026-07-02 23:00:00+00:00
[2026-07-02T08:05:59.877+0000] {processor.py:183} INFO - Processing /opt/airflow/dags/batch_pipeline_dag.py took 0.293 seconds
[2026-07-02T08:06:33.987+0000] {processor.py:161} INFO - Started process (PID=6829) to work on /opt/airflow/dags/batch_pipeline_dag.py
[2026-07-02T08:06:34.000+0000] {processor.py:830} INFO - Processing file /opt/airflow/dags/batch_pipeline_dag.py for tasks to queue
[2026-07-02T08:06:34.013+0000] {logging_mixin.py:188} INFO - [2026-07-02T08:06:34.012+0000] {dagbag.py:538} INFO - Filling up the DagBag from /opt/airflow/dags/batch_pipeline_dag.py
[2026-07-02T08:06:34.218+0000] {processor.py:840} INFO - DAG(s) 'batch_pipeline_harga_pangan' retrieved from /opt/airflow/dags/batch_pipeline_dag.py
[2026-07-02T08:06:34.413+0000] {logging_mixin.py:188} INFO - [2026-07-02T08:06:34.412+0000] {dag.py:3036} INFO - Sync 1 DAGs
[2026-07-02T08:06:34.480+0000] {logging_mixin.py:188} INFO - [2026-07-02T08:06:34.479+0000] {dag.py:3823} INFO - Setting next_dagrun for batch_pipeline_harga_pangan to 2026-07-01 23:00:00+00:00, run_after=2026-07-02 23:00:00+00:00
[2026-07-02T08:06:34.530+0000] {processor.py:183} INFO - Processing /opt/airflow/dags/batch_pipeline_dag.py took 0.561 seconds
[2026-07-02T08:07:07.169+0000] {processor.py:161} INFO - Started process (PID=6848) to work on /opt/airflow/dags/batch_pipeline_dag.py
[2026-07-02T08:07:07.172+0000] {processor.py:830} INFO - Processing file /opt/airflow/dags/batch_pipeline_dag.py for tasks to queue
[2026-07-02T08:07:07.177+0000] {logging_mixin.py:188} INFO - [2026-07-02T08:07:07.176+0000] {dagbag.py:538} INFO - Filling up the DagBag from /opt/airflow/dags/batch_pipeline_dag.py
[2026-07-02T08:07:07.250+0000] {processor.py:840} INFO - DAG(s) 'batch_pipeline_harga_pangan' retrieved from /opt/airflow/dags/batch_pipeline_dag.py
[2026-07-02T08:07:07.381+0000] {logging_mixin.py:188} INFO - [2026-07-02T08:07:07.380+0000] {dag.py:3036} INFO - Sync 1 DAGs
[2026-07-02T08:07:07.432+0000] {logging_mixin.py:188} INFO - [2026-07-02T08:07:07.431+0000] {dag.py:3823} INFO - Setting next_dagrun for batch_pipeline_harga_pangan to 2026-07-01 23:00:00+00:00, run_after=2026-07-02 23:00:00+00:00
[2026-07-02T08:07:07.475+0000] {processor.py:183} INFO - Processing /opt/airflow/dags/batch_pipeline_dag.py took 0.316 seconds
[2026-07-02T08:07:40.724+0000] {processor.py:161} INFO - Started process (PID=6858) to work on /opt/airflow/dags/batch_pipeline_dag.py
[2026-07-02T08:07:40.732+0000] {processor.py:830} INFO - Processing file /opt/airflow/dags/batch_pipeline_dag.py for tasks to queue
[2026-07-02T08:07:40.734+0000] {logging_mixin.py:188} INFO - [2026-07-02T08:07:40.734+0000] {dagbag.py:538} INFO - Filling up the DagBag from /opt/airflow/dags/batch_pipeline_dag.py
[2026-07-02T08:07:40.801+0000] {processor.py:840} INFO - DAG(s) 'batch_pipeline_harga_pangan' retrieved from /opt/airflow/dags/batch_pipeline_dag.py
[2026-07-02T08:07:40.935+0000] {logging_mixin.py:188} INFO - [2026-07-02T08:07:40.934+0000] {dag.py:3036} INFO - Sync 1 DAGs
[2026-07-02T08:07:40.994+0000] {logging_mixin.py:188} INFO - [2026-07-02T08:07:40.994+0000] {dag.py:3823} INFO - Setting next_dagrun for batch_pipeline_harga_pangan to 2026-07-01 23:00:00+00:00, run_after=2026-07-02 23:00:00+00:00
[2026-07-02T08:07:41.041+0000] {processor.py:183} INFO - Processing /opt/airflow/dags/batch_pipeline_dag.py took 0.325 seconds
[2026-07-02T08:08:13.429+0000] {processor.py:161} INFO - Started process (PID=6876) to work on /opt/airflow/dags/batch_pipeline_dag.py
[2026-07-02T08:08:13.432+0000] {processor.py:830} INFO - Processing file /opt/airflow/dags/batch_pipeline_dag.py for tasks to queue
[2026-07-02T08:08:13.435+0000] {logging_mixin.py:188} INFO - [2026-07-02T08:08:13.434+0000] {dagbag.py:538} INFO - Filling up the DagBag from /opt/airflow/dags/batch_pipeline_dag.py
[2026-07-02T08:08:13.589+0000] {processor.py:840} INFO - DAG(s) 'batch_pipeline_harga_pangan' retrieved from /opt/airflow/dags/batch_pipeline_dag.py
[2026-07-02T08:08:13.940+0000] {logging_mixin.py:188} INFO - [2026-07-02T08:08:13.940+0000] {dag.py:3036} INFO - Sync 1 DAGs
[2026-07-02T08:08:14.002+0000] {logging_mixin.py:188} INFO - [2026-07-02T08:08:14.002+0000] {dag.py:3823} INFO - Setting next_dagrun for batch_pipeline_harga_pangan to 2026-07-01 23:00:00+00:00, run_after=2026-07-02 23:00:00+00:00
[2026-07-02T08:08:14.047+0000] {processor.py:183} INFO - Processing /opt/airflow/dags/batch_pipeline_dag.py took 0.632 seconds
[2026-07-02T08:08:49.114+0000] {processor.py:161} INFO - Started process (PID=6894) to work on /opt/airflow/dags/batch_pipeline_dag.py
[2026-07-02T08:08:49.116+0000] {processor.py:830} INFO - Processing file /opt/airflow/dags/batch_pipeline_dag.py for tasks to queue
[2026-07-02T08:08:49.118+0000] {logging_mixin.py:188} INFO - [2026-07-02T08:08:49.118+0000] {dagbag.py:538} INFO - Filling up the DagBag from /opt/airflow/dags/batch_pipeline_dag.py
[2026-07-02T08:08:49.170+0000] {processor.py:840} INFO - DAG(s) 'batch_pipeline_harga_pangan' retrieved from /opt/airflow/dags/batch_pipeline_dag.py
[2026-07-02T08:08:49.287+0000] {logging_mixin.py:188} INFO - [2026-07-02T08:08:49.286+0000] {dag.py:3036} INFO - Sync 1 DAGs
[2026-07-02T08:08:49.333+0000] {logging_mixin.py:188} INFO - [2026-07-02T08:08:49.332+0000] {dag.py:3823} INFO - Setting next_dagrun for batch_pipeline_harga_pangan to 2026-07-01 23:00:00+00:00, run_after=2026-07-02 23:00:00+00:00
[2026-07-02T08:08:49.373+0000] {processor.py:183} INFO - Processing /opt/airflow/dags/batch_pipeline_dag.py took 0.265 seconds
[2026-07-02T08:09:19.876+0000] {processor.py:161} INFO - Started process (PID=6912) to work on /opt/airflow/dags/batch_pipeline_dag.py
[2026-07-02T08:09:19.879+0000] {processor.py:830} INFO - Processing file /opt/airflow/dags/batch_pipeline_dag.py for tasks to queue
[2026-07-02T08:09:19.881+0000] {logging_mixin.py:188} INFO - [2026-07-02T08:09:19.881+0000] {dagbag.py:538} INFO - Filling up the DagBag from /opt/airflow/dags/batch_pipeline_dag.py
[2026-07-02T08:09:19.934+0000] {processor.py:840} INFO - DAG(s) 'batch_pipeline_harga_pangan' retrieved from /opt/airflow/dags/batch_pipeline_dag.py
[2026-07-02T08:09:20.039+0000] {logging_mixin.py:188} INFO - [2026-07-02T08:09:20.038+0000] {dag.py:3036} INFO - Sync 1 DAGs
[2026-07-02T08:09:20.082+0000] {logging_mixin.py:188} INFO - [2026-07-02T08:09:20.081+0000] {dag.py:3823} INFO - Setting next_dagrun for batch_pipeline_harga_pangan to 2026-07-01 23:00:00+00:00, run_after=2026-07-02 23:00:00+00:00
[2026-07-02T08:09:20.130+0000] {processor.py:183} INFO - Processing /opt/airflow/dags/batch_pipeline_dag.py took 0.260 seconds
[2026-07-02T08:09:53.029+0000] {processor.py:161} INFO - Started process (PID=6930) to work on /opt/airflow/dags/batch_pipeline_dag.py
[2026-07-02T08:09:53.031+0000] {processor.py:830} INFO - Processing file /opt/airflow/dags/batch_pipeline_dag.py for tasks to queue
[2026-07-02T08:09:53.033+0000] {logging_mixin.py:188} INFO - [2026-07-02T08:09:53.032+0000] {dagbag.py:538} INFO - Filling up the DagBag from /opt/airflow/dags/batch_pipeline_dag.py
[2026-07-02T08:09:53.086+0000] {processor.py:840} INFO - DAG(s) 'batch_pipeline_harga_pangan' retrieved from /opt/airflow/dags/batch_pipeline_dag.py
[2026-07-02T08:09:53.211+0000] {logging_mixin.py:188} INFO - [2026-07-02T08:09:53.210+0000] {dag.py:3036} INFO - Sync 1 DAGs
[2026-07-02T08:09:53.260+0000] {logging_mixin.py:188} INFO - [2026-07-02T08:09:53.260+0000] {dag.py:3823} INFO - Setting next_dagrun for batch_pipeline_harga_pangan to 2026-07-01 23:00:00+00:00, run_after=2026-07-02 23:00:00+00:00
[2026-07-02T08:09:53.294+0000] {processor.py:183} INFO - Processing /opt/airflow/dags/batch_pipeline_dag.py took 0.270 seconds
[2026-07-02T08:10:26.903+0000] {processor.py:161} INFO - Started process (PID=6948) to work on /opt/airflow/dags/batch_pipeline_dag.py
[2026-07-02T08:10:26.925+0000] {processor.py:830} INFO - Processing file /opt/airflow/dags/batch_pipeline_dag.py for tasks to queue
[2026-07-02T08:10:26.939+0000] {logging_mixin.py:188} INFO - [2026-07-02T08:10:26.938+0000] {dagbag.py:538} INFO - Filling up the DagBag from /opt/airflow/dags/batch_pipeline_dag.py
[2026-07-02T08:10:27.349+0000] {processor.py:840} INFO - DAG(s) 'batch_pipeline_harga_pangan' retrieved from /opt/airflow/dags/batch_pipeline_dag.py
[2026-07-02T08:10:27.819+0000] {logging_mixin.py:188} INFO - [2026-07-02T08:10:27.819+0000] {dag.py:3036} INFO - Sync 1 DAGs
[2026-07-02T08:10:27.950+0000] {logging_mixin.py:188} INFO - [2026-07-02T08:10:27.949+0000] {dag.py:3823} INFO - Setting next_dagrun for batch_pipeline_harga_pangan to 2026-07-01 23:00:00+00:00, run_after=2026-07-02 23:00:00+00:00
[2026-07-02T08:10:28.039+0000] {processor.py:183} INFO - Processing /opt/airflow/dags/batch_pipeline_dag.py took 1.165 seconds
[2026-07-02T08:10:59.738+0000] {processor.py:161} INFO - Started process (PID=6958) to work on /opt/airflow/dags/batch_pipeline_dag.py
[2026-07-02T08:10:59.740+0000] {processor.py:830} INFO - Processing file /opt/airflow/dags/batch_pipeline_dag.py for tasks to queue
[2026-07-02T08:10:59.743+0000] {logging_mixin.py:188} INFO - [2026-07-02T08:10:59.742+0000] {dagbag.py:538} INFO - Filling up the DagBag from /opt/airflow/dags/batch_pipeline_dag.py
[2026-07-02T08:10:59.814+0000] {processor.py:840} INFO - DAG(s) 'batch_pipeline_harga_pangan' retrieved from /opt/airflow/dags/batch_pipeline_dag.py
[2026-07-02T08:10:59.976+0000] {logging_mixin.py:188} INFO - [2026-07-02T08:10:59.973+0000] {dag.py:3036} INFO - Sync 1 DAGs
[2026-07-02T08:11:00.037+0000] {logging_mixin.py:188} INFO - [2026-07-02T08:11:00.036+0000] {dag.py:3823} INFO - Setting next_dagrun for batch_pipeline_harga_pangan to 2026-07-01 23:00:00+00:00, run_after=2026-07-02 23:00:00+00:00
[2026-07-02T08:11:00.083+0000] {processor.py:183} INFO - Processing /opt/airflow/dags/batch_pipeline_dag.py took 0.356 seconds
[2026-07-02T08:11:32.903+0000] {processor.py:161} INFO - Started process (PID=6976) to work on /opt/airflow/dags/batch_pipeline_dag.py
[2026-07-02T08:11:32.906+0000] {processor.py:830} INFO - Processing file /opt/airflow/dags/batch_pipeline_dag.py for tasks to queue
[2026-07-02T08:11:32.912+0000] {logging_mixin.py:188} INFO - [2026-07-02T08:11:32.911+0000] {dagbag.py:538} INFO - Filling up the DagBag from /opt/airflow/dags/batch_pipeline_dag.py
[2026-07-02T08:11:32.983+0000] {processor.py:840} INFO - DAG(s) 'batch_pipeline_harga_pangan' retrieved from /opt/airflow/dags/batch_pipeline_dag.py
[2026-07-02T08:11:33.171+0000] {logging_mixin.py:188} INFO - [2026-07-02T08:11:33.170+0000] {dag.py:3036} INFO - Sync 1 DAGs
[2026-07-02T08:11:33.270+0000] {logging_mixin.py:188} INFO - [2026-07-02T08:11:33.270+0000] {dag.py:3823} INFO - Setting next_dagrun for batch_pipeline_harga_pangan to 2026-07-01 23:00:00+00:00, run_after=2026-07-02 23:00:00+00:00
[2026-07-02T08:11:33.357+0000] {processor.py:183} INFO - Processing /opt/airflow/dags/batch_pipeline_dag.py took 0.461 seconds
[2026-07-02T08:12:07.049+0000] {processor.py:161} INFO - Started process (PID=6994) to work on /opt/airflow/dags/batch_pipeline_dag.py
[2026-07-02T08:12:07.051+0000] {processor.py:830} INFO - Processing file /opt/airflow/dags/batch_pipeline_dag.py for tasks to queue
[2026-07-02T08:12:07.052+0000] {logging_mixin.py:188} INFO - [2026-07-02T08:12:07.051+0000] {dagbag.py:538} INFO - Filling up the DagBag from /opt/airflow/dags/batch_pipeline_dag.py
[2026-07-02T08:12:07.108+0000] {processor.py:840} INFO - DAG(s) 'batch_pipeline_harga_pangan' retrieved from /opt/airflow/dags/batch_pipeline_dag.py
[2026-07-02T08:12:07.302+0000] {logging_mixin.py:188} INFO - [2026-07-02T08:12:07.302+0000] {dag.py:3036} INFO - Sync 1 DAGs
[2026-07-02T08:12:07.356+0000] {logging_mixin.py:188} INFO - [2026-07-02T08:12:07.356+0000] {dag.py:3823} INFO - Setting next_dagrun for batch_pipeline_harga_pangan to 2026-07-01 23:00:00+00:00, run_after=2026-07-02 23:00:00+00:00
[2026-07-02T08:12:07.412+0000] {processor.py:183} INFO - Processing /opt/airflow/dags/batch_pipeline_dag.py took 0.373 seconds
[2026-07-02T08:12:40.009+0000] {processor.py:161} INFO - Started process (PID=7012) to work on /opt/airflow/dags/batch_pipeline_dag.py
[2026-07-02T08:12:40.011+0000] {processor.py:830} INFO - Processing file /opt/airflow/dags/batch_pipeline_dag.py for tasks to queue
[2026-07-02T08:12:40.014+0000] {logging_mixin.py:188} INFO - [2026-07-02T08:12:40.013+0000] {dagbag.py:538} INFO - Filling up the DagBag from /opt/airflow/dags/batch_pipeline_dag.py
[2026-07-02T08:12:40.086+0000] {processor.py:840} INFO - DAG(s) 'batch_pipeline_harga_pangan' retrieved from /opt/airflow/dags/batch_pipeline_dag.py
[2026-07-02T08:12:40.203+0000] {logging_mixin.py:188} INFO - [2026-07-02T08:12:40.202+0000] {dag.py:3036} INFO - Sync 1 DAGs
[2026-07-02T08:12:40.252+0000] {logging_mixin.py:188} INFO - [2026-07-02T08:12:40.251+0000] {dag.py:3823} INFO - Setting next_dagrun for batch_pipeline_harga_pangan to 2026-07-01 23:00:00+00:00, run_after=2026-07-02 23:00:00+00:00
[2026-07-02T08:12:40.282+0000] {processor.py:183} INFO - Processing /opt/airflow/dags/batch_pipeline_dag.py took 0.281 seconds
[2026-07-02T08:13:13.205+0000] {processor.py:161} INFO - Started process (PID=7030) to work on /opt/airflow/dags/batch_pipeline_dag.py
[2026-07-02T08:13:13.207+0000] {processor.py:830} INFO - Processing file /opt/airflow/dags/batch_pipeline_dag.py for tasks to queue
[2026-07-02T08:13:13.209+0000] {logging_mixin.py:188} INFO - [2026-07-02T08:13:13.209+0000] {dagbag.py:538} INFO - Filling up the DagBag from /opt/airflow/dags/batch_pipeline_dag.py
[2026-07-02T08:13:13.269+0000] {processor.py:840} INFO - DAG(s) 'batch_pipeline_harga_pangan' retrieved from /opt/airflow/dags/batch_pipeline_dag.py
[2026-07-02T08:13:13.440+0000] {logging_mixin.py:188} INFO - [2026-07-02T08:13:13.440+0000] {dag.py:3036} INFO - Sync 1 DAGs
[2026-07-02T08:13:13.489+0000] {logging_mixin.py:188} INFO - [2026-07-02T08:13:13.489+0000] {dag.py:3823} INFO - Setting next_dagrun for batch_pipeline_harga_pangan to 2026-07-01 23:00:00+00:00, run_after=2026-07-02 23:00:00+00:00
[2026-07-02T08:13:13.536+0000] {processor.py:183} INFO - Processing /opt/airflow/dags/batch_pipeline_dag.py took 0.339 seconds
[2026-07-02T08:13:46.488+0000] {processor.py:161} INFO - Started process (PID=7048) to work on /opt/airflow/dags/batch_pipeline_dag.py
[2026-07-02T08:13:46.490+0000] {processor.py:830} INFO - Processing file /opt/airflow/dags/batch_pipeline_dag.py for tasks to queue
[2026-07-02T08:13:46.493+0000] {logging_mixin.py:188} INFO - [2026-07-02T08:13:46.492+0000] {dagbag.py:538} INFO - Filling up the DagBag from /opt/airflow/dags/batch_pipeline_dag.py
[2026-07-02T08:13:46.570+0000] {processor.py:840} INFO - DAG(s) 'batch_pipeline_harga_pangan' retrieved from /opt/airflow/dags/batch_pipeline_dag.py
[2026-07-02T08:13:46.721+0000] {logging_mixin.py:188} INFO - [2026-07-02T08:13:46.719+0000] {dag.py:3036} INFO - Sync 1 DAGs
[2026-07-02T08:13:46.772+0000] {logging_mixin.py:188} INFO - [2026-07-02T08:13:46.771+0000] {dag.py:3823} INFO - Setting next_dagrun for batch_pipeline_harga_pangan to 2026-07-01 23:00:00+00:00, run_after=2026-07-02 23:00:00+00:00
[2026-07-02T08:13:46.816+0000] {processor.py:183} INFO - Processing /opt/airflow/dags/batch_pipeline_dag.py took 0.345 seconds
[2026-07-02T08:14:19.554+0000] {processor.py:161} INFO - Started process (PID=7065) to work on /opt/airflow/dags/batch_pipeline_dag.py
[2026-07-02T08:14:19.557+0000] {processor.py:830} INFO - Processing file /opt/airflow/dags/batch_pipeline_dag.py for tasks to queue
[2026-07-02T08:14:19.560+0000] {logging_mixin.py:188} INFO - [2026-07-02T08:14:19.560+0000] {dagbag.py:538} INFO - Filling up the DagBag from /opt/airflow/dags/batch_pipeline_dag.py
[2026-07-02T08:14:19.627+0000] {processor.py:840} INFO - DAG(s) 'batch_pipeline_harga_pangan' retrieved from /opt/airflow/dags/batch_pipeline_dag.py
[2026-07-02T08:14:19.789+0000] {logging_mixin.py:188} INFO - [2026-07-02T08:14:19.788+0000] {dag.py:3036} INFO - Sync 1 DAGs
[2026-07-02T08:14:19.861+0000] {logging_mixin.py:188} INFO - [2026-07-02T08:14:19.860+0000] {dag.py:3823} INFO - Setting next_dagrun for batch_pipeline_harga_pangan to 2026-07-01 23:00:00+00:00, run_after=2026-07-02 23:00:00+00:00
[2026-07-02T08:14:19.918+0000] {processor.py:183} INFO - Processing /opt/airflow/dags/batch_pipeline_dag.py took 0.373 seconds
[2026-07-02T08:14:53.172+0000] {processor.py:161} INFO - Started process (PID=7076) to work on /opt/airflow/dags/batch_pipeline_dag.py
[2026-07-02T08:14:53.175+0000] {processor.py:830} INFO - Processing file /opt/airflow/dags/batch_pipeline_dag.py for tasks to queue
[2026-07-02T08:14:53.178+0000] {logging_mixin.py:188} INFO - [2026-07-02T08:14:53.177+0000] {dagbag.py:538} INFO - Filling up the DagBag from /opt/airflow/dags/batch_pipeline_dag.py
[2026-07-02T08:14:53.284+0000] {processor.py:840} INFO - DAG(s) 'batch_pipeline_harga_pangan' retrieved from /opt/airflow/dags/batch_pipeline_dag.py
[2026-07-02T08:14:53.555+0000] {logging_mixin.py:188} INFO - [2026-07-02T08:14:53.554+0000] {dag.py:3036} INFO - Sync 1 DAGs
[2026-07-02T08:14:53.683+0000] {logging_mixin.py:188} INFO - [2026-07-02T08:14:53.682+0000] {dag.py:3823} INFO - Setting next_dagrun for batch_pipeline_harga_pangan to 2026-07-01 23:00:00+00:00, run_after=2026-07-02 23:00:00+00:00
[2026-07-02T08:14:53.747+0000] {processor.py:183} INFO - Processing /opt/airflow/dags/batch_pipeline_dag.py took 0.588 seconds
[2026-07-02T08:15:27.783+0000] {processor.py:161} INFO - Started process (PID=7094) to work on /opt/airflow/dags/batch_pipeline_dag.py
[2026-07-02T08:15:27.788+0000] {processor.py:830} INFO - Processing file /opt/airflow/dags/batch_pipeline_dag.py for tasks to queue
[2026-07-02T08:15:27.798+0000] {logging_mixin.py:188} INFO - [2026-07-02T08:15:27.798+0000] {dagbag.py:538} INFO - Filling up the DagBag from /opt/airflow/dags/batch_pipeline_dag.py
[2026-07-02T08:15:28.002+0000] {processor.py:840} INFO - DAG(s) 'batch_pipeline_harga_pangan' retrieved from /opt/airflow/dags/batch_pipeline_dag.py
[2026-07-02T08:15:28.311+0000] {logging_mixin.py:188} INFO - [2026-07-02T08:15:28.311+0000] {dag.py:3036} INFO - Sync 1 DAGs
[2026-07-02T08:15:28.431+0000] {logging_mixin.py:188} INFO - [2026-07-02T08:15:28.430+0000] {dag.py:3823} INFO - Setting next_dagrun for batch_pipeline_harga_pangan to 2026-07-01 23:00:00+00:00, run_after=2026-07-02 23:00:00+00:00
[2026-07-02T08:15:28.532+0000] {processor.py:183} INFO - Processing /opt/airflow/dags/batch_pipeline_dag.py took 0.771 seconds
[2026-07-02T08:15:59.139+0000] {processor.py:161} INFO - Started process (PID=7112) to work on /opt/airflow/dags/batch_pipeline_dag.py
[2026-07-02T08:15:59.142+0000] {processor.py:830} INFO - Processing file /opt/airflow/dags/batch_pipeline_dag.py for tasks to queue
[2026-07-02T08:15:59.145+0000] {logging_mixin.py:188} INFO - [2026-07-02T08:15:59.144+0000] {dagbag.py:538} INFO - Filling up the DagBag from /opt/airflow/dags/batch_pipeline_dag.py
[2026-07-02T08:15:59.234+0000] {processor.py:840} INFO - DAG(s) 'batch_pipeline_harga_pangan' retrieved from /opt/airflow/dags/batch_pipeline_dag.py
[2026-07-02T08:15:59.361+0000] {logging_mixin.py:188} INFO - [2026-07-02T08:15:59.360+0000] {dag.py:3036} INFO - Sync 1 DAGs
[2026-07-02T08:15:59.410+0000] {logging_mixin.py:188} INFO - [2026-07-02T08:15:59.409+0000] {dag.py:3823} INFO - Setting next_dagrun for batch_pipeline_harga_pangan to 2026-07-01 23:00:00+00:00, run_after=2026-07-02 23:00:00+00:00
[2026-07-02T08:15:59.453+0000] {processor.py:183} INFO - Processing /opt/airflow/dags/batch_pipeline_dag.py took 0.324 seconds
