[2026-07-02T03:47:04.528+0000] {processor.py:161} INFO - Started process (PID=177) to work on /opt/airflow/dags/stream_monitor_dag.py
[2026-07-02T03:47:04.532+0000] {processor.py:830} INFO - Processing file /opt/airflow/dags/stream_monitor_dag.py for tasks to queue
[2026-07-02T03:47:04.543+0000] {logging_mixin.py:188} INFO - [2026-07-02T03:47:04.538+0000] {dagbag.py:538} INFO - Filling up the DagBag from /opt/airflow/dags/stream_monitor_dag.py
[2026-07-02T03:47:04.803+0000] {processor.py:840} INFO - DAG(s) 'stream_monitor_harga_pangan' retrieved from /opt/airflow/dags/stream_monitor_dag.py
[2026-07-02T03:47:05.826+0000] {logging_mixin.py:188} INFO - [2026-07-02T03:47:05.815+0000] {override.py:1769} INFO - Created Permission View: can delete on DAG:stream_monitor_harga_pangan
[2026-07-02T03:47:05.953+0000] {logging_mixin.py:188} INFO - [2026-07-02T03:47:05.947+0000] {override.py:1769} INFO - Created Permission View: can read on DAG:stream_monitor_harga_pangan
[2026-07-02T03:47:05.998+0000] {logging_mixin.py:188} INFO - [2026-07-02T03:47:05.998+0000] {override.py:1769} INFO - Created Permission View: can edit on DAG:stream_monitor_harga_pangan
[2026-07-02T03:47:06.001+0000] {logging_mixin.py:188} INFO - [2026-07-02T03:47:06.000+0000] {dag.py:3036} INFO - Sync 1 DAGs
[2026-07-02T03:47:06.097+0000] {logging_mixin.py:188} INFO - [2026-07-02T03:47:06.096+0000] {dag.py:3058} INFO - Creating ORM DAG for stream_monitor_harga_pangan
[2026-07-02T03:47:06.185+0000] {logging_mixin.py:188} INFO - [2026-07-02T03:47:06.184+0000] {dag.py:3823} INFO - Setting next_dagrun for stream_monitor_harga_pangan to 2026-07-02 02:00:00+00:00, run_after=2026-07-02 03:00:00+00:00
[2026-07-02T03:47:06.262+0000] {processor.py:183} INFO - Processing /opt/airflow/dags/stream_monitor_dag.py took 1.749 seconds
[2026-07-02T03:47:36.798+0000] {processor.py:161} INFO - Started process (PID=195) to work on /opt/airflow/dags/stream_monitor_dag.py
[2026-07-02T03:47:36.803+0000] {processor.py:830} INFO - Processing file /opt/airflow/dags/stream_monitor_dag.py for tasks to queue
[2026-07-02T03:47:36.806+0000] {logging_mixin.py:188} INFO - [2026-07-02T03:47:36.805+0000] {dagbag.py:538} INFO - Filling up the DagBag from /opt/airflow/dags/stream_monitor_dag.py
[2026-07-02T03:47:36.927+0000] {processor.py:840} INFO - DAG(s) 'stream_monitor_harga_pangan' retrieved from /opt/airflow/dags/stream_monitor_dag.py
[2026-07-02T03:47:37.170+0000] {logging_mixin.py:188} INFO - [2026-07-02T03:47:37.169+0000] {dag.py:3036} INFO - Sync 1 DAGs
[2026-07-02T03:47:37.289+0000] {logging_mixin.py:188} INFO - [2026-07-02T03:47:37.288+0000] {dag.py:3823} INFO - Setting next_dagrun for stream_monitor_harga_pangan to 2026-07-02 02:00:00+00:00, run_after=2026-07-02 03:00:00+00:00
[2026-07-02T03:47:37.388+0000] {processor.py:183} INFO - Processing /opt/airflow/dags/stream_monitor_dag.py took 0.605 seconds
[2026-07-02T03:48:07.846+0000] {processor.py:161} INFO - Started process (PID=213) to work on /opt/airflow/dags/stream_monitor_dag.py
[2026-07-02T03:48:07.862+0000] {processor.py:830} INFO - Processing file /opt/airflow/dags/stream_monitor_dag.py for tasks to queue
[2026-07-02T03:48:07.870+0000] {logging_mixin.py:188} INFO - [2026-07-02T03:48:07.866+0000] {dagbag.py:538} INFO - Filling up the DagBag from /opt/airflow/dags/stream_monitor_dag.py
[2026-07-02T03:48:08.199+0000] {processor.py:840} INFO - DAG(s) 'stream_monitor_harga_pangan' retrieved from /opt/airflow/dags/stream_monitor_dag.py
[2026-07-02T03:48:08.507+0000] {logging_mixin.py:188} INFO - [2026-07-02T03:48:08.506+0000] {dag.py:3036} INFO - Sync 1 DAGs
[2026-07-02T03:48:08.624+0000] {logging_mixin.py:188} INFO - [2026-07-02T03:48:08.623+0000] {dag.py:3823} INFO - Setting next_dagrun for stream_monitor_harga_pangan to 2026-07-02 02:00:00+00:00, run_after=2026-07-02 03:00:00+00:00
[2026-07-02T03:48:08.732+0000] {processor.py:183} INFO - Processing /opt/airflow/dags/stream_monitor_dag.py took 0.926 seconds
[2026-07-02T03:48:38.941+0000] {processor.py:161} INFO - Started process (PID=223) to work on /opt/airflow/dags/stream_monitor_dag.py
[2026-07-02T03:48:38.946+0000] {processor.py:830} INFO - Processing file /opt/airflow/dags/stream_monitor_dag.py for tasks to queue
[2026-07-02T03:48:38.949+0000] {logging_mixin.py:188} INFO - [2026-07-02T03:48:38.948+0000] {dagbag.py:538} INFO - Filling up the DagBag from /opt/airflow/dags/stream_monitor_dag.py
[2026-07-02T03:48:39.045+0000] {processor.py:840} INFO - DAG(s) 'stream_monitor_harga_pangan' retrieved from /opt/airflow/dags/stream_monitor_dag.py
[2026-07-02T03:48:39.189+0000] {logging_mixin.py:188} INFO - [2026-07-02T03:48:39.188+0000] {dag.py:3036} INFO - Sync 1 DAGs
[2026-07-02T03:48:39.226+0000] {logging_mixin.py:188} INFO - [2026-07-02T03:48:39.226+0000] {dag.py:3823} INFO - Setting next_dagrun for stream_monitor_harga_pangan to 2026-07-02 02:00:00+00:00, run_after=2026-07-02 03:00:00+00:00
[2026-07-02T03:48:39.268+0000] {processor.py:183} INFO - Processing /opt/airflow/dags/stream_monitor_dag.py took 0.332 seconds
[2026-07-02T03:49:09.607+0000] {processor.py:161} INFO - Started process (PID=241) to work on /opt/airflow/dags/stream_monitor_dag.py
[2026-07-02T03:49:09.610+0000] {processor.py:830} INFO - Processing file /opt/airflow/dags/stream_monitor_dag.py for tasks to queue
[2026-07-02T03:49:09.612+0000] {logging_mixin.py:188} INFO - [2026-07-02T03:49:09.612+0000] {dagbag.py:538} INFO - Filling up the DagBag from /opt/airflow/dags/stream_monitor_dag.py
[2026-07-02T03:49:09.690+0000] {processor.py:840} INFO - DAG(s) 'stream_monitor_harga_pangan' retrieved from /opt/airflow/dags/stream_monitor_dag.py
[2026-07-02T03:49:09.831+0000] {logging_mixin.py:188} INFO - [2026-07-02T03:49:09.830+0000] {dag.py:3036} INFO - Sync 1 DAGs
[2026-07-02T03:49:09.882+0000] {logging_mixin.py:188} INFO - [2026-07-02T03:49:09.881+0000] {dag.py:3823} INFO - Setting next_dagrun for stream_monitor_harga_pangan to 2026-07-02 02:00:00+00:00, run_after=2026-07-02 03:00:00+00:00
[2026-07-02T03:49:09.961+0000] {processor.py:183} INFO - Processing /opt/airflow/dags/stream_monitor_dag.py took 0.362 seconds
[2026-07-02T03:49:40.137+0000] {processor.py:161} INFO - Started process (PID=259) to work on /opt/airflow/dags/stream_monitor_dag.py
[2026-07-02T03:49:40.139+0000] {processor.py:830} INFO - Processing file /opt/airflow/dags/stream_monitor_dag.py for tasks to queue
[2026-07-02T03:49:40.141+0000] {logging_mixin.py:188} INFO - [2026-07-02T03:49:40.140+0000] {dagbag.py:538} INFO - Filling up the DagBag from /opt/airflow/dags/stream_monitor_dag.py
[2026-07-02T03:49:40.211+0000] {processor.py:840} INFO - DAG(s) 'stream_monitor_harga_pangan' retrieved from /opt/airflow/dags/stream_monitor_dag.py
[2026-07-02T03:49:40.297+0000] {logging_mixin.py:188} INFO - [2026-07-02T03:49:40.297+0000] {dag.py:3036} INFO - Sync 1 DAGs
[2026-07-02T03:49:40.334+0000] {logging_mixin.py:188} INFO - [2026-07-02T03:49:40.334+0000] {dag.py:3823} INFO - Setting next_dagrun for stream_monitor_harga_pangan to 2026-07-02 02:00:00+00:00, run_after=2026-07-02 03:00:00+00:00
[2026-07-02T03:49:40.378+0000] {processor.py:183} INFO - Processing /opt/airflow/dags/stream_monitor_dag.py took 0.245 seconds
[2026-07-02T03:50:10.602+0000] {processor.py:161} INFO - Started process (PID=277) to work on /opt/airflow/dags/stream_monitor_dag.py
[2026-07-02T03:50:10.607+0000] {processor.py:830} INFO - Processing file /opt/airflow/dags/stream_monitor_dag.py for tasks to queue
[2026-07-02T03:50:10.611+0000] {logging_mixin.py:188} INFO - [2026-07-02T03:50:10.610+0000] {dagbag.py:538} INFO - Filling up the DagBag from /opt/airflow/dags/stream_monitor_dag.py
[2026-07-02T03:50:10.719+0000] {processor.py:840} INFO - DAG(s) 'stream_monitor_harga_pangan' retrieved from /opt/airflow/dags/stream_monitor_dag.py
[2026-07-02T03:50:10.958+0000] {logging_mixin.py:188} INFO - [2026-07-02T03:50:10.958+0000] {dag.py:3036} INFO - Sync 1 DAGs
[2026-07-02T03:50:11.055+0000] {logging_mixin.py:188} INFO - [2026-07-02T03:50:11.054+0000] {dag.py:3823} INFO - Setting next_dagrun for stream_monitor_harga_pangan to 2026-07-02 02:00:00+00:00, run_after=2026-07-02 03:00:00+00:00
[2026-07-02T03:50:11.146+0000] {processor.py:183} INFO - Processing /opt/airflow/dags/stream_monitor_dag.py took 0.558 seconds
[2026-07-02T03:50:42.417+0000] {processor.py:161} INFO - Started process (PID=287) to work on /opt/airflow/dags/stream_monitor_dag.py
[2026-07-02T03:50:42.421+0000] {processor.py:830} INFO - Processing file /opt/airflow/dags/stream_monitor_dag.py for tasks to queue
[2026-07-02T03:50:42.426+0000] {logging_mixin.py:188} INFO - [2026-07-02T03:50:42.425+0000] {dagbag.py:538} INFO - Filling up the DagBag from /opt/airflow/dags/stream_monitor_dag.py
[2026-07-02T03:50:42.499+0000] {processor.py:840} INFO - DAG(s) 'stream_monitor_harga_pangan' retrieved from /opt/airflow/dags/stream_monitor_dag.py
[2026-07-02T03:50:42.612+0000] {logging_mixin.py:188} INFO - [2026-07-02T03:50:42.611+0000] {dag.py:3036} INFO - Sync 1 DAGs
[2026-07-02T03:50:42.685+0000] {logging_mixin.py:188} INFO - [2026-07-02T03:50:42.685+0000] {dag.py:3823} INFO - Setting next_dagrun for stream_monitor_harga_pangan to 2026-07-02 02:00:00+00:00, run_after=2026-07-02 03:00:00+00:00
[2026-07-02T03:50:42.750+0000] {processor.py:183} INFO - Processing /opt/airflow/dags/stream_monitor_dag.py took 0.344 seconds
[2026-07-02T03:51:16.017+0000] {processor.py:161} INFO - Started process (PID=305) to work on /opt/airflow/dags/stream_monitor_dag.py
[2026-07-02T03:51:16.019+0000] {processor.py:830} INFO - Processing file /opt/airflow/dags/stream_monitor_dag.py for tasks to queue
[2026-07-02T03:51:16.022+0000] {logging_mixin.py:188} INFO - [2026-07-02T03:51:16.021+0000] {dagbag.py:538} INFO - Filling up the DagBag from /opt/airflow/dags/stream_monitor_dag.py
[2026-07-02T03:51:16.088+0000] {processor.py:840} INFO - DAG(s) 'stream_monitor_harga_pangan' retrieved from /opt/airflow/dags/stream_monitor_dag.py
[2026-07-02T03:51:16.181+0000] {logging_mixin.py:188} INFO - [2026-07-02T03:51:16.180+0000] {dag.py:3036} INFO - Sync 1 DAGs
[2026-07-02T03:51:16.253+0000] {logging_mixin.py:188} INFO - [2026-07-02T03:51:16.253+0000] {dag.py:3823} INFO - Setting next_dagrun for stream_monitor_harga_pangan to 2026-07-02 02:00:00+00:00, run_after=2026-07-02 03:00:00+00:00
[2026-07-02T03:51:16.309+0000] {processor.py:183} INFO - Processing /opt/airflow/dags/stream_monitor_dag.py took 0.303 seconds
[2026-07-02T03:51:48.845+0000] {processor.py:161} INFO - Started process (PID=323) to work on /opt/airflow/dags/stream_monitor_dag.py
[2026-07-02T03:51:48.863+0000] {processor.py:830} INFO - Processing file /opt/airflow/dags/stream_monitor_dag.py for tasks to queue
[2026-07-02T03:51:48.877+0000] {logging_mixin.py:188} INFO - [2026-07-02T03:51:48.877+0000] {dagbag.py:538} INFO - Filling up the DagBag from /opt/airflow/dags/stream_monitor_dag.py
[2026-07-02T03:51:49.219+0000] {processor.py:840} INFO - DAG(s) 'stream_monitor_harga_pangan' retrieved from /opt/airflow/dags/stream_monitor_dag.py
[2026-07-02T03:51:49.397+0000] {logging_mixin.py:188} INFO - [2026-07-02T03:51:49.397+0000] {dag.py:3036} INFO - Sync 1 DAGs
[2026-07-02T03:51:49.501+0000] {logging_mixin.py:188} INFO - [2026-07-02T03:51:49.500+0000] {dag.py:3823} INFO - Setting next_dagrun for stream_monitor_harga_pangan to 2026-07-02 02:00:00+00:00, run_after=2026-07-02 03:00:00+00:00
[2026-07-02T03:51:49.559+0000] {processor.py:183} INFO - Processing /opt/airflow/dags/stream_monitor_dag.py took 0.739 seconds
[2026-07-02T03:52:20.823+0000] {processor.py:161} INFO - Started process (PID=340) to work on /opt/airflow/dags/stream_monitor_dag.py
[2026-07-02T03:52:20.826+0000] {processor.py:830} INFO - Processing file /opt/airflow/dags/stream_monitor_dag.py for tasks to queue
[2026-07-02T03:52:20.829+0000] {logging_mixin.py:188} INFO - [2026-07-02T03:52:20.828+0000] {dagbag.py:538} INFO - Filling up the DagBag from /opt/airflow/dags/stream_monitor_dag.py
[2026-07-02T03:52:20.905+0000] {processor.py:840} INFO - DAG(s) 'stream_monitor_harga_pangan' retrieved from /opt/airflow/dags/stream_monitor_dag.py
[2026-07-02T03:52:21.067+0000] {logging_mixin.py:188} INFO - [2026-07-02T03:52:21.065+0000] {dag.py:3036} INFO - Sync 1 DAGs
[2026-07-02T03:52:21.140+0000] {logging_mixin.py:188} INFO - [2026-07-02T03:52:21.140+0000] {dag.py:3823} INFO - Setting next_dagrun for stream_monitor_harga_pangan to 2026-07-02 02:00:00+00:00, run_after=2026-07-02 03:00:00+00:00
[2026-07-02T03:52:21.189+0000] {processor.py:183} INFO - Processing /opt/airflow/dags/stream_monitor_dag.py took 0.376 seconds
[2026-07-02T03:52:53.667+0000] {processor.py:161} INFO - Started process (PID=359) to work on /opt/airflow/dags/stream_monitor_dag.py
[2026-07-02T03:52:53.671+0000] {processor.py:830} INFO - Processing file /opt/airflow/dags/stream_monitor_dag.py for tasks to queue
[2026-07-02T03:52:53.676+0000] {logging_mixin.py:188} INFO - [2026-07-02T03:52:53.675+0000] {dagbag.py:538} INFO - Filling up the DagBag from /opt/airflow/dags/stream_monitor_dag.py
[2026-07-02T03:52:53.898+0000] {processor.py:840} INFO - DAG(s) 'stream_monitor_harga_pangan' retrieved from /opt/airflow/dags/stream_monitor_dag.py
[2026-07-02T03:52:54.064+0000] {logging_mixin.py:188} INFO - [2026-07-02T03:52:54.064+0000] {dag.py:3036} INFO - Sync 1 DAGs
[2026-07-02T03:52:54.136+0000] {logging_mixin.py:188} INFO - [2026-07-02T03:52:54.136+0000] {dag.py:3823} INFO - Setting next_dagrun for stream_monitor_harga_pangan to 2026-07-02 02:00:00+00:00, run_after=2026-07-02 03:00:00+00:00
[2026-07-02T03:52:54.193+0000] {processor.py:183} INFO - Processing /opt/airflow/dags/stream_monitor_dag.py took 0.538 seconds
[2026-07-02T03:53:26.413+0000] {processor.py:161} INFO - Started process (PID=377) to work on /opt/airflow/dags/stream_monitor_dag.py
[2026-07-02T03:53:26.417+0000] {processor.py:830} INFO - Processing file /opt/airflow/dags/stream_monitor_dag.py for tasks to queue
[2026-07-02T03:53:26.422+0000] {logging_mixin.py:188} INFO - [2026-07-02T03:53:26.421+0000] {dagbag.py:538} INFO - Filling up the DagBag from /opt/airflow/dags/stream_monitor_dag.py
[2026-07-02T03:53:26.498+0000] {processor.py:840} INFO - DAG(s) 'stream_monitor_harga_pangan' retrieved from /opt/airflow/dags/stream_monitor_dag.py
[2026-07-02T03:53:26.697+0000] {logging_mixin.py:188} INFO - [2026-07-02T03:53:26.695+0000] {dag.py:3036} INFO - Sync 1 DAGs
[2026-07-02T03:53:26.795+0000] {logging_mixin.py:188} INFO - [2026-07-02T03:53:26.795+0000] {dag.py:3823} INFO - Setting next_dagrun for stream_monitor_harga_pangan to 2026-07-02 02:00:00+00:00, run_after=2026-07-02 03:00:00+00:00
[2026-07-02T03:53:26.905+0000] {processor.py:183} INFO - Processing /opt/airflow/dags/stream_monitor_dag.py took 0.507 seconds
[2026-07-02T03:53:59.461+0000] {processor.py:161} INFO - Started process (PID=388) to work on /opt/airflow/dags/stream_monitor_dag.py
[2026-07-02T03:53:59.466+0000] {processor.py:830} INFO - Processing file /opt/airflow/dags/stream_monitor_dag.py for tasks to queue
[2026-07-02T03:53:59.469+0000] {logging_mixin.py:188} INFO - [2026-07-02T03:53:59.468+0000] {dagbag.py:538} INFO - Filling up the DagBag from /opt/airflow/dags/stream_monitor_dag.py
[2026-07-02T03:53:59.595+0000] {processor.py:840} INFO - DAG(s) 'stream_monitor_harga_pangan' retrieved from /opt/airflow/dags/stream_monitor_dag.py
[2026-07-02T03:53:59.715+0000] {logging_mixin.py:188} INFO - [2026-07-02T03:53:59.714+0000] {dag.py:3036} INFO - Sync 1 DAGs
[2026-07-02T03:53:59.786+0000] {logging_mixin.py:188} INFO - [2026-07-02T03:53:59.786+0000] {dag.py:3823} INFO - Setting next_dagrun for stream_monitor_harga_pangan to 2026-07-02 02:00:00+00:00, run_after=2026-07-02 03:00:00+00:00
[2026-07-02T03:53:59.897+0000] {processor.py:183} INFO - Processing /opt/airflow/dags/stream_monitor_dag.py took 0.456 seconds
[2026-07-02T03:54:32.179+0000] {processor.py:161} INFO - Started process (PID=407) to work on /opt/airflow/dags/stream_monitor_dag.py
[2026-07-02T03:54:32.184+0000] {processor.py:830} INFO - Processing file /opt/airflow/dags/stream_monitor_dag.py for tasks to queue
[2026-07-02T03:54:32.187+0000] {logging_mixin.py:188} INFO - [2026-07-02T03:54:32.187+0000] {dagbag.py:538} INFO - Filling up the DagBag from /opt/airflow/dags/stream_monitor_dag.py
[2026-07-02T03:54:32.275+0000] {processor.py:840} INFO - DAG(s) 'stream_monitor_harga_pangan' retrieved from /opt/airflow/dags/stream_monitor_dag.py
[2026-07-02T03:54:32.375+0000] {logging_mixin.py:188} INFO - [2026-07-02T03:54:32.373+0000] {dag.py:3036} INFO - Sync 1 DAGs
[2026-07-02T03:54:32.450+0000] {logging_mixin.py:188} INFO - [2026-07-02T03:54:32.449+0000] {dag.py:3823} INFO - Setting next_dagrun for stream_monitor_harga_pangan to 2026-07-02 02:00:00+00:00, run_after=2026-07-02 03:00:00+00:00
[2026-07-02T03:54:32.512+0000] {processor.py:183} INFO - Processing /opt/airflow/dags/stream_monitor_dag.py took 0.342 seconds
[2026-07-02T03:55:04.791+0000] {processor.py:161} INFO - Started process (PID=425) to work on /opt/airflow/dags/stream_monitor_dag.py
[2026-07-02T03:55:04.802+0000] {processor.py:830} INFO - Processing file /opt/airflow/dags/stream_monitor_dag.py for tasks to queue
[2026-07-02T03:55:04.806+0000] {logging_mixin.py:188} INFO - [2026-07-02T03:55:04.805+0000] {dagbag.py:538} INFO - Filling up the DagBag from /opt/airflow/dags/stream_monitor_dag.py
[2026-07-02T03:55:04.884+0000] {processor.py:840} INFO - DAG(s) 'stream_monitor_harga_pangan' retrieved from /opt/airflow/dags/stream_monitor_dag.py
[2026-07-02T03:55:04.990+0000] {logging_mixin.py:188} INFO - [2026-07-02T03:55:04.990+0000] {dag.py:3036} INFO - Sync 1 DAGs
[2026-07-02T03:55:05.057+0000] {logging_mixin.py:188} INFO - [2026-07-02T03:55:05.057+0000] {dag.py:3823} INFO - Setting next_dagrun for stream_monitor_harga_pangan to 2026-07-02 02:00:00+00:00, run_after=2026-07-02 03:00:00+00:00
[2026-07-02T03:55:05.103+0000] {processor.py:183} INFO - Processing /opt/airflow/dags/stream_monitor_dag.py took 0.322 seconds
[2026-07-02T03:55:37.394+0000] {processor.py:161} INFO - Started process (PID=443) to work on /opt/airflow/dags/stream_monitor_dag.py
[2026-07-02T03:55:37.400+0000] {processor.py:830} INFO - Processing file /opt/airflow/dags/stream_monitor_dag.py for tasks to queue
[2026-07-02T03:55:37.403+0000] {logging_mixin.py:188} INFO - [2026-07-02T03:55:37.402+0000] {dagbag.py:538} INFO - Filling up the DagBag from /opt/airflow/dags/stream_monitor_dag.py
[2026-07-02T03:55:37.480+0000] {processor.py:840} INFO - DAG(s) 'stream_monitor_harga_pangan' retrieved from /opt/airflow/dags/stream_monitor_dag.py
[2026-07-02T03:55:37.587+0000] {logging_mixin.py:188} INFO - [2026-07-02T03:55:37.587+0000] {dag.py:3036} INFO - Sync 1 DAGs
[2026-07-02T03:55:37.671+0000] {logging_mixin.py:188} INFO - [2026-07-02T03:55:37.669+0000] {dag.py:3823} INFO - Setting next_dagrun for stream_monitor_harga_pangan to 2026-07-02 02:00:00+00:00, run_after=2026-07-02 03:00:00+00:00
[2026-07-02T03:55:37.719+0000] {processor.py:183} INFO - Processing /opt/airflow/dags/stream_monitor_dag.py took 0.335 seconds
[2026-07-02T03:56:09.997+0000] {processor.py:161} INFO - Started process (PID=461) to work on /opt/airflow/dags/stream_monitor_dag.py
[2026-07-02T03:56:10.000+0000] {processor.py:830} INFO - Processing file /opt/airflow/dags/stream_monitor_dag.py for tasks to queue
[2026-07-02T03:56:10.004+0000] {logging_mixin.py:188} INFO - [2026-07-02T03:56:10.004+0000] {dagbag.py:538} INFO - Filling up the DagBag from /opt/airflow/dags/stream_monitor_dag.py
[2026-07-02T03:56:10.114+0000] {processor.py:840} INFO - DAG(s) 'stream_monitor_harga_pangan' retrieved from /opt/airflow/dags/stream_monitor_dag.py
[2026-07-02T03:56:10.279+0000] {logging_mixin.py:188} INFO - [2026-07-02T03:56:10.279+0000] {dag.py:3036} INFO - Sync 1 DAGs
[2026-07-02T03:56:10.353+0000] {logging_mixin.py:188} INFO - [2026-07-02T03:56:10.352+0000] {dag.py:3823} INFO - Setting next_dagrun for stream_monitor_harga_pangan to 2026-07-02 02:00:00+00:00, run_after=2026-07-02 03:00:00+00:00
[2026-07-02T03:56:10.407+0000] {processor.py:183} INFO - Processing /opt/airflow/dags/stream_monitor_dag.py took 0.422 seconds
[2026-07-02T03:56:42.760+0000] {processor.py:161} INFO - Started process (PID=471) to work on /opt/airflow/dags/stream_monitor_dag.py
[2026-07-02T03:56:42.766+0000] {processor.py:830} INFO - Processing file /opt/airflow/dags/stream_monitor_dag.py for tasks to queue
[2026-07-02T03:56:42.770+0000] {logging_mixin.py:188} INFO - [2026-07-02T03:56:42.769+0000] {dagbag.py:538} INFO - Filling up the DagBag from /opt/airflow/dags/stream_monitor_dag.py
[2026-07-02T03:56:42.864+0000] {processor.py:840} INFO - DAG(s) 'stream_monitor_harga_pangan' retrieved from /opt/airflow/dags/stream_monitor_dag.py
[2026-07-02T03:56:42.984+0000] {logging_mixin.py:188} INFO - [2026-07-02T03:56:42.983+0000] {dag.py:3036} INFO - Sync 1 DAGs
[2026-07-02T03:56:43.043+0000] {logging_mixin.py:188} INFO - [2026-07-02T03:56:43.043+0000] {dag.py:3823} INFO - Setting next_dagrun for stream_monitor_harga_pangan to 2026-07-02 02:00:00+00:00, run_after=2026-07-02 03:00:00+00:00
[2026-07-02T03:56:43.096+0000] {processor.py:183} INFO - Processing /opt/airflow/dags/stream_monitor_dag.py took 0.346 seconds
[2026-07-02T03:57:15.418+0000] {processor.py:161} INFO - Started process (PID=488) to work on /opt/airflow/dags/stream_monitor_dag.py
[2026-07-02T03:57:15.421+0000] {processor.py:830} INFO - Processing file /opt/airflow/dags/stream_monitor_dag.py for tasks to queue
[2026-07-02T03:57:15.423+0000] {logging_mixin.py:188} INFO - [2026-07-02T03:57:15.423+0000] {dagbag.py:538} INFO - Filling up the DagBag from /opt/airflow/dags/stream_monitor_dag.py
[2026-07-02T03:57:15.505+0000] {processor.py:840} INFO - DAG(s) 'stream_monitor_harga_pangan' retrieved from /opt/airflow/dags/stream_monitor_dag.py
[2026-07-02T03:57:15.618+0000] {logging_mixin.py:188} INFO - [2026-07-02T03:57:15.617+0000] {dag.py:3036} INFO - Sync 1 DAGs
[2026-07-02T03:57:15.684+0000] {logging_mixin.py:188} INFO - [2026-07-02T03:57:15.682+0000] {dag.py:3823} INFO - Setting next_dagrun for stream_monitor_harga_pangan to 2026-07-02 02:00:00+00:00, run_after=2026-07-02 03:00:00+00:00
[2026-07-02T03:57:15.737+0000] {processor.py:183} INFO - Processing /opt/airflow/dags/stream_monitor_dag.py took 0.327 seconds
[2026-07-02T03:57:48.004+0000] {processor.py:161} INFO - Started process (PID=506) to work on /opt/airflow/dags/stream_monitor_dag.py
[2026-07-02T03:57:48.007+0000] {processor.py:830} INFO - Processing file /opt/airflow/dags/stream_monitor_dag.py for tasks to queue
[2026-07-02T03:57:48.012+0000] {logging_mixin.py:188} INFO - [2026-07-02T03:57:48.010+0000] {dagbag.py:538} INFO - Filling up the DagBag from /opt/airflow/dags/stream_monitor_dag.py
[2026-07-02T03:57:48.093+0000] {processor.py:840} INFO - DAG(s) 'stream_monitor_harga_pangan' retrieved from /opt/airflow/dags/stream_monitor_dag.py
[2026-07-02T03:57:48.241+0000] {logging_mixin.py:188} INFO - [2026-07-02T03:57:48.240+0000] {dag.py:3036} INFO - Sync 1 DAGs
[2026-07-02T03:57:48.354+0000] {logging_mixin.py:188} INFO - [2026-07-02T03:57:48.353+0000] {dag.py:3823} INFO - Setting next_dagrun for stream_monitor_harga_pangan to 2026-07-02 02:00:00+00:00, run_after=2026-07-02 03:00:00+00:00
[2026-07-02T03:57:48.420+0000] {processor.py:183} INFO - Processing /opt/airflow/dags/stream_monitor_dag.py took 0.424 seconds
[2026-07-02T03:58:21.324+0000] {processor.py:161} INFO - Started process (PID=524) to work on /opt/airflow/dags/stream_monitor_dag.py
[2026-07-02T03:58:21.331+0000] {processor.py:830} INFO - Processing file /opt/airflow/dags/stream_monitor_dag.py for tasks to queue
[2026-07-02T03:58:21.350+0000] {logging_mixin.py:188} INFO - [2026-07-02T03:58:21.349+0000] {dagbag.py:538} INFO - Filling up the DagBag from /opt/airflow/dags/stream_monitor_dag.py
[2026-07-02T03:58:21.578+0000] {processor.py:840} INFO - DAG(s) 'stream_monitor_harga_pangan' retrieved from /opt/airflow/dags/stream_monitor_dag.py
[2026-07-02T03:58:21.766+0000] {logging_mixin.py:188} INFO - [2026-07-02T03:58:21.765+0000] {dag.py:3036} INFO - Sync 1 DAGs
[2026-07-02T03:58:21.919+0000] {logging_mixin.py:188} INFO - [2026-07-02T03:58:21.908+0000] {dag.py:3823} INFO - Setting next_dagrun for stream_monitor_harga_pangan to 2026-07-02 02:00:00+00:00, run_after=2026-07-02 03:00:00+00:00
[2026-07-02T03:58:22.044+0000] {processor.py:183} INFO - Processing /opt/airflow/dags/stream_monitor_dag.py took 0.737 seconds
[2026-07-02T03:58:53.861+0000] {processor.py:161} INFO - Started process (PID=542) to work on /opt/airflow/dags/stream_monitor_dag.py
[2026-07-02T03:58:53.874+0000] {processor.py:830} INFO - Processing file /opt/airflow/dags/stream_monitor_dag.py for tasks to queue
[2026-07-02T03:58:53.881+0000] {logging_mixin.py:188} INFO - [2026-07-02T03:58:53.879+0000] {dagbag.py:538} INFO - Filling up the DagBag from /opt/airflow/dags/stream_monitor_dag.py
[2026-07-02T03:58:54.064+0000] {processor.py:840} INFO - DAG(s) 'stream_monitor_harga_pangan' retrieved from /opt/airflow/dags/stream_monitor_dag.py
[2026-07-02T03:58:54.212+0000] {logging_mixin.py:188} INFO - [2026-07-02T03:58:54.212+0000] {dag.py:3036} INFO - Sync 1 DAGs
[2026-07-02T03:58:54.305+0000] {logging_mixin.py:188} INFO - [2026-07-02T03:58:54.304+0000] {dag.py:3823} INFO - Setting next_dagrun for stream_monitor_harga_pangan to 2026-07-02 02:00:00+00:00, run_after=2026-07-02 03:00:00+00:00
[2026-07-02T03:58:54.357+0000] {processor.py:183} INFO - Processing /opt/airflow/dags/stream_monitor_dag.py took 0.527 seconds
[2026-07-02T03:59:26.566+0000] {processor.py:161} INFO - Started process (PID=552) to work on /opt/airflow/dags/stream_monitor_dag.py
[2026-07-02T03:59:26.569+0000] {processor.py:830} INFO - Processing file /opt/airflow/dags/stream_monitor_dag.py for tasks to queue
[2026-07-02T03:59:26.572+0000] {logging_mixin.py:188} INFO - [2026-07-02T03:59:26.571+0000] {dagbag.py:538} INFO - Filling up the DagBag from /opt/airflow/dags/stream_monitor_dag.py
[2026-07-02T03:59:26.636+0000] {processor.py:840} INFO - DAG(s) 'stream_monitor_harga_pangan' retrieved from /opt/airflow/dags/stream_monitor_dag.py
[2026-07-02T03:59:26.738+0000] {logging_mixin.py:188} INFO - [2026-07-02T03:59:26.738+0000] {dag.py:3036} INFO - Sync 1 DAGs
[2026-07-02T03:59:26.798+0000] {logging_mixin.py:188} INFO - [2026-07-02T03:59:26.797+0000] {dag.py:3823} INFO - Setting next_dagrun for stream_monitor_harga_pangan to 2026-07-02 02:00:00+00:00, run_after=2026-07-02 03:00:00+00:00
[2026-07-02T03:59:26.850+0000] {processor.py:183} INFO - Processing /opt/airflow/dags/stream_monitor_dag.py took 0.294 seconds
[2026-07-02T03:59:59.207+0000] {processor.py:161} INFO - Started process (PID=570) to work on /opt/airflow/dags/stream_monitor_dag.py
[2026-07-02T03:59:59.215+0000] {processor.py:830} INFO - Processing file /opt/airflow/dags/stream_monitor_dag.py for tasks to queue
[2026-07-02T03:59:59.218+0000] {logging_mixin.py:188} INFO - [2026-07-02T03:59:59.217+0000] {dagbag.py:538} INFO - Filling up the DagBag from /opt/airflow/dags/stream_monitor_dag.py
[2026-07-02T03:59:59.363+0000] {processor.py:840} INFO - DAG(s) 'stream_monitor_harga_pangan' retrieved from /opt/airflow/dags/stream_monitor_dag.py
[2026-07-02T03:59:59.758+0000] {logging_mixin.py:188} INFO - [2026-07-02T03:59:59.758+0000] {dag.py:3036} INFO - Sync 1 DAGs
[2026-07-02T03:59:59.971+0000] {logging_mixin.py:188} INFO - [2026-07-02T03:59:59.971+0000] {dag.py:3823} INFO - Setting next_dagrun for stream_monitor_harga_pangan to 2026-07-02 02:00:00+00:00, run_after=2026-07-02 03:00:00+00:00
[2026-07-02T04:00:00.082+0000] {processor.py:183} INFO - Processing /opt/airflow/dags/stream_monitor_dag.py took 0.890 seconds
[2026-07-02T04:00:32.454+0000] {processor.py:161} INFO - Started process (PID=588) to work on /opt/airflow/dags/stream_monitor_dag.py
[2026-07-02T04:00:32.458+0000] {processor.py:830} INFO - Processing file /opt/airflow/dags/stream_monitor_dag.py for tasks to queue
[2026-07-02T04:00:32.462+0000] {logging_mixin.py:188} INFO - [2026-07-02T04:00:32.460+0000] {dagbag.py:538} INFO - Filling up the DagBag from /opt/airflow/dags/stream_monitor_dag.py
[2026-07-02T04:00:32.529+0000] {processor.py:840} INFO - DAG(s) 'stream_monitor_harga_pangan' retrieved from /opt/airflow/dags/stream_monitor_dag.py
[2026-07-02T04:00:32.605+0000] {logging_mixin.py:188} INFO - [2026-07-02T04:00:32.605+0000] {dag.py:3036} INFO - Sync 1 DAGs
[2026-07-02T04:00:32.646+0000] {logging_mixin.py:188} INFO - [2026-07-02T04:00:32.645+0000] {dag.py:3823} INFO - Setting next_dagrun for stream_monitor_harga_pangan to 2026-07-02 03:00:00+00:00, run_after=2026-07-02 04:00:00+00:00
[2026-07-02T04:00:32.677+0000] {processor.py:183} INFO - Processing /opt/airflow/dags/stream_monitor_dag.py took 0.234 seconds
[2026-07-02T04:01:04.891+0000] {processor.py:161} INFO - Started process (PID=608) to work on /opt/airflow/dags/stream_monitor_dag.py
[2026-07-02T04:01:04.893+0000] {processor.py:830} INFO - Processing file /opt/airflow/dags/stream_monitor_dag.py for tasks to queue
[2026-07-02T04:01:04.896+0000] {logging_mixin.py:188} INFO - [2026-07-02T04:01:04.895+0000] {dagbag.py:538} INFO - Filling up the DagBag from /opt/airflow/dags/stream_monitor_dag.py
[2026-07-02T04:01:04.962+0000] {processor.py:840} INFO - DAG(s) 'stream_monitor_harga_pangan' retrieved from /opt/airflow/dags/stream_monitor_dag.py
[2026-07-02T04:01:05.037+0000] {logging_mixin.py:188} INFO - [2026-07-02T04:01:05.037+0000] {dag.py:3036} INFO - Sync 1 DAGs
[2026-07-02T04:01:05.077+0000] {logging_mixin.py:188} INFO - [2026-07-02T04:01:05.076+0000] {dag.py:3823} INFO - Setting next_dagrun for stream_monitor_harga_pangan to 2026-07-02 03:00:00+00:00, run_after=2026-07-02 04:00:00+00:00
[2026-07-02T04:01:05.106+0000] {processor.py:183} INFO - Processing /opt/airflow/dags/stream_monitor_dag.py took 0.225 seconds
[2026-07-02T04:01:37.306+0000] {processor.py:161} INFO - Started process (PID=626) to work on /opt/airflow/dags/stream_monitor_dag.py
[2026-07-02T04:01:37.310+0000] {processor.py:830} INFO - Processing file /opt/airflow/dags/stream_monitor_dag.py for tasks to queue
[2026-07-02T04:01:37.314+0000] {logging_mixin.py:188} INFO - [2026-07-02T04:01:37.313+0000] {dagbag.py:538} INFO - Filling up the DagBag from /opt/airflow/dags/stream_monitor_dag.py
[2026-07-02T04:01:37.396+0000] {processor.py:840} INFO - DAG(s) 'stream_monitor_harga_pangan' retrieved from /opt/airflow/dags/stream_monitor_dag.py
[2026-07-02T04:01:37.505+0000] {logging_mixin.py:188} INFO - [2026-07-02T04:01:37.503+0000] {dag.py:3036} INFO - Sync 1 DAGs
[2026-07-02T04:01:37.589+0000] {logging_mixin.py:188} INFO - [2026-07-02T04:01:37.588+0000] {dag.py:3823} INFO - Setting next_dagrun for stream_monitor_harga_pangan to 2026-07-02 03:00:00+00:00, run_after=2026-07-02 04:00:00+00:00
[2026-07-02T04:01:37.649+0000] {processor.py:183} INFO - Processing /opt/airflow/dags/stream_monitor_dag.py took 0.358 seconds
[2026-07-02T04:02:10.145+0000] {processor.py:161} INFO - Started process (PID=644) to work on /opt/airflow/dags/stream_monitor_dag.py
[2026-07-02T04:02:10.149+0000] {processor.py:830} INFO - Processing file /opt/airflow/dags/stream_monitor_dag.py for tasks to queue
[2026-07-02T04:02:10.158+0000] {logging_mixin.py:188} INFO - [2026-07-02T04:02:10.158+0000] {dagbag.py:538} INFO - Filling up the DagBag from /opt/airflow/dags/stream_monitor_dag.py
[2026-07-02T04:02:10.245+0000] {processor.py:840} INFO - DAG(s) 'stream_monitor_harga_pangan' retrieved from /opt/airflow/dags/stream_monitor_dag.py
[2026-07-02T04:02:10.334+0000] {logging_mixin.py:188} INFO - [2026-07-02T04:02:10.333+0000] {dag.py:3036} INFO - Sync 1 DAGs
[2026-07-02T04:02:10.388+0000] {logging_mixin.py:188} INFO - [2026-07-02T04:02:10.387+0000] {dag.py:3823} INFO - Setting next_dagrun for stream_monitor_harga_pangan to 2026-07-02 03:00:00+00:00, run_after=2026-07-02 04:00:00+00:00
[2026-07-02T04:02:10.423+0000] {processor.py:183} INFO - Processing /opt/airflow/dags/stream_monitor_dag.py took 0.285 seconds
[2026-07-02T04:02:43.702+0000] {processor.py:161} INFO - Started process (PID=662) to work on /opt/airflow/dags/stream_monitor_dag.py
[2026-07-02T04:02:43.717+0000] {processor.py:830} INFO - Processing file /opt/airflow/dags/stream_monitor_dag.py for tasks to queue
[2026-07-02T04:02:43.730+0000] {logging_mixin.py:188} INFO - [2026-07-02T04:02:43.729+0000] {dagbag.py:538} INFO - Filling up the DagBag from /opt/airflow/dags/stream_monitor_dag.py
[2026-07-02T04:02:43.890+0000] {processor.py:840} INFO - DAG(s) 'stream_monitor_harga_pangan' retrieved from /opt/airflow/dags/stream_monitor_dag.py
[2026-07-02T04:02:44.255+0000] {logging_mixin.py:188} INFO - [2026-07-02T04:02:44.253+0000] {dag.py:3036} INFO - Sync 1 DAGs
[2026-07-02T04:02:44.435+0000] {logging_mixin.py:188} INFO - [2026-07-02T04:02:44.435+0000] {dag.py:3823} INFO - Setting next_dagrun for stream_monitor_harga_pangan to 2026-07-02 03:00:00+00:00, run_after=2026-07-02 04:00:00+00:00
[2026-07-02T04:02:44.594+0000] {processor.py:183} INFO - Processing /opt/airflow/dags/stream_monitor_dag.py took 0.913 seconds
[2026-07-02T04:03:15.854+0000] {processor.py:161} INFO - Started process (PID=672) to work on /opt/airflow/dags/stream_monitor_dag.py
[2026-07-02T04:03:15.859+0000] {processor.py:830} INFO - Processing file /opt/airflow/dags/stream_monitor_dag.py for tasks to queue
[2026-07-02T04:03:15.863+0000] {logging_mixin.py:188} INFO - [2026-07-02T04:03:15.862+0000] {dagbag.py:538} INFO - Filling up the DagBag from /opt/airflow/dags/stream_monitor_dag.py
[2026-07-02T04:03:15.954+0000] {processor.py:840} INFO - DAG(s) 'stream_monitor_harga_pangan' retrieved from /opt/airflow/dags/stream_monitor_dag.py
[2026-07-02T04:03:16.053+0000] {logging_mixin.py:188} INFO - [2026-07-02T04:03:16.052+0000] {dag.py:3036} INFO - Sync 1 DAGs
[2026-07-02T04:03:16.111+0000] {logging_mixin.py:188} INFO - [2026-07-02T04:03:16.110+0000] {dag.py:3823} INFO - Setting next_dagrun for stream_monitor_harga_pangan to 2026-07-02 03:00:00+00:00, run_after=2026-07-02 04:00:00+00:00
[2026-07-02T04:03:16.167+0000] {processor.py:183} INFO - Processing /opt/airflow/dags/stream_monitor_dag.py took 0.321 seconds
[2026-07-02T04:03:48.377+0000] {processor.py:161} INFO - Started process (PID=690) to work on /opt/airflow/dags/stream_monitor_dag.py
[2026-07-02T04:03:48.380+0000] {processor.py:830} INFO - Processing file /opt/airflow/dags/stream_monitor_dag.py for tasks to queue
[2026-07-02T04:03:48.382+0000] {logging_mixin.py:188} INFO - [2026-07-02T04:03:48.382+0000] {dagbag.py:538} INFO - Filling up the DagBag from /opt/airflow/dags/stream_monitor_dag.py
[2026-07-02T04:03:48.507+0000] {processor.py:840} INFO - DAG(s) 'stream_monitor_harga_pangan' retrieved from /opt/airflow/dags/stream_monitor_dag.py
[2026-07-02T04:03:48.630+0000] {logging_mixin.py:188} INFO - [2026-07-02T04:03:48.629+0000] {dag.py:3036} INFO - Sync 1 DAGs
[2026-07-02T04:03:48.725+0000] {logging_mixin.py:188} INFO - [2026-07-02T04:03:48.724+0000] {dag.py:3823} INFO - Setting next_dagrun for stream_monitor_harga_pangan to 2026-07-02 03:00:00+00:00, run_after=2026-07-02 04:00:00+00:00
[2026-07-02T04:03:48.812+0000] {processor.py:183} INFO - Processing /opt/airflow/dags/stream_monitor_dag.py took 0.450 seconds
[2026-07-02T04:04:21.432+0000] {processor.py:161} INFO - Started process (PID=708) to work on /opt/airflow/dags/stream_monitor_dag.py
[2026-07-02T04:04:21.434+0000] {processor.py:830} INFO - Processing file /opt/airflow/dags/stream_monitor_dag.py for tasks to queue
[2026-07-02T04:04:21.454+0000] {logging_mixin.py:188} INFO - [2026-07-02T04:04:21.453+0000] {dagbag.py:538} INFO - Filling up the DagBag from /opt/airflow/dags/stream_monitor_dag.py
[2026-07-02T04:04:21.655+0000] {processor.py:840} INFO - DAG(s) 'stream_monitor_harga_pangan' retrieved from /opt/airflow/dags/stream_monitor_dag.py
[2026-07-02T04:04:21.859+0000] {logging_mixin.py:188} INFO - [2026-07-02T04:04:21.858+0000] {dag.py:3036} INFO - Sync 1 DAGs
[2026-07-02T04:04:21.957+0000] {logging_mixin.py:188} INFO - [2026-07-02T04:04:21.956+0000] {dag.py:3823} INFO - Setting next_dagrun for stream_monitor_harga_pangan to 2026-07-02 03:00:00+00:00, run_after=2026-07-02 04:00:00+00:00
[2026-07-02T04:04:22.065+0000] {processor.py:183} INFO - Processing /opt/airflow/dags/stream_monitor_dag.py took 0.651 seconds
[2026-07-02T04:04:54.302+0000] {processor.py:161} INFO - Started process (PID=726) to work on /opt/airflow/dags/stream_monitor_dag.py
[2026-07-02T04:04:54.305+0000] {processor.py:830} INFO - Processing file /opt/airflow/dags/stream_monitor_dag.py for tasks to queue
[2026-07-02T04:04:54.307+0000] {logging_mixin.py:188} INFO - [2026-07-02T04:04:54.307+0000] {dagbag.py:538} INFO - Filling up the DagBag from /opt/airflow/dags/stream_monitor_dag.py
[2026-07-02T04:04:54.400+0000] {processor.py:840} INFO - DAG(s) 'stream_monitor_harga_pangan' retrieved from /opt/airflow/dags/stream_monitor_dag.py
[2026-07-02T04:04:54.512+0000] {logging_mixin.py:188} INFO - [2026-07-02T04:04:54.511+0000] {dag.py:3036} INFO - Sync 1 DAGs
[2026-07-02T04:04:54.610+0000] {logging_mixin.py:188} INFO - [2026-07-02T04:04:54.609+0000] {dag.py:3823} INFO - Setting next_dagrun for stream_monitor_harga_pangan to 2026-07-02 03:00:00+00:00, run_after=2026-07-02 04:00:00+00:00
[2026-07-02T04:04:54.713+0000] {processor.py:183} INFO - Processing /opt/airflow/dags/stream_monitor_dag.py took 0.423 seconds
[2026-07-02T04:05:27.220+0000] {processor.py:161} INFO - Started process (PID=744) to work on /opt/airflow/dags/stream_monitor_dag.py
[2026-07-02T04:05:27.224+0000] {processor.py:830} INFO - Processing file /opt/airflow/dags/stream_monitor_dag.py for tasks to queue
[2026-07-02T04:05:27.227+0000] {logging_mixin.py:188} INFO - [2026-07-02T04:05:27.226+0000] {dagbag.py:538} INFO - Filling up the DagBag from /opt/airflow/dags/stream_monitor_dag.py
[2026-07-02T04:05:27.335+0000] {processor.py:840} INFO - DAG(s) 'stream_monitor_harga_pangan' retrieved from /opt/airflow/dags/stream_monitor_dag.py
[2026-07-02T04:05:27.490+0000] {logging_mixin.py:188} INFO - [2026-07-02T04:05:27.489+0000] {dag.py:3036} INFO - Sync 1 DAGs
[2026-07-02T04:05:27.546+0000] {logging_mixin.py:188} INFO - [2026-07-02T04:05:27.545+0000] {dag.py:3823} INFO - Setting next_dagrun for stream_monitor_harga_pangan to 2026-07-02 03:00:00+00:00, run_after=2026-07-02 04:00:00+00:00
[2026-07-02T04:05:27.608+0000] {processor.py:183} INFO - Processing /opt/airflow/dags/stream_monitor_dag.py took 0.403 seconds
[2026-07-02T04:06:00.250+0000] {processor.py:161} INFO - Started process (PID=754) to work on /opt/airflow/dags/stream_monitor_dag.py
[2026-07-02T04:06:00.257+0000] {processor.py:830} INFO - Processing file /opt/airflow/dags/stream_monitor_dag.py for tasks to queue
[2026-07-02T04:06:00.268+0000] {logging_mixin.py:188} INFO - [2026-07-02T04:06:00.267+0000] {dagbag.py:538} INFO - Filling up the DagBag from /opt/airflow/dags/stream_monitor_dag.py
[2026-07-02T04:06:00.591+0000] {processor.py:840} INFO - DAG(s) 'stream_monitor_harga_pangan' retrieved from /opt/airflow/dags/stream_monitor_dag.py
[2026-07-02T04:06:00.983+0000] {logging_mixin.py:188} INFO - [2026-07-02T04:06:00.982+0000] {dag.py:3036} INFO - Sync 1 DAGs
[2026-07-02T04:06:01.198+0000] {logging_mixin.py:188} INFO - [2026-07-02T04:06:01.197+0000] {dag.py:3823} INFO - Setting next_dagrun for stream_monitor_harga_pangan to 2026-07-02 03:00:00+00:00, run_after=2026-07-02 04:00:00+00:00
[2026-07-02T04:06:01.301+0000] {processor.py:183} INFO - Processing /opt/airflow/dags/stream_monitor_dag.py took 1.079 seconds
[2026-07-02T04:06:32.715+0000] {processor.py:161} INFO - Started process (PID=771) to work on /opt/airflow/dags/stream_monitor_dag.py
[2026-07-02T04:06:32.719+0000] {processor.py:830} INFO - Processing file /opt/airflow/dags/stream_monitor_dag.py for tasks to queue
[2026-07-02T04:06:32.722+0000] {logging_mixin.py:188} INFO - [2026-07-02T04:06:32.721+0000] {dagbag.py:538} INFO - Filling up the DagBag from /opt/airflow/dags/stream_monitor_dag.py
[2026-07-02T04:06:32.786+0000] {logging_mixin.py:188} INFO - [2026-07-02T04:06:32.775+0000] {dagbag.py:348} ERROR - Failed to import: /opt/airflow/dags/stream_monitor_dag.py
Traceback (most recent call last):
  File "/home/airflow/.local/lib/python3.8/site-packages/cron_descriptor/GetText.py", line 48, in __init__
  File "/home/airflow/.local/lib/python3.8/site-packages/cron_descriptor/GetText.py", line 63, in load_locale
OSError: [Errno 5] Input/output error: '/home/airflow/.local/lib/python3.8/site-packages/cron_descriptor/locale/en_US.mo'

During handling of the above exception, another exception occurred:

Traceback (most recent call last):
  File "/home/airflow/.local/lib/python3.8/site-packages/airflow/models/dagbag.py", line 344, in parse
  File "<frozen importlib._bootstrap_external>", line 843, in exec_module
  File "<frozen importlib._bootstrap>", line 219, in _call_with_frames_removed
  File "/opt/airflow/dags/stream_monitor_dag.py", line 157, in <module>
    with DAG(
  File "/home/airflow/.local/lib/python3.8/site-packages/airflow/models/dag.py", line 601, in __init__
  File "/home/airflow/.local/lib/python3.8/site-packages/airflow/models/dag.py", line 229, in create_timetable
  File "/home/airflow/.local/lib/python3.8/site-packages/airflow/timetables/_cron.py", line 73, in __init__
  File "/home/airflow/.local/lib/python3.8/site-packages/cron_descriptor/ExpressionDescriptor.py", line 72, in __init__
  File "/home/airflow/.local/lib/python3.8/site-packages/cron_descriptor/GetText.py", line 52, in __init__
  File "/home/airflow/.local/lib/python3.8/site-packages/cron_descriptor/GetText.py", line 63, in load_locale
OSError: [Errno 5] Input/output error: '/home/airflow/.local/lib/python3.8/site-packages/cron_descriptor/locale/en_US.mo'
[2026-07-02T04:06:32.788+0000] {processor.py:842} WARNING - No viable dags retrieved from /opt/airflow/dags/stream_monitor_dag.py
[2026-07-02T04:06:32.816+0000] {processor.py:186} ERROR - Got an exception! Propagating...
Traceback (most recent call last):
  File "/home/airflow/.local/lib/python3.8/site-packages/sqlalchemy/engine/base.py", line 3371, in _wrap_pool_connect
  File "/home/airflow/.local/lib/python3.8/site-packages/sqlalchemy/pool/base.py", line 327, in connect
  File "/home/airflow/.local/lib/python3.8/site-packages/sqlalchemy/pool/base.py", line 894, in _checkout
  File "/home/airflow/.local/lib/python3.8/site-packages/sqlalchemy/pool/base.py", line 493, in checkout
  File "/home/airflow/.local/lib/python3.8/site-packages/sqlalchemy/pool/impl.py", line 146, in _do_get
  File "/home/airflow/.local/lib/python3.8/site-packages/sqlalchemy/util/langhelpers.py", line 70, in __exit__
  File "/home/airflow/.local/lib/python3.8/site-packages/sqlalchemy/util/compat.py", line 211, in raise_
  File "/home/airflow/.local/lib/python3.8/site-packages/sqlalchemy/pool/impl.py", line 143, in _do_get
  File "/home/airflow/.local/lib/python3.8/site-packages/sqlalchemy/pool/base.py", line 273, in _create_connection
  File "/home/airflow/.local/lib/python3.8/site-packages/sqlalchemy/pool/base.py", line 388, in __init__
  File "/home/airflow/.local/lib/python3.8/site-packages/sqlalchemy/pool/base.py", line 691, in __connect
  File "/home/airflow/.local/lib/python3.8/site-packages/sqlalchemy/util/langhelpers.py", line 70, in __exit__
  File "/home/airflow/.local/lib/python3.8/site-packages/sqlalchemy/util/compat.py", line 211, in raise_
  File "/home/airflow/.local/lib/python3.8/site-packages/sqlalchemy/pool/base.py", line 686, in __connect
  File "/home/airflow/.local/lib/python3.8/site-packages/sqlalchemy/engine/create.py", line 574, in connect
  File "/home/airflow/.local/lib/python3.8/site-packages/sqlalchemy/engine/default.py", line 598, in connect
  File "/home/airflow/.local/lib/python3.8/site-packages/psycopg2/__init__.py", line 122, in connect
psycopg2.OperationalError: connection to server at "airflow-postgres" (172.23.0.2), port 5432 failed: FATAL:  could not open file "global/pg_filenode.map": Input/output error


The above exception was the direct cause of the following exception:

Traceback (most recent call last):
  File "/home/airflow/.local/lib/python3.8/site-packages/airflow/dag_processing/processor.py", line 182, in _run_file_processor
  File "/home/airflow/.local/lib/python3.8/site-packages/airflow/dag_processing/processor.py", line 163, in _handle_dag_file_processing
  File "/home/airflow/.local/lib/python3.8/site-packages/airflow/utils/session.py", line 79, in wrapper
  File "/home/airflow/.local/lib/python3.8/site-packages/airflow/dag_processing/processor.py", line 843, in process_file
  File "/home/airflow/.local/lib/python3.8/site-packages/airflow/api_internal/internal_api_call.py", line 114, in wrapper
  File "/home/airflow/.local/lib/python3.8/site-packages/airflow/utils/session.py", line 76, in wrapper
  File "/home/airflow/.local/lib/python3.8/site-packages/airflow/dag_processing/processor.py", line 622, in update_import_errors
  File "/home/airflow/.local/lib/python3.8/site-packages/sqlalchemy/orm/query.py", line 2773, in all
  File "/home/airflow/.local/lib/python3.8/site-packages/sqlalchemy/orm/query.py", line 2916, in _iter
  File "/home/airflow/.local/lib/python3.8/site-packages/sqlalchemy/orm/session.py", line 1716, in execute
  File "/home/airflow/.local/lib/python3.8/site-packages/sqlalchemy/orm/session.py", line 1555, in _connection_for_bind
  File "/home/airflow/.local/lib/python3.8/site-packages/sqlalchemy/orm/session.py", line 750, in _connection_for_bind
  File "/home/airflow/.local/lib/python3.8/site-packages/sqlalchemy/future/engine.py", line 412, in connect
  File "/home/airflow/.local/lib/python3.8/site-packages/sqlalchemy/engine/base.py", line 3325, in connect
  File "/home/airflow/.local/lib/python3.8/site-packages/sqlalchemy/engine/base.py", line 96, in __init__
  File "/home/airflow/.local/lib/python3.8/site-packages/sqlalchemy/engine/base.py", line 3404, in raw_connection
  File "/home/airflow/.local/lib/python3.8/site-packages/sqlalchemy/engine/base.py", line 3374, in _wrap_pool_connect
  File "/home/airflow/.local/lib/python3.8/site-packages/sqlalchemy/engine/base.py", line 2208, in _handle_dbapi_exception_noconnection
  File "/home/airflow/.local/lib/python3.8/site-packages/sqlalchemy/util/compat.py", line 211, in raise_
  File "/home/airflow/.local/lib/python3.8/site-packages/sqlalchemy/engine/base.py", line 3371, in _wrap_pool_connect
  File "/home/airflow/.local/lib/python3.8/site-packages/sqlalchemy/pool/base.py", line 327, in connect
  File "/home/airflow/.local/lib/python3.8/site-packages/sqlalchemy/pool/base.py", line 894, in _checkout
  File "/home/airflow/.local/lib/python3.8/site-packages/sqlalchemy/pool/base.py", line 493, in checkout
  File "/home/airflow/.local/lib/python3.8/site-packages/sqlalchemy/pool/impl.py", line 146, in _do_get
  File "/home/airflow/.local/lib/python3.8/site-packages/sqlalchemy/util/langhelpers.py", line 70, in __exit__
  File "/home/airflow/.local/lib/python3.8/site-packages/sqlalchemy/util/compat.py", line 211, in raise_
  File "/home/airflow/.local/lib/python3.8/site-packages/sqlalchemy/pool/impl.py", line 143, in _do_get
  File "/home/airflow/.local/lib/python3.8/site-packages/sqlalchemy/pool/base.py", line 273, in _create_connection
  File "/home/airflow/.local/lib/python3.8/site-packages/sqlalchemy/pool/base.py", line 388, in __init__
  File "/home/airflow/.local/lib/python3.8/site-packages/sqlalchemy/pool/base.py", line 691, in __connect
  File "/home/airflow/.local/lib/python3.8/site-packages/sqlalchemy/util/langhelpers.py", line 70, in __exit__
  File "/home/airflow/.local/lib/python3.8/site-packages/sqlalchemy/util/compat.py", line 211, in raise_
  File "/home/airflow/.local/lib/python3.8/site-packages/sqlalchemy/pool/base.py", line 686, in __connect
  File "/home/airflow/.local/lib/python3.8/site-packages/sqlalchemy/engine/create.py", line 574, in connect
  File "/home/airflow/.local/lib/python3.8/site-packages/sqlalchemy/engine/default.py", line 598, in connect
  File "/home/airflow/.local/lib/python3.8/site-packages/psycopg2/__init__.py", line 122, in connect
sqlalchemy.exc.OperationalError: (psycopg2.OperationalError) connection to server at "airflow-postgres" (172.23.0.2), port 5432 failed: FATAL:  could not open file "global/pg_filenode.map": Input/output error

(Background on this error at: https://sqlalche.me/e/14/e3q8)
[2026-07-02T04:37:39.285+0000] {processor.py:161} INFO - Started process (PID=203) to work on /opt/airflow/dags/stream_monitor_dag.py
[2026-07-02T04:37:39.292+0000] {processor.py:830} INFO - Processing file /opt/airflow/dags/stream_monitor_dag.py for tasks to queue
[2026-07-02T04:37:39.297+0000] {logging_mixin.py:188} INFO - [2026-07-02T04:37:39.296+0000] {dagbag.py:538} INFO - Filling up the DagBag from /opt/airflow/dags/stream_monitor_dag.py
[2026-07-02T04:37:39.424+0000] {processor.py:840} INFO - DAG(s) 'stream_monitor_harga_pangan' retrieved from /opt/airflow/dags/stream_monitor_dag.py
[2026-07-02T04:37:39.545+0000] {logging_mixin.py:188} INFO - [2026-07-02T04:37:39.545+0000] {dag.py:3036} INFO - Sync 1 DAGs
[2026-07-02T04:37:39.622+0000] {logging_mixin.py:188} INFO - [2026-07-02T04:37:39.621+0000] {dag.py:3823} INFO - Setting next_dagrun for stream_monitor_harga_pangan to 2026-07-02 03:00:00+00:00, run_after=2026-07-02 04:00:00+00:00
[2026-07-02T04:37:39.692+0000] {processor.py:183} INFO - Processing /opt/airflow/dags/stream_monitor_dag.py took 0.431 seconds
[2026-07-02T04:38:09.950+0000] {processor.py:161} INFO - Started process (PID=221) to work on /opt/airflow/dags/stream_monitor_dag.py
[2026-07-02T04:38:09.953+0000] {processor.py:830} INFO - Processing file /opt/airflow/dags/stream_monitor_dag.py for tasks to queue
[2026-07-02T04:38:09.957+0000] {logging_mixin.py:188} INFO - [2026-07-02T04:38:09.955+0000] {dagbag.py:538} INFO - Filling up the DagBag from /opt/airflow/dags/stream_monitor_dag.py
[2026-07-02T04:38:10.038+0000] {processor.py:840} INFO - DAG(s) 'stream_monitor_harga_pangan' retrieved from /opt/airflow/dags/stream_monitor_dag.py
[2026-07-02T04:38:10.349+0000] {logging_mixin.py:188} INFO - [2026-07-02T04:38:10.349+0000] {dag.py:3036} INFO - Sync 1 DAGs
[2026-07-02T04:38:10.405+0000] {logging_mixin.py:188} INFO - [2026-07-02T04:38:10.405+0000] {dag.py:3823} INFO - Setting next_dagrun for stream_monitor_harga_pangan to 2026-07-02 03:00:00+00:00, run_after=2026-07-02 04:00:00+00:00
[2026-07-02T04:38:10.464+0000] {processor.py:183} INFO - Processing /opt/airflow/dags/stream_monitor_dag.py took 0.525 seconds
[2026-07-02T04:38:40.641+0000] {processor.py:161} INFO - Started process (PID=239) to work on /opt/airflow/dags/stream_monitor_dag.py
[2026-07-02T04:38:40.645+0000] {processor.py:830} INFO - Processing file /opt/airflow/dags/stream_monitor_dag.py for tasks to queue
[2026-07-02T04:38:40.648+0000] {logging_mixin.py:188} INFO - [2026-07-02T04:38:40.647+0000] {dagbag.py:538} INFO - Filling up the DagBag from /opt/airflow/dags/stream_monitor_dag.py
[2026-07-02T04:38:40.735+0000] {processor.py:840} INFO - DAG(s) 'stream_monitor_harga_pangan' retrieved from /opt/airflow/dags/stream_monitor_dag.py
[2026-07-02T04:38:40.867+0000] {logging_mixin.py:188} INFO - [2026-07-02T04:38:40.866+0000] {dag.py:3036} INFO - Sync 1 DAGs
[2026-07-02T04:38:40.965+0000] {logging_mixin.py:188} INFO - [2026-07-02T04:38:40.964+0000] {dag.py:3823} INFO - Setting next_dagrun for stream_monitor_harga_pangan to 2026-07-02 03:00:00+00:00, run_after=2026-07-02 04:00:00+00:00
[2026-07-02T04:38:41.077+0000] {processor.py:183} INFO - Processing /opt/airflow/dags/stream_monitor_dag.py took 0.449 seconds
[2026-07-02T04:39:11.316+0000] {processor.py:161} INFO - Started process (PID=249) to work on /opt/airflow/dags/stream_monitor_dag.py
[2026-07-02T04:39:11.319+0000] {processor.py:830} INFO - Processing file /opt/airflow/dags/stream_monitor_dag.py for tasks to queue
[2026-07-02T04:39:11.322+0000] {logging_mixin.py:188} INFO - [2026-07-02T04:39:11.321+0000] {dagbag.py:538} INFO - Filling up the DagBag from /opt/airflow/dags/stream_monitor_dag.py
[2026-07-02T04:39:11.403+0000] {processor.py:840} INFO - DAG(s) 'stream_monitor_harga_pangan' retrieved from /opt/airflow/dags/stream_monitor_dag.py
[2026-07-02T04:39:11.506+0000] {logging_mixin.py:188} INFO - [2026-07-02T04:39:11.506+0000] {dag.py:3036} INFO - Sync 1 DAGs
[2026-07-02T04:39:11.572+0000] {logging_mixin.py:188} INFO - [2026-07-02T04:39:11.571+0000] {dag.py:3823} INFO - Setting next_dagrun for stream_monitor_harga_pangan to 2026-07-02 03:00:00+00:00, run_after=2026-07-02 04:00:00+00:00
[2026-07-02T04:39:11.615+0000] {processor.py:183} INFO - Processing /opt/airflow/dags/stream_monitor_dag.py took 0.306 seconds
[2026-07-02T04:39:44.734+0000] {processor.py:161} INFO - Started process (PID=267) to work on /opt/airflow/dags/stream_monitor_dag.py
[2026-07-02T04:39:44.737+0000] {processor.py:830} INFO - Processing file /opt/airflow/dags/stream_monitor_dag.py for tasks to queue
[2026-07-02T04:39:44.743+0000] {logging_mixin.py:188} INFO - [2026-07-02T04:39:44.742+0000] {dagbag.py:538} INFO - Filling up the DagBag from /opt/airflow/dags/stream_monitor_dag.py
[2026-07-02T04:39:44.806+0000] {processor.py:840} INFO - DAG(s) 'stream_monitor_harga_pangan' retrieved from /opt/airflow/dags/stream_monitor_dag.py
[2026-07-02T04:39:44.926+0000] {logging_mixin.py:188} INFO - [2026-07-02T04:39:44.925+0000] {dag.py:3036} INFO - Sync 1 DAGs
[2026-07-02T04:39:45.025+0000] {logging_mixin.py:188} INFO - [2026-07-02T04:39:45.024+0000] {dag.py:3823} INFO - Setting next_dagrun for stream_monitor_harga_pangan to 2026-07-02 03:00:00+00:00, run_after=2026-07-02 04:00:00+00:00
[2026-07-02T04:39:45.100+0000] {processor.py:183} INFO - Processing /opt/airflow/dags/stream_monitor_dag.py took 0.375 seconds
[2026-07-02T04:40:17.240+0000] {processor.py:161} INFO - Started process (PID=285) to work on /opt/airflow/dags/stream_monitor_dag.py
[2026-07-02T04:40:17.243+0000] {processor.py:830} INFO - Processing file /opt/airflow/dags/stream_monitor_dag.py for tasks to queue
[2026-07-02T04:40:17.245+0000] {logging_mixin.py:188} INFO - [2026-07-02T04:40:17.244+0000] {dagbag.py:538} INFO - Filling up the DagBag from /opt/airflow/dags/stream_monitor_dag.py
[2026-07-02T04:40:17.305+0000] {processor.py:840} INFO - DAG(s) 'stream_monitor_harga_pangan' retrieved from /opt/airflow/dags/stream_monitor_dag.py
[2026-07-02T04:40:17.408+0000] {logging_mixin.py:188} INFO - [2026-07-02T04:40:17.407+0000] {dag.py:3036} INFO - Sync 1 DAGs
[2026-07-02T04:40:17.464+0000] {logging_mixin.py:188} INFO - [2026-07-02T04:40:17.464+0000] {dag.py:3823} INFO - Setting next_dagrun for stream_monitor_harga_pangan to 2026-07-02 03:00:00+00:00, run_after=2026-07-02 04:00:00+00:00
[2026-07-02T04:40:18.187+0000] {processor.py:183} INFO - Processing /opt/airflow/dags/stream_monitor_dag.py took 0.958 seconds
[2026-07-02T04:40:48.857+0000] {processor.py:161} INFO - Started process (PID=303) to work on /opt/airflow/dags/stream_monitor_dag.py
[2026-07-02T04:40:48.862+0000] {processor.py:830} INFO - Processing file /opt/airflow/dags/stream_monitor_dag.py for tasks to queue
[2026-07-02T04:40:48.870+0000] {logging_mixin.py:188} INFO - [2026-07-02T04:40:48.870+0000] {dagbag.py:538} INFO - Filling up the DagBag from /opt/airflow/dags/stream_monitor_dag.py
[2026-07-02T04:40:49.004+0000] {processor.py:840} INFO - DAG(s) 'stream_monitor_harga_pangan' retrieved from /opt/airflow/dags/stream_monitor_dag.py
[2026-07-02T04:40:49.207+0000] {logging_mixin.py:188} INFO - [2026-07-02T04:40:49.206+0000] {dag.py:3036} INFO - Sync 1 DAGs
[2026-07-02T04:40:49.349+0000] {logging_mixin.py:188} INFO - [2026-07-02T04:40:49.348+0000] {dag.py:3823} INFO - Setting next_dagrun for stream_monitor_harga_pangan to 2026-07-02 03:00:00+00:00, run_after=2026-07-02 04:00:00+00:00
[2026-07-02T04:40:49.469+0000] {processor.py:183} INFO - Processing /opt/airflow/dags/stream_monitor_dag.py took 0.630 seconds
[2026-07-02T04:41:20.686+0000] {processor.py:161} INFO - Started process (PID=322) to work on /opt/airflow/dags/stream_monitor_dag.py
[2026-07-02T04:41:20.695+0000] {processor.py:830} INFO - Processing file /opt/airflow/dags/stream_monitor_dag.py for tasks to queue
[2026-07-02T04:41:20.699+0000] {logging_mixin.py:188} INFO - [2026-07-02T04:41:20.698+0000] {dagbag.py:538} INFO - Filling up the DagBag from /opt/airflow/dags/stream_monitor_dag.py
[2026-07-02T04:41:20.804+0000] {processor.py:840} INFO - DAG(s) 'stream_monitor_harga_pangan' retrieved from /opt/airflow/dags/stream_monitor_dag.py
[2026-07-02T04:41:20.977+0000] {logging_mixin.py:188} INFO - [2026-07-02T04:41:20.977+0000] {dag.py:3036} INFO - Sync 1 DAGs
[2026-07-02T04:41:21.075+0000] {logging_mixin.py:188} INFO - [2026-07-02T04:41:21.075+0000] {dag.py:3823} INFO - Setting next_dagrun for stream_monitor_harga_pangan to 2026-07-02 03:00:00+00:00, run_after=2026-07-02 04:00:00+00:00
[2026-07-02T04:41:21.178+0000] {processor.py:183} INFO - Processing /opt/airflow/dags/stream_monitor_dag.py took 0.504 seconds
[2026-07-02T04:41:53.454+0000] {processor.py:161} INFO - Started process (PID=340) to work on /opt/airflow/dags/stream_monitor_dag.py
[2026-07-02T04:41:53.457+0000] {processor.py:830} INFO - Processing file /opt/airflow/dags/stream_monitor_dag.py for tasks to queue
[2026-07-02T04:41:53.460+0000] {logging_mixin.py:188} INFO - [2026-07-02T04:41:53.459+0000] {dagbag.py:538} INFO - Filling up the DagBag from /opt/airflow/dags/stream_monitor_dag.py
[2026-07-02T04:41:53.548+0000] {processor.py:840} INFO - DAG(s) 'stream_monitor_harga_pangan' retrieved from /opt/airflow/dags/stream_monitor_dag.py
[2026-07-02T04:41:53.788+0000] {logging_mixin.py:188} INFO - [2026-07-02T04:41:53.787+0000] {dag.py:3036} INFO - Sync 1 DAGs
[2026-07-02T04:41:53.846+0000] {logging_mixin.py:188} INFO - [2026-07-02T04:41:53.846+0000] {dag.py:3823} INFO - Setting next_dagrun for stream_monitor_harga_pangan to 2026-07-02 03:00:00+00:00, run_after=2026-07-02 04:00:00+00:00
[2026-07-02T04:41:53.886+0000] {processor.py:183} INFO - Processing /opt/airflow/dags/stream_monitor_dag.py took 0.445 seconds
[2026-07-02T04:42:26.098+0000] {processor.py:161} INFO - Started process (PID=350) to work on /opt/airflow/dags/stream_monitor_dag.py
[2026-07-02T04:42:26.102+0000] {processor.py:830} INFO - Processing file /opt/airflow/dags/stream_monitor_dag.py for tasks to queue
[2026-07-02T04:42:26.106+0000] {logging_mixin.py:188} INFO - [2026-07-02T04:42:26.105+0000] {dagbag.py:538} INFO - Filling up the DagBag from /opt/airflow/dags/stream_monitor_dag.py
[2026-07-02T04:42:26.185+0000] {processor.py:840} INFO - DAG(s) 'stream_monitor_harga_pangan' retrieved from /opt/airflow/dags/stream_monitor_dag.py
[2026-07-02T04:42:26.296+0000] {logging_mixin.py:188} INFO - [2026-07-02T04:42:26.296+0000] {dag.py:3036} INFO - Sync 1 DAGs
[2026-07-02T04:42:26.355+0000] {logging_mixin.py:188} INFO - [2026-07-02T04:42:26.355+0000] {dag.py:3823} INFO - Setting next_dagrun for stream_monitor_harga_pangan to 2026-07-02 03:00:00+00:00, run_after=2026-07-02 04:00:00+00:00
[2026-07-02T04:42:26.409+0000] {processor.py:183} INFO - Processing /opt/airflow/dags/stream_monitor_dag.py took 0.327 seconds
[2026-07-02T04:42:58.741+0000] {processor.py:161} INFO - Started process (PID=368) to work on /opt/airflow/dags/stream_monitor_dag.py
[2026-07-02T04:42:58.745+0000] {processor.py:830} INFO - Processing file /opt/airflow/dags/stream_monitor_dag.py for tasks to queue
[2026-07-02T04:42:58.748+0000] {logging_mixin.py:188} INFO - [2026-07-02T04:42:58.747+0000] {dagbag.py:538} INFO - Filling up the DagBag from /opt/airflow/dags/stream_monitor_dag.py
[2026-07-02T04:42:58.807+0000] {processor.py:840} INFO - DAG(s) 'stream_monitor_harga_pangan' retrieved from /opt/airflow/dags/stream_monitor_dag.py
[2026-07-02T04:42:58.894+0000] {logging_mixin.py:188} INFO - [2026-07-02T04:42:58.893+0000] {dag.py:3036} INFO - Sync 1 DAGs
[2026-07-02T04:42:58.951+0000] {logging_mixin.py:188} INFO - [2026-07-02T04:42:58.950+0000] {dag.py:3823} INFO - Setting next_dagrun for stream_monitor_harga_pangan to 2026-07-02 03:00:00+00:00, run_after=2026-07-02 04:00:00+00:00
[2026-07-02T04:42:58.985+0000] {processor.py:183} INFO - Processing /opt/airflow/dags/stream_monitor_dag.py took 0.260 seconds
[2026-07-02T04:43:31.191+0000] {processor.py:161} INFO - Started process (PID=386) to work on /opt/airflow/dags/stream_monitor_dag.py
[2026-07-02T04:43:31.195+0000] {processor.py:830} INFO - Processing file /opt/airflow/dags/stream_monitor_dag.py for tasks to queue
[2026-07-02T04:43:31.198+0000] {logging_mixin.py:188} INFO - [2026-07-02T04:43:31.198+0000] {dagbag.py:538} INFO - Filling up the DagBag from /opt/airflow/dags/stream_monitor_dag.py
[2026-07-02T04:43:31.276+0000] {processor.py:840} INFO - DAG(s) 'stream_monitor_harga_pangan' retrieved from /opt/airflow/dags/stream_monitor_dag.py
[2026-07-02T04:43:31.383+0000] {logging_mixin.py:188} INFO - [2026-07-02T04:43:31.382+0000] {dag.py:3036} INFO - Sync 1 DAGs
[2026-07-02T04:43:31.463+0000] {logging_mixin.py:188} INFO - [2026-07-02T04:43:31.463+0000] {dag.py:3823} INFO - Setting next_dagrun for stream_monitor_harga_pangan to 2026-07-02 03:00:00+00:00, run_after=2026-07-02 04:00:00+00:00
[2026-07-02T04:43:31.522+0000] {processor.py:183} INFO - Processing /opt/airflow/dags/stream_monitor_dag.py took 0.338 seconds
[2026-07-02T04:44:04.731+0000] {processor.py:161} INFO - Started process (PID=404) to work on /opt/airflow/dags/stream_monitor_dag.py
[2026-07-02T04:44:04.733+0000] {processor.py:830} INFO - Processing file /opt/airflow/dags/stream_monitor_dag.py for tasks to queue
[2026-07-02T04:44:04.735+0000] {logging_mixin.py:188} INFO - [2026-07-02T04:44:04.734+0000] {dagbag.py:538} INFO - Filling up the DagBag from /opt/airflow/dags/stream_monitor_dag.py
[2026-07-02T04:44:04.804+0000] {processor.py:840} INFO - DAG(s) 'stream_monitor_harga_pangan' retrieved from /opt/airflow/dags/stream_monitor_dag.py
[2026-07-02T04:44:04.906+0000] {logging_mixin.py:188} INFO - [2026-07-02T04:44:04.905+0000] {dag.py:3036} INFO - Sync 1 DAGs
[2026-07-02T04:44:04.958+0000] {logging_mixin.py:188} INFO - [2026-07-02T04:44:04.958+0000] {dag.py:3823} INFO - Setting next_dagrun for stream_monitor_harga_pangan to 2026-07-02 03:00:00+00:00, run_after=2026-07-02 04:00:00+00:00
[2026-07-02T04:44:05.012+0000] {processor.py:183} INFO - Processing /opt/airflow/dags/stream_monitor_dag.py took 0.294 seconds
[2026-07-02T04:44:37.352+0000] {processor.py:161} INFO - Started process (PID=422) to work on /opt/airflow/dags/stream_monitor_dag.py
[2026-07-02T04:44:37.358+0000] {processor.py:830} INFO - Processing file /opt/airflow/dags/stream_monitor_dag.py for tasks to queue
[2026-07-02T04:44:37.362+0000] {logging_mixin.py:188} INFO - [2026-07-02T04:44:37.360+0000] {dagbag.py:538} INFO - Filling up the DagBag from /opt/airflow/dags/stream_monitor_dag.py
[2026-07-02T04:44:37.456+0000] {processor.py:840} INFO - DAG(s) 'stream_monitor_harga_pangan' retrieved from /opt/airflow/dags/stream_monitor_dag.py
[2026-07-02T04:44:37.642+0000] {logging_mixin.py:188} INFO - [2026-07-02T04:44:37.641+0000] {dag.py:3036} INFO - Sync 1 DAGs
[2026-07-02T04:44:37.720+0000] {logging_mixin.py:188} INFO - [2026-07-02T04:44:37.720+0000] {dag.py:3823} INFO - Setting next_dagrun for stream_monitor_harga_pangan to 2026-07-02 03:00:00+00:00, run_after=2026-07-02 04:00:00+00:00
[2026-07-02T04:44:37.808+0000] {processor.py:183} INFO - Processing /opt/airflow/dags/stream_monitor_dag.py took 0.467 seconds
[2026-07-02T04:45:10.068+0000] {processor.py:161} INFO - Started process (PID=440) to work on /opt/airflow/dags/stream_monitor_dag.py
[2026-07-02T04:45:10.071+0000] {processor.py:830} INFO - Processing file /opt/airflow/dags/stream_monitor_dag.py for tasks to queue
[2026-07-02T04:45:10.074+0000] {logging_mixin.py:188} INFO - [2026-07-02T04:45:10.073+0000] {dagbag.py:538} INFO - Filling up the DagBag from /opt/airflow/dags/stream_monitor_dag.py
[2026-07-02T04:45:10.156+0000] {processor.py:840} INFO - DAG(s) 'stream_monitor_harga_pangan' retrieved from /opt/airflow/dags/stream_monitor_dag.py
[2026-07-02T04:45:10.272+0000] {logging_mixin.py:188} INFO - [2026-07-02T04:45:10.272+0000] {dag.py:3036} INFO - Sync 1 DAGs
[2026-07-02T04:45:10.331+0000] {logging_mixin.py:188} INFO - [2026-07-02T04:45:10.331+0000] {dag.py:3823} INFO - Setting next_dagrun for stream_monitor_harga_pangan to 2026-07-02 03:00:00+00:00, run_after=2026-07-02 04:00:00+00:00
[2026-07-02T04:45:10.389+0000] {processor.py:183} INFO - Processing /opt/airflow/dags/stream_monitor_dag.py took 0.332 seconds
[2026-07-02T04:45:41.457+0000] {processor.py:161} INFO - Started process (PID=458) to work on /opt/airflow/dags/stream_monitor_dag.py
[2026-07-02T04:45:41.461+0000] {processor.py:830} INFO - Processing file /opt/airflow/dags/stream_monitor_dag.py for tasks to queue
[2026-07-02T04:45:41.467+0000] {logging_mixin.py:188} INFO - [2026-07-02T04:45:41.466+0000] {dagbag.py:538} INFO - Filling up the DagBag from /opt/airflow/dags/stream_monitor_dag.py
[2026-07-02T04:45:41.733+0000] {processor.py:840} INFO - DAG(s) 'stream_monitor_harga_pangan' retrieved from /opt/airflow/dags/stream_monitor_dag.py
[2026-07-02T04:45:41.932+0000] {logging_mixin.py:188} INFO - [2026-07-02T04:45:41.931+0000] {dag.py:3036} INFO - Sync 1 DAGs
[2026-07-02T04:45:42.012+0000] {logging_mixin.py:188} INFO - [2026-07-02T04:45:42.011+0000] {dag.py:3823} INFO - Setting next_dagrun for stream_monitor_harga_pangan to 2026-07-02 03:00:00+00:00, run_after=2026-07-02 04:00:00+00:00
[2026-07-02T04:45:42.074+0000] {processor.py:183} INFO - Processing /opt/airflow/dags/stream_monitor_dag.py took 0.637 seconds
[2026-07-02T04:46:13.241+0000] {processor.py:161} INFO - Started process (PID=468) to work on /opt/airflow/dags/stream_monitor_dag.py
[2026-07-02T04:46:13.243+0000] {processor.py:830} INFO - Processing file /opt/airflow/dags/stream_monitor_dag.py for tasks to queue
[2026-07-02T04:46:13.246+0000] {logging_mixin.py:188} INFO - [2026-07-02T04:46:13.245+0000] {dagbag.py:538} INFO - Filling up the DagBag from /opt/airflow/dags/stream_monitor_dag.py
[2026-07-02T04:46:13.334+0000] {processor.py:840} INFO - DAG(s) 'stream_monitor_harga_pangan' retrieved from /opt/airflow/dags/stream_monitor_dag.py
[2026-07-02T04:46:13.477+0000] {logging_mixin.py:188} INFO - [2026-07-02T04:46:13.476+0000] {dag.py:3036} INFO - Sync 1 DAGs
[2026-07-02T04:46:13.551+0000] {logging_mixin.py:188} INFO - [2026-07-02T04:46:13.551+0000] {dag.py:3823} INFO - Setting next_dagrun for stream_monitor_harga_pangan to 2026-07-02 03:00:00+00:00, run_after=2026-07-02 04:00:00+00:00
[2026-07-02T04:46:13.602+0000] {processor.py:183} INFO - Processing /opt/airflow/dags/stream_monitor_dag.py took 0.369 seconds
[2026-07-02T04:46:46.096+0000] {processor.py:161} INFO - Started process (PID=486) to work on /opt/airflow/dags/stream_monitor_dag.py
[2026-07-02T04:46:46.125+0000] {processor.py:830} INFO - Processing file /opt/airflow/dags/stream_monitor_dag.py for tasks to queue
[2026-07-02T04:46:46.146+0000] {logging_mixin.py:188} INFO - [2026-07-02T04:46:46.145+0000] {dagbag.py:538} INFO - Filling up the DagBag from /opt/airflow/dags/stream_monitor_dag.py
[2026-07-02T04:46:46.422+0000] {processor.py:840} INFO - DAG(s) 'stream_monitor_harga_pangan' retrieved from /opt/airflow/dags/stream_monitor_dag.py
[2026-07-02T04:46:46.508+0000] {logging_mixin.py:188} INFO - [2026-07-02T04:46:46.508+0000] {dag.py:3036} INFO - Sync 1 DAGs
[2026-07-02T04:46:46.572+0000] {logging_mixin.py:188} INFO - [2026-07-02T04:46:46.571+0000] {dag.py:3823} INFO - Setting next_dagrun for stream_monitor_harga_pangan to 2026-07-02 03:00:00+00:00, run_after=2026-07-02 04:00:00+00:00
[2026-07-02T04:46:46.613+0000] {processor.py:183} INFO - Processing /opt/airflow/dags/stream_monitor_dag.py took 0.535 seconds
[2026-07-02T04:47:18.750+0000] {processor.py:161} INFO - Started process (PID=504) to work on /opt/airflow/dags/stream_monitor_dag.py
[2026-07-02T04:47:18.752+0000] {processor.py:830} INFO - Processing file /opt/airflow/dags/stream_monitor_dag.py for tasks to queue
[2026-07-02T04:47:18.754+0000] {logging_mixin.py:188} INFO - [2026-07-02T04:47:18.754+0000] {dagbag.py:538} INFO - Filling up the DagBag from /opt/airflow/dags/stream_monitor_dag.py
[2026-07-02T04:47:18.809+0000] {processor.py:840} INFO - DAG(s) 'stream_monitor_harga_pangan' retrieved from /opt/airflow/dags/stream_monitor_dag.py
[2026-07-02T04:47:18.877+0000] {logging_mixin.py:188} INFO - [2026-07-02T04:47:18.877+0000] {dag.py:3036} INFO - Sync 1 DAGs
[2026-07-02T04:47:18.913+0000] {logging_mixin.py:188} INFO - [2026-07-02T04:47:18.913+0000] {dag.py:3823} INFO - Setting next_dagrun for stream_monitor_harga_pangan to 2026-07-02 03:00:00+00:00, run_after=2026-07-02 04:00:00+00:00
[2026-07-02T04:47:18.940+0000] {processor.py:183} INFO - Processing /opt/airflow/dags/stream_monitor_dag.py took 0.202 seconds
[2026-07-02T04:47:49.532+0000] {processor.py:161} INFO - Started process (PID=522) to work on /opt/airflow/dags/stream_monitor_dag.py
[2026-07-02T04:47:49.534+0000] {processor.py:830} INFO - Processing file /opt/airflow/dags/stream_monitor_dag.py for tasks to queue
[2026-07-02T04:47:49.538+0000] {logging_mixin.py:188} INFO - [2026-07-02T04:47:49.537+0000] {dagbag.py:538} INFO - Filling up the DagBag from /opt/airflow/dags/stream_monitor_dag.py
[2026-07-02T04:47:49.592+0000] {processor.py:840} INFO - DAG(s) 'stream_monitor_harga_pangan' retrieved from /opt/airflow/dags/stream_monitor_dag.py
[2026-07-02T04:47:49.673+0000] {logging_mixin.py:188} INFO - [2026-07-02T04:47:49.672+0000] {dag.py:3036} INFO - Sync 1 DAGs
[2026-07-02T04:47:49.710+0000] {logging_mixin.py:188} INFO - [2026-07-02T04:47:49.709+0000] {dag.py:3823} INFO - Setting next_dagrun for stream_monitor_harga_pangan to 2026-07-02 03:00:00+00:00, run_after=2026-07-02 04:00:00+00:00
[2026-07-02T04:47:49.746+0000] {processor.py:183} INFO - Processing /opt/airflow/dags/stream_monitor_dag.py took 0.219 seconds
[2026-07-02T04:48:22.817+0000] {processor.py:161} INFO - Started process (PID=540) to work on /opt/airflow/dags/stream_monitor_dag.py
[2026-07-02T04:48:22.822+0000] {processor.py:830} INFO - Processing file /opt/airflow/dags/stream_monitor_dag.py for tasks to queue
[2026-07-02T04:48:22.825+0000] {logging_mixin.py:188} INFO - [2026-07-02T04:48:22.824+0000] {dagbag.py:538} INFO - Filling up the DagBag from /opt/airflow/dags/stream_monitor_dag.py
[2026-07-02T04:48:22.879+0000] {processor.py:840} INFO - DAG(s) 'stream_monitor_harga_pangan' retrieved from /opt/airflow/dags/stream_monitor_dag.py
[2026-07-02T04:48:22.946+0000] {logging_mixin.py:188} INFO - [2026-07-02T04:48:22.946+0000] {dag.py:3036} INFO - Sync 1 DAGs
[2026-07-02T04:48:22.980+0000] {logging_mixin.py:188} INFO - [2026-07-02T04:48:22.980+0000] {dag.py:3823} INFO - Setting next_dagrun for stream_monitor_harga_pangan to 2026-07-02 03:00:00+00:00, run_after=2026-07-02 04:00:00+00:00
[2026-07-02T04:48:23.006+0000] {processor.py:183} INFO - Processing /opt/airflow/dags/stream_monitor_dag.py took 0.205 seconds
[2026-07-02T04:48:55.161+0000] {processor.py:161} INFO - Started process (PID=559) to work on /opt/airflow/dags/stream_monitor_dag.py
[2026-07-02T04:48:55.163+0000] {processor.py:830} INFO - Processing file /opt/airflow/dags/stream_monitor_dag.py for tasks to queue
[2026-07-02T04:48:55.166+0000] {logging_mixin.py:188} INFO - [2026-07-02T04:48:55.165+0000] {dagbag.py:538} INFO - Filling up the DagBag from /opt/airflow/dags/stream_monitor_dag.py
[2026-07-02T04:48:55.210+0000] {processor.py:840} INFO - DAG(s) 'stream_monitor_harga_pangan' retrieved from /opt/airflow/dags/stream_monitor_dag.py
[2026-07-02T04:48:55.285+0000] {logging_mixin.py:188} INFO - [2026-07-02T04:48:55.285+0000] {dag.py:3036} INFO - Sync 1 DAGs
[2026-07-02T04:48:55.342+0000] {logging_mixin.py:188} INFO - [2026-07-02T04:48:55.342+0000] {dag.py:3823} INFO - Setting next_dagrun for stream_monitor_harga_pangan to 2026-07-02 03:00:00+00:00, run_after=2026-07-02 04:00:00+00:00
[2026-07-02T04:48:55.376+0000] {processor.py:183} INFO - Processing /opt/airflow/dags/stream_monitor_dag.py took 0.222 seconds
[2026-07-02T04:49:28.570+0000] {processor.py:161} INFO - Started process (PID=577) to work on /opt/airflow/dags/stream_monitor_dag.py
[2026-07-02T04:49:28.573+0000] {processor.py:830} INFO - Processing file /opt/airflow/dags/stream_monitor_dag.py for tasks to queue
[2026-07-02T04:49:28.575+0000] {logging_mixin.py:188} INFO - [2026-07-02T04:49:28.574+0000] {dagbag.py:538} INFO - Filling up the DagBag from /opt/airflow/dags/stream_monitor_dag.py
[2026-07-02T04:49:28.623+0000] {processor.py:840} INFO - DAG(s) 'stream_monitor_harga_pangan' retrieved from /opt/airflow/dags/stream_monitor_dag.py
[2026-07-02T04:49:28.685+0000] {logging_mixin.py:188} INFO - [2026-07-02T04:49:28.685+0000] {dag.py:3036} INFO - Sync 1 DAGs
[2026-07-02T04:49:28.723+0000] {logging_mixin.py:188} INFO - [2026-07-02T04:49:28.723+0000] {dag.py:3823} INFO - Setting next_dagrun for stream_monitor_harga_pangan to 2026-07-02 03:00:00+00:00, run_after=2026-07-02 04:00:00+00:00
[2026-07-02T04:49:28.752+0000] {processor.py:183} INFO - Processing /opt/airflow/dags/stream_monitor_dag.py took 0.189 seconds
[2026-07-02T04:50:00.871+0000] {processor.py:161} INFO - Started process (PID=595) to work on /opt/airflow/dags/stream_monitor_dag.py
[2026-07-02T04:50:00.873+0000] {processor.py:830} INFO - Processing file /opt/airflow/dags/stream_monitor_dag.py for tasks to queue
[2026-07-02T04:50:00.875+0000] {logging_mixin.py:188} INFO - [2026-07-02T04:50:00.875+0000] {dagbag.py:538} INFO - Filling up the DagBag from /opt/airflow/dags/stream_monitor_dag.py
[2026-07-02T04:50:00.922+0000] {processor.py:840} INFO - DAG(s) 'stream_monitor_harga_pangan' retrieved from /opt/airflow/dags/stream_monitor_dag.py
[2026-07-02T04:50:00.993+0000] {logging_mixin.py:188} INFO - [2026-07-02T04:50:00.993+0000] {dag.py:3036} INFO - Sync 1 DAGs
[2026-07-02T04:50:01.038+0000] {logging_mixin.py:188} INFO - [2026-07-02T04:50:01.038+0000] {dag.py:3823} INFO - Setting next_dagrun for stream_monitor_harga_pangan to 2026-07-02 03:00:00+00:00, run_after=2026-07-02 04:00:00+00:00
[2026-07-02T04:50:01.066+0000] {processor.py:183} INFO - Processing /opt/airflow/dags/stream_monitor_dag.py took 0.202 seconds
[2026-07-02T04:50:31.236+0000] {processor.py:161} INFO - Started process (PID=605) to work on /opt/airflow/dags/stream_monitor_dag.py
[2026-07-02T04:50:31.244+0000] {processor.py:830} INFO - Processing file /opt/airflow/dags/stream_monitor_dag.py for tasks to queue
[2026-07-02T04:50:31.250+0000] {logging_mixin.py:188} INFO - [2026-07-02T04:50:31.249+0000] {dagbag.py:538} INFO - Filling up the DagBag from /opt/airflow/dags/stream_monitor_dag.py
[2026-07-02T04:50:31.385+0000] {processor.py:840} INFO - DAG(s) 'stream_monitor_harga_pangan' retrieved from /opt/airflow/dags/stream_monitor_dag.py
[2026-07-02T04:50:31.518+0000] {logging_mixin.py:188} INFO - [2026-07-02T04:50:31.517+0000] {dag.py:3036} INFO - Sync 1 DAGs
[2026-07-02T04:50:31.580+0000] {logging_mixin.py:188} INFO - [2026-07-02T04:50:31.580+0000] {dag.py:3823} INFO - Setting next_dagrun for stream_monitor_harga_pangan to 2026-07-02 03:00:00+00:00, run_after=2026-07-02 04:00:00+00:00
[2026-07-02T04:50:31.630+0000] {processor.py:183} INFO - Processing /opt/airflow/dags/stream_monitor_dag.py took 0.411 seconds
[2026-07-02T04:51:04.014+0000] {processor.py:161} INFO - Started process (PID=623) to work on /opt/airflow/dags/stream_monitor_dag.py
[2026-07-02T04:51:04.016+0000] {processor.py:830} INFO - Processing file /opt/airflow/dags/stream_monitor_dag.py for tasks to queue
[2026-07-02T04:51:04.019+0000] {logging_mixin.py:188} INFO - [2026-07-02T04:51:04.018+0000] {dagbag.py:538} INFO - Filling up the DagBag from /opt/airflow/dags/stream_monitor_dag.py
[2026-07-02T04:51:04.068+0000] {processor.py:840} INFO - DAG(s) 'stream_monitor_harga_pangan' retrieved from /opt/airflow/dags/stream_monitor_dag.py
[2026-07-02T04:51:04.130+0000] {logging_mixin.py:188} INFO - [2026-07-02T04:51:04.130+0000] {dag.py:3036} INFO - Sync 1 DAGs
[2026-07-02T04:51:04.162+0000] {logging_mixin.py:188} INFO - [2026-07-02T04:51:04.161+0000] {dag.py:3823} INFO - Setting next_dagrun for stream_monitor_harga_pangan to 2026-07-02 03:00:00+00:00, run_after=2026-07-02 04:00:00+00:00
[2026-07-02T04:51:04.189+0000] {processor.py:183} INFO - Processing /opt/airflow/dags/stream_monitor_dag.py took 0.184 seconds
[2026-07-02T04:51:36.351+0000] {processor.py:161} INFO - Started process (PID=642) to work on /opt/airflow/dags/stream_monitor_dag.py
[2026-07-02T04:51:36.354+0000] {processor.py:830} INFO - Processing file /opt/airflow/dags/stream_monitor_dag.py for tasks to queue
[2026-07-02T04:51:36.358+0000] {logging_mixin.py:188} INFO - [2026-07-02T04:51:36.356+0000] {dagbag.py:538} INFO - Filling up the DagBag from /opt/airflow/dags/stream_monitor_dag.py
[2026-07-02T04:51:36.399+0000] {processor.py:840} INFO - DAG(s) 'stream_monitor_harga_pangan' retrieved from /opt/airflow/dags/stream_monitor_dag.py
[2026-07-02T04:51:36.469+0000] {logging_mixin.py:188} INFO - [2026-07-02T04:51:36.468+0000] {dag.py:3036} INFO - Sync 1 DAGs
[2026-07-02T04:51:36.503+0000] {logging_mixin.py:188} INFO - [2026-07-02T04:51:36.503+0000] {dag.py:3823} INFO - Setting next_dagrun for stream_monitor_harga_pangan to 2026-07-02 03:00:00+00:00, run_after=2026-07-02 04:00:00+00:00
[2026-07-02T04:51:36.540+0000] {processor.py:183} INFO - Processing /opt/airflow/dags/stream_monitor_dag.py took 0.196 seconds
[2026-07-02T04:52:08.665+0000] {processor.py:161} INFO - Started process (PID=660) to work on /opt/airflow/dags/stream_monitor_dag.py
[2026-07-02T04:52:08.668+0000] {processor.py:830} INFO - Processing file /opt/airflow/dags/stream_monitor_dag.py for tasks to queue
[2026-07-02T04:52:08.670+0000] {logging_mixin.py:188} INFO - [2026-07-02T04:52:08.669+0000] {dagbag.py:538} INFO - Filling up the DagBag from /opt/airflow/dags/stream_monitor_dag.py
[2026-07-02T04:52:08.711+0000] {processor.py:840} INFO - DAG(s) 'stream_monitor_harga_pangan' retrieved from /opt/airflow/dags/stream_monitor_dag.py
[2026-07-02T04:52:08.773+0000] {logging_mixin.py:188} INFO - [2026-07-02T04:52:08.772+0000] {dag.py:3036} INFO - Sync 1 DAGs
[2026-07-02T04:52:08.805+0000] {logging_mixin.py:188} INFO - [2026-07-02T04:52:08.805+0000] {dag.py:3823} INFO - Setting next_dagrun for stream_monitor_harga_pangan to 2026-07-02 03:00:00+00:00, run_after=2026-07-02 04:00:00+00:00
[2026-07-02T04:52:08.833+0000] {processor.py:183} INFO - Processing /opt/airflow/dags/stream_monitor_dag.py took 0.174 seconds
[2026-07-02T04:52:40.056+0000] {processor.py:161} INFO - Started process (PID=678) to work on /opt/airflow/dags/stream_monitor_dag.py
[2026-07-02T04:52:40.058+0000] {processor.py:830} INFO - Processing file /opt/airflow/dags/stream_monitor_dag.py for tasks to queue
[2026-07-02T04:52:40.061+0000] {logging_mixin.py:188} INFO - [2026-07-02T04:52:40.060+0000] {dagbag.py:538} INFO - Filling up the DagBag from /opt/airflow/dags/stream_monitor_dag.py
[2026-07-02T04:52:40.110+0000] {processor.py:840} INFO - DAG(s) 'stream_monitor_harga_pangan' retrieved from /opt/airflow/dags/stream_monitor_dag.py
[2026-07-02T04:52:40.179+0000] {logging_mixin.py:188} INFO - [2026-07-02T04:52:40.179+0000] {dag.py:3036} INFO - Sync 1 DAGs
[2026-07-02T04:52:40.224+0000] {logging_mixin.py:188} INFO - [2026-07-02T04:52:40.224+0000] {dag.py:3823} INFO - Setting next_dagrun for stream_monitor_harga_pangan to 2026-07-02 03:00:00+00:00, run_after=2026-07-02 04:00:00+00:00
[2026-07-02T04:52:40.257+0000] {processor.py:183} INFO - Processing /opt/airflow/dags/stream_monitor_dag.py took 0.209 seconds
[2026-07-02T04:53:12.187+0000] {processor.py:161} INFO - Started process (PID=697) to work on /opt/airflow/dags/stream_monitor_dag.py
[2026-07-02T04:53:12.189+0000] {processor.py:830} INFO - Processing file /opt/airflow/dags/stream_monitor_dag.py for tasks to queue
[2026-07-02T04:53:12.191+0000] {logging_mixin.py:188} INFO - [2026-07-02T04:53:12.191+0000] {dagbag.py:538} INFO - Filling up the DagBag from /opt/airflow/dags/stream_monitor_dag.py
[2026-07-02T04:53:12.244+0000] {processor.py:840} INFO - DAG(s) 'stream_monitor_harga_pangan' retrieved from /opt/airflow/dags/stream_monitor_dag.py
[2026-07-02T04:53:12.321+0000] {logging_mixin.py:188} INFO - [2026-07-02T04:53:12.321+0000] {dag.py:3036} INFO - Sync 1 DAGs
[2026-07-02T04:53:12.368+0000] {logging_mixin.py:188} INFO - [2026-07-02T04:53:12.368+0000] {dag.py:3823} INFO - Setting next_dagrun for stream_monitor_harga_pangan to 2026-07-02 03:00:00+00:00, run_after=2026-07-02 04:00:00+00:00
[2026-07-02T04:53:12.405+0000] {processor.py:183} INFO - Processing /opt/airflow/dags/stream_monitor_dag.py took 0.225 seconds
[2026-07-02T04:53:43.234+0000] {processor.py:161} INFO - Started process (PID=716) to work on /opt/airflow/dags/stream_monitor_dag.py
[2026-07-02T04:53:43.236+0000] {processor.py:830} INFO - Processing file /opt/airflow/dags/stream_monitor_dag.py for tasks to queue
[2026-07-02T04:53:43.242+0000] {logging_mixin.py:188} INFO - [2026-07-02T04:53:43.238+0000] {dagbag.py:538} INFO - Filling up the DagBag from /opt/airflow/dags/stream_monitor_dag.py
[2026-07-02T04:53:43.294+0000] {processor.py:840} INFO - DAG(s) 'stream_monitor_harga_pangan' retrieved from /opt/airflow/dags/stream_monitor_dag.py
[2026-07-02T04:53:43.356+0000] {logging_mixin.py:188} INFO - [2026-07-02T04:53:43.356+0000] {dag.py:3036} INFO - Sync 1 DAGs
[2026-07-02T04:53:43.393+0000] {logging_mixin.py:188} INFO - [2026-07-02T04:53:43.393+0000] {dag.py:3823} INFO - Setting next_dagrun for stream_monitor_harga_pangan to 2026-07-02 03:00:00+00:00, run_after=2026-07-02 04:00:00+00:00
[2026-07-02T04:53:43.418+0000] {processor.py:183} INFO - Processing /opt/airflow/dags/stream_monitor_dag.py took 0.192 seconds
[2026-07-02T04:54:13.520+0000] {processor.py:161} INFO - Started process (PID=734) to work on /opt/airflow/dags/stream_monitor_dag.py
[2026-07-02T04:54:13.522+0000] {processor.py:830} INFO - Processing file /opt/airflow/dags/stream_monitor_dag.py for tasks to queue
[2026-07-02T04:54:13.523+0000] {logging_mixin.py:188} INFO - [2026-07-02T04:54:13.523+0000] {dagbag.py:538} INFO - Filling up the DagBag from /opt/airflow/dags/stream_monitor_dag.py
[2026-07-02T04:54:13.580+0000] {processor.py:840} INFO - DAG(s) 'stream_monitor_harga_pangan' retrieved from /opt/airflow/dags/stream_monitor_dag.py
[2026-07-02T04:54:13.662+0000] {logging_mixin.py:188} INFO - [2026-07-02T04:54:13.661+0000] {dag.py:3036} INFO - Sync 1 DAGs
[2026-07-02T04:54:13.706+0000] {logging_mixin.py:188} INFO - [2026-07-02T04:54:13.706+0000] {dag.py:3823} INFO - Setting next_dagrun for stream_monitor_harga_pangan to 2026-07-02 03:00:00+00:00, run_after=2026-07-02 04:00:00+00:00
[2026-07-02T04:54:13.756+0000] {processor.py:183} INFO - Processing /opt/airflow/dags/stream_monitor_dag.py took 0.240 seconds
[2026-07-02T04:54:44.294+0000] {processor.py:161} INFO - Started process (PID=752) to work on /opt/airflow/dags/stream_monitor_dag.py
[2026-07-02T04:54:44.297+0000] {processor.py:830} INFO - Processing file /opt/airflow/dags/stream_monitor_dag.py for tasks to queue
[2026-07-02T04:54:44.300+0000] {logging_mixin.py:188} INFO - [2026-07-02T04:54:44.299+0000] {dagbag.py:538} INFO - Filling up the DagBag from /opt/airflow/dags/stream_monitor_dag.py
[2026-07-02T04:54:44.365+0000] {processor.py:840} INFO - DAG(s) 'stream_monitor_harga_pangan' retrieved from /opt/airflow/dags/stream_monitor_dag.py
[2026-07-02T04:54:44.457+0000] {logging_mixin.py:188} INFO - [2026-07-02T04:54:44.457+0000] {dag.py:3036} INFO - Sync 1 DAGs
[2026-07-02T04:54:44.506+0000] {logging_mixin.py:188} INFO - [2026-07-02T04:54:44.506+0000] {dag.py:3823} INFO - Setting next_dagrun for stream_monitor_harga_pangan to 2026-07-02 03:00:00+00:00, run_after=2026-07-02 04:00:00+00:00
[2026-07-02T04:54:44.552+0000] {processor.py:183} INFO - Processing /opt/airflow/dags/stream_monitor_dag.py took 0.273 seconds
[2026-07-02T04:55:15.042+0000] {processor.py:161} INFO - Started process (PID=762) to work on /opt/airflow/dags/stream_monitor_dag.py
[2026-07-02T04:55:15.045+0000] {processor.py:830} INFO - Processing file /opt/airflow/dags/stream_monitor_dag.py for tasks to queue
[2026-07-02T04:55:15.053+0000] {logging_mixin.py:188} INFO - [2026-07-02T04:55:15.046+0000] {dagbag.py:538} INFO - Filling up the DagBag from /opt/airflow/dags/stream_monitor_dag.py
[2026-07-02T04:55:15.165+0000] {processor.py:840} INFO - DAG(s) 'stream_monitor_harga_pangan' retrieved from /opt/airflow/dags/stream_monitor_dag.py
[2026-07-02T04:55:15.352+0000] {logging_mixin.py:188} INFO - [2026-07-02T04:55:15.351+0000] {dag.py:3036} INFO - Sync 1 DAGs
[2026-07-02T04:55:15.475+0000] {logging_mixin.py:188} INFO - [2026-07-02T04:55:15.467+0000] {dag.py:3823} INFO - Setting next_dagrun for stream_monitor_harga_pangan to 2026-07-02 03:00:00+00:00, run_after=2026-07-02 04:00:00+00:00
[2026-07-02T04:55:15.606+0000] {processor.py:183} INFO - Processing /opt/airflow/dags/stream_monitor_dag.py took 0.573 seconds
[2026-07-02T04:55:45.919+0000] {processor.py:161} INFO - Started process (PID=780) to work on /opt/airflow/dags/stream_monitor_dag.py
[2026-07-02T04:55:45.920+0000] {processor.py:830} INFO - Processing file /opt/airflow/dags/stream_monitor_dag.py for tasks to queue
[2026-07-02T04:55:45.922+0000] {logging_mixin.py:188} INFO - [2026-07-02T04:55:45.921+0000] {dagbag.py:538} INFO - Filling up the DagBag from /opt/airflow/dags/stream_monitor_dag.py
[2026-07-02T04:55:45.966+0000] {processor.py:840} INFO - DAG(s) 'stream_monitor_harga_pangan' retrieved from /opt/airflow/dags/stream_monitor_dag.py
[2026-07-02T04:55:46.070+0000] {logging_mixin.py:188} INFO - [2026-07-02T04:55:46.069+0000] {dag.py:3036} INFO - Sync 1 DAGs
[2026-07-02T04:55:46.111+0000] {logging_mixin.py:188} INFO - [2026-07-02T04:55:46.110+0000] {dag.py:3823} INFO - Setting next_dagrun for stream_monitor_harga_pangan to 2026-07-02 03:00:00+00:00, run_after=2026-07-02 04:00:00+00:00
[2026-07-02T04:55:46.151+0000] {processor.py:183} INFO - Processing /opt/airflow/dags/stream_monitor_dag.py took 0.237 seconds
[2026-07-02T04:56:16.346+0000] {processor.py:161} INFO - Started process (PID=798) to work on /opt/airflow/dags/stream_monitor_dag.py
[2026-07-02T04:56:16.348+0000] {processor.py:830} INFO - Processing file /opt/airflow/dags/stream_monitor_dag.py for tasks to queue
[2026-07-02T04:56:16.349+0000] {logging_mixin.py:188} INFO - [2026-07-02T04:56:16.349+0000] {dagbag.py:538} INFO - Filling up the DagBag from /opt/airflow/dags/stream_monitor_dag.py
[2026-07-02T04:56:16.389+0000] {processor.py:840} INFO - DAG(s) 'stream_monitor_harga_pangan' retrieved from /opt/airflow/dags/stream_monitor_dag.py
[2026-07-02T04:56:16.457+0000] {logging_mixin.py:188} INFO - [2026-07-02T04:56:16.457+0000] {dag.py:3036} INFO - Sync 1 DAGs
[2026-07-02T04:56:16.502+0000] {logging_mixin.py:188} INFO - [2026-07-02T04:56:16.501+0000] {dag.py:3823} INFO - Setting next_dagrun for stream_monitor_harga_pangan to 2026-07-02 03:00:00+00:00, run_after=2026-07-02 04:00:00+00:00
[2026-07-02T04:56:16.536+0000] {processor.py:183} INFO - Processing /opt/airflow/dags/stream_monitor_dag.py took 0.195 seconds
[2026-07-02T04:56:46.698+0000] {processor.py:161} INFO - Started process (PID=816) to work on /opt/airflow/dags/stream_monitor_dag.py
[2026-07-02T04:56:46.700+0000] {processor.py:830} INFO - Processing file /opt/airflow/dags/stream_monitor_dag.py for tasks to queue
[2026-07-02T04:56:46.701+0000] {logging_mixin.py:188} INFO - [2026-07-02T04:56:46.701+0000] {dagbag.py:538} INFO - Filling up the DagBag from /opt/airflow/dags/stream_monitor_dag.py
[2026-07-02T04:56:46.753+0000] {processor.py:840} INFO - DAG(s) 'stream_monitor_harga_pangan' retrieved from /opt/airflow/dags/stream_monitor_dag.py
[2026-07-02T04:56:46.870+0000] {logging_mixin.py:188} INFO - [2026-07-02T04:56:46.869+0000] {dag.py:3036} INFO - Sync 1 DAGs
[2026-07-02T04:56:46.922+0000] {logging_mixin.py:188} INFO - [2026-07-02T04:56:46.921+0000] {dag.py:3823} INFO - Setting next_dagrun for stream_monitor_harga_pangan to 2026-07-02 03:00:00+00:00, run_after=2026-07-02 04:00:00+00:00
[2026-07-02T04:56:46.968+0000] {processor.py:183} INFO - Processing /opt/airflow/dags/stream_monitor_dag.py took 0.276 seconds
[2026-07-02T04:57:17.063+0000] {processor.py:161} INFO - Started process (PID=834) to work on /opt/airflow/dags/stream_monitor_dag.py
[2026-07-02T04:57:17.065+0000] {processor.py:830} INFO - Processing file /opt/airflow/dags/stream_monitor_dag.py for tasks to queue
[2026-07-02T04:57:17.067+0000] {logging_mixin.py:188} INFO - [2026-07-02T04:57:17.066+0000] {dagbag.py:538} INFO - Filling up the DagBag from /opt/airflow/dags/stream_monitor_dag.py
[2026-07-02T04:57:17.122+0000] {processor.py:840} INFO - DAG(s) 'stream_monitor_harga_pangan' retrieved from /opt/airflow/dags/stream_monitor_dag.py
[2026-07-02T04:57:17.197+0000] {logging_mixin.py:188} INFO - [2026-07-02T04:57:17.197+0000] {dag.py:3036} INFO - Sync 1 DAGs
[2026-07-02T04:57:17.249+0000] {logging_mixin.py:188} INFO - [2026-07-02T04:57:17.248+0000] {dag.py:3823} INFO - Setting next_dagrun for stream_monitor_harga_pangan to 2026-07-02 03:00:00+00:00, run_after=2026-07-02 04:00:00+00:00
[2026-07-02T04:57:17.288+0000] {processor.py:183} INFO - Processing /opt/airflow/dags/stream_monitor_dag.py took 0.231 seconds
[2026-07-02T04:57:47.520+0000] {processor.py:161} INFO - Started process (PID=844) to work on /opt/airflow/dags/stream_monitor_dag.py
[2026-07-02T04:57:47.522+0000] {processor.py:830} INFO - Processing file /opt/airflow/dags/stream_monitor_dag.py for tasks to queue
[2026-07-02T04:57:47.524+0000] {logging_mixin.py:188} INFO - [2026-07-02T04:57:47.523+0000] {dagbag.py:538} INFO - Filling up the DagBag from /opt/airflow/dags/stream_monitor_dag.py
[2026-07-02T04:57:47.570+0000] {processor.py:840} INFO - DAG(s) 'stream_monitor_harga_pangan' retrieved from /opt/airflow/dags/stream_monitor_dag.py
[2026-07-02T04:57:47.653+0000] {logging_mixin.py:188} INFO - [2026-07-02T04:57:47.652+0000] {dag.py:3036} INFO - Sync 1 DAGs
[2026-07-02T04:57:47.688+0000] {logging_mixin.py:188} INFO - [2026-07-02T04:57:47.687+0000] {dag.py:3823} INFO - Setting next_dagrun for stream_monitor_harga_pangan to 2026-07-02 03:00:00+00:00, run_after=2026-07-02 04:00:00+00:00
[2026-07-02T04:57:47.726+0000] {processor.py:183} INFO - Processing /opt/airflow/dags/stream_monitor_dag.py took 0.213 seconds
[2026-07-02T04:58:17.866+0000] {processor.py:161} INFO - Started process (PID=862) to work on /opt/airflow/dags/stream_monitor_dag.py
[2026-07-02T04:58:17.868+0000] {processor.py:830} INFO - Processing file /opt/airflow/dags/stream_monitor_dag.py for tasks to queue
[2026-07-02T04:58:17.870+0000] {logging_mixin.py:188} INFO - [2026-07-02T04:58:17.870+0000] {dagbag.py:538} INFO - Filling up the DagBag from /opt/airflow/dags/stream_monitor_dag.py
[2026-07-02T04:58:17.914+0000] {processor.py:840} INFO - DAG(s) 'stream_monitor_harga_pangan' retrieved from /opt/airflow/dags/stream_monitor_dag.py
[2026-07-02T04:58:17.994+0000] {logging_mixin.py:188} INFO - [2026-07-02T04:58:17.993+0000] {dag.py:3036} INFO - Sync 1 DAGs
[2026-07-02T04:58:18.034+0000] {logging_mixin.py:188} INFO - [2026-07-02T04:58:18.034+0000] {dag.py:3823} INFO - Setting next_dagrun for stream_monitor_harga_pangan to 2026-07-02 03:00:00+00:00, run_after=2026-07-02 04:00:00+00:00
[2026-07-02T04:58:18.067+0000] {processor.py:183} INFO - Processing /opt/airflow/dags/stream_monitor_dag.py took 0.209 seconds
[2026-07-02T04:58:48.408+0000] {processor.py:161} INFO - Started process (PID=880) to work on /opt/airflow/dags/stream_monitor_dag.py
[2026-07-02T04:58:48.411+0000] {processor.py:830} INFO - Processing file /opt/airflow/dags/stream_monitor_dag.py for tasks to queue
[2026-07-02T04:58:48.413+0000] {logging_mixin.py:188} INFO - [2026-07-02T04:58:48.412+0000] {dagbag.py:538} INFO - Filling up the DagBag from /opt/airflow/dags/stream_monitor_dag.py
[2026-07-02T04:58:48.482+0000] {processor.py:840} INFO - DAG(s) 'stream_monitor_harga_pangan' retrieved from /opt/airflow/dags/stream_monitor_dag.py
[2026-07-02T04:58:48.579+0000] {logging_mixin.py:188} INFO - [2026-07-02T04:58:48.578+0000] {dag.py:3036} INFO - Sync 1 DAGs
[2026-07-02T04:58:48.635+0000] {logging_mixin.py:188} INFO - [2026-07-02T04:58:48.634+0000] {dag.py:3823} INFO - Setting next_dagrun for stream_monitor_harga_pangan to 2026-07-02 03:00:00+00:00, run_after=2026-07-02 04:00:00+00:00
[2026-07-02T04:58:48.680+0000] {processor.py:183} INFO - Processing /opt/airflow/dags/stream_monitor_dag.py took 0.277 seconds
[2026-07-02T04:59:18.900+0000] {processor.py:161} INFO - Started process (PID=898) to work on /opt/airflow/dags/stream_monitor_dag.py
[2026-07-02T04:59:18.903+0000] {processor.py:830} INFO - Processing file /opt/airflow/dags/stream_monitor_dag.py for tasks to queue
[2026-07-02T04:59:18.905+0000] {logging_mixin.py:188} INFO - [2026-07-02T04:59:18.904+0000] {dagbag.py:538} INFO - Filling up the DagBag from /opt/airflow/dags/stream_monitor_dag.py
[2026-07-02T04:59:18.967+0000] {processor.py:840} INFO - DAG(s) 'stream_monitor_harga_pangan' retrieved from /opt/airflow/dags/stream_monitor_dag.py
[2026-07-02T04:59:19.041+0000] {logging_mixin.py:188} INFO - [2026-07-02T04:59:19.040+0000] {dag.py:3036} INFO - Sync 1 DAGs
[2026-07-02T04:59:19.087+0000] {logging_mixin.py:188} INFO - [2026-07-02T04:59:19.086+0000] {dag.py:3823} INFO - Setting next_dagrun for stream_monitor_harga_pangan to 2026-07-02 03:00:00+00:00, run_after=2026-07-02 04:00:00+00:00
[2026-07-02T04:59:19.127+0000] {processor.py:183} INFO - Processing /opt/airflow/dags/stream_monitor_dag.py took 0.235 seconds
[2026-07-02T04:59:49.254+0000] {processor.py:161} INFO - Started process (PID=916) to work on /opt/airflow/dags/stream_monitor_dag.py
[2026-07-02T04:59:49.258+0000] {processor.py:830} INFO - Processing file /opt/airflow/dags/stream_monitor_dag.py for tasks to queue
[2026-07-02T04:59:49.261+0000] {logging_mixin.py:188} INFO - [2026-07-02T04:59:49.260+0000] {dagbag.py:538} INFO - Filling up the DagBag from /opt/airflow/dags/stream_monitor_dag.py
[2026-07-02T04:59:49.313+0000] {processor.py:840} INFO - DAG(s) 'stream_monitor_harga_pangan' retrieved from /opt/airflow/dags/stream_monitor_dag.py
[2026-07-02T04:59:49.390+0000] {logging_mixin.py:188} INFO - [2026-07-02T04:59:49.390+0000] {dag.py:3036} INFO - Sync 1 DAGs
[2026-07-02T04:59:49.433+0000] {logging_mixin.py:188} INFO - [2026-07-02T04:59:49.432+0000] {dag.py:3823} INFO - Setting next_dagrun for stream_monitor_harga_pangan to 2026-07-02 03:00:00+00:00, run_after=2026-07-02 04:00:00+00:00
[2026-07-02T04:59:49.464+0000] {processor.py:183} INFO - Processing /opt/airflow/dags/stream_monitor_dag.py took 0.221 seconds
[2026-07-02T05:00:19.932+0000] {processor.py:161} INFO - Started process (PID=933) to work on /opt/airflow/dags/stream_monitor_dag.py
[2026-07-02T05:00:19.951+0000] {processor.py:830} INFO - Processing file /opt/airflow/dags/stream_monitor_dag.py for tasks to queue
[2026-07-02T05:00:19.961+0000] {logging_mixin.py:188} INFO - [2026-07-02T05:00:19.960+0000] {dagbag.py:538} INFO - Filling up the DagBag from /opt/airflow/dags/stream_monitor_dag.py
[2026-07-02T05:00:20.305+0000] {processor.py:840} INFO - DAG(s) 'stream_monitor_harga_pangan' retrieved from /opt/airflow/dags/stream_monitor_dag.py
[2026-07-02T05:00:20.769+0000] {logging_mixin.py:188} INFO - [2026-07-02T05:00:20.769+0000] {dag.py:3036} INFO - Sync 1 DAGs
[2026-07-02T05:00:20.991+0000] {logging_mixin.py:188} INFO - [2026-07-02T05:00:20.990+0000] {dag.py:3823} INFO - Setting next_dagrun for stream_monitor_harga_pangan to 2026-07-02 04:00:00+00:00, run_after=2026-07-02 05:00:00+00:00
[2026-07-02T05:00:21.213+0000] {processor.py:183} INFO - Processing /opt/airflow/dags/stream_monitor_dag.py took 1.296 seconds
[2026-07-02T05:00:51.691+0000] {processor.py:161} INFO - Started process (PID=944) to work on /opt/airflow/dags/stream_monitor_dag.py
[2026-07-02T05:00:51.692+0000] {processor.py:830} INFO - Processing file /opt/airflow/dags/stream_monitor_dag.py for tasks to queue
[2026-07-02T05:00:51.694+0000] {logging_mixin.py:188} INFO - [2026-07-02T05:00:51.694+0000] {dagbag.py:538} INFO - Filling up the DagBag from /opt/airflow/dags/stream_monitor_dag.py
[2026-07-02T05:00:51.749+0000] {processor.py:840} INFO - DAG(s) 'stream_monitor_harga_pangan' retrieved from /opt/airflow/dags/stream_monitor_dag.py
[2026-07-02T05:00:51.818+0000] {logging_mixin.py:188} INFO - [2026-07-02T05:00:51.818+0000] {dag.py:3036} INFO - Sync 1 DAGs
[2026-07-02T05:00:51.856+0000] {logging_mixin.py:188} INFO - [2026-07-02T05:00:51.856+0000] {dag.py:3823} INFO - Setting next_dagrun for stream_monitor_harga_pangan to 2026-07-02 04:00:00+00:00, run_after=2026-07-02 05:00:00+00:00
[2026-07-02T05:00:51.887+0000] {processor.py:183} INFO - Processing /opt/airflow/dags/stream_monitor_dag.py took 0.203 seconds
[2026-07-02T05:01:22.091+0000] {processor.py:161} INFO - Started process (PID=962) to work on /opt/airflow/dags/stream_monitor_dag.py
[2026-07-02T05:01:22.093+0000] {processor.py:830} INFO - Processing file /opt/airflow/dags/stream_monitor_dag.py for tasks to queue
[2026-07-02T05:01:22.096+0000] {logging_mixin.py:188} INFO - [2026-07-02T05:01:22.095+0000] {dagbag.py:538} INFO - Filling up the DagBag from /opt/airflow/dags/stream_monitor_dag.py
[2026-07-02T05:01:22.153+0000] {processor.py:840} INFO - DAG(s) 'stream_monitor_harga_pangan' retrieved from /opt/airflow/dags/stream_monitor_dag.py
[2026-07-02T05:01:22.220+0000] {logging_mixin.py:188} INFO - [2026-07-02T05:01:22.220+0000] {dag.py:3036} INFO - Sync 1 DAGs
[2026-07-02T05:01:22.271+0000] {logging_mixin.py:188} INFO - [2026-07-02T05:01:22.271+0000] {dag.py:3823} INFO - Setting next_dagrun for stream_monitor_harga_pangan to 2026-07-02 04:00:00+00:00, run_after=2026-07-02 05:00:00+00:00
[2026-07-02T05:01:22.960+0000] {processor.py:183} INFO - Processing /opt/airflow/dags/stream_monitor_dag.py took 0.875 seconds
[2026-07-02T05:01:53.067+0000] {processor.py:161} INFO - Started process (PID=980) to work on /opt/airflow/dags/stream_monitor_dag.py
[2026-07-02T05:01:53.069+0000] {processor.py:830} INFO - Processing file /opt/airflow/dags/stream_monitor_dag.py for tasks to queue
[2026-07-02T05:01:53.073+0000] {logging_mixin.py:188} INFO - [2026-07-02T05:01:53.071+0000] {dagbag.py:538} INFO - Filling up the DagBag from /opt/airflow/dags/stream_monitor_dag.py
[2026-07-02T05:01:53.128+0000] {processor.py:840} INFO - DAG(s) 'stream_monitor_harga_pangan' retrieved from /opt/airflow/dags/stream_monitor_dag.py
[2026-07-02T05:01:53.202+0000] {logging_mixin.py:188} INFO - [2026-07-02T05:01:53.201+0000] {dag.py:3036} INFO - Sync 1 DAGs
[2026-07-02T05:01:53.242+0000] {logging_mixin.py:188} INFO - [2026-07-02T05:01:53.242+0000] {dag.py:3823} INFO - Setting next_dagrun for stream_monitor_harga_pangan to 2026-07-02 04:00:00+00:00, run_after=2026-07-02 05:00:00+00:00
[2026-07-02T05:01:53.271+0000] {processor.py:183} INFO - Processing /opt/airflow/dags/stream_monitor_dag.py took 0.211 seconds
[2026-07-02T05:02:24.477+0000] {processor.py:161} INFO - Started process (PID=998) to work on /opt/airflow/dags/stream_monitor_dag.py
[2026-07-02T05:02:24.480+0000] {processor.py:830} INFO - Processing file /opt/airflow/dags/stream_monitor_dag.py for tasks to queue
[2026-07-02T05:02:24.492+0000] {logging_mixin.py:188} INFO - [2026-07-02T05:02:24.491+0000] {dagbag.py:538} INFO - Filling up the DagBag from /opt/airflow/dags/stream_monitor_dag.py
[2026-07-02T05:02:24.599+0000] {processor.py:840} INFO - DAG(s) 'stream_monitor_harga_pangan' retrieved from /opt/airflow/dags/stream_monitor_dag.py
[2026-07-02T05:02:24.865+0000] {logging_mixin.py:188} INFO - [2026-07-02T05:02:24.865+0000] {dag.py:3036} INFO - Sync 1 DAGs
[2026-07-02T05:02:25.229+0000] {logging_mixin.py:188} INFO - [2026-07-02T05:02:25.229+0000] {dag.py:3823} INFO - Setting next_dagrun for stream_monitor_harga_pangan to 2026-07-02 04:00:00+00:00, run_after=2026-07-02 05:00:00+00:00
[2026-07-02T05:02:25.267+0000] {processor.py:183} INFO - Processing /opt/airflow/dags/stream_monitor_dag.py took 0.804 seconds
[2026-07-02T05:02:55.397+0000] {processor.py:161} INFO - Started process (PID=1016) to work on /opt/airflow/dags/stream_monitor_dag.py
[2026-07-02T05:02:55.399+0000] {processor.py:830} INFO - Processing file /opt/airflow/dags/stream_monitor_dag.py for tasks to queue
[2026-07-02T05:02:55.401+0000] {logging_mixin.py:188} INFO - [2026-07-02T05:02:55.401+0000] {dagbag.py:538} INFO - Filling up the DagBag from /opt/airflow/dags/stream_monitor_dag.py
[2026-07-02T05:02:55.467+0000] {processor.py:840} INFO - DAG(s) 'stream_monitor_harga_pangan' retrieved from /opt/airflow/dags/stream_monitor_dag.py
[2026-07-02T05:02:55.568+0000] {logging_mixin.py:188} INFO - [2026-07-02T05:02:55.567+0000] {dag.py:3036} INFO - Sync 1 DAGs
[2026-07-02T05:02:55.619+0000] {logging_mixin.py:188} INFO - [2026-07-02T05:02:55.618+0000] {dag.py:3823} INFO - Setting next_dagrun for stream_monitor_harga_pangan to 2026-07-02 04:00:00+00:00, run_after=2026-07-02 05:00:00+00:00
[2026-07-02T05:02:55.658+0000] {processor.py:183} INFO - Processing /opt/airflow/dags/stream_monitor_dag.py took 0.269 seconds
[2026-07-02T05:03:27.186+0000] {processor.py:161} INFO - Started process (PID=1026) to work on /opt/airflow/dags/stream_monitor_dag.py
[2026-07-02T05:03:27.189+0000] {processor.py:830} INFO - Processing file /opt/airflow/dags/stream_monitor_dag.py for tasks to queue
[2026-07-02T05:03:27.191+0000] {logging_mixin.py:188} INFO - [2026-07-02T05:03:27.190+0000] {dagbag.py:538} INFO - Filling up the DagBag from /opt/airflow/dags/stream_monitor_dag.py
[2026-07-02T05:03:27.253+0000] {processor.py:840} INFO - DAG(s) 'stream_monitor_harga_pangan' retrieved from /opt/airflow/dags/stream_monitor_dag.py
[2026-07-02T05:03:27.349+0000] {logging_mixin.py:188} INFO - [2026-07-02T05:03:27.349+0000] {dag.py:3036} INFO - Sync 1 DAGs
[2026-07-02T05:03:27.621+0000] {logging_mixin.py:188} INFO - [2026-07-02T05:03:27.619+0000] {dag.py:3823} INFO - Setting next_dagrun for stream_monitor_harga_pangan to 2026-07-02 04:00:00+00:00, run_after=2026-07-02 05:00:00+00:00
[2026-07-02T05:03:27.658+0000] {processor.py:183} INFO - Processing /opt/airflow/dags/stream_monitor_dag.py took 0.479 seconds
[2026-07-02T05:04:00.733+0000] {processor.py:161} INFO - Started process (PID=1045) to work on /opt/airflow/dags/stream_monitor_dag.py
[2026-07-02T05:04:00.737+0000] {processor.py:830} INFO - Processing file /opt/airflow/dags/stream_monitor_dag.py for tasks to queue
[2026-07-02T05:04:00.740+0000] {logging_mixin.py:188} INFO - [2026-07-02T05:04:00.739+0000] {dagbag.py:538} INFO - Filling up the DagBag from /opt/airflow/dags/stream_monitor_dag.py
[2026-07-02T05:04:00.812+0000] {processor.py:840} INFO - DAG(s) 'stream_monitor_harga_pangan' retrieved from /opt/airflow/dags/stream_monitor_dag.py
[2026-07-02T05:04:00.917+0000] {logging_mixin.py:188} INFO - [2026-07-02T05:04:00.916+0000] {dag.py:3036} INFO - Sync 1 DAGs
[2026-07-02T05:04:00.976+0000] {logging_mixin.py:188} INFO - [2026-07-02T05:04:00.976+0000] {dag.py:3823} INFO - Setting next_dagrun for stream_monitor_harga_pangan to 2026-07-02 04:00:00+00:00, run_after=2026-07-02 05:00:00+00:00
[2026-07-02T05:04:01.019+0000] {processor.py:183} INFO - Processing /opt/airflow/dags/stream_monitor_dag.py took 0.298 seconds
[2026-07-02T05:04:33.027+0000] {processor.py:161} INFO - Started process (PID=1063) to work on /opt/airflow/dags/stream_monitor_dag.py
[2026-07-02T05:04:33.030+0000] {processor.py:830} INFO - Processing file /opt/airflow/dags/stream_monitor_dag.py for tasks to queue
[2026-07-02T05:04:33.033+0000] {logging_mixin.py:188} INFO - [2026-07-02T05:04:33.032+0000] {dagbag.py:538} INFO - Filling up the DagBag from /opt/airflow/dags/stream_monitor_dag.py
[2026-07-02T05:04:33.084+0000] {processor.py:840} INFO - DAG(s) 'stream_monitor_harga_pangan' retrieved from /opt/airflow/dags/stream_monitor_dag.py
[2026-07-02T05:04:33.161+0000] {logging_mixin.py:188} INFO - [2026-07-02T05:04:33.161+0000] {dag.py:3036} INFO - Sync 1 DAGs
[2026-07-02T05:04:33.204+0000] {logging_mixin.py:188} INFO - [2026-07-02T05:04:33.204+0000] {dag.py:3823} INFO - Setting next_dagrun for stream_monitor_harga_pangan to 2026-07-02 04:00:00+00:00, run_after=2026-07-02 05:00:00+00:00
[2026-07-02T05:04:33.240+0000] {processor.py:183} INFO - Processing /opt/airflow/dags/stream_monitor_dag.py took 0.219 seconds
[2026-07-02T05:05:05.565+0000] {processor.py:161} INFO - Started process (PID=1081) to work on /opt/airflow/dags/stream_monitor_dag.py
[2026-07-02T05:05:05.567+0000] {processor.py:830} INFO - Processing file /opt/airflow/dags/stream_monitor_dag.py for tasks to queue
[2026-07-02T05:05:05.571+0000] {logging_mixin.py:188} INFO - [2026-07-02T05:05:05.570+0000] {dagbag.py:538} INFO - Filling up the DagBag from /opt/airflow/dags/stream_monitor_dag.py
[2026-07-02T05:05:05.627+0000] {processor.py:840} INFO - DAG(s) 'stream_monitor_harga_pangan' retrieved from /opt/airflow/dags/stream_monitor_dag.py
[2026-07-02T05:05:05.716+0000] {logging_mixin.py:188} INFO - [2026-07-02T05:05:05.715+0000] {dag.py:3036} INFO - Sync 1 DAGs
[2026-07-02T05:05:05.759+0000] {logging_mixin.py:188} INFO - [2026-07-02T05:05:05.759+0000] {dag.py:3823} INFO - Setting next_dagrun for stream_monitor_harga_pangan to 2026-07-02 04:00:00+00:00, run_after=2026-07-02 05:00:00+00:00
[2026-07-02T05:05:05.794+0000] {processor.py:183} INFO - Processing /opt/airflow/dags/stream_monitor_dag.py took 0.236 seconds
[2026-07-02T05:05:38.256+0000] {processor.py:161} INFO - Started process (PID=1099) to work on /opt/airflow/dags/stream_monitor_dag.py
[2026-07-02T05:05:38.262+0000] {processor.py:830} INFO - Processing file /opt/airflow/dags/stream_monitor_dag.py for tasks to queue
[2026-07-02T05:05:38.265+0000] {logging_mixin.py:188} INFO - [2026-07-02T05:05:38.264+0000] {dagbag.py:538} INFO - Filling up the DagBag from /opt/airflow/dags/stream_monitor_dag.py
[2026-07-02T05:05:38.378+0000] {processor.py:840} INFO - DAG(s) 'stream_monitor_harga_pangan' retrieved from /opt/airflow/dags/stream_monitor_dag.py
[2026-07-02T05:05:38.490+0000] {logging_mixin.py:188} INFO - [2026-07-02T05:05:38.490+0000] {dag.py:3036} INFO - Sync 1 DAGs
[2026-07-02T05:05:38.565+0000] {logging_mixin.py:188} INFO - [2026-07-02T05:05:38.564+0000] {dag.py:3823} INFO - Setting next_dagrun for stream_monitor_harga_pangan to 2026-07-02 04:00:00+00:00, run_after=2026-07-02 05:00:00+00:00
[2026-07-02T05:05:38.607+0000] {processor.py:183} INFO - Processing /opt/airflow/dags/stream_monitor_dag.py took 0.366 seconds
[2026-07-02T05:06:11.752+0000] {processor.py:161} INFO - Started process (PID=1117) to work on /opt/airflow/dags/stream_monitor_dag.py
[2026-07-02T05:06:11.753+0000] {processor.py:830} INFO - Processing file /opt/airflow/dags/stream_monitor_dag.py for tasks to queue
[2026-07-02T05:06:11.755+0000] {logging_mixin.py:188} INFO - [2026-07-02T05:06:11.755+0000] {dagbag.py:538} INFO - Filling up the DagBag from /opt/airflow/dags/stream_monitor_dag.py
[2026-07-02T05:06:11.817+0000] {processor.py:840} INFO - DAG(s) 'stream_monitor_harga_pangan' retrieved from /opt/airflow/dags/stream_monitor_dag.py
[2026-07-02T05:06:11.896+0000] {logging_mixin.py:188} INFO - [2026-07-02T05:06:11.896+0000] {dag.py:3036} INFO - Sync 1 DAGs
[2026-07-02T05:06:11.953+0000] {logging_mixin.py:188} INFO - [2026-07-02T05:06:11.952+0000] {dag.py:3823} INFO - Setting next_dagrun for stream_monitor_harga_pangan to 2026-07-02 04:00:00+00:00, run_after=2026-07-02 05:00:00+00:00
[2026-07-02T05:06:11.988+0000] {processor.py:183} INFO - Processing /opt/airflow/dags/stream_monitor_dag.py took 0.243 seconds
[2026-07-02T05:06:44.136+0000] {processor.py:161} INFO - Started process (PID=1135) to work on /opt/airflow/dags/stream_monitor_dag.py
[2026-07-02T05:06:44.139+0000] {processor.py:830} INFO - Processing file /opt/airflow/dags/stream_monitor_dag.py for tasks to queue
[2026-07-02T05:06:44.142+0000] {logging_mixin.py:188} INFO - [2026-07-02T05:06:44.141+0000] {dagbag.py:538} INFO - Filling up the DagBag from /opt/airflow/dags/stream_monitor_dag.py
[2026-07-02T05:06:44.210+0000] {processor.py:840} INFO - DAG(s) 'stream_monitor_harga_pangan' retrieved from /opt/airflow/dags/stream_monitor_dag.py
[2026-07-02T05:06:44.314+0000] {logging_mixin.py:188} INFO - [2026-07-02T05:06:44.314+0000] {dag.py:3036} INFO - Sync 1 DAGs
[2026-07-02T05:06:44.378+0000] {logging_mixin.py:188} INFO - [2026-07-02T05:06:44.378+0000] {dag.py:3823} INFO - Setting next_dagrun for stream_monitor_harga_pangan to 2026-07-02 04:00:00+00:00, run_after=2026-07-02 05:00:00+00:00
[2026-07-02T05:06:44.448+0000] {processor.py:183} INFO - Processing /opt/airflow/dags/stream_monitor_dag.py took 0.324 seconds
[2026-07-02T05:07:16.689+0000] {processor.py:161} INFO - Started process (PID=1145) to work on /opt/airflow/dags/stream_monitor_dag.py
[2026-07-02T05:07:16.695+0000] {processor.py:830} INFO - Processing file /opt/airflow/dags/stream_monitor_dag.py for tasks to queue
[2026-07-02T05:07:16.697+0000] {logging_mixin.py:188} INFO - [2026-07-02T05:07:16.696+0000] {dagbag.py:538} INFO - Filling up the DagBag from /opt/airflow/dags/stream_monitor_dag.py
[2026-07-02T05:07:16.806+0000] {processor.py:840} INFO - DAG(s) 'stream_monitor_harga_pangan' retrieved from /opt/airflow/dags/stream_monitor_dag.py
[2026-07-02T05:07:17.169+0000] {logging_mixin.py:188} INFO - [2026-07-02T05:07:17.159+0000] {dag.py:3036} INFO - Sync 1 DAGs
[2026-07-02T05:07:17.318+0000] {logging_mixin.py:188} INFO - [2026-07-02T05:07:17.317+0000] {dag.py:3823} INFO - Setting next_dagrun for stream_monitor_harga_pangan to 2026-07-02 04:00:00+00:00, run_after=2026-07-02 05:00:00+00:00
[2026-07-02T05:07:17.389+0000] {processor.py:183} INFO - Processing /opt/airflow/dags/stream_monitor_dag.py took 0.713 seconds
[2026-07-02T05:07:49.626+0000] {processor.py:161} INFO - Started process (PID=1163) to work on /opt/airflow/dags/stream_monitor_dag.py
[2026-07-02T05:07:49.629+0000] {processor.py:830} INFO - Processing file /opt/airflow/dags/stream_monitor_dag.py for tasks to queue
[2026-07-02T05:07:49.630+0000] {logging_mixin.py:188} INFO - [2026-07-02T05:07:49.630+0000] {dagbag.py:538} INFO - Filling up the DagBag from /opt/airflow/dags/stream_monitor_dag.py
[2026-07-02T05:07:49.696+0000] {processor.py:840} INFO - DAG(s) 'stream_monitor_harga_pangan' retrieved from /opt/airflow/dags/stream_monitor_dag.py
[2026-07-02T05:07:49.800+0000] {logging_mixin.py:188} INFO - [2026-07-02T05:07:49.799+0000] {dag.py:3036} INFO - Sync 1 DAGs
[2026-07-02T05:07:49.854+0000] {logging_mixin.py:188} INFO - [2026-07-02T05:07:49.854+0000] {dag.py:3823} INFO - Setting next_dagrun for stream_monitor_harga_pangan to 2026-07-02 04:00:00+00:00, run_after=2026-07-02 05:00:00+00:00
[2026-07-02T05:07:49.904+0000] {processor.py:183} INFO - Processing /opt/airflow/dags/stream_monitor_dag.py took 0.285 seconds
[2026-07-02T05:08:22.056+0000] {processor.py:161} INFO - Started process (PID=1181) to work on /opt/airflow/dags/stream_monitor_dag.py
[2026-07-02T05:08:22.060+0000] {processor.py:830} INFO - Processing file /opt/airflow/dags/stream_monitor_dag.py for tasks to queue
[2026-07-02T05:08:22.070+0000] {logging_mixin.py:188} INFO - [2026-07-02T05:08:22.067+0000] {dagbag.py:538} INFO - Filling up the DagBag from /opt/airflow/dags/stream_monitor_dag.py
[2026-07-02T05:08:22.129+0000] {processor.py:840} INFO - DAG(s) 'stream_monitor_harga_pangan' retrieved from /opt/airflow/dags/stream_monitor_dag.py
[2026-07-02T05:08:22.216+0000] {logging_mixin.py:188} INFO - [2026-07-02T05:08:22.215+0000] {dag.py:3036} INFO - Sync 1 DAGs
[2026-07-02T05:08:22.259+0000] {logging_mixin.py:188} INFO - [2026-07-02T05:08:22.259+0000] {dag.py:3823} INFO - Setting next_dagrun for stream_monitor_harga_pangan to 2026-07-02 04:00:00+00:00, run_after=2026-07-02 05:00:00+00:00
[2026-07-02T05:08:22.299+0000] {processor.py:183} INFO - Processing /opt/airflow/dags/stream_monitor_dag.py took 0.261 seconds
[2026-07-02T05:08:55.453+0000] {processor.py:161} INFO - Started process (PID=1199) to work on /opt/airflow/dags/stream_monitor_dag.py
[2026-07-02T05:08:55.455+0000] {processor.py:830} INFO - Processing file /opt/airflow/dags/stream_monitor_dag.py for tasks to queue
[2026-07-02T05:08:55.457+0000] {logging_mixin.py:188} INFO - [2026-07-02T05:08:55.457+0000] {dagbag.py:538} INFO - Filling up the DagBag from /opt/airflow/dags/stream_monitor_dag.py
[2026-07-02T05:08:55.508+0000] {processor.py:840} INFO - DAG(s) 'stream_monitor_harga_pangan' retrieved from /opt/airflow/dags/stream_monitor_dag.py
[2026-07-02T05:08:55.583+0000] {logging_mixin.py:188} INFO - [2026-07-02T05:08:55.583+0000] {dag.py:3036} INFO - Sync 1 DAGs
[2026-07-02T05:08:55.629+0000] {logging_mixin.py:188} INFO - [2026-07-02T05:08:55.629+0000] {dag.py:3823} INFO - Setting next_dagrun for stream_monitor_harga_pangan to 2026-07-02 04:00:00+00:00, run_after=2026-07-02 05:00:00+00:00
[2026-07-02T05:08:55.659+0000] {processor.py:183} INFO - Processing /opt/airflow/dags/stream_monitor_dag.py took 0.216 seconds
[2026-07-02T05:09:27.823+0000] {processor.py:161} INFO - Started process (PID=1218) to work on /opt/airflow/dags/stream_monitor_dag.py
[2026-07-02T05:09:27.828+0000] {processor.py:830} INFO - Processing file /opt/airflow/dags/stream_monitor_dag.py for tasks to queue
[2026-07-02T05:09:27.830+0000] {logging_mixin.py:188} INFO - [2026-07-02T05:09:27.829+0000] {dagbag.py:538} INFO - Filling up the DagBag from /opt/airflow/dags/stream_monitor_dag.py
[2026-07-02T05:09:27.881+0000] {processor.py:840} INFO - DAG(s) 'stream_monitor_harga_pangan' retrieved from /opt/airflow/dags/stream_monitor_dag.py
[2026-07-02T05:09:27.962+0000] {logging_mixin.py:188} INFO - [2026-07-02T05:09:27.961+0000] {dag.py:3036} INFO - Sync 1 DAGs
[2026-07-02T05:09:28.013+0000] {logging_mixin.py:188} INFO - [2026-07-02T05:09:28.012+0000] {dag.py:3823} INFO - Setting next_dagrun for stream_monitor_harga_pangan to 2026-07-02 04:00:00+00:00, run_after=2026-07-02 05:00:00+00:00
[2026-07-02T05:09:28.055+0000] {processor.py:183} INFO - Processing /opt/airflow/dags/stream_monitor_dag.py took 0.242 seconds
[2026-07-02T05:10:00.160+0000] {processor.py:161} INFO - Started process (PID=1236) to work on /opt/airflow/dags/stream_monitor_dag.py
[2026-07-02T05:10:00.163+0000] {processor.py:830} INFO - Processing file /opt/airflow/dags/stream_monitor_dag.py for tasks to queue
[2026-07-02T05:10:00.167+0000] {logging_mixin.py:188} INFO - [2026-07-02T05:10:00.166+0000] {dagbag.py:538} INFO - Filling up the DagBag from /opt/airflow/dags/stream_monitor_dag.py
[2026-07-02T05:10:00.219+0000] {processor.py:840} INFO - DAG(s) 'stream_monitor_harga_pangan' retrieved from /opt/airflow/dags/stream_monitor_dag.py
[2026-07-02T05:10:00.309+0000] {logging_mixin.py:188} INFO - [2026-07-02T05:10:00.308+0000] {dag.py:3036} INFO - Sync 1 DAGs
[2026-07-02T05:10:00.355+0000] {logging_mixin.py:188} INFO - [2026-07-02T05:10:00.354+0000] {dag.py:3823} INFO - Setting next_dagrun for stream_monitor_harga_pangan to 2026-07-02 04:00:00+00:00, run_after=2026-07-02 05:00:00+00:00
[2026-07-02T05:10:00.394+0000] {processor.py:183} INFO - Processing /opt/airflow/dags/stream_monitor_dag.py took 0.241 seconds
[2026-07-02T05:10:32.843+0000] {processor.py:161} INFO - Started process (PID=1254) to work on /opt/airflow/dags/stream_monitor_dag.py
[2026-07-02T05:10:32.846+0000] {processor.py:830} INFO - Processing file /opt/airflow/dags/stream_monitor_dag.py for tasks to queue
[2026-07-02T05:10:32.849+0000] {logging_mixin.py:188} INFO - [2026-07-02T05:10:32.848+0000] {dagbag.py:538} INFO - Filling up the DagBag from /opt/airflow/dags/stream_monitor_dag.py
[2026-07-02T05:10:32.935+0000] {processor.py:840} INFO - DAG(s) 'stream_monitor_harga_pangan' retrieved from /opt/airflow/dags/stream_monitor_dag.py
[2026-07-02T05:10:33.039+0000] {logging_mixin.py:188} INFO - [2026-07-02T05:10:33.039+0000] {dag.py:3036} INFO - Sync 1 DAGs
[2026-07-02T05:10:33.110+0000] {logging_mixin.py:188} INFO - [2026-07-02T05:10:33.108+0000] {dag.py:3823} INFO - Setting next_dagrun for stream_monitor_harga_pangan to 2026-07-02 04:00:00+00:00, run_after=2026-07-02 05:00:00+00:00
[2026-07-02T05:10:33.166+0000] {processor.py:183} INFO - Processing /opt/airflow/dags/stream_monitor_dag.py took 0.340 seconds
[2026-07-02T05:11:06.472+0000] {processor.py:161} INFO - Started process (PID=1272) to work on /opt/airflow/dags/stream_monitor_dag.py
[2026-07-02T05:11:06.476+0000] {processor.py:830} INFO - Processing file /opt/airflow/dags/stream_monitor_dag.py for tasks to queue
[2026-07-02T05:11:06.486+0000] {logging_mixin.py:188} INFO - [2026-07-02T05:11:06.484+0000] {dagbag.py:538} INFO - Filling up the DagBag from /opt/airflow/dags/stream_monitor_dag.py
[2026-07-02T05:11:06.584+0000] {processor.py:840} INFO - DAG(s) 'stream_monitor_harga_pangan' retrieved from /opt/airflow/dags/stream_monitor_dag.py
[2026-07-02T05:11:06.715+0000] {logging_mixin.py:188} INFO - [2026-07-02T05:11:06.714+0000] {dag.py:3036} INFO - Sync 1 DAGs
[2026-07-02T05:11:06.786+0000] {logging_mixin.py:188} INFO - [2026-07-02T05:11:06.785+0000] {dag.py:3823} INFO - Setting next_dagrun for stream_monitor_harga_pangan to 2026-07-02 04:00:00+00:00, run_after=2026-07-02 05:00:00+00:00
[2026-07-02T05:11:06.847+0000] {processor.py:183} INFO - Processing /opt/airflow/dags/stream_monitor_dag.py took 0.396 seconds
[2026-07-02T05:11:39.132+0000] {processor.py:161} INFO - Started process (PID=1282) to work on /opt/airflow/dags/stream_monitor_dag.py
[2026-07-02T05:11:39.136+0000] {processor.py:830} INFO - Processing file /opt/airflow/dags/stream_monitor_dag.py for tasks to queue
[2026-07-02T05:11:39.138+0000] {logging_mixin.py:188} INFO - [2026-07-02T05:11:39.138+0000] {dagbag.py:538} INFO - Filling up the DagBag from /opt/airflow/dags/stream_monitor_dag.py
[2026-07-02T05:11:39.187+0000] {processor.py:840} INFO - DAG(s) 'stream_monitor_harga_pangan' retrieved from /opt/airflow/dags/stream_monitor_dag.py
[2026-07-02T05:11:39.270+0000] {logging_mixin.py:188} INFO - [2026-07-02T05:11:39.270+0000] {dag.py:3036} INFO - Sync 1 DAGs
[2026-07-02T05:11:39.317+0000] {logging_mixin.py:188} INFO - [2026-07-02T05:11:39.317+0000] {dag.py:3823} INFO - Setting next_dagrun for stream_monitor_harga_pangan to 2026-07-02 04:00:00+00:00, run_after=2026-07-02 05:00:00+00:00
[2026-07-02T05:11:39.355+0000] {processor.py:183} INFO - Processing /opt/airflow/dags/stream_monitor_dag.py took 0.229 seconds
[2026-07-02T05:12:11.492+0000] {processor.py:161} INFO - Started process (PID=1300) to work on /opt/airflow/dags/stream_monitor_dag.py
[2026-07-02T05:12:11.493+0000] {processor.py:830} INFO - Processing file /opt/airflow/dags/stream_monitor_dag.py for tasks to queue
[2026-07-02T05:12:11.495+0000] {logging_mixin.py:188} INFO - [2026-07-02T05:12:11.495+0000] {dagbag.py:538} INFO - Filling up the DagBag from /opt/airflow/dags/stream_monitor_dag.py
[2026-07-02T05:12:11.554+0000] {processor.py:840} INFO - DAG(s) 'stream_monitor_harga_pangan' retrieved from /opt/airflow/dags/stream_monitor_dag.py
[2026-07-02T05:12:11.642+0000] {logging_mixin.py:188} INFO - [2026-07-02T05:12:11.642+0000] {dag.py:3036} INFO - Sync 1 DAGs
[2026-07-02T05:12:11.681+0000] {logging_mixin.py:188} INFO - [2026-07-02T05:12:11.680+0000] {dag.py:3823} INFO - Setting next_dagrun for stream_monitor_harga_pangan to 2026-07-02 04:00:00+00:00, run_after=2026-07-02 05:00:00+00:00
[2026-07-02T05:12:11.714+0000] {processor.py:183} INFO - Processing /opt/airflow/dags/stream_monitor_dag.py took 0.230 seconds
[2026-07-02T05:12:44.039+0000] {processor.py:161} INFO - Started process (PID=1318) to work on /opt/airflow/dags/stream_monitor_dag.py
[2026-07-02T05:12:44.041+0000] {processor.py:830} INFO - Processing file /opt/airflow/dags/stream_monitor_dag.py for tasks to queue
[2026-07-02T05:12:44.043+0000] {logging_mixin.py:188} INFO - [2026-07-02T05:12:44.042+0000] {dagbag.py:538} INFO - Filling up the DagBag from /opt/airflow/dags/stream_monitor_dag.py
[2026-07-02T05:12:44.096+0000] {processor.py:840} INFO - DAG(s) 'stream_monitor_harga_pangan' retrieved from /opt/airflow/dags/stream_monitor_dag.py
[2026-07-02T05:12:44.172+0000] {logging_mixin.py:188} INFO - [2026-07-02T05:12:44.171+0000] {dag.py:3036} INFO - Sync 1 DAGs
[2026-07-02T05:12:44.221+0000] {logging_mixin.py:188} INFO - [2026-07-02T05:12:44.220+0000] {dag.py:3823} INFO - Setting next_dagrun for stream_monitor_harga_pangan to 2026-07-02 04:00:00+00:00, run_after=2026-07-02 05:00:00+00:00
[2026-07-02T05:12:44.255+0000] {processor.py:183} INFO - Processing /opt/airflow/dags/stream_monitor_dag.py took 0.224 seconds
[2026-07-02T05:13:17.370+0000] {processor.py:161} INFO - Started process (PID=1336) to work on /opt/airflow/dags/stream_monitor_dag.py
[2026-07-02T05:13:17.372+0000] {processor.py:830} INFO - Processing file /opt/airflow/dags/stream_monitor_dag.py for tasks to queue
[2026-07-02T05:13:17.374+0000] {logging_mixin.py:188} INFO - [2026-07-02T05:13:17.374+0000] {dagbag.py:538} INFO - Filling up the DagBag from /opt/airflow/dags/stream_monitor_dag.py
[2026-07-02T05:13:17.421+0000] {processor.py:840} INFO - DAG(s) 'stream_monitor_harga_pangan' retrieved from /opt/airflow/dags/stream_monitor_dag.py
[2026-07-02T05:13:17.497+0000] {logging_mixin.py:188} INFO - [2026-07-02T05:13:17.497+0000] {dag.py:3036} INFO - Sync 1 DAGs
[2026-07-02T05:13:17.548+0000] {logging_mixin.py:188} INFO - [2026-07-02T05:13:17.548+0000] {dag.py:3823} INFO - Setting next_dagrun for stream_monitor_harga_pangan to 2026-07-02 04:00:00+00:00, run_after=2026-07-02 05:00:00+00:00
[2026-07-02T05:13:17.582+0000] {processor.py:183} INFO - Processing /opt/airflow/dags/stream_monitor_dag.py took 0.218 seconds
[2026-07-02T05:13:49.707+0000] {processor.py:161} INFO - Started process (PID=1354) to work on /opt/airflow/dags/stream_monitor_dag.py
[2026-07-02T05:13:49.710+0000] {processor.py:830} INFO - Processing file /opt/airflow/dags/stream_monitor_dag.py for tasks to queue
[2026-07-02T05:13:49.712+0000] {logging_mixin.py:188} INFO - [2026-07-02T05:13:49.711+0000] {dagbag.py:538} INFO - Filling up the DagBag from /opt/airflow/dags/stream_monitor_dag.py
[2026-07-02T05:13:49.773+0000] {processor.py:840} INFO - DAG(s) 'stream_monitor_harga_pangan' retrieved from /opt/airflow/dags/stream_monitor_dag.py
[2026-07-02T05:13:49.861+0000] {logging_mixin.py:188} INFO - [2026-07-02T05:13:49.860+0000] {dag.py:3036} INFO - Sync 1 DAGs
[2026-07-02T05:13:49.913+0000] {logging_mixin.py:188} INFO - [2026-07-02T05:13:49.913+0000] {dag.py:3823} INFO - Setting next_dagrun for stream_monitor_harga_pangan to 2026-07-02 04:00:00+00:00, run_after=2026-07-02 05:00:00+00:00
[2026-07-02T05:13:49.955+0000] {processor.py:183} INFO - Processing /opt/airflow/dags/stream_monitor_dag.py took 0.258 seconds
[2026-07-02T05:14:22.570+0000] {processor.py:161} INFO - Started process (PID=1373) to work on /opt/airflow/dags/stream_monitor_dag.py
[2026-07-02T05:14:22.573+0000] {processor.py:830} INFO - Processing file /opt/airflow/dags/stream_monitor_dag.py for tasks to queue
[2026-07-02T05:14:22.574+0000] {logging_mixin.py:188} INFO - [2026-07-02T05:14:22.574+0000] {dagbag.py:538} INFO - Filling up the DagBag from /opt/airflow/dags/stream_monitor_dag.py
[2026-07-02T05:14:22.626+0000] {processor.py:840} INFO - DAG(s) 'stream_monitor_harga_pangan' retrieved from /opt/airflow/dags/stream_monitor_dag.py
[2026-07-02T05:14:22.703+0000] {logging_mixin.py:188} INFO - [2026-07-02T05:14:22.703+0000] {dag.py:3036} INFO - Sync 1 DAGs
[2026-07-02T05:14:22.755+0000] {logging_mixin.py:188} INFO - [2026-07-02T05:14:22.755+0000] {dag.py:3823} INFO - Setting next_dagrun for stream_monitor_harga_pangan to 2026-07-02 04:00:00+00:00, run_after=2026-07-02 05:00:00+00:00
[2026-07-02T05:14:22.792+0000] {processor.py:183} INFO - Processing /opt/airflow/dags/stream_monitor_dag.py took 0.232 seconds
[2026-07-02T05:14:56.593+0000] {processor.py:161} INFO - Started process (PID=1391) to work on /opt/airflow/dags/stream_monitor_dag.py
[2026-07-02T05:14:56.599+0000] {processor.py:830} INFO - Processing file /opt/airflow/dags/stream_monitor_dag.py for tasks to queue
[2026-07-02T05:14:56.601+0000] {logging_mixin.py:188} INFO - [2026-07-02T05:14:56.601+0000] {dagbag.py:538} INFO - Filling up the DagBag from /opt/airflow/dags/stream_monitor_dag.py
[2026-07-02T05:14:56.678+0000] {processor.py:840} INFO - DAG(s) 'stream_monitor_harga_pangan' retrieved from /opt/airflow/dags/stream_monitor_dag.py
[2026-07-02T05:14:56.826+0000] {logging_mixin.py:188} INFO - [2026-07-02T05:14:56.826+0000] {dag.py:3036} INFO - Sync 1 DAGs
[2026-07-02T05:14:56.911+0000] {logging_mixin.py:188} INFO - [2026-07-02T05:14:56.910+0000] {dag.py:3823} INFO - Setting next_dagrun for stream_monitor_harga_pangan to 2026-07-02 04:00:00+00:00, run_after=2026-07-02 05:00:00+00:00
[2026-07-02T05:14:56.969+0000] {processor.py:183} INFO - Processing /opt/airflow/dags/stream_monitor_dag.py took 0.387 seconds
[2026-07-02T05:15:29.944+0000] {processor.py:161} INFO - Started process (PID=1409) to work on /opt/airflow/dags/stream_monitor_dag.py
[2026-07-02T05:15:29.948+0000] {processor.py:830} INFO - Processing file /opt/airflow/dags/stream_monitor_dag.py for tasks to queue
[2026-07-02T05:15:29.955+0000] {logging_mixin.py:188} INFO - [2026-07-02T05:15:29.954+0000] {dagbag.py:538} INFO - Filling up the DagBag from /opt/airflow/dags/stream_monitor_dag.py
[2026-07-02T05:15:30.098+0000] {processor.py:840} INFO - DAG(s) 'stream_monitor_harga_pangan' retrieved from /opt/airflow/dags/stream_monitor_dag.py
[2026-07-02T05:15:30.258+0000] {logging_mixin.py:188} INFO - [2026-07-02T05:15:30.257+0000] {dag.py:3036} INFO - Sync 1 DAGs
[2026-07-02T05:15:30.373+0000] {logging_mixin.py:188} INFO - [2026-07-02T05:15:30.373+0000] {dag.py:3823} INFO - Setting next_dagrun for stream_monitor_harga_pangan to 2026-07-02 04:00:00+00:00, run_after=2026-07-02 05:00:00+00:00
[2026-07-02T05:15:30.460+0000] {processor.py:183} INFO - Processing /opt/airflow/dags/stream_monitor_dag.py took 0.537 seconds
[2026-07-02T05:16:03.225+0000] {processor.py:161} INFO - Started process (PID=1419) to work on /opt/airflow/dags/stream_monitor_dag.py
[2026-07-02T05:16:03.227+0000] {processor.py:830} INFO - Processing file /opt/airflow/dags/stream_monitor_dag.py for tasks to queue
[2026-07-02T05:16:03.229+0000] {logging_mixin.py:188} INFO - [2026-07-02T05:16:03.229+0000] {dagbag.py:538} INFO - Filling up the DagBag from /opt/airflow/dags/stream_monitor_dag.py
[2026-07-02T05:16:03.281+0000] {processor.py:840} INFO - DAG(s) 'stream_monitor_harga_pangan' retrieved from /opt/airflow/dags/stream_monitor_dag.py
[2026-07-02T05:16:03.359+0000] {logging_mixin.py:188} INFO - [2026-07-02T05:16:03.358+0000] {dag.py:3036} INFO - Sync 1 DAGs
[2026-07-02T05:16:03.404+0000] {logging_mixin.py:188} INFO - [2026-07-02T05:16:03.404+0000] {dag.py:3823} INFO - Setting next_dagrun for stream_monitor_harga_pangan to 2026-07-02 04:00:00+00:00, run_after=2026-07-02 05:00:00+00:00
[2026-07-02T05:16:03.438+0000] {processor.py:183} INFO - Processing /opt/airflow/dags/stream_monitor_dag.py took 0.220 seconds
[2026-07-02T05:16:36.180+0000] {processor.py:161} INFO - Started process (PID=1437) to work on /opt/airflow/dags/stream_monitor_dag.py
[2026-07-02T05:16:36.181+0000] {processor.py:830} INFO - Processing file /opt/airflow/dags/stream_monitor_dag.py for tasks to queue
[2026-07-02T05:16:36.187+0000] {logging_mixin.py:188} INFO - [2026-07-02T05:16:36.185+0000] {dagbag.py:538} INFO - Filling up the DagBag from /opt/airflow/dags/stream_monitor_dag.py
[2026-07-02T05:16:36.243+0000] {processor.py:840} INFO - DAG(s) 'stream_monitor_harga_pangan' retrieved from /opt/airflow/dags/stream_monitor_dag.py
[2026-07-02T05:16:36.338+0000] {logging_mixin.py:188} INFO - [2026-07-02T05:16:36.337+0000] {dag.py:3036} INFO - Sync 1 DAGs
[2026-07-02T05:16:36.400+0000] {logging_mixin.py:188} INFO - [2026-07-02T05:16:36.400+0000] {dag.py:3823} INFO - Setting next_dagrun for stream_monitor_harga_pangan to 2026-07-02 04:00:00+00:00, run_after=2026-07-02 05:00:00+00:00
[2026-07-02T05:16:36.441+0000] {processor.py:183} INFO - Processing /opt/airflow/dags/stream_monitor_dag.py took 0.268 seconds
[2026-07-02T05:17:09.157+0000] {processor.py:161} INFO - Started process (PID=1455) to work on /opt/airflow/dags/stream_monitor_dag.py
[2026-07-02T05:17:09.159+0000] {processor.py:830} INFO - Processing file /opt/airflow/dags/stream_monitor_dag.py for tasks to queue
[2026-07-02T05:17:09.161+0000] {logging_mixin.py:188} INFO - [2026-07-02T05:17:09.160+0000] {dagbag.py:538} INFO - Filling up the DagBag from /opt/airflow/dags/stream_monitor_dag.py
[2026-07-02T05:17:09.212+0000] {processor.py:840} INFO - DAG(s) 'stream_monitor_harga_pangan' retrieved from /opt/airflow/dags/stream_monitor_dag.py
[2026-07-02T05:17:09.298+0000] {logging_mixin.py:188} INFO - [2026-07-02T05:17:09.297+0000] {dag.py:3036} INFO - Sync 1 DAGs
[2026-07-02T05:17:09.359+0000] {logging_mixin.py:188} INFO - [2026-07-02T05:17:09.358+0000] {dag.py:3823} INFO - Setting next_dagrun for stream_monitor_harga_pangan to 2026-07-02 04:00:00+00:00, run_after=2026-07-02 05:00:00+00:00
[2026-07-02T05:17:09.401+0000] {processor.py:183} INFO - Processing /opt/airflow/dags/stream_monitor_dag.py took 0.258 seconds
[2026-07-02T05:17:43.322+0000] {processor.py:161} INFO - Started process (PID=1473) to work on /opt/airflow/dags/stream_monitor_dag.py
[2026-07-02T05:17:43.324+0000] {processor.py:830} INFO - Processing file /opt/airflow/dags/stream_monitor_dag.py for tasks to queue
[2026-07-02T05:17:43.325+0000] {logging_mixin.py:188} INFO - [2026-07-02T05:17:43.325+0000] {dagbag.py:538} INFO - Filling up the DagBag from /opt/airflow/dags/stream_monitor_dag.py
[2026-07-02T05:17:43.380+0000] {processor.py:840} INFO - DAG(s) 'stream_monitor_harga_pangan' retrieved from /opt/airflow/dags/stream_monitor_dag.py
[2026-07-02T05:17:43.462+0000] {logging_mixin.py:188} INFO - [2026-07-02T05:17:43.462+0000] {dag.py:3036} INFO - Sync 1 DAGs
[2026-07-02T05:17:43.507+0000] {logging_mixin.py:188} INFO - [2026-07-02T05:17:43.506+0000] {dag.py:3823} INFO - Setting next_dagrun for stream_monitor_harga_pangan to 2026-07-02 04:00:00+00:00, run_after=2026-07-02 05:00:00+00:00
[2026-07-02T05:17:43.549+0000] {processor.py:183} INFO - Processing /opt/airflow/dags/stream_monitor_dag.py took 0.239 seconds
[2026-07-02T05:18:16.376+0000] {processor.py:161} INFO - Started process (PID=1491) to work on /opt/airflow/dags/stream_monitor_dag.py
[2026-07-02T05:18:16.380+0000] {processor.py:830} INFO - Processing file /opt/airflow/dags/stream_monitor_dag.py for tasks to queue
[2026-07-02T05:18:16.382+0000] {logging_mixin.py:188} INFO - [2026-07-02T05:18:16.382+0000] {dagbag.py:538} INFO - Filling up the DagBag from /opt/airflow/dags/stream_monitor_dag.py
[2026-07-02T05:18:16.442+0000] {processor.py:840} INFO - DAG(s) 'stream_monitor_harga_pangan' retrieved from /opt/airflow/dags/stream_monitor_dag.py
[2026-07-02T05:18:16.512+0000] {logging_mixin.py:188} INFO - [2026-07-02T05:18:16.512+0000] {dag.py:3036} INFO - Sync 1 DAGs
[2026-07-02T05:18:16.558+0000] {logging_mixin.py:188} INFO - [2026-07-02T05:18:16.558+0000] {dag.py:3823} INFO - Setting next_dagrun for stream_monitor_harga_pangan to 2026-07-02 04:00:00+00:00, run_after=2026-07-02 05:00:00+00:00
[2026-07-02T05:18:16.593+0000] {processor.py:183} INFO - Processing /opt/airflow/dags/stream_monitor_dag.py took 0.223 seconds
[2026-07-02T05:18:49.306+0000] {processor.py:161} INFO - Started process (PID=1509) to work on /opt/airflow/dags/stream_monitor_dag.py
[2026-07-02T05:18:49.309+0000] {processor.py:830} INFO - Processing file /opt/airflow/dags/stream_monitor_dag.py for tasks to queue
[2026-07-02T05:18:49.311+0000] {logging_mixin.py:188} INFO - [2026-07-02T05:18:49.311+0000] {dagbag.py:538} INFO - Filling up the DagBag from /opt/airflow/dags/stream_monitor_dag.py
[2026-07-02T05:18:49.371+0000] {processor.py:840} INFO - DAG(s) 'stream_monitor_harga_pangan' retrieved from /opt/airflow/dags/stream_monitor_dag.py
[2026-07-02T05:18:49.469+0000] {logging_mixin.py:188} INFO - [2026-07-02T05:18:49.469+0000] {dag.py:3036} INFO - Sync 1 DAGs
[2026-07-02T05:18:49.514+0000] {logging_mixin.py:188} INFO - [2026-07-02T05:18:49.514+0000] {dag.py:3823} INFO - Setting next_dagrun for stream_monitor_harga_pangan to 2026-07-02 04:00:00+00:00, run_after=2026-07-02 05:00:00+00:00
[2026-07-02T05:18:49.554+0000] {processor.py:183} INFO - Processing /opt/airflow/dags/stream_monitor_dag.py took 0.259 seconds
[2026-07-02T05:19:22.431+0000] {processor.py:161} INFO - Started process (PID=1527) to work on /opt/airflow/dags/stream_monitor_dag.py
[2026-07-02T05:19:22.433+0000] {processor.py:830} INFO - Processing file /opt/airflow/dags/stream_monitor_dag.py for tasks to queue
[2026-07-02T05:19:22.436+0000] {logging_mixin.py:188} INFO - [2026-07-02T05:19:22.435+0000] {dagbag.py:538} INFO - Filling up the DagBag from /opt/airflow/dags/stream_monitor_dag.py
[2026-07-02T05:19:22.517+0000] {processor.py:840} INFO - DAG(s) 'stream_monitor_harga_pangan' retrieved from /opt/airflow/dags/stream_monitor_dag.py
[2026-07-02T05:19:22.618+0000] {logging_mixin.py:188} INFO - [2026-07-02T05:19:22.618+0000] {dag.py:3036} INFO - Sync 1 DAGs
[2026-07-02T05:19:22.680+0000] {logging_mixin.py:188} INFO - [2026-07-02T05:19:22.680+0000] {dag.py:3823} INFO - Setting next_dagrun for stream_monitor_harga_pangan to 2026-07-02 04:00:00+00:00, run_after=2026-07-02 05:00:00+00:00
[2026-07-02T05:19:22.721+0000] {processor.py:183} INFO - Processing /opt/airflow/dags/stream_monitor_dag.py took 0.309 seconds
[2026-07-02T05:19:53.143+0000] {processor.py:161} INFO - Started process (PID=1545) to work on /opt/airflow/dags/stream_monitor_dag.py
[2026-07-02T05:19:53.145+0000] {processor.py:830} INFO - Processing file /opt/airflow/dags/stream_monitor_dag.py for tasks to queue
[2026-07-02T05:19:53.147+0000] {logging_mixin.py:188} INFO - [2026-07-02T05:19:53.146+0000] {dagbag.py:538} INFO - Filling up the DagBag from /opt/airflow/dags/stream_monitor_dag.py
[2026-07-02T05:19:53.212+0000] {processor.py:840} INFO - DAG(s) 'stream_monitor_harga_pangan' retrieved from /opt/airflow/dags/stream_monitor_dag.py
[2026-07-02T05:19:53.293+0000] {logging_mixin.py:188} INFO - [2026-07-02T05:19:53.292+0000] {dag.py:3036} INFO - Sync 1 DAGs
[2026-07-02T05:19:53.334+0000] {logging_mixin.py:188} INFO - [2026-07-02T05:19:53.334+0000] {dag.py:3823} INFO - Setting next_dagrun for stream_monitor_harga_pangan to 2026-07-02 04:00:00+00:00, run_after=2026-07-02 05:00:00+00:00
[2026-07-02T05:19:53.371+0000] {processor.py:183} INFO - Processing /opt/airflow/dags/stream_monitor_dag.py took 0.234 seconds
[2026-07-02T05:20:24.172+0000] {processor.py:161} INFO - Started process (PID=1555) to work on /opt/airflow/dags/stream_monitor_dag.py
[2026-07-02T05:20:24.183+0000] {processor.py:830} INFO - Processing file /opt/airflow/dags/stream_monitor_dag.py for tasks to queue
[2026-07-02T05:20:24.186+0000] {logging_mixin.py:188} INFO - [2026-07-02T05:20:24.185+0000] {dagbag.py:538} INFO - Filling up the DagBag from /opt/airflow/dags/stream_monitor_dag.py
[2026-07-02T05:20:24.458+0000] {processor.py:840} INFO - DAG(s) 'stream_monitor_harga_pangan' retrieved from /opt/airflow/dags/stream_monitor_dag.py
[2026-07-02T05:20:24.771+0000] {logging_mixin.py:188} INFO - [2026-07-02T05:20:24.761+0000] {dag.py:3036} INFO - Sync 1 DAGs
[2026-07-02T05:20:24.934+0000] {logging_mixin.py:188} INFO - [2026-07-02T05:20:24.934+0000] {dag.py:3823} INFO - Setting next_dagrun for stream_monitor_harga_pangan to 2026-07-02 04:00:00+00:00, run_after=2026-07-02 05:00:00+00:00
[2026-07-02T05:20:25.064+0000] {processor.py:183} INFO - Processing /opt/airflow/dags/stream_monitor_dag.py took 0.900 seconds
[2026-07-02T05:20:56.126+0000] {processor.py:161} INFO - Started process (PID=1573) to work on /opt/airflow/dags/stream_monitor_dag.py
[2026-07-02T05:20:56.131+0000] {processor.py:830} INFO - Processing file /opt/airflow/dags/stream_monitor_dag.py for tasks to queue
[2026-07-02T05:20:56.133+0000] {logging_mixin.py:188} INFO - [2026-07-02T05:20:56.132+0000] {dagbag.py:538} INFO - Filling up the DagBag from /opt/airflow/dags/stream_monitor_dag.py
[2026-07-02T05:20:56.186+0000] {processor.py:840} INFO - DAG(s) 'stream_monitor_harga_pangan' retrieved from /opt/airflow/dags/stream_monitor_dag.py
[2026-07-02T05:20:56.270+0000] {logging_mixin.py:188} INFO - [2026-07-02T05:20:56.269+0000] {dag.py:3036} INFO - Sync 1 DAGs
[2026-07-02T05:20:56.356+0000] {logging_mixin.py:188} INFO - [2026-07-02T05:20:56.355+0000] {dag.py:3823} INFO - Setting next_dagrun for stream_monitor_harga_pangan to 2026-07-02 04:00:00+00:00, run_after=2026-07-02 05:00:00+00:00
[2026-07-02T05:20:56.393+0000] {processor.py:183} INFO - Processing /opt/airflow/dags/stream_monitor_dag.py took 0.276 seconds
[2026-07-02T05:21:26.718+0000] {processor.py:161} INFO - Started process (PID=1591) to work on /opt/airflow/dags/stream_monitor_dag.py
[2026-07-02T05:21:26.722+0000] {processor.py:830} INFO - Processing file /opt/airflow/dags/stream_monitor_dag.py for tasks to queue
[2026-07-02T05:21:26.725+0000] {logging_mixin.py:188} INFO - [2026-07-02T05:21:26.724+0000] {dagbag.py:538} INFO - Filling up the DagBag from /opt/airflow/dags/stream_monitor_dag.py
[2026-07-02T05:21:26.794+0000] {processor.py:840} INFO - DAG(s) 'stream_monitor_harga_pangan' retrieved from /opt/airflow/dags/stream_monitor_dag.py
[2026-07-02T05:21:26.908+0000] {logging_mixin.py:188} INFO - [2026-07-02T05:21:26.908+0000] {dag.py:3036} INFO - Sync 1 DAGs
[2026-07-02T05:21:26.959+0000] {logging_mixin.py:188} INFO - [2026-07-02T05:21:26.959+0000] {dag.py:3823} INFO - Setting next_dagrun for stream_monitor_harga_pangan to 2026-07-02 04:00:00+00:00, run_after=2026-07-02 05:00:00+00:00
[2026-07-02T05:21:26.999+0000] {processor.py:183} INFO - Processing /opt/airflow/dags/stream_monitor_dag.py took 0.290 seconds
[2026-07-02T05:21:57.786+0000] {processor.py:161} INFO - Started process (PID=1608) to work on /opt/airflow/dags/stream_monitor_dag.py
[2026-07-02T05:21:57.789+0000] {processor.py:830} INFO - Processing file /opt/airflow/dags/stream_monitor_dag.py for tasks to queue
[2026-07-02T05:21:57.793+0000] {logging_mixin.py:188} INFO - [2026-07-02T05:21:57.792+0000] {dagbag.py:538} INFO - Filling up the DagBag from /opt/airflow/dags/stream_monitor_dag.py
[2026-07-02T05:21:57.869+0000] {processor.py:840} INFO - DAG(s) 'stream_monitor_harga_pangan' retrieved from /opt/airflow/dags/stream_monitor_dag.py
[2026-07-02T05:21:57.969+0000] {logging_mixin.py:188} INFO - [2026-07-02T05:21:57.969+0000] {dag.py:3036} INFO - Sync 1 DAGs
[2026-07-02T05:21:58.021+0000] {logging_mixin.py:188} INFO - [2026-07-02T05:21:58.020+0000] {dag.py:3823} INFO - Setting next_dagrun for stream_monitor_harga_pangan to 2026-07-02 04:00:00+00:00, run_after=2026-07-02 05:00:00+00:00
[2026-07-02T05:21:58.072+0000] {processor.py:183} INFO - Processing /opt/airflow/dags/stream_monitor_dag.py took 0.298 seconds
[2026-07-02T05:22:28.799+0000] {processor.py:161} INFO - Started process (PID=1626) to work on /opt/airflow/dags/stream_monitor_dag.py
[2026-07-02T05:22:28.802+0000] {processor.py:830} INFO - Processing file /opt/airflow/dags/stream_monitor_dag.py for tasks to queue
[2026-07-02T05:22:28.804+0000] {logging_mixin.py:188} INFO - [2026-07-02T05:22:28.803+0000] {dagbag.py:538} INFO - Filling up the DagBag from /opt/airflow/dags/stream_monitor_dag.py
[2026-07-02T05:22:28.879+0000] {processor.py:840} INFO - DAG(s) 'stream_monitor_harga_pangan' retrieved from /opt/airflow/dags/stream_monitor_dag.py
[2026-07-02T05:22:28.963+0000] {logging_mixin.py:188} INFO - [2026-07-02T05:22:28.963+0000] {dag.py:3036} INFO - Sync 1 DAGs
[2026-07-02T05:22:29.009+0000] {logging_mixin.py:188} INFO - [2026-07-02T05:22:29.008+0000] {dag.py:3823} INFO - Setting next_dagrun for stream_monitor_harga_pangan to 2026-07-02 04:00:00+00:00, run_after=2026-07-02 05:00:00+00:00
[2026-07-02T05:22:29.057+0000] {processor.py:183} INFO - Processing /opt/airflow/dags/stream_monitor_dag.py took 0.264 seconds
[2026-07-02T05:22:59.795+0000] {processor.py:161} INFO - Started process (PID=1636) to work on /opt/airflow/dags/stream_monitor_dag.py
[2026-07-02T05:22:59.798+0000] {processor.py:830} INFO - Processing file /opt/airflow/dags/stream_monitor_dag.py for tasks to queue
[2026-07-02T05:22:59.801+0000] {logging_mixin.py:188} INFO - [2026-07-02T05:22:59.800+0000] {dagbag.py:538} INFO - Filling up the DagBag from /opt/airflow/dags/stream_monitor_dag.py
[2026-07-02T05:22:59.877+0000] {processor.py:840} INFO - DAG(s) 'stream_monitor_harga_pangan' retrieved from /opt/airflow/dags/stream_monitor_dag.py
[2026-07-02T05:22:59.989+0000] {logging_mixin.py:188} INFO - [2026-07-02T05:22:59.989+0000] {dag.py:3036} INFO - Sync 1 DAGs
[2026-07-02T05:23:00.049+0000] {logging_mixin.py:188} INFO - [2026-07-02T05:23:00.049+0000] {dag.py:3823} INFO - Setting next_dagrun for stream_monitor_harga_pangan to 2026-07-02 04:00:00+00:00, run_after=2026-07-02 05:00:00+00:00
[2026-07-02T05:23:00.097+0000] {processor.py:183} INFO - Processing /opt/airflow/dags/stream_monitor_dag.py took 0.309 seconds
[2026-07-02T05:23:30.890+0000] {processor.py:161} INFO - Started process (PID=1654) to work on /opt/airflow/dags/stream_monitor_dag.py
[2026-07-02T05:23:30.894+0000] {processor.py:830} INFO - Processing file /opt/airflow/dags/stream_monitor_dag.py for tasks to queue
[2026-07-02T05:23:30.900+0000] {logging_mixin.py:188} INFO - [2026-07-02T05:23:30.896+0000] {dagbag.py:538} INFO - Filling up the DagBag from /opt/airflow/dags/stream_monitor_dag.py
[2026-07-02T05:23:31.013+0000] {processor.py:840} INFO - DAG(s) 'stream_monitor_harga_pangan' retrieved from /opt/airflow/dags/stream_monitor_dag.py
[2026-07-02T05:23:31.156+0000] {logging_mixin.py:188} INFO - [2026-07-02T05:23:31.156+0000] {dag.py:3036} INFO - Sync 1 DAGs
[2026-07-02T05:23:31.271+0000] {logging_mixin.py:188} INFO - [2026-07-02T05:23:31.271+0000] {dag.py:3823} INFO - Setting next_dagrun for stream_monitor_harga_pangan to 2026-07-02 04:00:00+00:00, run_after=2026-07-02 05:00:00+00:00
[2026-07-02T05:23:31.357+0000] {processor.py:183} INFO - Processing /opt/airflow/dags/stream_monitor_dag.py took 0.477 seconds
[2026-07-02T05:24:02.019+0000] {processor.py:161} INFO - Started process (PID=1672) to work on /opt/airflow/dags/stream_monitor_dag.py
[2026-07-02T05:24:02.023+0000] {processor.py:830} INFO - Processing file /opt/airflow/dags/stream_monitor_dag.py for tasks to queue
[2026-07-02T05:24:02.025+0000] {logging_mixin.py:188} INFO - [2026-07-02T05:24:02.024+0000] {dagbag.py:538} INFO - Filling up the DagBag from /opt/airflow/dags/stream_monitor_dag.py
[2026-07-02T05:24:02.075+0000] {processor.py:840} INFO - DAG(s) 'stream_monitor_harga_pangan' retrieved from /opt/airflow/dags/stream_monitor_dag.py
[2026-07-02T05:24:02.145+0000] {logging_mixin.py:188} INFO - [2026-07-02T05:24:02.145+0000] {dag.py:3036} INFO - Sync 1 DAGs
[2026-07-02T05:24:02.188+0000] {logging_mixin.py:188} INFO - [2026-07-02T05:24:02.187+0000] {dag.py:3823} INFO - Setting next_dagrun for stream_monitor_harga_pangan to 2026-07-02 04:00:00+00:00, run_after=2026-07-02 05:00:00+00:00
[2026-07-02T05:24:02.218+0000] {processor.py:183} INFO - Processing /opt/airflow/dags/stream_monitor_dag.py took 0.212 seconds
[2026-07-02T05:24:33.018+0000] {processor.py:161} INFO - Started process (PID=1690) to work on /opt/airflow/dags/stream_monitor_dag.py
[2026-07-02T05:24:33.021+0000] {processor.py:830} INFO - Processing file /opt/airflow/dags/stream_monitor_dag.py for tasks to queue
[2026-07-02T05:24:33.024+0000] {logging_mixin.py:188} INFO - [2026-07-02T05:24:33.023+0000] {dagbag.py:538} INFO - Filling up the DagBag from /opt/airflow/dags/stream_monitor_dag.py
[2026-07-02T05:24:33.089+0000] {processor.py:840} INFO - DAG(s) 'stream_monitor_harga_pangan' retrieved from /opt/airflow/dags/stream_monitor_dag.py
[2026-07-02T05:24:33.196+0000] {logging_mixin.py:188} INFO - [2026-07-02T05:24:33.196+0000] {dag.py:3036} INFO - Sync 1 DAGs
[2026-07-02T05:24:33.250+0000] {logging_mixin.py:188} INFO - [2026-07-02T05:24:33.250+0000] {dag.py:3823} INFO - Setting next_dagrun for stream_monitor_harga_pangan to 2026-07-02 04:00:00+00:00, run_after=2026-07-02 05:00:00+00:00
[2026-07-02T05:24:33.293+0000] {processor.py:183} INFO - Processing /opt/airflow/dags/stream_monitor_dag.py took 0.284 seconds
[2026-07-02T05:25:04.157+0000] {processor.py:161} INFO - Started process (PID=1708) to work on /opt/airflow/dags/stream_monitor_dag.py
[2026-07-02T05:25:04.160+0000] {processor.py:830} INFO - Processing file /opt/airflow/dags/stream_monitor_dag.py for tasks to queue
[2026-07-02T05:25:04.167+0000] {logging_mixin.py:188} INFO - [2026-07-02T05:25:04.166+0000] {dagbag.py:538} INFO - Filling up the DagBag from /opt/airflow/dags/stream_monitor_dag.py
[2026-07-02T05:25:04.243+0000] {processor.py:840} INFO - DAG(s) 'stream_monitor_harga_pangan' retrieved from /opt/airflow/dags/stream_monitor_dag.py
[2026-07-02T05:25:04.351+0000] {logging_mixin.py:188} INFO - [2026-07-02T05:25:04.350+0000] {dag.py:3036} INFO - Sync 1 DAGs
[2026-07-02T05:25:04.439+0000] {logging_mixin.py:188} INFO - [2026-07-02T05:25:04.439+0000] {dag.py:3823} INFO - Setting next_dagrun for stream_monitor_harga_pangan to 2026-07-02 04:00:00+00:00, run_after=2026-07-02 05:00:00+00:00
[2026-07-02T05:25:04.500+0000] {processor.py:183} INFO - Processing /opt/airflow/dags/stream_monitor_dag.py took 0.355 seconds
[2026-07-02T05:25:34.735+0000] {processor.py:161} INFO - Started process (PID=1718) to work on /opt/airflow/dags/stream_monitor_dag.py
[2026-07-02T05:25:34.739+0000] {processor.py:830} INFO - Processing file /opt/airflow/dags/stream_monitor_dag.py for tasks to queue
[2026-07-02T05:25:34.746+0000] {logging_mixin.py:188} INFO - [2026-07-02T05:25:34.745+0000] {dagbag.py:538} INFO - Filling up the DagBag from /opt/airflow/dags/stream_monitor_dag.py
[2026-07-02T05:25:34.971+0000] {processor.py:840} INFO - DAG(s) 'stream_monitor_harga_pangan' retrieved from /opt/airflow/dags/stream_monitor_dag.py
[2026-07-02T05:25:35.200+0000] {logging_mixin.py:188} INFO - [2026-07-02T05:25:35.199+0000] {dag.py:3036} INFO - Sync 1 DAGs
[2026-07-02T05:25:35.363+0000] {logging_mixin.py:188} INFO - [2026-07-02T05:25:35.362+0000] {dag.py:3823} INFO - Setting next_dagrun for stream_monitor_harga_pangan to 2026-07-02 04:00:00+00:00, run_after=2026-07-02 05:00:00+00:00
[2026-07-02T05:25:35.516+0000] {processor.py:183} INFO - Processing /opt/airflow/dags/stream_monitor_dag.py took 0.800 seconds
[2026-07-02T05:26:06.303+0000] {processor.py:161} INFO - Started process (PID=1736) to work on /opt/airflow/dags/stream_monitor_dag.py
[2026-07-02T05:26:06.304+0000] {processor.py:830} INFO - Processing file /opt/airflow/dags/stream_monitor_dag.py for tasks to queue
[2026-07-02T05:26:06.306+0000] {logging_mixin.py:188} INFO - [2026-07-02T05:26:06.306+0000] {dagbag.py:538} INFO - Filling up the DagBag from /opt/airflow/dags/stream_monitor_dag.py
[2026-07-02T05:26:06.349+0000] {processor.py:840} INFO - DAG(s) 'stream_monitor_harga_pangan' retrieved from /opt/airflow/dags/stream_monitor_dag.py
[2026-07-02T05:26:06.402+0000] {logging_mixin.py:188} INFO - [2026-07-02T05:26:06.401+0000] {dag.py:3036} INFO - Sync 1 DAGs
[2026-07-02T05:26:06.426+0000] {logging_mixin.py:188} INFO - [2026-07-02T05:26:06.426+0000] {dag.py:3823} INFO - Setting next_dagrun for stream_monitor_harga_pangan to 2026-07-02 04:00:00+00:00, run_after=2026-07-02 05:00:00+00:00
[2026-07-02T05:26:06.450+0000] {processor.py:183} INFO - Processing /opt/airflow/dags/stream_monitor_dag.py took 0.151 seconds
[2026-07-02T05:26:37.233+0000] {processor.py:161} INFO - Started process (PID=1754) to work on /opt/airflow/dags/stream_monitor_dag.py
[2026-07-02T05:26:37.236+0000] {processor.py:830} INFO - Processing file /opt/airflow/dags/stream_monitor_dag.py for tasks to queue
[2026-07-02T05:26:37.241+0000] {logging_mixin.py:188} INFO - [2026-07-02T05:26:37.239+0000] {dagbag.py:538} INFO - Filling up the DagBag from /opt/airflow/dags/stream_monitor_dag.py
[2026-07-02T05:26:37.325+0000] {processor.py:840} INFO - DAG(s) 'stream_monitor_harga_pangan' retrieved from /opt/airflow/dags/stream_monitor_dag.py
[2026-07-02T05:26:37.438+0000] {logging_mixin.py:188} INFO - [2026-07-02T05:26:37.438+0000] {dag.py:3036} INFO - Sync 1 DAGs
[2026-07-02T05:26:37.545+0000] {logging_mixin.py:188} INFO - [2026-07-02T05:26:37.544+0000] {dag.py:3823} INFO - Setting next_dagrun for stream_monitor_harga_pangan to 2026-07-02 04:00:00+00:00, run_after=2026-07-02 05:00:00+00:00
[2026-07-02T05:26:37.643+0000] {processor.py:183} INFO - Processing /opt/airflow/dags/stream_monitor_dag.py took 0.420 seconds
[2026-07-02T05:27:08.570+0000] {processor.py:161} INFO - Started process (PID=1772) to work on /opt/airflow/dags/stream_monitor_dag.py
[2026-07-02T05:27:08.572+0000] {processor.py:830} INFO - Processing file /opt/airflow/dags/stream_monitor_dag.py for tasks to queue
[2026-07-02T05:27:08.575+0000] {logging_mixin.py:188} INFO - [2026-07-02T05:27:08.574+0000] {dagbag.py:538} INFO - Filling up the DagBag from /opt/airflow/dags/stream_monitor_dag.py
[2026-07-02T05:27:08.622+0000] {processor.py:840} INFO - DAG(s) 'stream_monitor_harga_pangan' retrieved from /opt/airflow/dags/stream_monitor_dag.py
[2026-07-02T05:27:08.695+0000] {logging_mixin.py:188} INFO - [2026-07-02T05:27:08.695+0000] {dag.py:3036} INFO - Sync 1 DAGs
[2026-07-02T05:27:08.736+0000] {logging_mixin.py:188} INFO - [2026-07-02T05:27:08.735+0000] {dag.py:3823} INFO - Setting next_dagrun for stream_monitor_harga_pangan to 2026-07-02 04:00:00+00:00, run_after=2026-07-02 05:00:00+00:00
[2026-07-02T05:27:08.766+0000] {processor.py:183} INFO - Processing /opt/airflow/dags/stream_monitor_dag.py took 0.203 seconds
[2026-07-02T05:27:42.607+0000] {processor.py:161} INFO - Started process (PID=1789) to work on /opt/airflow/dags/stream_monitor_dag.py
[2026-07-02T05:27:42.612+0000] {processor.py:830} INFO - Processing file /opt/airflow/dags/stream_monitor_dag.py for tasks to queue
[2026-07-02T05:27:42.615+0000] {logging_mixin.py:188} INFO - [2026-07-02T05:27:42.613+0000] {dagbag.py:538} INFO - Filling up the DagBag from /opt/airflow/dags/stream_monitor_dag.py
[2026-07-02T05:27:42.667+0000] {processor.py:840} INFO - DAG(s) 'stream_monitor_harga_pangan' retrieved from /opt/airflow/dags/stream_monitor_dag.py
[2026-07-02T05:27:42.776+0000] {logging_mixin.py:188} INFO - [2026-07-02T05:27:42.775+0000] {dag.py:3036} INFO - Sync 1 DAGs
[2026-07-02T05:27:42.827+0000] {logging_mixin.py:188} INFO - [2026-07-02T05:27:42.826+0000] {dag.py:3823} INFO - Setting next_dagrun for stream_monitor_harga_pangan to 2026-07-02 04:00:00+00:00, run_after=2026-07-02 05:00:00+00:00
[2026-07-02T05:27:42.863+0000] {processor.py:183} INFO - Processing /opt/airflow/dags/stream_monitor_dag.py took 0.263 seconds
[2026-07-02T05:28:15.724+0000] {processor.py:161} INFO - Started process (PID=1807) to work on /opt/airflow/dags/stream_monitor_dag.py
[2026-07-02T05:28:15.727+0000] {processor.py:830} INFO - Processing file /opt/airflow/dags/stream_monitor_dag.py for tasks to queue
[2026-07-02T05:28:15.730+0000] {logging_mixin.py:188} INFO - [2026-07-02T05:28:15.729+0000] {dagbag.py:538} INFO - Filling up the DagBag from /opt/airflow/dags/stream_monitor_dag.py
[2026-07-02T05:28:15.958+0000] {processor.py:840} INFO - DAG(s) 'stream_monitor_harga_pangan' retrieved from /opt/airflow/dags/stream_monitor_dag.py
[2026-07-02T05:28:16.072+0000] {logging_mixin.py:188} INFO - [2026-07-02T05:28:16.072+0000] {dag.py:3036} INFO - Sync 1 DAGs
[2026-07-02T05:28:16.137+0000] {logging_mixin.py:188} INFO - [2026-07-02T05:28:16.136+0000] {dag.py:3823} INFO - Setting next_dagrun for stream_monitor_harga_pangan to 2026-07-02 04:00:00+00:00, run_after=2026-07-02 05:00:00+00:00
[2026-07-02T05:28:16.179+0000] {processor.py:183} INFO - Processing /opt/airflow/dags/stream_monitor_dag.py took 0.468 seconds
[2026-07-02T05:28:48.969+0000] {processor.py:161} INFO - Started process (PID=1817) to work on /opt/airflow/dags/stream_monitor_dag.py
[2026-07-02T05:28:48.971+0000] {processor.py:830} INFO - Processing file /opt/airflow/dags/stream_monitor_dag.py for tasks to queue
[2026-07-02T05:28:48.975+0000] {logging_mixin.py:188} INFO - [2026-07-02T05:28:48.974+0000] {dagbag.py:538} INFO - Filling up the DagBag from /opt/airflow/dags/stream_monitor_dag.py
[2026-07-02T05:28:49.027+0000] {processor.py:840} INFO - DAG(s) 'stream_monitor_harga_pangan' retrieved from /opt/airflow/dags/stream_monitor_dag.py
[2026-07-02T05:28:49.096+0000] {logging_mixin.py:188} INFO - [2026-07-02T05:28:49.095+0000] {dag.py:3036} INFO - Sync 1 DAGs
[2026-07-02T05:28:49.137+0000] {logging_mixin.py:188} INFO - [2026-07-02T05:28:49.136+0000] {dag.py:3823} INFO - Setting next_dagrun for stream_monitor_harga_pangan to 2026-07-02 04:00:00+00:00, run_after=2026-07-02 05:00:00+00:00
[2026-07-02T05:28:49.167+0000] {processor.py:183} INFO - Processing /opt/airflow/dags/stream_monitor_dag.py took 0.206 seconds
[2026-07-02T05:29:21.921+0000] {processor.py:161} INFO - Started process (PID=1836) to work on /opt/airflow/dags/stream_monitor_dag.py
[2026-07-02T05:29:21.924+0000] {processor.py:830} INFO - Processing file /opt/airflow/dags/stream_monitor_dag.py for tasks to queue
[2026-07-02T05:29:21.927+0000] {logging_mixin.py:188} INFO - [2026-07-02T05:29:21.926+0000] {dagbag.py:538} INFO - Filling up the DagBag from /opt/airflow/dags/stream_monitor_dag.py
[2026-07-02T05:29:21.983+0000] {processor.py:840} INFO - DAG(s) 'stream_monitor_harga_pangan' retrieved from /opt/airflow/dags/stream_monitor_dag.py
[2026-07-02T05:29:22.066+0000] {logging_mixin.py:188} INFO - [2026-07-02T05:29:22.065+0000] {dag.py:3036} INFO - Sync 1 DAGs
[2026-07-02T05:29:22.115+0000] {logging_mixin.py:188} INFO - [2026-07-02T05:29:22.115+0000] {dag.py:3823} INFO - Setting next_dagrun for stream_monitor_harga_pangan to 2026-07-02 04:00:00+00:00, run_after=2026-07-02 05:00:00+00:00
[2026-07-02T05:29:22.153+0000] {processor.py:183} INFO - Processing /opt/airflow/dags/stream_monitor_dag.py took 0.241 seconds
[2026-07-02T05:29:55.934+0000] {processor.py:161} INFO - Started process (PID=1854) to work on /opt/airflow/dags/stream_monitor_dag.py
[2026-07-02T05:29:55.938+0000] {processor.py:830} INFO - Processing file /opt/airflow/dags/stream_monitor_dag.py for tasks to queue
[2026-07-02T05:29:55.942+0000] {logging_mixin.py:188} INFO - [2026-07-02T05:29:55.941+0000] {dagbag.py:538} INFO - Filling up the DagBag from /opt/airflow/dags/stream_monitor_dag.py
[2026-07-02T05:29:56.003+0000] {processor.py:840} INFO - DAG(s) 'stream_monitor_harga_pangan' retrieved from /opt/airflow/dags/stream_monitor_dag.py
[2026-07-02T05:29:56.069+0000] {logging_mixin.py:188} INFO - [2026-07-02T05:29:56.069+0000] {dag.py:3036} INFO - Sync 1 DAGs
[2026-07-02T05:29:56.106+0000] {logging_mixin.py:188} INFO - [2026-07-02T05:29:56.106+0000] {dag.py:3823} INFO - Setting next_dagrun for stream_monitor_harga_pangan to 2026-07-02 04:00:00+00:00, run_after=2026-07-02 05:00:00+00:00
[2026-07-02T05:29:56.133+0000] {processor.py:183} INFO - Processing /opt/airflow/dags/stream_monitor_dag.py took 0.207 seconds
[2026-07-02T05:30:29.043+0000] {processor.py:161} INFO - Started process (PID=1872) to work on /opt/airflow/dags/stream_monitor_dag.py
[2026-07-02T05:30:29.046+0000] {processor.py:830} INFO - Processing file /opt/airflow/dags/stream_monitor_dag.py for tasks to queue
[2026-07-02T05:30:29.049+0000] {logging_mixin.py:188} INFO - [2026-07-02T05:30:29.048+0000] {dagbag.py:538} INFO - Filling up the DagBag from /opt/airflow/dags/stream_monitor_dag.py
[2026-07-02T05:30:29.141+0000] {processor.py:840} INFO - DAG(s) 'stream_monitor_harga_pangan' retrieved from /opt/airflow/dags/stream_monitor_dag.py
[2026-07-02T05:30:29.263+0000] {logging_mixin.py:188} INFO - [2026-07-02T05:30:29.263+0000] {dag.py:3036} INFO - Sync 1 DAGs
[2026-07-02T05:30:29.342+0000] {logging_mixin.py:188} INFO - [2026-07-02T05:30:29.341+0000] {dag.py:3823} INFO - Setting next_dagrun for stream_monitor_harga_pangan to 2026-07-02 04:00:00+00:00, run_after=2026-07-02 05:00:00+00:00
[2026-07-02T05:30:29.416+0000] {processor.py:183} INFO - Processing /opt/airflow/dags/stream_monitor_dag.py took 0.385 seconds
[2026-07-02T05:31:02.139+0000] {processor.py:161} INFO - Started process (PID=1890) to work on /opt/airflow/dags/stream_monitor_dag.py
[2026-07-02T05:31:02.141+0000] {processor.py:830} INFO - Processing file /opt/airflow/dags/stream_monitor_dag.py for tasks to queue
[2026-07-02T05:31:02.143+0000] {logging_mixin.py:188} INFO - [2026-07-02T05:31:02.143+0000] {dagbag.py:538} INFO - Filling up the DagBag from /opt/airflow/dags/stream_monitor_dag.py
[2026-07-02T05:31:02.188+0000] {processor.py:840} INFO - DAG(s) 'stream_monitor_harga_pangan' retrieved from /opt/airflow/dags/stream_monitor_dag.py
[2026-07-02T05:31:02.263+0000] {logging_mixin.py:188} INFO - [2026-07-02T05:31:02.262+0000] {dag.py:3036} INFO - Sync 1 DAGs
[2026-07-02T05:31:02.303+0000] {logging_mixin.py:188} INFO - [2026-07-02T05:31:02.302+0000] {dag.py:3823} INFO - Setting next_dagrun for stream_monitor_harga_pangan to 2026-07-02 04:00:00+00:00, run_after=2026-07-02 05:00:00+00:00
[2026-07-02T05:31:02.334+0000] {processor.py:183} INFO - Processing /opt/airflow/dags/stream_monitor_dag.py took 0.205 seconds
[2026-07-02T05:31:32.753+0000] {processor.py:161} INFO - Started process (PID=1908) to work on /opt/airflow/dags/stream_monitor_dag.py
[2026-07-02T05:31:32.755+0000] {processor.py:830} INFO - Processing file /opt/airflow/dags/stream_monitor_dag.py for tasks to queue
[2026-07-02T05:31:32.757+0000] {logging_mixin.py:188} INFO - [2026-07-02T05:31:32.757+0000] {dagbag.py:538} INFO - Filling up the DagBag from /opt/airflow/dags/stream_monitor_dag.py
[2026-07-02T05:31:32.805+0000] {processor.py:840} INFO - DAG(s) 'stream_monitor_harga_pangan' retrieved from /opt/airflow/dags/stream_monitor_dag.py
[2026-07-02T05:31:32.868+0000] {logging_mixin.py:188} INFO - [2026-07-02T05:31:32.868+0000] {dag.py:3036} INFO - Sync 1 DAGs
[2026-07-02T05:31:32.904+0000] {logging_mixin.py:188} INFO - [2026-07-02T05:31:32.903+0000] {dag.py:3823} INFO - Setting next_dagrun for stream_monitor_harga_pangan to 2026-07-02 04:00:00+00:00, run_after=2026-07-02 05:00:00+00:00
[2026-07-02T05:31:32.933+0000] {processor.py:183} INFO - Processing /opt/airflow/dags/stream_monitor_dag.py took 0.187 seconds
[2026-07-02T05:32:03.361+0000] {processor.py:161} INFO - Started process (PID=1927) to work on /opt/airflow/dags/stream_monitor_dag.py
[2026-07-02T05:32:03.364+0000] {processor.py:830} INFO - Processing file /opt/airflow/dags/stream_monitor_dag.py for tasks to queue
[2026-07-02T05:32:03.366+0000] {logging_mixin.py:188} INFO - [2026-07-02T05:32:03.366+0000] {dagbag.py:538} INFO - Filling up the DagBag from /opt/airflow/dags/stream_monitor_dag.py
[2026-07-02T05:32:03.422+0000] {processor.py:840} INFO - DAG(s) 'stream_monitor_harga_pangan' retrieved from /opt/airflow/dags/stream_monitor_dag.py
[2026-07-02T05:32:03.492+0000] {logging_mixin.py:188} INFO - [2026-07-02T05:32:03.491+0000] {dag.py:3036} INFO - Sync 1 DAGs
[2026-07-02T05:32:03.526+0000] {logging_mixin.py:188} INFO - [2026-07-02T05:32:03.525+0000] {dag.py:3823} INFO - Setting next_dagrun for stream_monitor_harga_pangan to 2026-07-02 04:00:00+00:00, run_after=2026-07-02 05:00:00+00:00
[2026-07-02T05:32:03.553+0000] {processor.py:183} INFO - Processing /opt/airflow/dags/stream_monitor_dag.py took 0.199 seconds
[2026-07-02T05:32:33.677+0000] {processor.py:161} INFO - Started process (PID=1945) to work on /opt/airflow/dags/stream_monitor_dag.py
[2026-07-02T05:32:33.681+0000] {processor.py:830} INFO - Processing file /opt/airflow/dags/stream_monitor_dag.py for tasks to queue
[2026-07-02T05:32:33.683+0000] {logging_mixin.py:188} INFO - [2026-07-02T05:32:33.682+0000] {dagbag.py:538} INFO - Filling up the DagBag from /opt/airflow/dags/stream_monitor_dag.py
[2026-07-02T05:32:33.742+0000] {processor.py:840} INFO - DAG(s) 'stream_monitor_harga_pangan' retrieved from /opt/airflow/dags/stream_monitor_dag.py
[2026-07-02T05:32:33.812+0000] {logging_mixin.py:188} INFO - [2026-07-02T05:32:33.812+0000] {dag.py:3036} INFO - Sync 1 DAGs
[2026-07-02T05:32:33.848+0000] {logging_mixin.py:188} INFO - [2026-07-02T05:32:33.847+0000] {dag.py:3823} INFO - Setting next_dagrun for stream_monitor_harga_pangan to 2026-07-02 04:00:00+00:00, run_after=2026-07-02 05:00:00+00:00
[2026-07-02T05:32:33.876+0000] {processor.py:183} INFO - Processing /opt/airflow/dags/stream_monitor_dag.py took 0.208 seconds
[2026-07-02T05:33:04.741+0000] {processor.py:161} INFO - Started process (PID=1962) to work on /opt/airflow/dags/stream_monitor_dag.py
[2026-07-02T05:33:04.744+0000] {processor.py:830} INFO - Processing file /opt/airflow/dags/stream_monitor_dag.py for tasks to queue
[2026-07-02T05:33:04.747+0000] {logging_mixin.py:188} INFO - [2026-07-02T05:33:04.746+0000] {dagbag.py:538} INFO - Filling up the DagBag from /opt/airflow/dags/stream_monitor_dag.py
[2026-07-02T05:33:04.822+0000] {processor.py:840} INFO - DAG(s) 'stream_monitor_harga_pangan' retrieved from /opt/airflow/dags/stream_monitor_dag.py
[2026-07-02T05:33:04.933+0000] {logging_mixin.py:188} INFO - [2026-07-02T05:33:04.932+0000] {dag.py:3036} INFO - Sync 1 DAGs
[2026-07-02T05:33:05.008+0000] {logging_mixin.py:188} INFO - [2026-07-02T05:33:05.008+0000] {dag.py:3823} INFO - Setting next_dagrun for stream_monitor_harga_pangan to 2026-07-02 04:00:00+00:00, run_after=2026-07-02 05:00:00+00:00
[2026-07-02T05:33:05.051+0000] {processor.py:183} INFO - Processing /opt/airflow/dags/stream_monitor_dag.py took 0.319 seconds
[2026-07-02T05:33:35.450+0000] {processor.py:161} INFO - Started process (PID=1973) to work on /opt/airflow/dags/stream_monitor_dag.py
[2026-07-02T05:33:35.455+0000] {processor.py:830} INFO - Processing file /opt/airflow/dags/stream_monitor_dag.py for tasks to queue
[2026-07-02T05:33:35.457+0000] {logging_mixin.py:188} INFO - [2026-07-02T05:33:35.457+0000] {dagbag.py:538} INFO - Filling up the DagBag from /opt/airflow/dags/stream_monitor_dag.py
[2026-07-02T05:33:35.538+0000] {processor.py:840} INFO - DAG(s) 'stream_monitor_harga_pangan' retrieved from /opt/airflow/dags/stream_monitor_dag.py
[2026-07-02T05:33:35.653+0000] {logging_mixin.py:188} INFO - [2026-07-02T05:33:35.653+0000] {dag.py:3036} INFO - Sync 1 DAGs
[2026-07-02T05:33:35.729+0000] {logging_mixin.py:188} INFO - [2026-07-02T05:33:35.729+0000] {dag.py:3823} INFO - Setting next_dagrun for stream_monitor_harga_pangan to 2026-07-02 04:00:00+00:00, run_after=2026-07-02 05:00:00+00:00
[2026-07-02T05:33:35.871+0000] {processor.py:183} INFO - Processing /opt/airflow/dags/stream_monitor_dag.py took 0.429 seconds
[2026-07-02T05:34:06.343+0000] {processor.py:161} INFO - Started process (PID=1992) to work on /opt/airflow/dags/stream_monitor_dag.py
[2026-07-02T05:34:06.346+0000] {processor.py:830} INFO - Processing file /opt/airflow/dags/stream_monitor_dag.py for tasks to queue
[2026-07-02T05:34:06.350+0000] {logging_mixin.py:188} INFO - [2026-07-02T05:34:06.349+0000] {dagbag.py:538} INFO - Filling up the DagBag from /opt/airflow/dags/stream_monitor_dag.py
[2026-07-02T05:34:06.431+0000] {processor.py:840} INFO - DAG(s) 'stream_monitor_harga_pangan' retrieved from /opt/airflow/dags/stream_monitor_dag.py
[2026-07-02T05:34:06.523+0000] {logging_mixin.py:188} INFO - [2026-07-02T05:34:06.523+0000] {dag.py:3036} INFO - Sync 1 DAGs
[2026-07-02T05:34:06.568+0000] {logging_mixin.py:188} INFO - [2026-07-02T05:34:06.568+0000] {dag.py:3823} INFO - Setting next_dagrun for stream_monitor_harga_pangan to 2026-07-02 04:00:00+00:00, run_after=2026-07-02 05:00:00+00:00
[2026-07-02T05:34:06.606+0000] {processor.py:183} INFO - Processing /opt/airflow/dags/stream_monitor_dag.py took 0.272 seconds
[2026-07-02T05:34:37.364+0000] {processor.py:161} INFO - Started process (PID=2010) to work on /opt/airflow/dags/stream_monitor_dag.py
[2026-07-02T05:34:37.368+0000] {processor.py:830} INFO - Processing file /opt/airflow/dags/stream_monitor_dag.py for tasks to queue
[2026-07-02T05:34:37.370+0000] {logging_mixin.py:188} INFO - [2026-07-02T05:34:37.369+0000] {dagbag.py:538} INFO - Filling up the DagBag from /opt/airflow/dags/stream_monitor_dag.py
[2026-07-02T05:34:37.425+0000] {processor.py:840} INFO - DAG(s) 'stream_monitor_harga_pangan' retrieved from /opt/airflow/dags/stream_monitor_dag.py
[2026-07-02T05:34:37.547+0000] {logging_mixin.py:188} INFO - [2026-07-02T05:34:37.546+0000] {dag.py:3036} INFO - Sync 1 DAGs
[2026-07-02T05:34:37.643+0000] {logging_mixin.py:188} INFO - [2026-07-02T05:34:37.642+0000] {dag.py:3823} INFO - Setting next_dagrun for stream_monitor_harga_pangan to 2026-07-02 04:00:00+00:00, run_after=2026-07-02 05:00:00+00:00
[2026-07-02T05:34:37.692+0000] {processor.py:183} INFO - Processing /opt/airflow/dags/stream_monitor_dag.py took 0.341 seconds
[2026-07-02T05:35:08.146+0000] {processor.py:161} INFO - Started process (PID=2028) to work on /opt/airflow/dags/stream_monitor_dag.py
[2026-07-02T05:35:08.150+0000] {processor.py:830} INFO - Processing file /opt/airflow/dags/stream_monitor_dag.py for tasks to queue
[2026-07-02T05:35:08.152+0000] {logging_mixin.py:188} INFO - [2026-07-02T05:35:08.152+0000] {dagbag.py:538} INFO - Filling up the DagBag from /opt/airflow/dags/stream_monitor_dag.py
[2026-07-02T05:35:08.225+0000] {processor.py:840} INFO - DAG(s) 'stream_monitor_harga_pangan' retrieved from /opt/airflow/dags/stream_monitor_dag.py
[2026-07-02T05:35:08.337+0000] {logging_mixin.py:188} INFO - [2026-07-02T05:35:08.335+0000] {dag.py:3036} INFO - Sync 1 DAGs
[2026-07-02T05:35:08.383+0000] {logging_mixin.py:188} INFO - [2026-07-02T05:35:08.383+0000] {dag.py:3823} INFO - Setting next_dagrun for stream_monitor_harga_pangan to 2026-07-02 04:00:00+00:00, run_after=2026-07-02 05:00:00+00:00
[2026-07-02T05:35:08.414+0000] {processor.py:183} INFO - Processing /opt/airflow/dags/stream_monitor_dag.py took 0.278 seconds
[2026-07-02T05:35:38.993+0000] {processor.py:161} INFO - Started process (PID=2046) to work on /opt/airflow/dags/stream_monitor_dag.py
[2026-07-02T05:35:38.996+0000] {processor.py:830} INFO - Processing file /opt/airflow/dags/stream_monitor_dag.py for tasks to queue
[2026-07-02T05:35:38.998+0000] {logging_mixin.py:188} INFO - [2026-07-02T05:35:38.998+0000] {dagbag.py:538} INFO - Filling up the DagBag from /opt/airflow/dags/stream_monitor_dag.py
[2026-07-02T05:35:39.066+0000] {processor.py:840} INFO - DAG(s) 'stream_monitor_harga_pangan' retrieved from /opt/airflow/dags/stream_monitor_dag.py
[2026-07-02T05:35:39.157+0000] {logging_mixin.py:188} INFO - [2026-07-02T05:35:39.157+0000] {dag.py:3036} INFO - Sync 1 DAGs
[2026-07-02T05:35:39.206+0000] {logging_mixin.py:188} INFO - [2026-07-02T05:35:39.206+0000] {dag.py:3823} INFO - Setting next_dagrun for stream_monitor_harga_pangan to 2026-07-02 04:00:00+00:00, run_after=2026-07-02 05:00:00+00:00
[2026-07-02T05:35:39.242+0000] {processor.py:183} INFO - Processing /opt/airflow/dags/stream_monitor_dag.py took 0.257 seconds
[2026-07-02T05:36:11.414+0000] {processor.py:161} INFO - Started process (PID=2056) to work on /opt/airflow/dags/stream_monitor_dag.py
[2026-07-02T05:36:11.417+0000] {processor.py:830} INFO - Processing file /opt/airflow/dags/stream_monitor_dag.py for tasks to queue
[2026-07-02T05:36:11.420+0000] {logging_mixin.py:188} INFO - [2026-07-02T05:36:11.419+0000] {dagbag.py:538} INFO - Filling up the DagBag from /opt/airflow/dags/stream_monitor_dag.py
[2026-07-02T05:36:11.478+0000] {processor.py:840} INFO - DAG(s) 'stream_monitor_harga_pangan' retrieved from /opt/airflow/dags/stream_monitor_dag.py
[2026-07-02T05:36:11.588+0000] {logging_mixin.py:188} INFO - [2026-07-02T05:36:11.587+0000] {dag.py:3036} INFO - Sync 1 DAGs
[2026-07-02T05:36:11.635+0000] {logging_mixin.py:188} INFO - [2026-07-02T05:36:11.635+0000] {dag.py:3823} INFO - Setting next_dagrun for stream_monitor_harga_pangan to 2026-07-02 04:00:00+00:00, run_after=2026-07-02 05:00:00+00:00
[2026-07-02T05:36:11.669+0000] {processor.py:183} INFO - Processing /opt/airflow/dags/stream_monitor_dag.py took 0.264 seconds
[2026-07-02T05:36:41.965+0000] {processor.py:161} INFO - Started process (PID=2075) to work on /opt/airflow/dags/stream_monitor_dag.py
[2026-07-02T05:36:41.967+0000] {processor.py:830} INFO - Processing file /opt/airflow/dags/stream_monitor_dag.py for tasks to queue
[2026-07-02T05:36:41.970+0000] {logging_mixin.py:188} INFO - [2026-07-02T05:36:41.969+0000] {dagbag.py:538} INFO - Filling up the DagBag from /opt/airflow/dags/stream_monitor_dag.py
[2026-07-02T05:36:42.018+0000] {processor.py:840} INFO - DAG(s) 'stream_monitor_harga_pangan' retrieved from /opt/airflow/dags/stream_monitor_dag.py
[2026-07-02T05:36:42.089+0000] {logging_mixin.py:188} INFO - [2026-07-02T05:36:42.088+0000] {dag.py:3036} INFO - Sync 1 DAGs
[2026-07-02T05:36:42.129+0000] {logging_mixin.py:188} INFO - [2026-07-02T05:36:42.129+0000] {dag.py:3823} INFO - Setting next_dagrun for stream_monitor_harga_pangan to 2026-07-02 04:00:00+00:00, run_after=2026-07-02 05:00:00+00:00
[2026-07-02T05:36:42.161+0000] {processor.py:183} INFO - Processing /opt/airflow/dags/stream_monitor_dag.py took 0.204 seconds
[2026-07-02T05:37:12.482+0000] {processor.py:161} INFO - Started process (PID=2093) to work on /opt/airflow/dags/stream_monitor_dag.py
[2026-07-02T05:37:12.484+0000] {processor.py:830} INFO - Processing file /opt/airflow/dags/stream_monitor_dag.py for tasks to queue
[2026-07-02T05:37:12.486+0000] {logging_mixin.py:188} INFO - [2026-07-02T05:37:12.485+0000] {dagbag.py:538} INFO - Filling up the DagBag from /opt/airflow/dags/stream_monitor_dag.py
[2026-07-02T05:37:12.534+0000] {processor.py:840} INFO - DAG(s) 'stream_monitor_harga_pangan' retrieved from /opt/airflow/dags/stream_monitor_dag.py
[2026-07-02T05:37:12.601+0000] {logging_mixin.py:188} INFO - [2026-07-02T05:37:12.600+0000] {dag.py:3036} INFO - Sync 1 DAGs
[2026-07-02T05:37:12.638+0000] {logging_mixin.py:188} INFO - [2026-07-02T05:37:12.637+0000] {dag.py:3823} INFO - Setting next_dagrun for stream_monitor_harga_pangan to 2026-07-02 04:00:00+00:00, run_after=2026-07-02 05:00:00+00:00
[2026-07-02T05:37:12.672+0000] {processor.py:183} INFO - Processing /opt/airflow/dags/stream_monitor_dag.py took 0.198 seconds
[2026-07-02T05:37:43.410+0000] {processor.py:161} INFO - Started process (PID=2111) to work on /opt/airflow/dags/stream_monitor_dag.py
[2026-07-02T05:37:43.412+0000] {processor.py:830} INFO - Processing file /opt/airflow/dags/stream_monitor_dag.py for tasks to queue
[2026-07-02T05:37:43.415+0000] {logging_mixin.py:188} INFO - [2026-07-02T05:37:43.414+0000] {dagbag.py:538} INFO - Filling up the DagBag from /opt/airflow/dags/stream_monitor_dag.py
[2026-07-02T05:37:43.472+0000] {processor.py:840} INFO - DAG(s) 'stream_monitor_harga_pangan' retrieved from /opt/airflow/dags/stream_monitor_dag.py
[2026-07-02T05:37:43.553+0000] {logging_mixin.py:188} INFO - [2026-07-02T05:37:43.553+0000] {dag.py:3036} INFO - Sync 1 DAGs
[2026-07-02T05:37:43.596+0000] {logging_mixin.py:188} INFO - [2026-07-02T05:37:43.596+0000] {dag.py:3823} INFO - Setting next_dagrun for stream_monitor_harga_pangan to 2026-07-02 04:00:00+00:00, run_after=2026-07-02 05:00:00+00:00
[2026-07-02T05:37:43.629+0000] {processor.py:183} INFO - Processing /opt/airflow/dags/stream_monitor_dag.py took 0.229 seconds
[2026-07-02T05:38:14.419+0000] {processor.py:161} INFO - Started process (PID=2129) to work on /opt/airflow/dags/stream_monitor_dag.py
[2026-07-02T05:38:14.420+0000] {processor.py:830} INFO - Processing file /opt/airflow/dags/stream_monitor_dag.py for tasks to queue
[2026-07-02T05:38:14.422+0000] {logging_mixin.py:188} INFO - [2026-07-02T05:38:14.421+0000] {dagbag.py:538} INFO - Filling up the DagBag from /opt/airflow/dags/stream_monitor_dag.py
[2026-07-02T05:38:14.471+0000] {processor.py:840} INFO - DAG(s) 'stream_monitor_harga_pangan' retrieved from /opt/airflow/dags/stream_monitor_dag.py
[2026-07-02T05:38:14.535+0000] {logging_mixin.py:188} INFO - [2026-07-02T05:38:14.534+0000] {dag.py:3036} INFO - Sync 1 DAGs
[2026-07-02T05:38:14.567+0000] {logging_mixin.py:188} INFO - [2026-07-02T05:38:14.567+0000] {dag.py:3823} INFO - Setting next_dagrun for stream_monitor_harga_pangan to 2026-07-02 04:00:00+00:00, run_after=2026-07-02 05:00:00+00:00
[2026-07-02T05:38:14.602+0000] {processor.py:183} INFO - Processing /opt/airflow/dags/stream_monitor_dag.py took 0.190 seconds
[2026-07-02T05:38:46.427+0000] {processor.py:161} INFO - Started process (PID=2147) to work on /opt/airflow/dags/stream_monitor_dag.py
[2026-07-02T05:38:46.429+0000] {processor.py:830} INFO - Processing file /opt/airflow/dags/stream_monitor_dag.py for tasks to queue
[2026-07-02T05:38:46.432+0000] {logging_mixin.py:188} INFO - [2026-07-02T05:38:46.432+0000] {dagbag.py:538} INFO - Filling up the DagBag from /opt/airflow/dags/stream_monitor_dag.py
[2026-07-02T05:38:46.494+0000] {processor.py:840} INFO - DAG(s) 'stream_monitor_harga_pangan' retrieved from /opt/airflow/dags/stream_monitor_dag.py
[2026-07-02T05:38:46.571+0000] {logging_mixin.py:188} INFO - [2026-07-02T05:38:46.571+0000] {dag.py:3036} INFO - Sync 1 DAGs
[2026-07-02T05:38:46.609+0000] {logging_mixin.py:188} INFO - [2026-07-02T05:38:46.608+0000] {dag.py:3823} INFO - Setting next_dagrun for stream_monitor_harga_pangan to 2026-07-02 04:00:00+00:00, run_after=2026-07-02 05:00:00+00:00
[2026-07-02T05:38:46.647+0000] {processor.py:183} INFO - Processing /opt/airflow/dags/stream_monitor_dag.py took 0.227 seconds
[2026-07-02T05:39:19.405+0000] {processor.py:161} INFO - Started process (PID=2157) to work on /opt/airflow/dags/stream_monitor_dag.py
[2026-07-02T05:39:19.407+0000] {processor.py:830} INFO - Processing file /opt/airflow/dags/stream_monitor_dag.py for tasks to queue
[2026-07-02T05:39:19.409+0000] {logging_mixin.py:188} INFO - [2026-07-02T05:39:19.408+0000] {dagbag.py:538} INFO - Filling up the DagBag from /opt/airflow/dags/stream_monitor_dag.py
[2026-07-02T05:39:19.456+0000] {processor.py:840} INFO - DAG(s) 'stream_monitor_harga_pangan' retrieved from /opt/airflow/dags/stream_monitor_dag.py
[2026-07-02T05:39:19.531+0000] {logging_mixin.py:188} INFO - [2026-07-02T05:39:19.531+0000] {dag.py:3036} INFO - Sync 1 DAGs
[2026-07-02T05:39:19.570+0000] {logging_mixin.py:188} INFO - [2026-07-02T05:39:19.570+0000] {dag.py:3823} INFO - Setting next_dagrun for stream_monitor_harga_pangan to 2026-07-02 04:00:00+00:00, run_after=2026-07-02 05:00:00+00:00
[2026-07-02T05:39:19.602+0000] {processor.py:183} INFO - Processing /opt/airflow/dags/stream_monitor_dag.py took 0.204 seconds
[2026-07-02T05:39:53.333+0000] {processor.py:161} INFO - Started process (PID=2175) to work on /opt/airflow/dags/stream_monitor_dag.py
[2026-07-02T05:39:53.335+0000] {processor.py:830} INFO - Processing file /opt/airflow/dags/stream_monitor_dag.py for tasks to queue
[2026-07-02T05:39:53.338+0000] {logging_mixin.py:188} INFO - [2026-07-02T05:39:53.337+0000] {dagbag.py:538} INFO - Filling up the DagBag from /opt/airflow/dags/stream_monitor_dag.py
[2026-07-02T05:39:53.383+0000] {processor.py:840} INFO - DAG(s) 'stream_monitor_harga_pangan' retrieved from /opt/airflow/dags/stream_monitor_dag.py
[2026-07-02T05:39:53.444+0000] {logging_mixin.py:188} INFO - [2026-07-02T05:39:53.444+0000] {dag.py:3036} INFO - Sync 1 DAGs
[2026-07-02T05:39:53.476+0000] {logging_mixin.py:188} INFO - [2026-07-02T05:39:53.476+0000] {dag.py:3823} INFO - Setting next_dagrun for stream_monitor_harga_pangan to 2026-07-02 04:00:00+00:00, run_after=2026-07-02 05:00:00+00:00
[2026-07-02T05:39:53.503+0000] {processor.py:183} INFO - Processing /opt/airflow/dags/stream_monitor_dag.py took 0.176 seconds
[2026-07-02T05:40:26.402+0000] {processor.py:161} INFO - Started process (PID=2193) to work on /opt/airflow/dags/stream_monitor_dag.py
[2026-07-02T05:40:26.410+0000] {processor.py:830} INFO - Processing file /opt/airflow/dags/stream_monitor_dag.py for tasks to queue
[2026-07-02T05:40:26.416+0000] {logging_mixin.py:188} INFO - [2026-07-02T05:40:26.415+0000] {dagbag.py:538} INFO - Filling up the DagBag from /opt/airflow/dags/stream_monitor_dag.py
[2026-07-02T05:40:26.552+0000] {processor.py:840} INFO - DAG(s) 'stream_monitor_harga_pangan' retrieved from /opt/airflow/dags/stream_monitor_dag.py
[2026-07-02T05:40:26.774+0000] {logging_mixin.py:188} INFO - [2026-07-02T05:40:26.774+0000] {dag.py:3036} INFO - Sync 1 DAGs
[2026-07-02T05:40:26.859+0000] {logging_mixin.py:188} INFO - [2026-07-02T05:40:26.858+0000] {dag.py:3823} INFO - Setting next_dagrun for stream_monitor_harga_pangan to 2026-07-02 04:00:00+00:00, run_after=2026-07-02 05:00:00+00:00
[2026-07-02T05:40:26.903+0000] {processor.py:183} INFO - Processing /opt/airflow/dags/stream_monitor_dag.py took 0.519 seconds
[2026-07-02T05:40:59.681+0000] {processor.py:161} INFO - Started process (PID=2211) to work on /opt/airflow/dags/stream_monitor_dag.py
[2026-07-02T05:40:59.682+0000] {processor.py:830} INFO - Processing file /opt/airflow/dags/stream_monitor_dag.py for tasks to queue
[2026-07-02T05:40:59.684+0000] {logging_mixin.py:188} INFO - [2026-07-02T05:40:59.684+0000] {dagbag.py:538} INFO - Filling up the DagBag from /opt/airflow/dags/stream_monitor_dag.py
[2026-07-02T05:40:59.772+0000] {processor.py:840} INFO - DAG(s) 'stream_monitor_harga_pangan' retrieved from /opt/airflow/dags/stream_monitor_dag.py
[2026-07-02T05:40:59.837+0000] {logging_mixin.py:188} INFO - [2026-07-02T05:40:59.836+0000] {dag.py:3036} INFO - Sync 1 DAGs
[2026-07-02T05:40:59.872+0000] {logging_mixin.py:188} INFO - [2026-07-02T05:40:59.872+0000] {dag.py:3823} INFO - Setting next_dagrun for stream_monitor_harga_pangan to 2026-07-02 04:00:00+00:00, run_after=2026-07-02 05:00:00+00:00
[2026-07-02T05:40:59.900+0000] {processor.py:183} INFO - Processing /opt/airflow/dags/stream_monitor_dag.py took 0.228 seconds
[2026-07-02T05:41:32.593+0000] {processor.py:161} INFO - Started process (PID=2230) to work on /opt/airflow/dags/stream_monitor_dag.py
[2026-07-02T05:41:32.596+0000] {processor.py:830} INFO - Processing file /opt/airflow/dags/stream_monitor_dag.py for tasks to queue
[2026-07-02T05:41:32.597+0000] {logging_mixin.py:188} INFO - [2026-07-02T05:41:32.597+0000] {dagbag.py:538} INFO - Filling up the DagBag from /opt/airflow/dags/stream_monitor_dag.py
[2026-07-02T05:41:32.644+0000] {processor.py:840} INFO - DAG(s) 'stream_monitor_harga_pangan' retrieved from /opt/airflow/dags/stream_monitor_dag.py
[2026-07-02T05:41:32.709+0000] {logging_mixin.py:188} INFO - [2026-07-02T05:41:32.709+0000] {dag.py:3036} INFO - Sync 1 DAGs
[2026-07-02T05:41:32.743+0000] {logging_mixin.py:188} INFO - [2026-07-02T05:41:32.743+0000] {dag.py:3823} INFO - Setting next_dagrun for stream_monitor_harga_pangan to 2026-07-02 04:00:00+00:00, run_after=2026-07-02 05:00:00+00:00
[2026-07-02T05:41:32.774+0000] {processor.py:183} INFO - Processing /opt/airflow/dags/stream_monitor_dag.py took 0.187 seconds
[2026-07-02T05:42:06.591+0000] {processor.py:161} INFO - Started process (PID=2248) to work on /opt/airflow/dags/stream_monitor_dag.py
[2026-07-02T05:42:06.593+0000] {processor.py:830} INFO - Processing file /opt/airflow/dags/stream_monitor_dag.py for tasks to queue
[2026-07-02T05:42:06.595+0000] {logging_mixin.py:188} INFO - [2026-07-02T05:42:06.594+0000] {dagbag.py:538} INFO - Filling up the DagBag from /opt/airflow/dags/stream_monitor_dag.py
[2026-07-02T05:42:06.635+0000] {processor.py:840} INFO - DAG(s) 'stream_monitor_harga_pangan' retrieved from /opt/airflow/dags/stream_monitor_dag.py
[2026-07-02T05:42:06.696+0000] {logging_mixin.py:188} INFO - [2026-07-02T05:42:06.696+0000] {dag.py:3036} INFO - Sync 1 DAGs
[2026-07-02T05:42:06.730+0000] {logging_mixin.py:188} INFO - [2026-07-02T05:42:06.729+0000] {dag.py:3823} INFO - Setting next_dagrun for stream_monitor_harga_pangan to 2026-07-02 04:00:00+00:00, run_after=2026-07-02 05:00:00+00:00
[2026-07-02T05:42:06.759+0000] {processor.py:183} INFO - Processing /opt/airflow/dags/stream_monitor_dag.py took 0.180 seconds
[2026-07-02T05:42:39.486+0000] {processor.py:161} INFO - Started process (PID=2266) to work on /opt/airflow/dags/stream_monitor_dag.py
[2026-07-02T05:42:39.488+0000] {processor.py:830} INFO - Processing file /opt/airflow/dags/stream_monitor_dag.py for tasks to queue
[2026-07-02T05:42:39.491+0000] {logging_mixin.py:188} INFO - [2026-07-02T05:42:39.490+0000] {dagbag.py:538} INFO - Filling up the DagBag from /opt/airflow/dags/stream_monitor_dag.py
[2026-07-02T05:42:39.538+0000] {processor.py:840} INFO - DAG(s) 'stream_monitor_harga_pangan' retrieved from /opt/airflow/dags/stream_monitor_dag.py
[2026-07-02T05:42:39.602+0000] {logging_mixin.py:188} INFO - [2026-07-02T05:42:39.601+0000] {dag.py:3036} INFO - Sync 1 DAGs
[2026-07-02T05:42:39.635+0000] {logging_mixin.py:188} INFO - [2026-07-02T05:42:39.635+0000] {dag.py:3823} INFO - Setting next_dagrun for stream_monitor_harga_pangan to 2026-07-02 04:00:00+00:00, run_after=2026-07-02 05:00:00+00:00
[2026-07-02T05:42:39.661+0000] {processor.py:183} INFO - Processing /opt/airflow/dags/stream_monitor_dag.py took 0.184 seconds
[2026-07-02T05:43:12.502+0000] {processor.py:161} INFO - Started process (PID=2284) to work on /opt/airflow/dags/stream_monitor_dag.py
[2026-07-02T05:43:12.504+0000] {processor.py:830} INFO - Processing file /opt/airflow/dags/stream_monitor_dag.py for tasks to queue
[2026-07-02T05:43:12.506+0000] {logging_mixin.py:188} INFO - [2026-07-02T05:43:12.506+0000] {dagbag.py:538} INFO - Filling up the DagBag from /opt/airflow/dags/stream_monitor_dag.py
[2026-07-02T05:43:12.553+0000] {processor.py:840} INFO - DAG(s) 'stream_monitor_harga_pangan' retrieved from /opt/airflow/dags/stream_monitor_dag.py
[2026-07-02T05:43:12.623+0000] {logging_mixin.py:188} INFO - [2026-07-02T05:43:12.622+0000] {dag.py:3036} INFO - Sync 1 DAGs
[2026-07-02T05:43:12.665+0000] {logging_mixin.py:188} INFO - [2026-07-02T05:43:12.665+0000] {dag.py:3823} INFO - Setting next_dagrun for stream_monitor_harga_pangan to 2026-07-02 04:00:00+00:00, run_after=2026-07-02 05:00:00+00:00
[2026-07-02T05:43:12.695+0000] {processor.py:183} INFO - Processing /opt/airflow/dags/stream_monitor_dag.py took 0.198 seconds
[2026-07-02T05:43:46.355+0000] {processor.py:161} INFO - Started process (PID=2302) to work on /opt/airflow/dags/stream_monitor_dag.py
[2026-07-02T05:43:46.356+0000] {processor.py:830} INFO - Processing file /opt/airflow/dags/stream_monitor_dag.py for tasks to queue
[2026-07-02T05:43:46.357+0000] {logging_mixin.py:188} INFO - [2026-07-02T05:43:46.357+0000] {dagbag.py:538} INFO - Filling up the DagBag from /opt/airflow/dags/stream_monitor_dag.py
[2026-07-02T05:43:46.378+0000] {processor.py:840} INFO - DAG(s) 'stream_monitor_harga_pangan' retrieved from /opt/airflow/dags/stream_monitor_dag.py
[2026-07-02T05:43:46.412+0000] {logging_mixin.py:188} INFO - [2026-07-02T05:43:46.412+0000] {dag.py:3036} INFO - Sync 1 DAGs
[2026-07-02T05:43:46.429+0000] {logging_mixin.py:188} INFO - [2026-07-02T05:43:46.428+0000] {dag.py:3823} INFO - Setting next_dagrun for stream_monitor_harga_pangan to 2026-07-02 04:00:00+00:00, run_after=2026-07-02 05:00:00+00:00
[2026-07-02T05:43:46.444+0000] {processor.py:183} INFO - Processing /opt/airflow/dags/stream_monitor_dag.py took 0.092 seconds
[2026-07-02T05:44:20.076+0000] {processor.py:161} INFO - Started process (PID=2320) to work on /opt/airflow/dags/stream_monitor_dag.py
[2026-07-02T05:44:20.077+0000] {processor.py:830} INFO - Processing file /opt/airflow/dags/stream_monitor_dag.py for tasks to queue
[2026-07-02T05:44:20.078+0000] {logging_mixin.py:188} INFO - [2026-07-02T05:44:20.077+0000] {dagbag.py:538} INFO - Filling up the DagBag from /opt/airflow/dags/stream_monitor_dag.py
[2026-07-02T05:44:20.103+0000] {processor.py:840} INFO - DAG(s) 'stream_monitor_harga_pangan' retrieved from /opt/airflow/dags/stream_monitor_dag.py
[2026-07-02T05:44:20.140+0000] {logging_mixin.py:188} INFO - [2026-07-02T05:44:20.140+0000] {dag.py:3036} INFO - Sync 1 DAGs
[2026-07-02T05:44:20.162+0000] {logging_mixin.py:188} INFO - [2026-07-02T05:44:20.162+0000] {dag.py:3823} INFO - Setting next_dagrun for stream_monitor_harga_pangan to 2026-07-02 04:00:00+00:00, run_after=2026-07-02 05:00:00+00:00
[2026-07-02T05:44:20.182+0000] {processor.py:183} INFO - Processing /opt/airflow/dags/stream_monitor_dag.py took 0.109 seconds
[2026-07-02T05:44:52.783+0000] {processor.py:161} INFO - Started process (PID=2338) to work on /opt/airflow/dags/stream_monitor_dag.py
[2026-07-02T05:44:52.784+0000] {processor.py:830} INFO - Processing file /opt/airflow/dags/stream_monitor_dag.py for tasks to queue
[2026-07-02T05:44:52.785+0000] {logging_mixin.py:188} INFO - [2026-07-02T05:44:52.784+0000] {dagbag.py:538} INFO - Filling up the DagBag from /opt/airflow/dags/stream_monitor_dag.py
[2026-07-02T05:44:52.803+0000] {processor.py:840} INFO - DAG(s) 'stream_monitor_harga_pangan' retrieved from /opt/airflow/dags/stream_monitor_dag.py
[2026-07-02T05:44:52.836+0000] {logging_mixin.py:188} INFO - [2026-07-02T05:44:52.836+0000] {dag.py:3036} INFO - Sync 1 DAGs
[2026-07-02T05:44:52.854+0000] {logging_mixin.py:188} INFO - [2026-07-02T05:44:52.854+0000] {dag.py:3823} INFO - Setting next_dagrun for stream_monitor_harga_pangan to 2026-07-02 04:00:00+00:00, run_after=2026-07-02 05:00:00+00:00
[2026-07-02T05:44:52.871+0000] {processor.py:183} INFO - Processing /opt/airflow/dags/stream_monitor_dag.py took 0.091 seconds
[2026-07-02T05:45:26.485+0000] {processor.py:161} INFO - Started process (PID=2356) to work on /opt/airflow/dags/stream_monitor_dag.py
[2026-07-02T05:45:26.486+0000] {processor.py:830} INFO - Processing file /opt/airflow/dags/stream_monitor_dag.py for tasks to queue
[2026-07-02T05:45:26.487+0000] {logging_mixin.py:188} INFO - [2026-07-02T05:45:26.487+0000] {dagbag.py:538} INFO - Filling up the DagBag from /opt/airflow/dags/stream_monitor_dag.py
[2026-07-02T05:45:26.513+0000] {processor.py:840} INFO - DAG(s) 'stream_monitor_harga_pangan' retrieved from /opt/airflow/dags/stream_monitor_dag.py
[2026-07-02T05:45:26.551+0000] {logging_mixin.py:188} INFO - [2026-07-02T05:45:26.551+0000] {dag.py:3036} INFO - Sync 1 DAGs
[2026-07-02T05:45:26.571+0000] {logging_mixin.py:188} INFO - [2026-07-02T05:45:26.571+0000] {dag.py:3823} INFO - Setting next_dagrun for stream_monitor_harga_pangan to 2026-07-02 04:00:00+00:00, run_after=2026-07-02 05:00:00+00:00
[2026-07-02T05:45:26.589+0000] {processor.py:183} INFO - Processing /opt/airflow/dags/stream_monitor_dag.py took 0.108 seconds
[2026-07-02T05:45:59.170+0000] {processor.py:161} INFO - Started process (PID=2374) to work on /opt/airflow/dags/stream_monitor_dag.py
[2026-07-02T05:45:59.172+0000] {processor.py:830} INFO - Processing file /opt/airflow/dags/stream_monitor_dag.py for tasks to queue
[2026-07-02T05:45:59.173+0000] {logging_mixin.py:188} INFO - [2026-07-02T05:45:59.173+0000] {dagbag.py:538} INFO - Filling up the DagBag from /opt/airflow/dags/stream_monitor_dag.py
[2026-07-02T05:45:59.201+0000] {processor.py:840} INFO - DAG(s) 'stream_monitor_harga_pangan' retrieved from /opt/airflow/dags/stream_monitor_dag.py
[2026-07-02T05:45:59.242+0000] {logging_mixin.py:188} INFO - [2026-07-02T05:45:59.241+0000] {dag.py:3036} INFO - Sync 1 DAGs
[2026-07-02T05:45:59.264+0000] {logging_mixin.py:188} INFO - [2026-07-02T05:45:59.264+0000] {dag.py:3823} INFO - Setting next_dagrun for stream_monitor_harga_pangan to 2026-07-02 04:00:00+00:00, run_after=2026-07-02 05:00:00+00:00
[2026-07-02T05:45:59.281+0000] {processor.py:183} INFO - Processing /opt/airflow/dags/stream_monitor_dag.py took 0.115 seconds
[2026-07-02T05:46:32.838+0000] {processor.py:161} INFO - Started process (PID=2391) to work on /opt/airflow/dags/stream_monitor_dag.py
[2026-07-02T05:46:32.839+0000] {processor.py:830} INFO - Processing file /opt/airflow/dags/stream_monitor_dag.py for tasks to queue
[2026-07-02T05:46:32.840+0000] {logging_mixin.py:188} INFO - [2026-07-02T05:46:32.840+0000] {dagbag.py:538} INFO - Filling up the DagBag from /opt/airflow/dags/stream_monitor_dag.py
[2026-07-02T05:46:32.866+0000] {processor.py:840} INFO - DAG(s) 'stream_monitor_harga_pangan' retrieved from /opt/airflow/dags/stream_monitor_dag.py
[2026-07-02T05:46:32.906+0000] {logging_mixin.py:188} INFO - [2026-07-02T05:46:32.906+0000] {dag.py:3036} INFO - Sync 1 DAGs
[2026-07-02T05:46:32.928+0000] {logging_mixin.py:188} INFO - [2026-07-02T05:46:32.928+0000] {dag.py:3823} INFO - Setting next_dagrun for stream_monitor_harga_pangan to 2026-07-02 04:00:00+00:00, run_after=2026-07-02 05:00:00+00:00
[2026-07-02T05:46:32.948+0000] {processor.py:183} INFO - Processing /opt/airflow/dags/stream_monitor_dag.py took 0.115 seconds
[2026-07-02T05:47:06.537+0000] {processor.py:161} INFO - Started process (PID=2402) to work on /opt/airflow/dags/stream_monitor_dag.py
[2026-07-02T05:47:06.538+0000] {processor.py:830} INFO - Processing file /opt/airflow/dags/stream_monitor_dag.py for tasks to queue
[2026-07-02T05:47:06.540+0000] {logging_mixin.py:188} INFO - [2026-07-02T05:47:06.539+0000] {dagbag.py:538} INFO - Filling up the DagBag from /opt/airflow/dags/stream_monitor_dag.py
[2026-07-02T05:47:06.563+0000] {processor.py:840} INFO - DAG(s) 'stream_monitor_harga_pangan' retrieved from /opt/airflow/dags/stream_monitor_dag.py
[2026-07-02T05:47:06.594+0000] {logging_mixin.py:188} INFO - [2026-07-02T05:47:06.594+0000] {dag.py:3036} INFO - Sync 1 DAGs
[2026-07-02T05:47:06.615+0000] {logging_mixin.py:188} INFO - [2026-07-02T05:47:06.615+0000] {dag.py:3823} INFO - Setting next_dagrun for stream_monitor_harga_pangan to 2026-07-02 04:00:00+00:00, run_after=2026-07-02 05:00:00+00:00
[2026-07-02T05:47:06.631+0000] {processor.py:183} INFO - Processing /opt/airflow/dags/stream_monitor_dag.py took 0.096 seconds
[2026-07-02T05:47:39.188+0000] {processor.py:161} INFO - Started process (PID=2420) to work on /opt/airflow/dags/stream_monitor_dag.py
[2026-07-02T05:47:39.189+0000] {processor.py:830} INFO - Processing file /opt/airflow/dags/stream_monitor_dag.py for tasks to queue
[2026-07-02T05:47:39.189+0000] {logging_mixin.py:188} INFO - [2026-07-02T05:47:39.189+0000] {dagbag.py:538} INFO - Filling up the DagBag from /opt/airflow/dags/stream_monitor_dag.py
[2026-07-02T05:47:39.215+0000] {processor.py:840} INFO - DAG(s) 'stream_monitor_harga_pangan' retrieved from /opt/airflow/dags/stream_monitor_dag.py
[2026-07-02T05:47:39.253+0000] {logging_mixin.py:188} INFO - [2026-07-02T05:47:39.253+0000] {dag.py:3036} INFO - Sync 1 DAGs
[2026-07-02T05:47:39.274+0000] {logging_mixin.py:188} INFO - [2026-07-02T05:47:39.273+0000] {dag.py:3823} INFO - Setting next_dagrun for stream_monitor_harga_pangan to 2026-07-02 04:00:00+00:00, run_after=2026-07-02 05:00:00+00:00
[2026-07-02T05:47:39.292+0000] {processor.py:183} INFO - Processing /opt/airflow/dags/stream_monitor_dag.py took 0.107 seconds
[2026-07-02T05:48:12.870+0000] {processor.py:161} INFO - Started process (PID=2438) to work on /opt/airflow/dags/stream_monitor_dag.py
[2026-07-02T05:48:12.871+0000] {processor.py:830} INFO - Processing file /opt/airflow/dags/stream_monitor_dag.py for tasks to queue
[2026-07-02T05:48:12.872+0000] {logging_mixin.py:188} INFO - [2026-07-02T05:48:12.872+0000] {dagbag.py:538} INFO - Filling up the DagBag from /opt/airflow/dags/stream_monitor_dag.py
[2026-07-02T05:48:12.893+0000] {processor.py:840} INFO - DAG(s) 'stream_monitor_harga_pangan' retrieved from /opt/airflow/dags/stream_monitor_dag.py
[2026-07-02T05:48:12.924+0000] {logging_mixin.py:188} INFO - [2026-07-02T05:48:12.924+0000] {dag.py:3036} INFO - Sync 1 DAGs
[2026-07-02T05:48:12.944+0000] {logging_mixin.py:188} INFO - [2026-07-02T05:48:12.944+0000] {dag.py:3823} INFO - Setting next_dagrun for stream_monitor_harga_pangan to 2026-07-02 04:00:00+00:00, run_after=2026-07-02 05:00:00+00:00
[2026-07-02T05:48:12.960+0000] {processor.py:183} INFO - Processing /opt/airflow/dags/stream_monitor_dag.py took 0.092 seconds
[2026-07-02T05:48:46.571+0000] {processor.py:161} INFO - Started process (PID=2456) to work on /opt/airflow/dags/stream_monitor_dag.py
[2026-07-02T05:48:46.572+0000] {processor.py:830} INFO - Processing file /opt/airflow/dags/stream_monitor_dag.py for tasks to queue
[2026-07-02T05:48:46.573+0000] {logging_mixin.py:188} INFO - [2026-07-02T05:48:46.573+0000] {dagbag.py:538} INFO - Filling up the DagBag from /opt/airflow/dags/stream_monitor_dag.py
[2026-07-02T05:48:46.598+0000] {processor.py:840} INFO - DAG(s) 'stream_monitor_harga_pangan' retrieved from /opt/airflow/dags/stream_monitor_dag.py
[2026-07-02T05:48:46.633+0000] {logging_mixin.py:188} INFO - [2026-07-02T05:48:46.633+0000] {dag.py:3036} INFO - Sync 1 DAGs
[2026-07-02T05:48:46.657+0000] {logging_mixin.py:188} INFO - [2026-07-02T05:48:46.657+0000] {dag.py:3823} INFO - Setting next_dagrun for stream_monitor_harga_pangan to 2026-07-02 04:00:00+00:00, run_after=2026-07-02 05:00:00+00:00
[2026-07-02T05:48:46.673+0000] {processor.py:183} INFO - Processing /opt/airflow/dags/stream_monitor_dag.py took 0.105 seconds
[2026-07-02T05:49:19.194+0000] {processor.py:161} INFO - Started process (PID=2474) to work on /opt/airflow/dags/stream_monitor_dag.py
[2026-07-02T05:49:19.195+0000] {processor.py:830} INFO - Processing file /opt/airflow/dags/stream_monitor_dag.py for tasks to queue
[2026-07-02T05:49:19.196+0000] {logging_mixin.py:188} INFO - [2026-07-02T05:49:19.196+0000] {dagbag.py:538} INFO - Filling up the DagBag from /opt/airflow/dags/stream_monitor_dag.py
[2026-07-02T05:49:19.217+0000] {processor.py:840} INFO - DAG(s) 'stream_monitor_harga_pangan' retrieved from /opt/airflow/dags/stream_monitor_dag.py
[2026-07-02T05:49:19.252+0000] {logging_mixin.py:188} INFO - [2026-07-02T05:49:19.252+0000] {dag.py:3036} INFO - Sync 1 DAGs
[2026-07-02T05:49:19.271+0000] {logging_mixin.py:188} INFO - [2026-07-02T05:49:19.271+0000] {dag.py:3823} INFO - Setting next_dagrun for stream_monitor_harga_pangan to 2026-07-02 04:00:00+00:00, run_after=2026-07-02 05:00:00+00:00
[2026-07-02T05:49:19.288+0000] {processor.py:183} INFO - Processing /opt/airflow/dags/stream_monitor_dag.py took 0.097 seconds
[2026-07-02T05:49:52.902+0000] {processor.py:161} INFO - Started process (PID=2492) to work on /opt/airflow/dags/stream_monitor_dag.py
[2026-07-02T05:49:52.903+0000] {processor.py:830} INFO - Processing file /opt/airflow/dags/stream_monitor_dag.py for tasks to queue
[2026-07-02T05:49:52.904+0000] {logging_mixin.py:188} INFO - [2026-07-02T05:49:52.904+0000] {dagbag.py:538} INFO - Filling up the DagBag from /opt/airflow/dags/stream_monitor_dag.py
[2026-07-02T05:49:52.934+0000] {processor.py:840} INFO - DAG(s) 'stream_monitor_harga_pangan' retrieved from /opt/airflow/dags/stream_monitor_dag.py
[2026-07-02T05:49:52.978+0000] {logging_mixin.py:188} INFO - [2026-07-02T05:49:52.978+0000] {dag.py:3036} INFO - Sync 1 DAGs
[2026-07-02T05:49:53.001+0000] {logging_mixin.py:188} INFO - [2026-07-02T05:49:53.000+0000] {dag.py:3823} INFO - Setting next_dagrun for stream_monitor_harga_pangan to 2026-07-02 04:00:00+00:00, run_after=2026-07-02 05:00:00+00:00
[2026-07-02T05:49:53.284+0000] {processor.py:183} INFO - Processing /opt/airflow/dags/stream_monitor_dag.py took 0.386 seconds
[2026-07-02T05:50:25.921+0000] {processor.py:161} INFO - Started process (PID=2510) to work on /opt/airflow/dags/stream_monitor_dag.py
[2026-07-02T05:50:25.923+0000] {processor.py:830} INFO - Processing file /opt/airflow/dags/stream_monitor_dag.py for tasks to queue
[2026-07-02T05:50:25.924+0000] {logging_mixin.py:188} INFO - [2026-07-02T05:50:25.924+0000] {dagbag.py:538} INFO - Filling up the DagBag from /opt/airflow/dags/stream_monitor_dag.py
[2026-07-02T05:50:25.949+0000] {processor.py:840} INFO - DAG(s) 'stream_monitor_harga_pangan' retrieved from /opt/airflow/dags/stream_monitor_dag.py
[2026-07-02T05:50:25.992+0000] {logging_mixin.py:188} INFO - [2026-07-02T05:50:25.992+0000] {dag.py:3036} INFO - Sync 1 DAGs
[2026-07-02T05:50:26.018+0000] {logging_mixin.py:188} INFO - [2026-07-02T05:50:26.017+0000] {dag.py:3823} INFO - Setting next_dagrun for stream_monitor_harga_pangan to 2026-07-02 04:00:00+00:00, run_after=2026-07-02 05:00:00+00:00
[2026-07-02T05:50:26.040+0000] {processor.py:183} INFO - Processing /opt/airflow/dags/stream_monitor_dag.py took 0.123 seconds
[2026-07-02T05:50:59.612+0000] {processor.py:161} INFO - Started process (PID=2528) to work on /opt/airflow/dags/stream_monitor_dag.py
[2026-07-02T05:50:59.614+0000] {processor.py:830} INFO - Processing file /opt/airflow/dags/stream_monitor_dag.py for tasks to queue
[2026-07-02T05:50:59.615+0000] {logging_mixin.py:188} INFO - [2026-07-02T05:50:59.614+0000] {dagbag.py:538} INFO - Filling up the DagBag from /opt/airflow/dags/stream_monitor_dag.py
[2026-07-02T05:50:59.637+0000] {processor.py:840} INFO - DAG(s) 'stream_monitor_harga_pangan' retrieved from /opt/airflow/dags/stream_monitor_dag.py
[2026-07-02T05:50:59.671+0000] {logging_mixin.py:188} INFO - [2026-07-02T05:50:59.671+0000] {dag.py:3036} INFO - Sync 1 DAGs
[2026-07-02T05:50:59.691+0000] {logging_mixin.py:188} INFO - [2026-07-02T05:50:59.691+0000] {dag.py:3823} INFO - Setting next_dagrun for stream_monitor_harga_pangan to 2026-07-02 04:00:00+00:00, run_after=2026-07-02 05:00:00+00:00
[2026-07-02T05:50:59.711+0000] {processor.py:183} INFO - Processing /opt/airflow/dags/stream_monitor_dag.py took 0.103 seconds
[2026-07-02T05:51:33.306+0000] {processor.py:161} INFO - Started process (PID=2546) to work on /opt/airflow/dags/stream_monitor_dag.py
[2026-07-02T05:51:33.307+0000] {processor.py:830} INFO - Processing file /opt/airflow/dags/stream_monitor_dag.py for tasks to queue
[2026-07-02T05:51:33.308+0000] {logging_mixin.py:188} INFO - [2026-07-02T05:51:33.308+0000] {dagbag.py:538} INFO - Filling up the DagBag from /opt/airflow/dags/stream_monitor_dag.py
[2026-07-02T05:51:33.336+0000] {processor.py:840} INFO - DAG(s) 'stream_monitor_harga_pangan' retrieved from /opt/airflow/dags/stream_monitor_dag.py
[2026-07-02T05:51:33.383+0000] {logging_mixin.py:188} INFO - [2026-07-02T05:51:33.383+0000] {dag.py:3036} INFO - Sync 1 DAGs
[2026-07-02T05:51:33.408+0000] {logging_mixin.py:188} INFO - [2026-07-02T05:51:33.408+0000] {dag.py:3823} INFO - Setting next_dagrun for stream_monitor_harga_pangan to 2026-07-02 04:00:00+00:00, run_after=2026-07-02 05:00:00+00:00
[2026-07-02T05:51:33.428+0000] {processor.py:183} INFO - Processing /opt/airflow/dags/stream_monitor_dag.py took 0.127 seconds
[2026-07-02T05:52:05.980+0000] {processor.py:161} INFO - Started process (PID=2564) to work on /opt/airflow/dags/stream_monitor_dag.py
[2026-07-02T05:52:05.981+0000] {processor.py:830} INFO - Processing file /opt/airflow/dags/stream_monitor_dag.py for tasks to queue
[2026-07-02T05:52:05.982+0000] {logging_mixin.py:188} INFO - [2026-07-02T05:52:05.982+0000] {dagbag.py:538} INFO - Filling up the DagBag from /opt/airflow/dags/stream_monitor_dag.py
[2026-07-02T05:52:06.009+0000] {processor.py:840} INFO - DAG(s) 'stream_monitor_harga_pangan' retrieved from /opt/airflow/dags/stream_monitor_dag.py
[2026-07-02T05:52:06.050+0000] {logging_mixin.py:188} INFO - [2026-07-02T05:52:06.050+0000] {dag.py:3036} INFO - Sync 1 DAGs
[2026-07-02T05:52:06.076+0000] {logging_mixin.py:188} INFO - [2026-07-02T05:52:06.076+0000] {dag.py:3823} INFO - Setting next_dagrun for stream_monitor_harga_pangan to 2026-07-02 04:00:00+00:00, run_after=2026-07-02 05:00:00+00:00
[2026-07-02T05:52:06.099+0000] {processor.py:183} INFO - Processing /opt/airflow/dags/stream_monitor_dag.py took 0.122 seconds
[2026-07-02T05:52:39.631+0000] {processor.py:161} INFO - Started process (PID=2582) to work on /opt/airflow/dags/stream_monitor_dag.py
[2026-07-02T05:52:39.632+0000] {processor.py:830} INFO - Processing file /opt/airflow/dags/stream_monitor_dag.py for tasks to queue
[2026-07-02T05:52:39.634+0000] {logging_mixin.py:188} INFO - [2026-07-02T05:52:39.633+0000] {dagbag.py:538} INFO - Filling up the DagBag from /opt/airflow/dags/stream_monitor_dag.py
[2026-07-02T05:52:39.666+0000] {processor.py:840} INFO - DAG(s) 'stream_monitor_harga_pangan' retrieved from /opt/airflow/dags/stream_monitor_dag.py
[2026-07-02T05:52:39.741+0000] {logging_mixin.py:188} INFO - [2026-07-02T05:52:39.741+0000] {dag.py:3036} INFO - Sync 1 DAGs
[2026-07-02T05:52:39.785+0000] {logging_mixin.py:188} INFO - [2026-07-02T05:52:39.784+0000] {dag.py:3823} INFO - Setting next_dagrun for stream_monitor_harga_pangan to 2026-07-02 04:00:00+00:00, run_after=2026-07-02 05:00:00+00:00
[2026-07-02T05:52:40.039+0000] {processor.py:183} INFO - Processing /opt/airflow/dags/stream_monitor_dag.py took 0.413 seconds
[2026-07-02T05:53:12.673+0000] {processor.py:161} INFO - Started process (PID=2600) to work on /opt/airflow/dags/stream_monitor_dag.py
[2026-07-02T05:53:12.675+0000] {processor.py:830} INFO - Processing file /opt/airflow/dags/stream_monitor_dag.py for tasks to queue
[2026-07-02T05:53:12.677+0000] {logging_mixin.py:188} INFO - [2026-07-02T05:53:12.676+0000] {dagbag.py:538} INFO - Filling up the DagBag from /opt/airflow/dags/stream_monitor_dag.py
[2026-07-02T05:53:12.733+0000] {processor.py:840} INFO - DAG(s) 'stream_monitor_harga_pangan' retrieved from /opt/airflow/dags/stream_monitor_dag.py
[2026-07-02T05:53:13.182+0000] {logging_mixin.py:188} INFO - [2026-07-02T05:53:13.182+0000] {dag.py:3036} INFO - Sync 1 DAGs
[2026-07-02T05:53:13.221+0000] {logging_mixin.py:188} INFO - [2026-07-02T05:53:13.220+0000] {dag.py:3823} INFO - Setting next_dagrun for stream_monitor_harga_pangan to 2026-07-02 04:00:00+00:00, run_after=2026-07-02 05:00:00+00:00
[2026-07-02T05:53:13.272+0000] {processor.py:183} INFO - Processing /opt/airflow/dags/stream_monitor_dag.py took 0.605 seconds
[2026-07-02T05:53:46.685+0000] {processor.py:161} INFO - Started process (PID=2618) to work on /opt/airflow/dags/stream_monitor_dag.py
[2026-07-02T05:53:46.687+0000] {processor.py:830} INFO - Processing file /opt/airflow/dags/stream_monitor_dag.py for tasks to queue
[2026-07-02T05:53:46.689+0000] {logging_mixin.py:188} INFO - [2026-07-02T05:53:46.688+0000] {dagbag.py:538} INFO - Filling up the DagBag from /opt/airflow/dags/stream_monitor_dag.py
[2026-07-02T05:53:46.728+0000] {processor.py:840} INFO - DAG(s) 'stream_monitor_harga_pangan' retrieved from /opt/airflow/dags/stream_monitor_dag.py
[2026-07-02T05:53:46.779+0000] {logging_mixin.py:188} INFO - [2026-07-02T05:53:46.779+0000] {dag.py:3036} INFO - Sync 1 DAGs
[2026-07-02T05:53:46.808+0000] {logging_mixin.py:188} INFO - [2026-07-02T05:53:46.808+0000] {dag.py:3823} INFO - Setting next_dagrun for stream_monitor_harga_pangan to 2026-07-02 04:00:00+00:00, run_after=2026-07-02 05:00:00+00:00
[2026-07-02T05:53:46.834+0000] {processor.py:183} INFO - Processing /opt/airflow/dags/stream_monitor_dag.py took 0.155 seconds
[2026-07-02T05:54:19.717+0000] {processor.py:161} INFO - Started process (PID=2636) to work on /opt/airflow/dags/stream_monitor_dag.py
[2026-07-02T05:54:19.720+0000] {processor.py:830} INFO - Processing file /opt/airflow/dags/stream_monitor_dag.py for tasks to queue
[2026-07-02T05:54:19.726+0000] {logging_mixin.py:188} INFO - [2026-07-02T05:54:19.724+0000] {dagbag.py:538} INFO - Filling up the DagBag from /opt/airflow/dags/stream_monitor_dag.py
[2026-07-02T05:54:19.788+0000] {processor.py:840} INFO - DAG(s) 'stream_monitor_harga_pangan' retrieved from /opt/airflow/dags/stream_monitor_dag.py
[2026-07-02T05:54:19.853+0000] {logging_mixin.py:188} INFO - [2026-07-02T05:54:19.853+0000] {dag.py:3036} INFO - Sync 1 DAGs
[2026-07-02T05:54:19.889+0000] {logging_mixin.py:188} INFO - [2026-07-02T05:54:19.888+0000] {dag.py:3823} INFO - Setting next_dagrun for stream_monitor_harga_pangan to 2026-07-02 04:00:00+00:00, run_after=2026-07-02 05:00:00+00:00
[2026-07-02T05:54:19.922+0000] {processor.py:183} INFO - Processing /opt/airflow/dags/stream_monitor_dag.py took 0.214 seconds
[2026-07-02T05:54:52.546+0000] {processor.py:161} INFO - Started process (PID=2646) to work on /opt/airflow/dags/stream_monitor_dag.py
[2026-07-02T05:54:52.547+0000] {processor.py:830} INFO - Processing file /opt/airflow/dags/stream_monitor_dag.py for tasks to queue
[2026-07-02T05:54:52.548+0000] {logging_mixin.py:188} INFO - [2026-07-02T05:54:52.548+0000] {dagbag.py:538} INFO - Filling up the DagBag from /opt/airflow/dags/stream_monitor_dag.py
[2026-07-02T05:54:52.573+0000] {processor.py:840} INFO - DAG(s) 'stream_monitor_harga_pangan' retrieved from /opt/airflow/dags/stream_monitor_dag.py
[2026-07-02T05:54:52.614+0000] {logging_mixin.py:188} INFO - [2026-07-02T05:54:52.613+0000] {dag.py:3036} INFO - Sync 1 DAGs
[2026-07-02T05:54:52.636+0000] {logging_mixin.py:188} INFO - [2026-07-02T05:54:52.636+0000] {dag.py:3823} INFO - Setting next_dagrun for stream_monitor_harga_pangan to 2026-07-02 04:00:00+00:00, run_after=2026-07-02 05:00:00+00:00
[2026-07-02T05:54:52.660+0000] {processor.py:183} INFO - Processing /opt/airflow/dags/stream_monitor_dag.py took 0.118 seconds
[2026-07-02T05:55:26.505+0000] {processor.py:161} INFO - Started process (PID=2664) to work on /opt/airflow/dags/stream_monitor_dag.py
[2026-07-02T05:55:26.506+0000] {processor.py:830} INFO - Processing file /opt/airflow/dags/stream_monitor_dag.py for tasks to queue
[2026-07-02T05:55:26.507+0000] {logging_mixin.py:188} INFO - [2026-07-02T05:55:26.507+0000] {dagbag.py:538} INFO - Filling up the DagBag from /opt/airflow/dags/stream_monitor_dag.py
[2026-07-02T05:55:26.537+0000] {processor.py:840} INFO - DAG(s) 'stream_monitor_harga_pangan' retrieved from /opt/airflow/dags/stream_monitor_dag.py
[2026-07-02T05:55:26.576+0000] {logging_mixin.py:188} INFO - [2026-07-02T05:55:26.575+0000] {dag.py:3036} INFO - Sync 1 DAGs
[2026-07-02T05:55:26.595+0000] {logging_mixin.py:188} INFO - [2026-07-02T05:55:26.595+0000] {dag.py:3823} INFO - Setting next_dagrun for stream_monitor_harga_pangan to 2026-07-02 04:00:00+00:00, run_after=2026-07-02 05:00:00+00:00
[2026-07-02T05:55:26.619+0000] {processor.py:183} INFO - Processing /opt/airflow/dags/stream_monitor_dag.py took 0.117 seconds
[2026-07-02T05:56:00.166+0000] {processor.py:161} INFO - Started process (PID=2682) to work on /opt/airflow/dags/stream_monitor_dag.py
[2026-07-02T05:56:00.167+0000] {processor.py:830} INFO - Processing file /opt/airflow/dags/stream_monitor_dag.py for tasks to queue
[2026-07-02T05:56:00.169+0000] {logging_mixin.py:188} INFO - [2026-07-02T05:56:00.168+0000] {dagbag.py:538} INFO - Filling up the DagBag from /opt/airflow/dags/stream_monitor_dag.py
[2026-07-02T05:56:00.206+0000] {processor.py:840} INFO - DAG(s) 'stream_monitor_harga_pangan' retrieved from /opt/airflow/dags/stream_monitor_dag.py
[2026-07-02T05:56:00.253+0000] {logging_mixin.py:188} INFO - [2026-07-02T05:56:00.252+0000] {dag.py:3036} INFO - Sync 1 DAGs
[2026-07-02T05:56:00.278+0000] {logging_mixin.py:188} INFO - [2026-07-02T05:56:00.278+0000] {dag.py:3823} INFO - Setting next_dagrun for stream_monitor_harga_pangan to 2026-07-02 04:00:00+00:00, run_after=2026-07-02 05:00:00+00:00
[2026-07-02T05:56:00.310+0000] {processor.py:183} INFO - Processing /opt/airflow/dags/stream_monitor_dag.py took 0.148 seconds
[2026-07-02T05:56:32.914+0000] {processor.py:161} INFO - Started process (PID=2700) to work on /opt/airflow/dags/stream_monitor_dag.py
[2026-07-02T05:56:32.915+0000] {processor.py:830} INFO - Processing file /opt/airflow/dags/stream_monitor_dag.py for tasks to queue
[2026-07-02T05:56:32.916+0000] {logging_mixin.py:188} INFO - [2026-07-02T05:56:32.916+0000] {dagbag.py:538} INFO - Filling up the DagBag from /opt/airflow/dags/stream_monitor_dag.py
[2026-07-02T05:56:32.940+0000] {processor.py:840} INFO - DAG(s) 'stream_monitor_harga_pangan' retrieved from /opt/airflow/dags/stream_monitor_dag.py
[2026-07-02T05:56:32.989+0000] {logging_mixin.py:188} INFO - [2026-07-02T05:56:32.988+0000] {dag.py:3036} INFO - Sync 1 DAGs
[2026-07-02T05:56:33.013+0000] {logging_mixin.py:188} INFO - [2026-07-02T05:56:33.013+0000] {dag.py:3823} INFO - Setting next_dagrun for stream_monitor_harga_pangan to 2026-07-02 04:00:00+00:00, run_after=2026-07-02 05:00:00+00:00
[2026-07-02T05:56:33.039+0000] {processor.py:183} INFO - Processing /opt/airflow/dags/stream_monitor_dag.py took 0.128 seconds
[2026-07-02T05:57:03.166+0000] {processor.py:161} INFO - Started process (PID=2718) to work on /opt/airflow/dags/stream_monitor_dag.py
[2026-07-02T05:57:03.167+0000] {processor.py:830} INFO - Processing file /opt/airflow/dags/stream_monitor_dag.py for tasks to queue
[2026-07-02T05:57:03.168+0000] {logging_mixin.py:188} INFO - [2026-07-02T05:57:03.168+0000] {dagbag.py:538} INFO - Filling up the DagBag from /opt/airflow/dags/stream_monitor_dag.py
[2026-07-02T05:57:03.188+0000] {processor.py:840} INFO - DAG(s) 'stream_monitor_harga_pangan' retrieved from /opt/airflow/dags/stream_monitor_dag.py
[2026-07-02T05:57:03.225+0000] {logging_mixin.py:188} INFO - [2026-07-02T05:57:03.225+0000] {dag.py:3036} INFO - Sync 1 DAGs
[2026-07-02T05:57:03.245+0000] {logging_mixin.py:188} INFO - [2026-07-02T05:57:03.245+0000] {dag.py:3823} INFO - Setting next_dagrun for stream_monitor_harga_pangan to 2026-07-02 04:00:00+00:00, run_after=2026-07-02 05:00:00+00:00
[2026-07-02T05:57:03.266+0000] {processor.py:183} INFO - Processing /opt/airflow/dags/stream_monitor_dag.py took 0.103 seconds
[2026-07-02T05:57:33.589+0000] {processor.py:161} INFO - Started process (PID=2736) to work on /opt/airflow/dags/stream_monitor_dag.py
[2026-07-02T05:57:33.590+0000] {processor.py:830} INFO - Processing file /opt/airflow/dags/stream_monitor_dag.py for tasks to queue
[2026-07-02T05:57:33.591+0000] {logging_mixin.py:188} INFO - [2026-07-02T05:57:33.591+0000] {dagbag.py:538} INFO - Filling up the DagBag from /opt/airflow/dags/stream_monitor_dag.py
[2026-07-02T05:57:33.624+0000] {processor.py:840} INFO - DAG(s) 'stream_monitor_harga_pangan' retrieved from /opt/airflow/dags/stream_monitor_dag.py
[2026-07-02T05:57:33.678+0000] {logging_mixin.py:188} INFO - [2026-07-02T05:57:33.677+0000] {dag.py:3036} INFO - Sync 1 DAGs
[2026-07-02T05:57:33.737+0000] {logging_mixin.py:188} INFO - [2026-07-02T05:57:33.735+0000] {dag.py:3823} INFO - Setting next_dagrun for stream_monitor_harga_pangan to 2026-07-02 04:00:00+00:00, run_after=2026-07-02 05:00:00+00:00
[2026-07-02T05:57:33.761+0000] {processor.py:183} INFO - Processing /opt/airflow/dags/stream_monitor_dag.py took 0.178 seconds
[2026-07-02T05:58:04.422+0000] {processor.py:161} INFO - Started process (PID=2754) to work on /opt/airflow/dags/stream_monitor_dag.py
[2026-07-02T05:58:04.423+0000] {processor.py:830} INFO - Processing file /opt/airflow/dags/stream_monitor_dag.py for tasks to queue
[2026-07-02T05:58:04.424+0000] {logging_mixin.py:188} INFO - [2026-07-02T05:58:04.424+0000] {dagbag.py:538} INFO - Filling up the DagBag from /opt/airflow/dags/stream_monitor_dag.py
[2026-07-02T05:58:04.449+0000] {processor.py:840} INFO - DAG(s) 'stream_monitor_harga_pangan' retrieved from /opt/airflow/dags/stream_monitor_dag.py
[2026-07-02T05:58:04.503+0000] {logging_mixin.py:188} INFO - [2026-07-02T05:58:04.503+0000] {dag.py:3036} INFO - Sync 1 DAGs
[2026-07-02T05:58:04.532+0000] {logging_mixin.py:188} INFO - [2026-07-02T05:58:04.532+0000] {dag.py:3823} INFO - Setting next_dagrun for stream_monitor_harga_pangan to 2026-07-02 04:00:00+00:00, run_after=2026-07-02 05:00:00+00:00
[2026-07-02T05:58:04.558+0000] {processor.py:183} INFO - Processing /opt/airflow/dags/stream_monitor_dag.py took 0.141 seconds
[2026-07-02T05:58:34.690+0000] {processor.py:161} INFO - Started process (PID=2773) to work on /opt/airflow/dags/stream_monitor_dag.py
[2026-07-02T05:58:34.692+0000] {processor.py:830} INFO - Processing file /opt/airflow/dags/stream_monitor_dag.py for tasks to queue
[2026-07-02T05:58:34.693+0000] {logging_mixin.py:188} INFO - [2026-07-02T05:58:34.693+0000] {dagbag.py:538} INFO - Filling up the DagBag from /opt/airflow/dags/stream_monitor_dag.py
[2026-07-02T05:58:34.714+0000] {processor.py:840} INFO - DAG(s) 'stream_monitor_harga_pangan' retrieved from /opt/airflow/dags/stream_monitor_dag.py
[2026-07-02T05:58:34.747+0000] {logging_mixin.py:188} INFO - [2026-07-02T05:58:34.747+0000] {dag.py:3036} INFO - Sync 1 DAGs
[2026-07-02T05:58:34.764+0000] {logging_mixin.py:188} INFO - [2026-07-02T05:58:34.764+0000] {dag.py:3823} INFO - Setting next_dagrun for stream_monitor_harga_pangan to 2026-07-02 04:00:00+00:00, run_after=2026-07-02 05:00:00+00:00
[2026-07-02T05:58:34.779+0000] {processor.py:183} INFO - Processing /opt/airflow/dags/stream_monitor_dag.py took 0.092 seconds
[2026-07-02T05:59:05.325+0000] {processor.py:161} INFO - Started process (PID=2791) to work on /opt/airflow/dags/stream_monitor_dag.py
[2026-07-02T05:59:05.326+0000] {processor.py:830} INFO - Processing file /opt/airflow/dags/stream_monitor_dag.py for tasks to queue
[2026-07-02T05:59:05.327+0000] {logging_mixin.py:188} INFO - [2026-07-02T05:59:05.327+0000] {dagbag.py:538} INFO - Filling up the DagBag from /opt/airflow/dags/stream_monitor_dag.py
[2026-07-02T05:59:05.348+0000] {processor.py:840} INFO - DAG(s) 'stream_monitor_harga_pangan' retrieved from /opt/airflow/dags/stream_monitor_dag.py
[2026-07-02T05:59:05.381+0000] {logging_mixin.py:188} INFO - [2026-07-02T05:59:05.380+0000] {dag.py:3036} INFO - Sync 1 DAGs
[2026-07-02T05:59:05.399+0000] {logging_mixin.py:188} INFO - [2026-07-02T05:59:05.399+0000] {dag.py:3823} INFO - Setting next_dagrun for stream_monitor_harga_pangan to 2026-07-02 04:00:00+00:00, run_after=2026-07-02 05:00:00+00:00
[2026-07-02T05:59:05.416+0000] {processor.py:183} INFO - Processing /opt/airflow/dags/stream_monitor_dag.py took 0.095 seconds
[2026-07-02T05:59:35.983+0000] {processor.py:161} INFO - Started process (PID=2801) to work on /opt/airflow/dags/stream_monitor_dag.py
[2026-07-02T05:59:35.984+0000] {processor.py:830} INFO - Processing file /opt/airflow/dags/stream_monitor_dag.py for tasks to queue
[2026-07-02T05:59:35.986+0000] {logging_mixin.py:188} INFO - [2026-07-02T05:59:35.985+0000] {dagbag.py:538} INFO - Filling up the DagBag from /opt/airflow/dags/stream_monitor_dag.py
[2026-07-02T05:59:36.004+0000] {processor.py:840} INFO - DAG(s) 'stream_monitor_harga_pangan' retrieved from /opt/airflow/dags/stream_monitor_dag.py
[2026-07-02T05:59:36.043+0000] {logging_mixin.py:188} INFO - [2026-07-02T05:59:36.043+0000] {dag.py:3036} INFO - Sync 1 DAGs
[2026-07-02T05:59:36.066+0000] {logging_mixin.py:188} INFO - [2026-07-02T05:59:36.066+0000] {dag.py:3823} INFO - Setting next_dagrun for stream_monitor_harga_pangan to 2026-07-02 04:00:00+00:00, run_after=2026-07-02 05:00:00+00:00
[2026-07-02T05:59:36.087+0000] {processor.py:183} INFO - Processing /opt/airflow/dags/stream_monitor_dag.py took 0.107 seconds
[2026-07-02T06:00:06.650+0000] {processor.py:161} INFO - Started process (PID=2819) to work on /opt/airflow/dags/stream_monitor_dag.py
[2026-07-02T06:00:06.651+0000] {processor.py:830} INFO - Processing file /opt/airflow/dags/stream_monitor_dag.py for tasks to queue
[2026-07-02T06:00:06.652+0000] {logging_mixin.py:188} INFO - [2026-07-02T06:00:06.651+0000] {dagbag.py:538} INFO - Filling up the DagBag from /opt/airflow/dags/stream_monitor_dag.py
[2026-07-02T06:00:06.673+0000] {processor.py:840} INFO - DAG(s) 'stream_monitor_harga_pangan' retrieved from /opt/airflow/dags/stream_monitor_dag.py
[2026-07-02T06:00:06.710+0000] {logging_mixin.py:188} INFO - [2026-07-02T06:00:06.710+0000] {dag.py:3036} INFO - Sync 1 DAGs
[2026-07-02T06:00:06.731+0000] {logging_mixin.py:188} INFO - [2026-07-02T06:00:06.731+0000] {dag.py:3823} INFO - Setting next_dagrun for stream_monitor_harga_pangan to 2026-07-02 05:00:00+00:00, run_after=2026-07-02 06:00:00+00:00
[2026-07-02T06:00:06.749+0000] {processor.py:183} INFO - Processing /opt/airflow/dags/stream_monitor_dag.py took 0.103 seconds
[2026-07-02T06:00:37.321+0000] {processor.py:161} INFO - Started process (PID=2837) to work on /opt/airflow/dags/stream_monitor_dag.py
[2026-07-02T06:00:37.322+0000] {processor.py:830} INFO - Processing file /opt/airflow/dags/stream_monitor_dag.py for tasks to queue
[2026-07-02T06:00:37.323+0000] {logging_mixin.py:188} INFO - [2026-07-02T06:00:37.323+0000] {dagbag.py:538} INFO - Filling up the DagBag from /opt/airflow/dags/stream_monitor_dag.py
[2026-07-02T06:00:37.344+0000] {processor.py:840} INFO - DAG(s) 'stream_monitor_harga_pangan' retrieved from /opt/airflow/dags/stream_monitor_dag.py
[2026-07-02T06:00:37.374+0000] {logging_mixin.py:188} INFO - [2026-07-02T06:00:37.374+0000] {dag.py:3036} INFO - Sync 1 DAGs
[2026-07-02T06:00:37.393+0000] {logging_mixin.py:188} INFO - [2026-07-02T06:00:37.393+0000] {dag.py:3823} INFO - Setting next_dagrun for stream_monitor_harga_pangan to 2026-07-02 05:00:00+00:00, run_after=2026-07-02 06:00:00+00:00
[2026-07-02T06:00:37.411+0000] {processor.py:183} INFO - Processing /opt/airflow/dags/stream_monitor_dag.py took 0.093 seconds
[2026-07-02T06:01:08.028+0000] {processor.py:161} INFO - Started process (PID=2855) to work on /opt/airflow/dags/stream_monitor_dag.py
[2026-07-02T06:01:08.030+0000] {processor.py:830} INFO - Processing file /opt/airflow/dags/stream_monitor_dag.py for tasks to queue
[2026-07-02T06:01:08.031+0000] {logging_mixin.py:188} INFO - [2026-07-02T06:01:08.030+0000] {dagbag.py:538} INFO - Filling up the DagBag from /opt/airflow/dags/stream_monitor_dag.py
[2026-07-02T06:01:08.063+0000] {processor.py:840} INFO - DAG(s) 'stream_monitor_harga_pangan' retrieved from /opt/airflow/dags/stream_monitor_dag.py
[2026-07-02T06:01:08.116+0000] {logging_mixin.py:188} INFO - [2026-07-02T06:01:08.116+0000] {dag.py:3036} INFO - Sync 1 DAGs
[2026-07-02T06:01:08.145+0000] {logging_mixin.py:188} INFO - [2026-07-02T06:01:08.145+0000] {dag.py:3823} INFO - Setting next_dagrun for stream_monitor_harga_pangan to 2026-07-02 05:00:00+00:00, run_after=2026-07-02 06:00:00+00:00
[2026-07-02T06:01:08.199+0000] {processor.py:183} INFO - Processing /opt/airflow/dags/stream_monitor_dag.py took 0.174 seconds
[2026-07-02T06:01:38.844+0000] {processor.py:161} INFO - Started process (PID=2873) to work on /opt/airflow/dags/stream_monitor_dag.py
[2026-07-02T06:01:38.846+0000] {processor.py:830} INFO - Processing file /opt/airflow/dags/stream_monitor_dag.py for tasks to queue
[2026-07-02T06:01:38.847+0000] {logging_mixin.py:188} INFO - [2026-07-02T06:01:38.846+0000] {dagbag.py:538} INFO - Filling up the DagBag from /opt/airflow/dags/stream_monitor_dag.py
[2026-07-02T06:01:38.867+0000] {processor.py:840} INFO - DAG(s) 'stream_monitor_harga_pangan' retrieved from /opt/airflow/dags/stream_monitor_dag.py
[2026-07-02T06:01:38.901+0000] {logging_mixin.py:188} INFO - [2026-07-02T06:01:38.901+0000] {dag.py:3036} INFO - Sync 1 DAGs
[2026-07-02T06:01:38.921+0000] {logging_mixin.py:188} INFO - [2026-07-02T06:01:38.920+0000] {dag.py:3823} INFO - Setting next_dagrun for stream_monitor_harga_pangan to 2026-07-02 05:00:00+00:00, run_after=2026-07-02 06:00:00+00:00
[2026-07-02T06:01:38.937+0000] {processor.py:183} INFO - Processing /opt/airflow/dags/stream_monitor_dag.py took 0.096 seconds
[2026-07-02T06:02:09.514+0000] {processor.py:161} INFO - Started process (PID=2891) to work on /opt/airflow/dags/stream_monitor_dag.py
[2026-07-02T06:02:09.515+0000] {processor.py:830} INFO - Processing file /opt/airflow/dags/stream_monitor_dag.py for tasks to queue
[2026-07-02T06:02:09.516+0000] {logging_mixin.py:188} INFO - [2026-07-02T06:02:09.516+0000] {dagbag.py:538} INFO - Filling up the DagBag from /opt/airflow/dags/stream_monitor_dag.py
[2026-07-02T06:02:09.539+0000] {processor.py:840} INFO - DAG(s) 'stream_monitor_harga_pangan' retrieved from /opt/airflow/dags/stream_monitor_dag.py
[2026-07-02T06:02:09.574+0000] {logging_mixin.py:188} INFO - [2026-07-02T06:02:09.574+0000] {dag.py:3036} INFO - Sync 1 DAGs
[2026-07-02T06:02:09.594+0000] {logging_mixin.py:188} INFO - [2026-07-02T06:02:09.593+0000] {dag.py:3823} INFO - Setting next_dagrun for stream_monitor_harga_pangan to 2026-07-02 05:00:00+00:00, run_after=2026-07-02 06:00:00+00:00
[2026-07-02T06:02:09.612+0000] {processor.py:183} INFO - Processing /opt/airflow/dags/stream_monitor_dag.py took 0.101 seconds
[2026-07-02T06:02:40.184+0000] {processor.py:161} INFO - Started process (PID=2909) to work on /opt/airflow/dags/stream_monitor_dag.py
[2026-07-02T06:02:40.185+0000] {processor.py:830} INFO - Processing file /opt/airflow/dags/stream_monitor_dag.py for tasks to queue
[2026-07-02T06:02:40.186+0000] {logging_mixin.py:188} INFO - [2026-07-02T06:02:40.186+0000] {dagbag.py:538} INFO - Filling up the DagBag from /opt/airflow/dags/stream_monitor_dag.py
[2026-07-02T06:02:40.206+0000] {processor.py:840} INFO - DAG(s) 'stream_monitor_harga_pangan' retrieved from /opt/airflow/dags/stream_monitor_dag.py
[2026-07-02T06:02:40.239+0000] {logging_mixin.py:188} INFO - [2026-07-02T06:02:40.239+0000] {dag.py:3036} INFO - Sync 1 DAGs
[2026-07-02T06:02:40.259+0000] {logging_mixin.py:188} INFO - [2026-07-02T06:02:40.259+0000] {dag.py:3823} INFO - Setting next_dagrun for stream_monitor_harga_pangan to 2026-07-02 05:00:00+00:00, run_after=2026-07-02 06:00:00+00:00
[2026-07-02T06:02:40.275+0000] {processor.py:183} INFO - Processing /opt/airflow/dags/stream_monitor_dag.py took 0.094 seconds
[2026-07-02T06:03:11.908+0000] {processor.py:161} INFO - Started process (PID=2919) to work on /opt/airflow/dags/stream_monitor_dag.py
[2026-07-02T06:03:11.909+0000] {processor.py:830} INFO - Processing file /opt/airflow/dags/stream_monitor_dag.py for tasks to queue
[2026-07-02T06:03:11.910+0000] {logging_mixin.py:188} INFO - [2026-07-02T06:03:11.910+0000] {dagbag.py:538} INFO - Filling up the DagBag from /opt/airflow/dags/stream_monitor_dag.py
[2026-07-02T06:03:11.928+0000] {processor.py:840} INFO - DAG(s) 'stream_monitor_harga_pangan' retrieved from /opt/airflow/dags/stream_monitor_dag.py
[2026-07-02T06:03:11.962+0000] {logging_mixin.py:188} INFO - [2026-07-02T06:03:11.962+0000] {dag.py:3036} INFO - Sync 1 DAGs
[2026-07-02T06:03:11.984+0000] {logging_mixin.py:188} INFO - [2026-07-02T06:03:11.983+0000] {dag.py:3823} INFO - Setting next_dagrun for stream_monitor_harga_pangan to 2026-07-02 05:00:00+00:00, run_after=2026-07-02 06:00:00+00:00
[2026-07-02T06:03:12.006+0000] {processor.py:183} INFO - Processing /opt/airflow/dags/stream_monitor_dag.py took 0.101 seconds
[2026-07-02T06:03:45.642+0000] {processor.py:161} INFO - Started process (PID=2937) to work on /opt/airflow/dags/stream_monitor_dag.py
[2026-07-02T06:03:45.643+0000] {processor.py:830} INFO - Processing file /opt/airflow/dags/stream_monitor_dag.py for tasks to queue
[2026-07-02T06:03:45.645+0000] {logging_mixin.py:188} INFO - [2026-07-02T06:03:45.644+0000] {dagbag.py:538} INFO - Filling up the DagBag from /opt/airflow/dags/stream_monitor_dag.py
[2026-07-02T06:03:45.667+0000] {processor.py:840} INFO - DAG(s) 'stream_monitor_harga_pangan' retrieved from /opt/airflow/dags/stream_monitor_dag.py
[2026-07-02T06:03:45.699+0000] {logging_mixin.py:188} INFO - [2026-07-02T06:03:45.698+0000] {dag.py:3036} INFO - Sync 1 DAGs
[2026-07-02T06:03:45.717+0000] {logging_mixin.py:188} INFO - [2026-07-02T06:03:45.717+0000] {dag.py:3823} INFO - Setting next_dagrun for stream_monitor_harga_pangan to 2026-07-02 05:00:00+00:00, run_after=2026-07-02 06:00:00+00:00
[2026-07-02T06:03:45.732+0000] {processor.py:183} INFO - Processing /opt/airflow/dags/stream_monitor_dag.py took 0.093 seconds
[2026-07-02T06:04:19.406+0000] {processor.py:161} INFO - Started process (PID=2955) to work on /opt/airflow/dags/stream_monitor_dag.py
[2026-07-02T06:04:19.410+0000] {processor.py:830} INFO - Processing file /opt/airflow/dags/stream_monitor_dag.py for tasks to queue
[2026-07-02T06:04:19.412+0000] {logging_mixin.py:188} INFO - [2026-07-02T06:04:19.412+0000] {dagbag.py:538} INFO - Filling up the DagBag from /opt/airflow/dags/stream_monitor_dag.py
[2026-07-02T06:04:19.448+0000] {processor.py:840} INFO - DAG(s) 'stream_monitor_harga_pangan' retrieved from /opt/airflow/dags/stream_monitor_dag.py
[2026-07-02T06:04:19.486+0000] {logging_mixin.py:188} INFO - [2026-07-02T06:04:19.486+0000] {dag.py:3036} INFO - Sync 1 DAGs
[2026-07-02T06:04:19.504+0000] {logging_mixin.py:188} INFO - [2026-07-02T06:04:19.504+0000] {dag.py:3823} INFO - Setting next_dagrun for stream_monitor_harga_pangan to 2026-07-02 05:00:00+00:00, run_after=2026-07-02 06:00:00+00:00
[2026-07-02T06:04:19.522+0000] {processor.py:183} INFO - Processing /opt/airflow/dags/stream_monitor_dag.py took 0.120 seconds
[2026-07-02T06:04:52.149+0000] {processor.py:161} INFO - Started process (PID=2973) to work on /opt/airflow/dags/stream_monitor_dag.py
[2026-07-02T06:04:52.150+0000] {processor.py:830} INFO - Processing file /opt/airflow/dags/stream_monitor_dag.py for tasks to queue
[2026-07-02T06:04:52.151+0000] {logging_mixin.py:188} INFO - [2026-07-02T06:04:52.151+0000] {dagbag.py:538} INFO - Filling up the DagBag from /opt/airflow/dags/stream_monitor_dag.py
[2026-07-02T06:04:52.173+0000] {processor.py:840} INFO - DAG(s) 'stream_monitor_harga_pangan' retrieved from /opt/airflow/dags/stream_monitor_dag.py
[2026-07-02T06:04:52.208+0000] {logging_mixin.py:188} INFO - [2026-07-02T06:04:52.207+0000] {dag.py:3036} INFO - Sync 1 DAGs
[2026-07-02T06:04:52.226+0000] {logging_mixin.py:188} INFO - [2026-07-02T06:04:52.226+0000] {dag.py:3823} INFO - Setting next_dagrun for stream_monitor_harga_pangan to 2026-07-02 05:00:00+00:00, run_after=2026-07-02 06:00:00+00:00
[2026-07-02T06:04:52.241+0000] {processor.py:183} INFO - Processing /opt/airflow/dags/stream_monitor_dag.py took 0.095 seconds
[2026-07-02T06:05:25.838+0000] {processor.py:161} INFO - Started process (PID=2991) to work on /opt/airflow/dags/stream_monitor_dag.py
[2026-07-02T06:05:25.839+0000] {processor.py:830} INFO - Processing file /opt/airflow/dags/stream_monitor_dag.py for tasks to queue
[2026-07-02T06:05:25.840+0000] {logging_mixin.py:188} INFO - [2026-07-02T06:05:25.840+0000] {dagbag.py:538} INFO - Filling up the DagBag from /opt/airflow/dags/stream_monitor_dag.py
[2026-07-02T06:05:25.861+0000] {processor.py:840} INFO - DAG(s) 'stream_monitor_harga_pangan' retrieved from /opt/airflow/dags/stream_monitor_dag.py
[2026-07-02T06:05:25.894+0000] {logging_mixin.py:188} INFO - [2026-07-02T06:05:25.894+0000] {dag.py:3036} INFO - Sync 1 DAGs
[2026-07-02T06:05:25.913+0000] {logging_mixin.py:188} INFO - [2026-07-02T06:05:25.913+0000] {dag.py:3823} INFO - Setting next_dagrun for stream_monitor_harga_pangan to 2026-07-02 05:00:00+00:00, run_after=2026-07-02 06:00:00+00:00
[2026-07-02T06:05:25.930+0000] {processor.py:183} INFO - Processing /opt/airflow/dags/stream_monitor_dag.py took 0.096 seconds
[2026-07-02T06:05:58.519+0000] {processor.py:161} INFO - Started process (PID=3009) to work on /opt/airflow/dags/stream_monitor_dag.py
[2026-07-02T06:05:58.520+0000] {processor.py:830} INFO - Processing file /opt/airflow/dags/stream_monitor_dag.py for tasks to queue
[2026-07-02T06:05:58.522+0000] {logging_mixin.py:188} INFO - [2026-07-02T06:05:58.521+0000] {dagbag.py:538} INFO - Filling up the DagBag from /opt/airflow/dags/stream_monitor_dag.py
[2026-07-02T06:05:58.544+0000] {processor.py:840} INFO - DAG(s) 'stream_monitor_harga_pangan' retrieved from /opt/airflow/dags/stream_monitor_dag.py
[2026-07-02T06:05:58.579+0000] {logging_mixin.py:188} INFO - [2026-07-02T06:05:58.579+0000] {dag.py:3036} INFO - Sync 1 DAGs
[2026-07-02T06:05:58.598+0000] {logging_mixin.py:188} INFO - [2026-07-02T06:05:58.598+0000] {dag.py:3823} INFO - Setting next_dagrun for stream_monitor_harga_pangan to 2026-07-02 05:00:00+00:00, run_after=2026-07-02 06:00:00+00:00
[2026-07-02T06:05:58.615+0000] {processor.py:183} INFO - Processing /opt/airflow/dags/stream_monitor_dag.py took 0.100 seconds
[2026-07-02T06:06:32.241+0000] {processor.py:161} INFO - Started process (PID=3027) to work on /opt/airflow/dags/stream_monitor_dag.py
[2026-07-02T06:06:32.242+0000] {processor.py:830} INFO - Processing file /opt/airflow/dags/stream_monitor_dag.py for tasks to queue
[2026-07-02T06:06:32.243+0000] {logging_mixin.py:188} INFO - [2026-07-02T06:06:32.243+0000] {dagbag.py:538} INFO - Filling up the DagBag from /opt/airflow/dags/stream_monitor_dag.py
[2026-07-02T06:06:32.264+0000] {processor.py:840} INFO - DAG(s) 'stream_monitor_harga_pangan' retrieved from /opt/airflow/dags/stream_monitor_dag.py
[2026-07-02T06:06:32.296+0000] {logging_mixin.py:188} INFO - [2026-07-02T06:06:32.295+0000] {dag.py:3036} INFO - Sync 1 DAGs
[2026-07-02T06:06:32.316+0000] {logging_mixin.py:188} INFO - [2026-07-02T06:06:32.315+0000] {dag.py:3823} INFO - Setting next_dagrun for stream_monitor_harga_pangan to 2026-07-02 05:00:00+00:00, run_after=2026-07-02 06:00:00+00:00
[2026-07-02T06:06:32.332+0000] {processor.py:183} INFO - Processing /opt/airflow/dags/stream_monitor_dag.py took 0.093 seconds
[2026-07-02T06:07:05.965+0000] {processor.py:161} INFO - Started process (PID=3045) to work on /opt/airflow/dags/stream_monitor_dag.py
[2026-07-02T06:07:05.966+0000] {processor.py:830} INFO - Processing file /opt/airflow/dags/stream_monitor_dag.py for tasks to queue
[2026-07-02T06:07:05.967+0000] {logging_mixin.py:188} INFO - [2026-07-02T06:07:05.967+0000] {dagbag.py:538} INFO - Filling up the DagBag from /opt/airflow/dags/stream_monitor_dag.py
[2026-07-02T06:07:05.986+0000] {processor.py:840} INFO - DAG(s) 'stream_monitor_harga_pangan' retrieved from /opt/airflow/dags/stream_monitor_dag.py
[2026-07-02T06:07:06.020+0000] {logging_mixin.py:188} INFO - [2026-07-02T06:07:06.020+0000] {dag.py:3036} INFO - Sync 1 DAGs
[2026-07-02T06:07:06.040+0000] {logging_mixin.py:188} INFO - [2026-07-02T06:07:06.040+0000] {dag.py:3823} INFO - Setting next_dagrun for stream_monitor_harga_pangan to 2026-07-02 05:00:00+00:00, run_after=2026-07-02 06:00:00+00:00
[2026-07-02T06:07:06.060+0000] {processor.py:183} INFO - Processing /opt/airflow/dags/stream_monitor_dag.py took 0.098 seconds
[2026-07-02T06:07:38.684+0000] {processor.py:161} INFO - Started process (PID=3063) to work on /opt/airflow/dags/stream_monitor_dag.py
[2026-07-02T06:07:38.685+0000] {processor.py:830} INFO - Processing file /opt/airflow/dags/stream_monitor_dag.py for tasks to queue
[2026-07-02T06:07:38.686+0000] {logging_mixin.py:188} INFO - [2026-07-02T06:07:38.685+0000] {dagbag.py:538} INFO - Filling up the DagBag from /opt/airflow/dags/stream_monitor_dag.py
[2026-07-02T06:07:38.706+0000] {processor.py:840} INFO - DAG(s) 'stream_monitor_harga_pangan' retrieved from /opt/airflow/dags/stream_monitor_dag.py
[2026-07-02T06:07:38.737+0000] {logging_mixin.py:188} INFO - [2026-07-02T06:07:38.736+0000] {dag.py:3036} INFO - Sync 1 DAGs
[2026-07-02T06:07:38.756+0000] {logging_mixin.py:188} INFO - [2026-07-02T06:07:38.756+0000] {dag.py:3823} INFO - Setting next_dagrun for stream_monitor_harga_pangan to 2026-07-02 05:00:00+00:00, run_after=2026-07-02 06:00:00+00:00
[2026-07-02T06:07:38.772+0000] {processor.py:183} INFO - Processing /opt/airflow/dags/stream_monitor_dag.py took 0.091 seconds
[2026-07-02T06:08:12.431+0000] {processor.py:161} INFO - Started process (PID=3081) to work on /opt/airflow/dags/stream_monitor_dag.py
[2026-07-02T06:08:12.433+0000] {processor.py:830} INFO - Processing file /opt/airflow/dags/stream_monitor_dag.py for tasks to queue
[2026-07-02T06:08:12.433+0000] {logging_mixin.py:188} INFO - [2026-07-02T06:08:12.433+0000] {dagbag.py:538} INFO - Filling up the DagBag from /opt/airflow/dags/stream_monitor_dag.py
[2026-07-02T06:08:12.452+0000] {processor.py:840} INFO - DAG(s) 'stream_monitor_harga_pangan' retrieved from /opt/airflow/dags/stream_monitor_dag.py
[2026-07-02T06:08:12.484+0000] {logging_mixin.py:188} INFO - [2026-07-02T06:08:12.484+0000] {dag.py:3036} INFO - Sync 1 DAGs
[2026-07-02T06:08:12.502+0000] {logging_mixin.py:188} INFO - [2026-07-02T06:08:12.502+0000] {dag.py:3823} INFO - Setting next_dagrun for stream_monitor_harga_pangan to 2026-07-02 05:00:00+00:00, run_after=2026-07-02 06:00:00+00:00
[2026-07-02T06:08:12.518+0000] {processor.py:183} INFO - Processing /opt/airflow/dags/stream_monitor_dag.py took 0.089 seconds
[2026-07-02T06:08:46.150+0000] {processor.py:161} INFO - Started process (PID=3099) to work on /opt/airflow/dags/stream_monitor_dag.py
[2026-07-02T06:08:46.151+0000] {processor.py:830} INFO - Processing file /opt/airflow/dags/stream_monitor_dag.py for tasks to queue
[2026-07-02T06:08:46.152+0000] {logging_mixin.py:188} INFO - [2026-07-02T06:08:46.151+0000] {dagbag.py:538} INFO - Filling up the DagBag from /opt/airflow/dags/stream_monitor_dag.py
[2026-07-02T06:08:46.171+0000] {processor.py:840} INFO - DAG(s) 'stream_monitor_harga_pangan' retrieved from /opt/airflow/dags/stream_monitor_dag.py
[2026-07-02T06:08:46.205+0000] {logging_mixin.py:188} INFO - [2026-07-02T06:08:46.205+0000] {dag.py:3036} INFO - Sync 1 DAGs
[2026-07-02T06:08:46.223+0000] {logging_mixin.py:188} INFO - [2026-07-02T06:08:46.223+0000] {dag.py:3823} INFO - Setting next_dagrun for stream_monitor_harga_pangan to 2026-07-02 05:00:00+00:00, run_after=2026-07-02 06:00:00+00:00
[2026-07-02T06:08:46.239+0000] {processor.py:183} INFO - Processing /opt/airflow/dags/stream_monitor_dag.py took 0.092 seconds
[2026-07-02T06:09:18.832+0000] {processor.py:161} INFO - Started process (PID=3117) to work on /opt/airflow/dags/stream_monitor_dag.py
[2026-07-02T06:09:18.834+0000] {processor.py:830} INFO - Processing file /opt/airflow/dags/stream_monitor_dag.py for tasks to queue
[2026-07-02T06:09:18.835+0000] {logging_mixin.py:188} INFO - [2026-07-02T06:09:18.834+0000] {dagbag.py:538} INFO - Filling up the DagBag from /opt/airflow/dags/stream_monitor_dag.py
[2026-07-02T06:09:18.854+0000] {processor.py:840} INFO - DAG(s) 'stream_monitor_harga_pangan' retrieved from /opt/airflow/dags/stream_monitor_dag.py
[2026-07-02T06:09:18.885+0000] {logging_mixin.py:188} INFO - [2026-07-02T06:09:18.885+0000] {dag.py:3036} INFO - Sync 1 DAGs
[2026-07-02T06:09:18.904+0000] {logging_mixin.py:188} INFO - [2026-07-02T06:09:18.904+0000] {dag.py:3823} INFO - Setting next_dagrun for stream_monitor_harga_pangan to 2026-07-02 05:00:00+00:00, run_after=2026-07-02 06:00:00+00:00
[2026-07-02T06:09:18.925+0000] {processor.py:183} INFO - Processing /opt/airflow/dags/stream_monitor_dag.py took 0.097 seconds
[2026-07-02T06:09:52.523+0000] {processor.py:161} INFO - Started process (PID=3135) to work on /opt/airflow/dags/stream_monitor_dag.py
[2026-07-02T06:09:52.524+0000] {processor.py:830} INFO - Processing file /opt/airflow/dags/stream_monitor_dag.py for tasks to queue
[2026-07-02T06:09:52.525+0000] {logging_mixin.py:188} INFO - [2026-07-02T06:09:52.524+0000] {dagbag.py:538} INFO - Filling up the DagBag from /opt/airflow/dags/stream_monitor_dag.py
[2026-07-02T06:09:52.545+0000] {processor.py:840} INFO - DAG(s) 'stream_monitor_harga_pangan' retrieved from /opt/airflow/dags/stream_monitor_dag.py
[2026-07-02T06:09:52.578+0000] {logging_mixin.py:188} INFO - [2026-07-02T06:09:52.577+0000] {dag.py:3036} INFO - Sync 1 DAGs
[2026-07-02T06:09:52.596+0000] {logging_mixin.py:188} INFO - [2026-07-02T06:09:52.595+0000] {dag.py:3823} INFO - Setting next_dagrun for stream_monitor_harga_pangan to 2026-07-02 05:00:00+00:00, run_after=2026-07-02 06:00:00+00:00
[2026-07-02T06:09:52.612+0000] {processor.py:183} INFO - Processing /opt/airflow/dags/stream_monitor_dag.py took 0.091 seconds
[2026-07-02T06:10:25.267+0000] {processor.py:161} INFO - Started process (PID=3153) to work on /opt/airflow/dags/stream_monitor_dag.py
[2026-07-02T06:10:25.270+0000] {processor.py:830} INFO - Processing file /opt/airflow/dags/stream_monitor_dag.py for tasks to queue
[2026-07-02T06:10:25.271+0000] {logging_mixin.py:188} INFO - [2026-07-02T06:10:25.271+0000] {dagbag.py:538} INFO - Filling up the DagBag from /opt/airflow/dags/stream_monitor_dag.py
[2026-07-02T06:10:25.299+0000] {processor.py:840} INFO - DAG(s) 'stream_monitor_harga_pangan' retrieved from /opt/airflow/dags/stream_monitor_dag.py
[2026-07-02T06:10:25.341+0000] {logging_mixin.py:188} INFO - [2026-07-02T06:10:25.341+0000] {dag.py:3036} INFO - Sync 1 DAGs
[2026-07-02T06:10:25.362+0000] {logging_mixin.py:188} INFO - [2026-07-02T06:10:25.361+0000] {dag.py:3823} INFO - Setting next_dagrun for stream_monitor_harga_pangan to 2026-07-02 05:00:00+00:00, run_after=2026-07-02 06:00:00+00:00
[2026-07-02T06:10:25.378+0000] {processor.py:183} INFO - Processing /opt/airflow/dags/stream_monitor_dag.py took 0.116 seconds
[2026-07-02T06:10:58.985+0000] {processor.py:161} INFO - Started process (PID=3171) to work on /opt/airflow/dags/stream_monitor_dag.py
[2026-07-02T06:10:58.986+0000] {processor.py:830} INFO - Processing file /opt/airflow/dags/stream_monitor_dag.py for tasks to queue
[2026-07-02T06:10:58.987+0000] {logging_mixin.py:188} INFO - [2026-07-02T06:10:58.987+0000] {dagbag.py:538} INFO - Filling up the DagBag from /opt/airflow/dags/stream_monitor_dag.py
[2026-07-02T06:10:59.006+0000] {processor.py:840} INFO - DAG(s) 'stream_monitor_harga_pangan' retrieved from /opt/airflow/dags/stream_monitor_dag.py
[2026-07-02T06:10:59.041+0000] {logging_mixin.py:188} INFO - [2026-07-02T06:10:59.041+0000] {dag.py:3036} INFO - Sync 1 DAGs
[2026-07-02T06:10:59.060+0000] {logging_mixin.py:188} INFO - [2026-07-02T06:10:59.060+0000] {dag.py:3823} INFO - Setting next_dagrun for stream_monitor_harga_pangan to 2026-07-02 05:00:00+00:00, run_after=2026-07-02 06:00:00+00:00
[2026-07-02T06:10:59.076+0000] {processor.py:183} INFO - Processing /opt/airflow/dags/stream_monitor_dag.py took 0.094 seconds
[2026-07-02T06:11:32.712+0000] {processor.py:161} INFO - Started process (PID=3189) to work on /opt/airflow/dags/stream_monitor_dag.py
[2026-07-02T06:11:32.713+0000] {processor.py:830} INFO - Processing file /opt/airflow/dags/stream_monitor_dag.py for tasks to queue
[2026-07-02T06:11:32.714+0000] {logging_mixin.py:188} INFO - [2026-07-02T06:11:32.714+0000] {dagbag.py:538} INFO - Filling up the DagBag from /opt/airflow/dags/stream_monitor_dag.py
[2026-07-02T06:11:32.736+0000] {processor.py:840} INFO - DAG(s) 'stream_monitor_harga_pangan' retrieved from /opt/airflow/dags/stream_monitor_dag.py
[2026-07-02T06:11:32.770+0000] {logging_mixin.py:188} INFO - [2026-07-02T06:11:32.770+0000] {dag.py:3036} INFO - Sync 1 DAGs
[2026-07-02T06:11:32.789+0000] {logging_mixin.py:188} INFO - [2026-07-02T06:11:32.789+0000] {dag.py:3823} INFO - Setting next_dagrun for stream_monitor_harga_pangan to 2026-07-02 05:00:00+00:00, run_after=2026-07-02 06:00:00+00:00
[2026-07-02T06:11:32.805+0000] {processor.py:183} INFO - Processing /opt/airflow/dags/stream_monitor_dag.py took 0.095 seconds
[2026-07-02T06:12:05.419+0000] {processor.py:161} INFO - Started process (PID=3207) to work on /opt/airflow/dags/stream_monitor_dag.py
[2026-07-02T06:12:05.420+0000] {processor.py:830} INFO - Processing file /opt/airflow/dags/stream_monitor_dag.py for tasks to queue
[2026-07-02T06:12:05.421+0000] {logging_mixin.py:188} INFO - [2026-07-02T06:12:05.420+0000] {dagbag.py:538} INFO - Filling up the DagBag from /opt/airflow/dags/stream_monitor_dag.py
[2026-07-02T06:12:05.445+0000] {processor.py:840} INFO - DAG(s) 'stream_monitor_harga_pangan' retrieved from /opt/airflow/dags/stream_monitor_dag.py
[2026-07-02T06:12:05.487+0000] {logging_mixin.py:188} INFO - [2026-07-02T06:12:05.487+0000] {dag.py:3036} INFO - Sync 1 DAGs
[2026-07-02T06:12:05.508+0000] {logging_mixin.py:188} INFO - [2026-07-02T06:12:05.508+0000] {dag.py:3823} INFO - Setting next_dagrun for stream_monitor_harga_pangan to 2026-07-02 05:00:00+00:00, run_after=2026-07-02 06:00:00+00:00
[2026-07-02T06:12:05.528+0000] {processor.py:183} INFO - Processing /opt/airflow/dags/stream_monitor_dag.py took 0.112 seconds
[2026-07-02T06:12:39.133+0000] {processor.py:161} INFO - Started process (PID=3225) to work on /opt/airflow/dags/stream_monitor_dag.py
[2026-07-02T06:12:39.134+0000] {processor.py:830} INFO - Processing file /opt/airflow/dags/stream_monitor_dag.py for tasks to queue
[2026-07-02T06:12:39.136+0000] {logging_mixin.py:188} INFO - [2026-07-02T06:12:39.136+0000] {dagbag.py:538} INFO - Filling up the DagBag from /opt/airflow/dags/stream_monitor_dag.py
[2026-07-02T06:12:39.154+0000] {processor.py:840} INFO - DAG(s) 'stream_monitor_harga_pangan' retrieved from /opt/airflow/dags/stream_monitor_dag.py
[2026-07-02T06:12:39.187+0000] {logging_mixin.py:188} INFO - [2026-07-02T06:12:39.186+0000] {dag.py:3036} INFO - Sync 1 DAGs
[2026-07-02T06:12:39.204+0000] {logging_mixin.py:188} INFO - [2026-07-02T06:12:39.204+0000] {dag.py:3823} INFO - Setting next_dagrun for stream_monitor_harga_pangan to 2026-07-02 05:00:00+00:00, run_after=2026-07-02 06:00:00+00:00
[2026-07-02T06:12:39.221+0000] {processor.py:183} INFO - Processing /opt/airflow/dags/stream_monitor_dag.py took 0.091 seconds
[2026-07-02T06:13:12.855+0000] {processor.py:161} INFO - Started process (PID=3243) to work on /opt/airflow/dags/stream_monitor_dag.py
[2026-07-02T06:13:12.857+0000] {processor.py:830} INFO - Processing file /opt/airflow/dags/stream_monitor_dag.py for tasks to queue
[2026-07-02T06:13:12.858+0000] {logging_mixin.py:188} INFO - [2026-07-02T06:13:12.858+0000] {dagbag.py:538} INFO - Filling up the DagBag from /opt/airflow/dags/stream_monitor_dag.py
[2026-07-02T06:13:12.875+0000] {processor.py:840} INFO - DAG(s) 'stream_monitor_harga_pangan' retrieved from /opt/airflow/dags/stream_monitor_dag.py
[2026-07-02T06:13:12.907+0000] {logging_mixin.py:188} INFO - [2026-07-02T06:13:12.906+0000] {dag.py:3036} INFO - Sync 1 DAGs
[2026-07-02T06:13:12.924+0000] {logging_mixin.py:188} INFO - [2026-07-02T06:13:12.924+0000] {dag.py:3823} INFO - Setting next_dagrun for stream_monitor_harga_pangan to 2026-07-02 05:00:00+00:00, run_after=2026-07-02 06:00:00+00:00
[2026-07-02T06:13:12.940+0000] {processor.py:183} INFO - Processing /opt/airflow/dags/stream_monitor_dag.py took 0.088 seconds
[2026-07-02T06:13:45.521+0000] {processor.py:161} INFO - Started process (PID=3253) to work on /opt/airflow/dags/stream_monitor_dag.py
[2026-07-02T06:13:45.522+0000] {processor.py:830} INFO - Processing file /opt/airflow/dags/stream_monitor_dag.py for tasks to queue
[2026-07-02T06:13:45.523+0000] {logging_mixin.py:188} INFO - [2026-07-02T06:13:45.523+0000] {dagbag.py:538} INFO - Filling up the DagBag from /opt/airflow/dags/stream_monitor_dag.py
[2026-07-02T06:13:45.553+0000] {processor.py:840} INFO - DAG(s) 'stream_monitor_harga_pangan' retrieved from /opt/airflow/dags/stream_monitor_dag.py
[2026-07-02T06:13:45.602+0000] {logging_mixin.py:188} INFO - [2026-07-02T06:13:45.602+0000] {dag.py:3036} INFO - Sync 1 DAGs
[2026-07-02T06:13:45.624+0000] {logging_mixin.py:188} INFO - [2026-07-02T06:13:45.624+0000] {dag.py:3823} INFO - Setting next_dagrun for stream_monitor_harga_pangan to 2026-07-02 05:00:00+00:00, run_after=2026-07-02 06:00:00+00:00
[2026-07-02T06:13:45.646+0000] {processor.py:183} INFO - Processing /opt/airflow/dags/stream_monitor_dag.py took 0.129 seconds
[2026-07-02T06:14:19.278+0000] {processor.py:161} INFO - Started process (PID=3271) to work on /opt/airflow/dags/stream_monitor_dag.py
[2026-07-02T06:14:19.279+0000] {processor.py:830} INFO - Processing file /opt/airflow/dags/stream_monitor_dag.py for tasks to queue
[2026-07-02T06:14:19.280+0000] {logging_mixin.py:188} INFO - [2026-07-02T06:14:19.280+0000] {dagbag.py:538} INFO - Filling up the DagBag from /opt/airflow/dags/stream_monitor_dag.py
[2026-07-02T06:14:19.300+0000] {processor.py:840} INFO - DAG(s) 'stream_monitor_harga_pangan' retrieved from /opt/airflow/dags/stream_monitor_dag.py
[2026-07-02T06:14:19.334+0000] {logging_mixin.py:188} INFO - [2026-07-02T06:14:19.333+0000] {dag.py:3036} INFO - Sync 1 DAGs
[2026-07-02T06:14:19.352+0000] {logging_mixin.py:188} INFO - [2026-07-02T06:14:19.352+0000] {dag.py:3823} INFO - Setting next_dagrun for stream_monitor_harga_pangan to 2026-07-02 05:00:00+00:00, run_after=2026-07-02 06:00:00+00:00
[2026-07-02T06:14:19.369+0000] {processor.py:183} INFO - Processing /opt/airflow/dags/stream_monitor_dag.py took 0.095 seconds
[2026-07-02T06:14:52.003+0000] {processor.py:161} INFO - Started process (PID=3289) to work on /opt/airflow/dags/stream_monitor_dag.py
[2026-07-02T06:14:52.005+0000] {processor.py:830} INFO - Processing file /opt/airflow/dags/stream_monitor_dag.py for tasks to queue
[2026-07-02T06:14:52.006+0000] {logging_mixin.py:188} INFO - [2026-07-02T06:14:52.005+0000] {dagbag.py:538} INFO - Filling up the DagBag from /opt/airflow/dags/stream_monitor_dag.py
[2026-07-02T06:14:52.029+0000] {processor.py:840} INFO - DAG(s) 'stream_monitor_harga_pangan' retrieved from /opt/airflow/dags/stream_monitor_dag.py
[2026-07-02T06:14:52.062+0000] {logging_mixin.py:188} INFO - [2026-07-02T06:14:52.062+0000] {dag.py:3036} INFO - Sync 1 DAGs
[2026-07-02T06:14:52.080+0000] {logging_mixin.py:188} INFO - [2026-07-02T06:14:52.080+0000] {dag.py:3823} INFO - Setting next_dagrun for stream_monitor_harga_pangan to 2026-07-02 05:00:00+00:00, run_after=2026-07-02 06:00:00+00:00
[2026-07-02T06:14:52.097+0000] {processor.py:183} INFO - Processing /opt/airflow/dags/stream_monitor_dag.py took 0.098 seconds
[2026-07-02T06:15:25.711+0000] {processor.py:161} INFO - Started process (PID=3307) to work on /opt/airflow/dags/stream_monitor_dag.py
[2026-07-02T06:15:25.712+0000] {processor.py:830} INFO - Processing file /opt/airflow/dags/stream_monitor_dag.py for tasks to queue
[2026-07-02T06:15:25.713+0000] {logging_mixin.py:188} INFO - [2026-07-02T06:15:25.713+0000] {dagbag.py:538} INFO - Filling up the DagBag from /opt/airflow/dags/stream_monitor_dag.py
[2026-07-02T06:15:25.735+0000] {processor.py:840} INFO - DAG(s) 'stream_monitor_harga_pangan' retrieved from /opt/airflow/dags/stream_monitor_dag.py
[2026-07-02T06:15:25.767+0000] {logging_mixin.py:188} INFO - [2026-07-02T06:15:25.767+0000] {dag.py:3036} INFO - Sync 1 DAGs
[2026-07-02T06:15:25.787+0000] {logging_mixin.py:188} INFO - [2026-07-02T06:15:25.786+0000] {dag.py:3823} INFO - Setting next_dagrun for stream_monitor_harga_pangan to 2026-07-02 05:00:00+00:00, run_after=2026-07-02 06:00:00+00:00
[2026-07-02T06:15:25.803+0000] {processor.py:183} INFO - Processing /opt/airflow/dags/stream_monitor_dag.py took 0.095 seconds
[2026-07-02T06:15:59.431+0000] {processor.py:161} INFO - Started process (PID=3325) to work on /opt/airflow/dags/stream_monitor_dag.py
[2026-07-02T06:15:59.432+0000] {processor.py:830} INFO - Processing file /opt/airflow/dags/stream_monitor_dag.py for tasks to queue
[2026-07-02T06:15:59.433+0000] {logging_mixin.py:188} INFO - [2026-07-02T06:15:59.433+0000] {dagbag.py:538} INFO - Filling up the DagBag from /opt/airflow/dags/stream_monitor_dag.py
[2026-07-02T06:15:59.453+0000] {processor.py:840} INFO - DAG(s) 'stream_monitor_harga_pangan' retrieved from /opt/airflow/dags/stream_monitor_dag.py
[2026-07-02T06:15:59.486+0000] {logging_mixin.py:188} INFO - [2026-07-02T06:15:59.486+0000] {dag.py:3036} INFO - Sync 1 DAGs
[2026-07-02T06:15:59.507+0000] {logging_mixin.py:188} INFO - [2026-07-02T06:15:59.506+0000] {dag.py:3823} INFO - Setting next_dagrun for stream_monitor_harga_pangan to 2026-07-02 05:00:00+00:00, run_after=2026-07-02 06:00:00+00:00
[2026-07-02T06:15:59.523+0000] {processor.py:183} INFO - Processing /opt/airflow/dags/stream_monitor_dag.py took 0.095 seconds
[2026-07-02T06:16:32.134+0000] {processor.py:161} INFO - Started process (PID=3343) to work on /opt/airflow/dags/stream_monitor_dag.py
[2026-07-02T06:16:32.134+0000] {processor.py:830} INFO - Processing file /opt/airflow/dags/stream_monitor_dag.py for tasks to queue
[2026-07-02T06:16:32.135+0000] {logging_mixin.py:188} INFO - [2026-07-02T06:16:32.135+0000] {dagbag.py:538} INFO - Filling up the DagBag from /opt/airflow/dags/stream_monitor_dag.py
[2026-07-02T06:16:32.156+0000] {processor.py:840} INFO - DAG(s) 'stream_monitor_harga_pangan' retrieved from /opt/airflow/dags/stream_monitor_dag.py
[2026-07-02T06:16:32.190+0000] {logging_mixin.py:188} INFO - [2026-07-02T06:16:32.190+0000] {dag.py:3036} INFO - Sync 1 DAGs
[2026-07-02T06:16:32.209+0000] {logging_mixin.py:188} INFO - [2026-07-02T06:16:32.209+0000] {dag.py:3823} INFO - Setting next_dagrun for stream_monitor_harga_pangan to 2026-07-02 05:00:00+00:00, run_after=2026-07-02 06:00:00+00:00
[2026-07-02T06:16:32.225+0000] {processor.py:183} INFO - Processing /opt/airflow/dags/stream_monitor_dag.py took 0.094 seconds
[2026-07-02T06:17:05.820+0000] {processor.py:161} INFO - Started process (PID=3361) to work on /opt/airflow/dags/stream_monitor_dag.py
[2026-07-02T06:17:05.822+0000] {processor.py:830} INFO - Processing file /opt/airflow/dags/stream_monitor_dag.py for tasks to queue
[2026-07-02T06:17:05.823+0000] {logging_mixin.py:188} INFO - [2026-07-02T06:17:05.823+0000] {dagbag.py:538} INFO - Filling up the DagBag from /opt/airflow/dags/stream_monitor_dag.py
[2026-07-02T06:17:05.849+0000] {processor.py:840} INFO - DAG(s) 'stream_monitor_harga_pangan' retrieved from /opt/airflow/dags/stream_monitor_dag.py
[2026-07-02T06:17:05.886+0000] {logging_mixin.py:188} INFO - [2026-07-02T06:17:05.886+0000] {dag.py:3036} INFO - Sync 1 DAGs
[2026-07-02T06:17:05.905+0000] {logging_mixin.py:188} INFO - [2026-07-02T06:17:05.905+0000] {dag.py:3823} INFO - Setting next_dagrun for stream_monitor_harga_pangan to 2026-07-02 05:00:00+00:00, run_after=2026-07-02 06:00:00+00:00
[2026-07-02T06:17:05.921+0000] {processor.py:183} INFO - Processing /opt/airflow/dags/stream_monitor_dag.py took 0.106 seconds
[2026-07-02T06:17:39.548+0000] {processor.py:161} INFO - Started process (PID=3379) to work on /opt/airflow/dags/stream_monitor_dag.py
[2026-07-02T06:17:39.550+0000] {processor.py:830} INFO - Processing file /opt/airflow/dags/stream_monitor_dag.py for tasks to queue
[2026-07-02T06:17:39.551+0000] {logging_mixin.py:188} INFO - [2026-07-02T06:17:39.551+0000] {dagbag.py:538} INFO - Filling up the DagBag from /opt/airflow/dags/stream_monitor_dag.py
[2026-07-02T06:17:39.588+0000] {processor.py:840} INFO - DAG(s) 'stream_monitor_harga_pangan' retrieved from /opt/airflow/dags/stream_monitor_dag.py
[2026-07-02T06:17:39.633+0000] {logging_mixin.py:188} INFO - [2026-07-02T06:17:39.632+0000] {dag.py:3036} INFO - Sync 1 DAGs
[2026-07-02T06:17:39.657+0000] {logging_mixin.py:188} INFO - [2026-07-02T06:17:39.657+0000] {dag.py:3823} INFO - Setting next_dagrun for stream_monitor_harga_pangan to 2026-07-02 05:00:00+00:00, run_after=2026-07-02 06:00:00+00:00
[2026-07-02T06:17:39.677+0000] {processor.py:183} INFO - Processing /opt/airflow/dags/stream_monitor_dag.py took 0.132 seconds
[2026-07-02T06:18:12.319+0000] {processor.py:161} INFO - Started process (PID=3397) to work on /opt/airflow/dags/stream_monitor_dag.py
[2026-07-02T06:18:12.320+0000] {processor.py:830} INFO - Processing file /opt/airflow/dags/stream_monitor_dag.py for tasks to queue
[2026-07-02T06:18:12.321+0000] {logging_mixin.py:188} INFO - [2026-07-02T06:18:12.321+0000] {dagbag.py:538} INFO - Filling up the DagBag from /opt/airflow/dags/stream_monitor_dag.py
[2026-07-02T06:18:12.346+0000] {processor.py:840} INFO - DAG(s) 'stream_monitor_harga_pangan' retrieved from /opt/airflow/dags/stream_monitor_dag.py
[2026-07-02T06:18:12.390+0000] {logging_mixin.py:188} INFO - [2026-07-02T06:18:12.390+0000] {dag.py:3036} INFO - Sync 1 DAGs
[2026-07-02T06:18:12.414+0000] {logging_mixin.py:188} INFO - [2026-07-02T06:18:12.414+0000] {dag.py:3823} INFO - Setting next_dagrun for stream_monitor_harga_pangan to 2026-07-02 05:00:00+00:00, run_after=2026-07-02 06:00:00+00:00
[2026-07-02T06:18:12.433+0000] {processor.py:183} INFO - Processing /opt/airflow/dags/stream_monitor_dag.py took 0.117 seconds
[2026-07-02T06:18:46.021+0000] {processor.py:161} INFO - Started process (PID=3415) to work on /opt/airflow/dags/stream_monitor_dag.py
[2026-07-02T06:18:46.022+0000] {processor.py:830} INFO - Processing file /opt/airflow/dags/stream_monitor_dag.py for tasks to queue
[2026-07-02T06:18:46.023+0000] {logging_mixin.py:188} INFO - [2026-07-02T06:18:46.023+0000] {dagbag.py:538} INFO - Filling up the DagBag from /opt/airflow/dags/stream_monitor_dag.py
[2026-07-02T06:18:46.047+0000] {processor.py:840} INFO - DAG(s) 'stream_monitor_harga_pangan' retrieved from /opt/airflow/dags/stream_monitor_dag.py
[2026-07-02T06:18:46.084+0000] {logging_mixin.py:188} INFO - [2026-07-02T06:18:46.084+0000] {dag.py:3036} INFO - Sync 1 DAGs
[2026-07-02T06:18:46.104+0000] {logging_mixin.py:188} INFO - [2026-07-02T06:18:46.104+0000] {dag.py:3823} INFO - Setting next_dagrun for stream_monitor_harga_pangan to 2026-07-02 05:00:00+00:00, run_after=2026-07-02 06:00:00+00:00
[2026-07-02T06:18:46.121+0000] {processor.py:183} INFO - Processing /opt/airflow/dags/stream_monitor_dag.py took 0.104 seconds
[2026-07-02T06:19:18.733+0000] {processor.py:161} INFO - Started process (PID=3433) to work on /opt/airflow/dags/stream_monitor_dag.py
[2026-07-02T06:19:18.734+0000] {processor.py:830} INFO - Processing file /opt/airflow/dags/stream_monitor_dag.py for tasks to queue
[2026-07-02T06:19:18.734+0000] {logging_mixin.py:188} INFO - [2026-07-02T06:19:18.734+0000] {dagbag.py:538} INFO - Filling up the DagBag from /opt/airflow/dags/stream_monitor_dag.py
[2026-07-02T06:19:18.758+0000] {processor.py:840} INFO - DAG(s) 'stream_monitor_harga_pangan' retrieved from /opt/airflow/dags/stream_monitor_dag.py
[2026-07-02T06:19:18.793+0000] {logging_mixin.py:188} INFO - [2026-07-02T06:19:18.793+0000] {dag.py:3036} INFO - Sync 1 DAGs
[2026-07-02T06:19:18.815+0000] {logging_mixin.py:188} INFO - [2026-07-02T06:19:18.815+0000] {dag.py:3823} INFO - Setting next_dagrun for stream_monitor_harga_pangan to 2026-07-02 05:00:00+00:00, run_after=2026-07-02 06:00:00+00:00
[2026-07-02T06:19:18.833+0000] {processor.py:183} INFO - Processing /opt/airflow/dags/stream_monitor_dag.py took 0.103 seconds
[2026-07-02T06:19:52.459+0000] {processor.py:161} INFO - Started process (PID=3451) to work on /opt/airflow/dags/stream_monitor_dag.py
[2026-07-02T06:19:52.461+0000] {processor.py:830} INFO - Processing file /opt/airflow/dags/stream_monitor_dag.py for tasks to queue
[2026-07-02T06:19:52.462+0000] {logging_mixin.py:188} INFO - [2026-07-02T06:19:52.461+0000] {dagbag.py:538} INFO - Filling up the DagBag from /opt/airflow/dags/stream_monitor_dag.py
[2026-07-02T06:19:52.483+0000] {processor.py:840} INFO - DAG(s) 'stream_monitor_harga_pangan' retrieved from /opt/airflow/dags/stream_monitor_dag.py
[2026-07-02T06:19:52.516+0000] {logging_mixin.py:188} INFO - [2026-07-02T06:19:52.515+0000] {dag.py:3036} INFO - Sync 1 DAGs
[2026-07-02T06:19:52.535+0000] {logging_mixin.py:188} INFO - [2026-07-02T06:19:52.535+0000] {dag.py:3823} INFO - Setting next_dagrun for stream_monitor_harga_pangan to 2026-07-02 05:00:00+00:00, run_after=2026-07-02 06:00:00+00:00
[2026-07-02T06:19:52.551+0000] {processor.py:183} INFO - Processing /opt/airflow/dags/stream_monitor_dag.py took 0.095 seconds
[2026-07-02T06:20:26.189+0000] {processor.py:161} INFO - Started process (PID=3469) to work on /opt/airflow/dags/stream_monitor_dag.py
[2026-07-02T06:20:26.190+0000] {processor.py:830} INFO - Processing file /opt/airflow/dags/stream_monitor_dag.py for tasks to queue
[2026-07-02T06:20:26.191+0000] {logging_mixin.py:188} INFO - [2026-07-02T06:20:26.191+0000] {dagbag.py:538} INFO - Filling up the DagBag from /opt/airflow/dags/stream_monitor_dag.py
[2026-07-02T06:20:26.219+0000] {processor.py:840} INFO - DAG(s) 'stream_monitor_harga_pangan' retrieved from /opt/airflow/dags/stream_monitor_dag.py
[2026-07-02T06:20:26.261+0000] {logging_mixin.py:188} INFO - [2026-07-02T06:20:26.260+0000] {dag.py:3036} INFO - Sync 1 DAGs
[2026-07-02T06:20:26.286+0000] {logging_mixin.py:188} INFO - [2026-07-02T06:20:26.285+0000] {dag.py:3823} INFO - Setting next_dagrun for stream_monitor_harga_pangan to 2026-07-02 05:00:00+00:00, run_after=2026-07-02 06:00:00+00:00
[2026-07-02T06:20:26.306+0000] {processor.py:183} INFO - Processing /opt/airflow/dags/stream_monitor_dag.py took 0.122 seconds
[2026-07-02T06:20:58.908+0000] {processor.py:161} INFO - Started process (PID=3487) to work on /opt/airflow/dags/stream_monitor_dag.py
[2026-07-02T06:20:58.910+0000] {processor.py:830} INFO - Processing file /opt/airflow/dags/stream_monitor_dag.py for tasks to queue
[2026-07-02T06:20:58.911+0000] {logging_mixin.py:188} INFO - [2026-07-02T06:20:58.910+0000] {dagbag.py:538} INFO - Filling up the DagBag from /opt/airflow/dags/stream_monitor_dag.py
[2026-07-02T06:20:58.939+0000] {processor.py:840} INFO - DAG(s) 'stream_monitor_harga_pangan' retrieved from /opt/airflow/dags/stream_monitor_dag.py
[2026-07-02T06:20:58.976+0000] {logging_mixin.py:188} INFO - [2026-07-02T06:20:58.976+0000] {dag.py:3036} INFO - Sync 1 DAGs
[2026-07-02T06:20:58.997+0000] {logging_mixin.py:188} INFO - [2026-07-02T06:20:58.997+0000] {dag.py:3823} INFO - Setting next_dagrun for stream_monitor_harga_pangan to 2026-07-02 05:00:00+00:00, run_after=2026-07-02 06:00:00+00:00
[2026-07-02T06:20:59.014+0000] {processor.py:183} INFO - Processing /opt/airflow/dags/stream_monitor_dag.py took 0.110 seconds
[2026-07-02T06:21:32.630+0000] {processor.py:161} INFO - Started process (PID=3505) to work on /opt/airflow/dags/stream_monitor_dag.py
[2026-07-02T06:21:32.631+0000] {processor.py:830} INFO - Processing file /opt/airflow/dags/stream_monitor_dag.py for tasks to queue
[2026-07-02T06:21:32.632+0000] {logging_mixin.py:188} INFO - [2026-07-02T06:21:32.632+0000] {dagbag.py:538} INFO - Filling up the DagBag from /opt/airflow/dags/stream_monitor_dag.py
[2026-07-02T06:21:32.668+0000] {processor.py:840} INFO - DAG(s) 'stream_monitor_harga_pangan' retrieved from /opt/airflow/dags/stream_monitor_dag.py
[2026-07-02T06:21:32.708+0000] {logging_mixin.py:188} INFO - [2026-07-02T06:21:32.708+0000] {dag.py:3036} INFO - Sync 1 DAGs
[2026-07-02T06:21:32.729+0000] {logging_mixin.py:188} INFO - [2026-07-02T06:21:32.729+0000] {dag.py:3823} INFO - Setting next_dagrun for stream_monitor_harga_pangan to 2026-07-02 05:00:00+00:00, run_after=2026-07-02 06:00:00+00:00
[2026-07-02T06:21:32.749+0000] {processor.py:183} INFO - Processing /opt/airflow/dags/stream_monitor_dag.py took 0.122 seconds
[2026-07-02T06:22:06.335+0000] {processor.py:161} INFO - Started process (PID=3523) to work on /opt/airflow/dags/stream_monitor_dag.py
[2026-07-02T06:22:06.336+0000] {processor.py:830} INFO - Processing file /opt/airflow/dags/stream_monitor_dag.py for tasks to queue
[2026-07-02T06:22:06.338+0000] {logging_mixin.py:188} INFO - [2026-07-02T06:22:06.338+0000] {dagbag.py:538} INFO - Filling up the DagBag from /opt/airflow/dags/stream_monitor_dag.py
[2026-07-02T06:22:06.360+0000] {processor.py:840} INFO - DAG(s) 'stream_monitor_harga_pangan' retrieved from /opt/airflow/dags/stream_monitor_dag.py
[2026-07-02T06:22:06.401+0000] {logging_mixin.py:188} INFO - [2026-07-02T06:22:06.400+0000] {dag.py:3036} INFO - Sync 1 DAGs
[2026-07-02T06:22:06.419+0000] {logging_mixin.py:188} INFO - [2026-07-02T06:22:06.419+0000] {dag.py:3823} INFO - Setting next_dagrun for stream_monitor_harga_pangan to 2026-07-02 05:00:00+00:00, run_after=2026-07-02 06:00:00+00:00
[2026-07-02T06:22:06.436+0000] {processor.py:183} INFO - Processing /opt/airflow/dags/stream_monitor_dag.py took 0.104 seconds
[2026-07-02T06:22:39.007+0000] {processor.py:161} INFO - Started process (PID=3540) to work on /opt/airflow/dags/stream_monitor_dag.py
[2026-07-02T06:22:39.009+0000] {processor.py:830} INFO - Processing file /opt/airflow/dags/stream_monitor_dag.py for tasks to queue
[2026-07-02T06:22:39.010+0000] {logging_mixin.py:188} INFO - [2026-07-02T06:22:39.010+0000] {dagbag.py:538} INFO - Filling up the DagBag from /opt/airflow/dags/stream_monitor_dag.py
[2026-07-02T06:22:39.036+0000] {processor.py:840} INFO - DAG(s) 'stream_monitor_harga_pangan' retrieved from /opt/airflow/dags/stream_monitor_dag.py
[2026-07-02T06:22:39.071+0000] {logging_mixin.py:188} INFO - [2026-07-02T06:22:39.071+0000] {dag.py:3036} INFO - Sync 1 DAGs
[2026-07-02T06:22:39.093+0000] {logging_mixin.py:188} INFO - [2026-07-02T06:22:39.093+0000] {dag.py:3823} INFO - Setting next_dagrun for stream_monitor_harga_pangan to 2026-07-02 05:00:00+00:00, run_after=2026-07-02 06:00:00+00:00
[2026-07-02T06:22:39.112+0000] {processor.py:183} INFO - Processing /opt/airflow/dags/stream_monitor_dag.py took 0.108 seconds
[2026-07-02T06:23:12.809+0000] {processor.py:161} INFO - Started process (PID=3551) to work on /opt/airflow/dags/stream_monitor_dag.py
[2026-07-02T06:23:12.810+0000] {processor.py:830} INFO - Processing file /opt/airflow/dags/stream_monitor_dag.py for tasks to queue
[2026-07-02T06:23:12.811+0000] {logging_mixin.py:188} INFO - [2026-07-02T06:23:12.810+0000] {dagbag.py:538} INFO - Filling up the DagBag from /opt/airflow/dags/stream_monitor_dag.py
[2026-07-02T06:23:12.835+0000] {processor.py:840} INFO - DAG(s) 'stream_monitor_harga_pangan' retrieved from /opt/airflow/dags/stream_monitor_dag.py
[2026-07-02T06:23:12.872+0000] {logging_mixin.py:188} INFO - [2026-07-02T06:23:12.872+0000] {dag.py:3036} INFO - Sync 1 DAGs
[2026-07-02T06:23:12.894+0000] {logging_mixin.py:188} INFO - [2026-07-02T06:23:12.893+0000] {dag.py:3823} INFO - Setting next_dagrun for stream_monitor_harga_pangan to 2026-07-02 05:00:00+00:00, run_after=2026-07-02 06:00:00+00:00
[2026-07-02T06:23:12.910+0000] {processor.py:183} INFO - Processing /opt/airflow/dags/stream_monitor_dag.py took 0.105 seconds
[2026-07-02T06:23:45.461+0000] {processor.py:161} INFO - Started process (PID=3570) to work on /opt/airflow/dags/stream_monitor_dag.py
[2026-07-02T06:23:45.462+0000] {processor.py:830} INFO - Processing file /opt/airflow/dags/stream_monitor_dag.py for tasks to queue
[2026-07-02T06:23:45.463+0000] {logging_mixin.py:188} INFO - [2026-07-02T06:23:45.462+0000] {dagbag.py:538} INFO - Filling up the DagBag from /opt/airflow/dags/stream_monitor_dag.py
[2026-07-02T06:23:45.489+0000] {processor.py:840} INFO - DAG(s) 'stream_monitor_harga_pangan' retrieved from /opt/airflow/dags/stream_monitor_dag.py
[2026-07-02T06:23:45.529+0000] {logging_mixin.py:188} INFO - [2026-07-02T06:23:45.529+0000] {dag.py:3036} INFO - Sync 1 DAGs
[2026-07-02T06:23:45.550+0000] {logging_mixin.py:188} INFO - [2026-07-02T06:23:45.549+0000] {dag.py:3823} INFO - Setting next_dagrun for stream_monitor_harga_pangan to 2026-07-02 05:00:00+00:00, run_after=2026-07-02 06:00:00+00:00
[2026-07-02T06:23:45.569+0000] {processor.py:183} INFO - Processing /opt/airflow/dags/stream_monitor_dag.py took 0.111 seconds
[2026-07-02T06:24:19.163+0000] {processor.py:161} INFO - Started process (PID=3588) to work on /opt/airflow/dags/stream_monitor_dag.py
[2026-07-02T06:24:19.164+0000] {processor.py:830} INFO - Processing file /opt/airflow/dags/stream_monitor_dag.py for tasks to queue
[2026-07-02T06:24:19.165+0000] {logging_mixin.py:188} INFO - [2026-07-02T06:24:19.165+0000] {dagbag.py:538} INFO - Filling up the DagBag from /opt/airflow/dags/stream_monitor_dag.py
[2026-07-02T06:24:19.187+0000] {processor.py:840} INFO - DAG(s) 'stream_monitor_harga_pangan' retrieved from /opt/airflow/dags/stream_monitor_dag.py
[2026-07-02T06:24:19.221+0000] {logging_mixin.py:188} INFO - [2026-07-02T06:24:19.221+0000] {dag.py:3036} INFO - Sync 1 DAGs
[2026-07-02T06:24:19.240+0000] {logging_mixin.py:188} INFO - [2026-07-02T06:24:19.239+0000] {dag.py:3823} INFO - Setting next_dagrun for stream_monitor_harga_pangan to 2026-07-02 05:00:00+00:00, run_after=2026-07-02 06:00:00+00:00
[2026-07-02T06:24:19.257+0000] {processor.py:183} INFO - Processing /opt/airflow/dags/stream_monitor_dag.py took 0.098 seconds
[2026-07-02T06:24:52.820+0000] {processor.py:161} INFO - Started process (PID=3606) to work on /opt/airflow/dags/stream_monitor_dag.py
[2026-07-02T06:24:52.820+0000] {processor.py:830} INFO - Processing file /opt/airflow/dags/stream_monitor_dag.py for tasks to queue
[2026-07-02T06:24:52.821+0000] {logging_mixin.py:188} INFO - [2026-07-02T06:24:52.821+0000] {dagbag.py:538} INFO - Filling up the DagBag from /opt/airflow/dags/stream_monitor_dag.py
[2026-07-02T06:24:52.849+0000] {processor.py:840} INFO - DAG(s) 'stream_monitor_harga_pangan' retrieved from /opt/airflow/dags/stream_monitor_dag.py
[2026-07-02T06:24:52.888+0000] {logging_mixin.py:188} INFO - [2026-07-02T06:24:52.887+0000] {dag.py:3036} INFO - Sync 1 DAGs
[2026-07-02T06:24:52.912+0000] {logging_mixin.py:188} INFO - [2026-07-02T06:24:52.912+0000] {dag.py:3823} INFO - Setting next_dagrun for stream_monitor_harga_pangan to 2026-07-02 05:00:00+00:00, run_after=2026-07-02 06:00:00+00:00
[2026-07-02T06:24:52.930+0000] {processor.py:183} INFO - Processing /opt/airflow/dags/stream_monitor_dag.py took 0.113 seconds
[2026-07-02T06:25:25.522+0000] {processor.py:161} INFO - Started process (PID=3624) to work on /opt/airflow/dags/stream_monitor_dag.py
[2026-07-02T06:25:25.523+0000] {processor.py:830} INFO - Processing file /opt/airflow/dags/stream_monitor_dag.py for tasks to queue
[2026-07-02T06:25:25.524+0000] {logging_mixin.py:188} INFO - [2026-07-02T06:25:25.524+0000] {dagbag.py:538} INFO - Filling up the DagBag from /opt/airflow/dags/stream_monitor_dag.py
[2026-07-02T06:25:25.560+0000] {processor.py:840} INFO - DAG(s) 'stream_monitor_harga_pangan' retrieved from /opt/airflow/dags/stream_monitor_dag.py
[2026-07-02T06:25:25.611+0000] {logging_mixin.py:188} INFO - [2026-07-02T06:25:25.611+0000] {dag.py:3036} INFO - Sync 1 DAGs
[2026-07-02T06:25:25.640+0000] {logging_mixin.py:188} INFO - [2026-07-02T06:25:25.639+0000] {dag.py:3823} INFO - Setting next_dagrun for stream_monitor_harga_pangan to 2026-07-02 05:00:00+00:00, run_after=2026-07-02 06:00:00+00:00
[2026-07-02T06:25:25.661+0000] {processor.py:183} INFO - Processing /opt/airflow/dags/stream_monitor_dag.py took 0.144 seconds
[2026-07-02T06:25:59.198+0000] {processor.py:161} INFO - Started process (PID=3642) to work on /opt/airflow/dags/stream_monitor_dag.py
[2026-07-02T06:25:59.199+0000] {processor.py:830} INFO - Processing file /opt/airflow/dags/stream_monitor_dag.py for tasks to queue
[2026-07-02T06:25:59.200+0000] {logging_mixin.py:188} INFO - [2026-07-02T06:25:59.200+0000] {dagbag.py:538} INFO - Filling up the DagBag from /opt/airflow/dags/stream_monitor_dag.py
[2026-07-02T06:25:59.225+0000] {processor.py:840} INFO - DAG(s) 'stream_monitor_harga_pangan' retrieved from /opt/airflow/dags/stream_monitor_dag.py
[2026-07-02T06:25:59.263+0000] {logging_mixin.py:188} INFO - [2026-07-02T06:25:59.263+0000] {dag.py:3036} INFO - Sync 1 DAGs
[2026-07-02T06:25:59.282+0000] {logging_mixin.py:188} INFO - [2026-07-02T06:25:59.282+0000] {dag.py:3823} INFO - Setting next_dagrun for stream_monitor_harga_pangan to 2026-07-02 05:00:00+00:00, run_after=2026-07-02 06:00:00+00:00
[2026-07-02T06:25:59.304+0000] {processor.py:183} INFO - Processing /opt/airflow/dags/stream_monitor_dag.py took 0.109 seconds
[2026-07-02T06:26:32.870+0000] {processor.py:161} INFO - Started process (PID=3660) to work on /opt/airflow/dags/stream_monitor_dag.py
[2026-07-02T06:26:32.872+0000] {processor.py:830} INFO - Processing file /opt/airflow/dags/stream_monitor_dag.py for tasks to queue
[2026-07-02T06:26:32.873+0000] {logging_mixin.py:188} INFO - [2026-07-02T06:26:32.873+0000] {dagbag.py:538} INFO - Filling up the DagBag from /opt/airflow/dags/stream_monitor_dag.py
[2026-07-02T06:26:32.895+0000] {processor.py:840} INFO - DAG(s) 'stream_monitor_harga_pangan' retrieved from /opt/airflow/dags/stream_monitor_dag.py
[2026-07-02T06:26:32.933+0000] {logging_mixin.py:188} INFO - [2026-07-02T06:26:32.932+0000] {dag.py:3036} INFO - Sync 1 DAGs
[2026-07-02T06:26:32.960+0000] {logging_mixin.py:188} INFO - [2026-07-02T06:26:32.960+0000] {dag.py:3823} INFO - Setting next_dagrun for stream_monitor_harga_pangan to 2026-07-02 05:00:00+00:00, run_after=2026-07-02 06:00:00+00:00
[2026-07-02T06:26:32.981+0000] {processor.py:183} INFO - Processing /opt/airflow/dags/stream_monitor_dag.py took 0.115 seconds
[2026-07-02T06:27:05.560+0000] {processor.py:161} INFO - Started process (PID=3678) to work on /opt/airflow/dags/stream_monitor_dag.py
[2026-07-02T06:27:05.561+0000] {processor.py:830} INFO - Processing file /opt/airflow/dags/stream_monitor_dag.py for tasks to queue
[2026-07-02T06:27:05.563+0000] {logging_mixin.py:188} INFO - [2026-07-02T06:27:05.562+0000] {dagbag.py:538} INFO - Filling up the DagBag from /opt/airflow/dags/stream_monitor_dag.py
[2026-07-02T06:27:05.584+0000] {processor.py:840} INFO - DAG(s) 'stream_monitor_harga_pangan' retrieved from /opt/airflow/dags/stream_monitor_dag.py
[2026-07-02T06:27:05.630+0000] {logging_mixin.py:188} INFO - [2026-07-02T06:27:05.629+0000] {dag.py:3036} INFO - Sync 1 DAGs
[2026-07-02T06:27:05.655+0000] {logging_mixin.py:188} INFO - [2026-07-02T06:27:05.655+0000] {dag.py:3823} INFO - Setting next_dagrun for stream_monitor_harga_pangan to 2026-07-02 05:00:00+00:00, run_after=2026-07-02 06:00:00+00:00
[2026-07-02T06:27:05.675+0000] {processor.py:183} INFO - Processing /opt/airflow/dags/stream_monitor_dag.py took 0.118 seconds
[2026-07-02T06:27:39.271+0000] {processor.py:161} INFO - Started process (PID=3696) to work on /opt/airflow/dags/stream_monitor_dag.py
[2026-07-02T06:27:39.274+0000] {processor.py:830} INFO - Processing file /opt/airflow/dags/stream_monitor_dag.py for tasks to queue
[2026-07-02T06:27:39.277+0000] {logging_mixin.py:188} INFO - [2026-07-02T06:27:39.276+0000] {dagbag.py:538} INFO - Filling up the DagBag from /opt/airflow/dags/stream_monitor_dag.py
[2026-07-02T06:27:39.308+0000] {processor.py:840} INFO - DAG(s) 'stream_monitor_harga_pangan' retrieved from /opt/airflow/dags/stream_monitor_dag.py
[2026-07-02T06:27:39.351+0000] {logging_mixin.py:188} INFO - [2026-07-02T06:27:39.351+0000] {dag.py:3036} INFO - Sync 1 DAGs
[2026-07-02T06:27:39.377+0000] {logging_mixin.py:188} INFO - [2026-07-02T06:27:39.377+0000] {dag.py:3823} INFO - Setting next_dagrun for stream_monitor_harga_pangan to 2026-07-02 05:00:00+00:00, run_after=2026-07-02 06:00:00+00:00
[2026-07-02T06:27:39.397+0000] {processor.py:183} INFO - Processing /opt/airflow/dags/stream_monitor_dag.py took 0.153 seconds
[2026-07-02T06:28:11.985+0000] {processor.py:161} INFO - Started process (PID=3714) to work on /opt/airflow/dags/stream_monitor_dag.py
[2026-07-02T06:28:11.987+0000] {processor.py:830} INFO - Processing file /opt/airflow/dags/stream_monitor_dag.py for tasks to queue
[2026-07-02T06:28:11.988+0000] {logging_mixin.py:188} INFO - [2026-07-02T06:28:11.987+0000] {dagbag.py:538} INFO - Filling up the DagBag from /opt/airflow/dags/stream_monitor_dag.py
[2026-07-02T06:28:12.018+0000] {processor.py:840} INFO - DAG(s) 'stream_monitor_harga_pangan' retrieved from /opt/airflow/dags/stream_monitor_dag.py
[2026-07-02T06:28:12.066+0000] {logging_mixin.py:188} INFO - [2026-07-02T06:28:12.065+0000] {dag.py:3036} INFO - Sync 1 DAGs
[2026-07-02T06:28:12.091+0000] {logging_mixin.py:188} INFO - [2026-07-02T06:28:12.090+0000] {dag.py:3823} INFO - Setting next_dagrun for stream_monitor_harga_pangan to 2026-07-02 05:00:00+00:00, run_after=2026-07-02 06:00:00+00:00
[2026-07-02T06:28:12.116+0000] {processor.py:183} INFO - Processing /opt/airflow/dags/stream_monitor_dag.py took 0.133 seconds
[2026-07-02T06:28:45.671+0000] {processor.py:161} INFO - Started process (PID=3732) to work on /opt/airflow/dags/stream_monitor_dag.py
[2026-07-02T06:28:45.676+0000] {processor.py:830} INFO - Processing file /opt/airflow/dags/stream_monitor_dag.py for tasks to queue
[2026-07-02T06:28:45.677+0000] {logging_mixin.py:188} INFO - [2026-07-02T06:28:45.677+0000] {dagbag.py:538} INFO - Filling up the DagBag from /opt/airflow/dags/stream_monitor_dag.py
[2026-07-02T06:28:45.709+0000] {processor.py:840} INFO - DAG(s) 'stream_monitor_harga_pangan' retrieved from /opt/airflow/dags/stream_monitor_dag.py
[2026-07-02T06:28:45.745+0000] {logging_mixin.py:188} INFO - [2026-07-02T06:28:45.744+0000] {dag.py:3036} INFO - Sync 1 DAGs
[2026-07-02T06:28:45.763+0000] {logging_mixin.py:188} INFO - [2026-07-02T06:28:45.763+0000] {dag.py:3823} INFO - Setting next_dagrun for stream_monitor_harga_pangan to 2026-07-02 05:00:00+00:00, run_after=2026-07-02 06:00:00+00:00
[2026-07-02T06:28:45.842+0000] {processor.py:183} INFO - Processing /opt/airflow/dags/stream_monitor_dag.py took 0.174 seconds
[2026-07-02T06:29:19.428+0000] {processor.py:161} INFO - Started process (PID=3750) to work on /opt/airflow/dags/stream_monitor_dag.py
[2026-07-02T06:29:19.429+0000] {processor.py:830} INFO - Processing file /opt/airflow/dags/stream_monitor_dag.py for tasks to queue
[2026-07-02T06:29:19.430+0000] {logging_mixin.py:188} INFO - [2026-07-02T06:29:19.430+0000] {dagbag.py:538} INFO - Filling up the DagBag from /opt/airflow/dags/stream_monitor_dag.py
[2026-07-02T06:29:19.453+0000] {processor.py:840} INFO - DAG(s) 'stream_monitor_harga_pangan' retrieved from /opt/airflow/dags/stream_monitor_dag.py
[2026-07-02T06:29:19.487+0000] {logging_mixin.py:188} INFO - [2026-07-02T06:29:19.486+0000] {dag.py:3036} INFO - Sync 1 DAGs
[2026-07-02T06:29:19.506+0000] {logging_mixin.py:188} INFO - [2026-07-02T06:29:19.506+0000] {dag.py:3823} INFO - Setting next_dagrun for stream_monitor_harga_pangan to 2026-07-02 05:00:00+00:00, run_after=2026-07-02 06:00:00+00:00
[2026-07-02T06:29:19.530+0000] {processor.py:183} INFO - Processing /opt/airflow/dags/stream_monitor_dag.py took 0.106 seconds
[2026-07-02T06:29:52.084+0000] {processor.py:161} INFO - Started process (PID=3769) to work on /opt/airflow/dags/stream_monitor_dag.py
[2026-07-02T06:29:52.086+0000] {processor.py:830} INFO - Processing file /opt/airflow/dags/stream_monitor_dag.py for tasks to queue
[2026-07-02T06:29:52.087+0000] {logging_mixin.py:188} INFO - [2026-07-02T06:29:52.086+0000] {dagbag.py:538} INFO - Filling up the DagBag from /opt/airflow/dags/stream_monitor_dag.py
[2026-07-02T06:29:52.116+0000] {processor.py:840} INFO - DAG(s) 'stream_monitor_harga_pangan' retrieved from /opt/airflow/dags/stream_monitor_dag.py
[2026-07-02T06:29:52.167+0000] {logging_mixin.py:188} INFO - [2026-07-02T06:29:52.166+0000] {dag.py:3036} INFO - Sync 1 DAGs
[2026-07-02T06:29:52.196+0000] {logging_mixin.py:188} INFO - [2026-07-02T06:29:52.195+0000] {dag.py:3823} INFO - Setting next_dagrun for stream_monitor_harga_pangan to 2026-07-02 05:00:00+00:00, run_after=2026-07-02 06:00:00+00:00
[2026-07-02T06:29:52.215+0000] {processor.py:183} INFO - Processing /opt/airflow/dags/stream_monitor_dag.py took 0.134 seconds
[2026-07-02T06:30:25.813+0000] {processor.py:161} INFO - Started process (PID=3787) to work on /opt/airflow/dags/stream_monitor_dag.py
[2026-07-02T06:30:25.814+0000] {processor.py:830} INFO - Processing file /opt/airflow/dags/stream_monitor_dag.py for tasks to queue
[2026-07-02T06:30:25.815+0000] {logging_mixin.py:188} INFO - [2026-07-02T06:30:25.815+0000] {dagbag.py:538} INFO - Filling up the DagBag from /opt/airflow/dags/stream_monitor_dag.py
[2026-07-02T06:30:25.839+0000] {processor.py:840} INFO - DAG(s) 'stream_monitor_harga_pangan' retrieved from /opt/airflow/dags/stream_monitor_dag.py
[2026-07-02T06:30:25.871+0000] {logging_mixin.py:188} INFO - [2026-07-02T06:30:25.871+0000] {dag.py:3036} INFO - Sync 1 DAGs
[2026-07-02T06:30:25.891+0000] {logging_mixin.py:188} INFO - [2026-07-02T06:30:25.891+0000] {dag.py:3823} INFO - Setting next_dagrun for stream_monitor_harga_pangan to 2026-07-02 05:00:00+00:00, run_after=2026-07-02 06:00:00+00:00
[2026-07-02T06:30:25.910+0000] {processor.py:183} INFO - Processing /opt/airflow/dags/stream_monitor_dag.py took 0.100 seconds
[2026-07-02T06:30:59.522+0000] {processor.py:161} INFO - Started process (PID=3805) to work on /opt/airflow/dags/stream_monitor_dag.py
[2026-07-02T06:30:59.524+0000] {processor.py:830} INFO - Processing file /opt/airflow/dags/stream_monitor_dag.py for tasks to queue
[2026-07-02T06:30:59.525+0000] {logging_mixin.py:188} INFO - [2026-07-02T06:30:59.525+0000] {dagbag.py:538} INFO - Filling up the DagBag from /opt/airflow/dags/stream_monitor_dag.py
[2026-07-02T06:30:59.553+0000] {processor.py:840} INFO - DAG(s) 'stream_monitor_harga_pangan' retrieved from /opt/airflow/dags/stream_monitor_dag.py
[2026-07-02T06:30:59.595+0000] {logging_mixin.py:188} INFO - [2026-07-02T06:30:59.595+0000] {dag.py:3036} INFO - Sync 1 DAGs
[2026-07-02T06:30:59.621+0000] {logging_mixin.py:188} INFO - [2026-07-02T06:30:59.621+0000] {dag.py:3823} INFO - Setting next_dagrun for stream_monitor_harga_pangan to 2026-07-02 05:00:00+00:00, run_after=2026-07-02 06:00:00+00:00
[2026-07-02T06:30:59.644+0000] {processor.py:183} INFO - Processing /opt/airflow/dags/stream_monitor_dag.py took 0.126 seconds
[2026-07-02T06:31:32.217+0000] {processor.py:161} INFO - Started process (PID=3823) to work on /opt/airflow/dags/stream_monitor_dag.py
[2026-07-02T06:31:32.218+0000] {processor.py:830} INFO - Processing file /opt/airflow/dags/stream_monitor_dag.py for tasks to queue
[2026-07-02T06:31:32.220+0000] {logging_mixin.py:188} INFO - [2026-07-02T06:31:32.219+0000] {dagbag.py:538} INFO - Filling up the DagBag from /opt/airflow/dags/stream_monitor_dag.py
[2026-07-02T06:31:32.250+0000] {processor.py:840} INFO - DAG(s) 'stream_monitor_harga_pangan' retrieved from /opt/airflow/dags/stream_monitor_dag.py
[2026-07-02T06:31:32.302+0000] {logging_mixin.py:188} INFO - [2026-07-02T06:31:32.302+0000] {dag.py:3036} INFO - Sync 1 DAGs
[2026-07-02T06:31:32.331+0000] {logging_mixin.py:188} INFO - [2026-07-02T06:31:32.331+0000] {dag.py:3823} INFO - Setting next_dagrun for stream_monitor_harga_pangan to 2026-07-02 05:00:00+00:00, run_after=2026-07-02 06:00:00+00:00
[2026-07-02T06:31:32.357+0000] {processor.py:183} INFO - Processing /opt/airflow/dags/stream_monitor_dag.py took 0.145 seconds
[2026-07-02T06:32:05.907+0000] {processor.py:161} INFO - Started process (PID=3833) to work on /opt/airflow/dags/stream_monitor_dag.py
[2026-07-02T06:32:05.909+0000] {processor.py:830} INFO - Processing file /opt/airflow/dags/stream_monitor_dag.py for tasks to queue
[2026-07-02T06:32:05.910+0000] {logging_mixin.py:188} INFO - [2026-07-02T06:32:05.909+0000] {dagbag.py:538} INFO - Filling up the DagBag from /opt/airflow/dags/stream_monitor_dag.py
[2026-07-02T06:32:05.934+0000] {processor.py:840} INFO - DAG(s) 'stream_monitor_harga_pangan' retrieved from /opt/airflow/dags/stream_monitor_dag.py
[2026-07-02T06:32:05.975+0000] {logging_mixin.py:188} INFO - [2026-07-02T06:32:05.975+0000] {dag.py:3036} INFO - Sync 1 DAGs
[2026-07-02T06:32:05.997+0000] {logging_mixin.py:188} INFO - [2026-07-02T06:32:05.997+0000] {dag.py:3823} INFO - Setting next_dagrun for stream_monitor_harga_pangan to 2026-07-02 05:00:00+00:00, run_after=2026-07-02 06:00:00+00:00
[2026-07-02T06:32:06.020+0000] {processor.py:183} INFO - Processing /opt/airflow/dags/stream_monitor_dag.py took 0.116 seconds
[2026-07-02T06:32:39.592+0000] {processor.py:161} INFO - Started process (PID=3851) to work on /opt/airflow/dags/stream_monitor_dag.py
[2026-07-02T06:32:39.593+0000] {processor.py:830} INFO - Processing file /opt/airflow/dags/stream_monitor_dag.py for tasks to queue
[2026-07-02T06:32:39.595+0000] {logging_mixin.py:188} INFO - [2026-07-02T06:32:39.594+0000] {dagbag.py:538} INFO - Filling up the DagBag from /opt/airflow/dags/stream_monitor_dag.py
[2026-07-02T06:32:39.624+0000] {processor.py:840} INFO - DAG(s) 'stream_monitor_harga_pangan' retrieved from /opt/airflow/dags/stream_monitor_dag.py
[2026-07-02T06:32:39.672+0000] {logging_mixin.py:188} INFO - [2026-07-02T06:32:39.672+0000] {dag.py:3036} INFO - Sync 1 DAGs
[2026-07-02T06:32:39.694+0000] {logging_mixin.py:188} INFO - [2026-07-02T06:32:39.693+0000] {dag.py:3823} INFO - Setting next_dagrun for stream_monitor_harga_pangan to 2026-07-02 05:00:00+00:00, run_after=2026-07-02 06:00:00+00:00
[2026-07-02T06:32:39.715+0000] {processor.py:183} INFO - Processing /opt/airflow/dags/stream_monitor_dag.py took 0.128 seconds
[2026-07-02T06:33:12.298+0000] {processor.py:161} INFO - Started process (PID=3869) to work on /opt/airflow/dags/stream_monitor_dag.py
[2026-07-02T06:33:12.300+0000] {processor.py:830} INFO - Processing file /opt/airflow/dags/stream_monitor_dag.py for tasks to queue
[2026-07-02T06:33:12.301+0000] {logging_mixin.py:188} INFO - [2026-07-02T06:33:12.300+0000] {dagbag.py:538} INFO - Filling up the DagBag from /opt/airflow/dags/stream_monitor_dag.py
[2026-07-02T06:33:12.329+0000] {processor.py:840} INFO - DAG(s) 'stream_monitor_harga_pangan' retrieved from /opt/airflow/dags/stream_monitor_dag.py
[2026-07-02T06:33:12.372+0000] {logging_mixin.py:188} INFO - [2026-07-02T06:33:12.371+0000] {dag.py:3036} INFO - Sync 1 DAGs
[2026-07-02T06:33:12.397+0000] {logging_mixin.py:188} INFO - [2026-07-02T06:33:12.396+0000] {dag.py:3823} INFO - Setting next_dagrun for stream_monitor_harga_pangan to 2026-07-02 05:00:00+00:00, run_after=2026-07-02 06:00:00+00:00
[2026-07-02T06:33:12.418+0000] {processor.py:183} INFO - Processing /opt/airflow/dags/stream_monitor_dag.py took 0.124 seconds
[2026-07-02T06:33:46.032+0000] {processor.py:161} INFO - Started process (PID=3887) to work on /opt/airflow/dags/stream_monitor_dag.py
[2026-07-02T06:33:46.033+0000] {processor.py:830} INFO - Processing file /opt/airflow/dags/stream_monitor_dag.py for tasks to queue
[2026-07-02T06:33:46.034+0000] {logging_mixin.py:188} INFO - [2026-07-02T06:33:46.034+0000] {dagbag.py:538} INFO - Filling up the DagBag from /opt/airflow/dags/stream_monitor_dag.py
[2026-07-02T06:33:46.055+0000] {processor.py:840} INFO - DAG(s) 'stream_monitor_harga_pangan' retrieved from /opt/airflow/dags/stream_monitor_dag.py
[2026-07-02T06:33:46.088+0000] {logging_mixin.py:188} INFO - [2026-07-02T06:33:46.088+0000] {dag.py:3036} INFO - Sync 1 DAGs
[2026-07-02T06:33:46.106+0000] {logging_mixin.py:188} INFO - [2026-07-02T06:33:46.106+0000] {dag.py:3823} INFO - Setting next_dagrun for stream_monitor_harga_pangan to 2026-07-02 05:00:00+00:00, run_after=2026-07-02 06:00:00+00:00
[2026-07-02T06:33:46.122+0000] {processor.py:183} INFO - Processing /opt/airflow/dags/stream_monitor_dag.py took 0.093 seconds
[2026-07-02T06:34:18.720+0000] {processor.py:161} INFO - Started process (PID=3905) to work on /opt/airflow/dags/stream_monitor_dag.py
[2026-07-02T06:34:18.722+0000] {processor.py:830} INFO - Processing file /opt/airflow/dags/stream_monitor_dag.py for tasks to queue
[2026-07-02T06:34:18.723+0000] {logging_mixin.py:188} INFO - [2026-07-02T06:34:18.722+0000] {dagbag.py:538} INFO - Filling up the DagBag from /opt/airflow/dags/stream_monitor_dag.py
[2026-07-02T06:34:18.778+0000] {processor.py:840} INFO - DAG(s) 'stream_monitor_harga_pangan' retrieved from /opt/airflow/dags/stream_monitor_dag.py
[2026-07-02T06:34:18.829+0000] {logging_mixin.py:188} INFO - [2026-07-02T06:34:18.828+0000] {dag.py:3036} INFO - Sync 1 DAGs
[2026-07-02T06:34:18.852+0000] {logging_mixin.py:188} INFO - [2026-07-02T06:34:18.852+0000] {dag.py:3823} INFO - Setting next_dagrun for stream_monitor_harga_pangan to 2026-07-02 05:00:00+00:00, run_after=2026-07-02 06:00:00+00:00
[2026-07-02T06:34:18.871+0000] {processor.py:183} INFO - Processing /opt/airflow/dags/stream_monitor_dag.py took 0.155 seconds
[2026-07-02T06:34:52.489+0000] {processor.py:161} INFO - Started process (PID=3923) to work on /opt/airflow/dags/stream_monitor_dag.py
[2026-07-02T06:34:52.491+0000] {processor.py:830} INFO - Processing file /opt/airflow/dags/stream_monitor_dag.py for tasks to queue
[2026-07-02T06:34:52.492+0000] {logging_mixin.py:188} INFO - [2026-07-02T06:34:52.492+0000] {dagbag.py:538} INFO - Filling up the DagBag from /opt/airflow/dags/stream_monitor_dag.py
[2026-07-02T06:34:52.516+0000] {processor.py:840} INFO - DAG(s) 'stream_monitor_harga_pangan' retrieved from /opt/airflow/dags/stream_monitor_dag.py
[2026-07-02T06:34:52.554+0000] {logging_mixin.py:188} INFO - [2026-07-02T06:34:52.554+0000] {dag.py:3036} INFO - Sync 1 DAGs
[2026-07-02T06:34:52.574+0000] {logging_mixin.py:188} INFO - [2026-07-02T06:34:52.574+0000] {dag.py:3823} INFO - Setting next_dagrun for stream_monitor_harga_pangan to 2026-07-02 05:00:00+00:00, run_after=2026-07-02 06:00:00+00:00
[2026-07-02T06:34:52.592+0000] {processor.py:183} INFO - Processing /opt/airflow/dags/stream_monitor_dag.py took 0.106 seconds
[2026-07-02T06:35:26.176+0000] {processor.py:161} INFO - Started process (PID=3941) to work on /opt/airflow/dags/stream_monitor_dag.py
[2026-07-02T06:35:26.177+0000] {processor.py:830} INFO - Processing file /opt/airflow/dags/stream_monitor_dag.py for tasks to queue
[2026-07-02T06:35:26.178+0000] {logging_mixin.py:188} INFO - [2026-07-02T06:35:26.178+0000] {dagbag.py:538} INFO - Filling up the DagBag from /opt/airflow/dags/stream_monitor_dag.py
[2026-07-02T06:35:26.204+0000] {processor.py:840} INFO - DAG(s) 'stream_monitor_harga_pangan' retrieved from /opt/airflow/dags/stream_monitor_dag.py
[2026-07-02T06:35:26.238+0000] {logging_mixin.py:188} INFO - [2026-07-02T06:35:26.238+0000] {dag.py:3036} INFO - Sync 1 DAGs
[2026-07-02T06:35:26.257+0000] {logging_mixin.py:188} INFO - [2026-07-02T06:35:26.257+0000] {dag.py:3823} INFO - Setting next_dagrun for stream_monitor_harga_pangan to 2026-07-02 05:00:00+00:00, run_after=2026-07-02 06:00:00+00:00
[2026-07-02T06:35:26.276+0000] {processor.py:183} INFO - Processing /opt/airflow/dags/stream_monitor_dag.py took 0.102 seconds
[2026-07-02T06:35:58.872+0000] {processor.py:161} INFO - Started process (PID=3959) to work on /opt/airflow/dags/stream_monitor_dag.py
[2026-07-02T06:35:58.873+0000] {processor.py:830} INFO - Processing file /opt/airflow/dags/stream_monitor_dag.py for tasks to queue
[2026-07-02T06:35:58.875+0000] {logging_mixin.py:188} INFO - [2026-07-02T06:35:58.874+0000] {dagbag.py:538} INFO - Filling up the DagBag from /opt/airflow/dags/stream_monitor_dag.py
[2026-07-02T06:35:58.901+0000] {processor.py:840} INFO - DAG(s) 'stream_monitor_harga_pangan' retrieved from /opt/airflow/dags/stream_monitor_dag.py
[2026-07-02T06:35:58.937+0000] {logging_mixin.py:188} INFO - [2026-07-02T06:35:58.937+0000] {dag.py:3036} INFO - Sync 1 DAGs
[2026-07-02T06:35:58.962+0000] {logging_mixin.py:188} INFO - [2026-07-02T06:35:58.962+0000] {dag.py:3823} INFO - Setting next_dagrun for stream_monitor_harga_pangan to 2026-07-02 05:00:00+00:00, run_after=2026-07-02 06:00:00+00:00
[2026-07-02T06:35:58.983+0000] {processor.py:183} INFO - Processing /opt/airflow/dags/stream_monitor_dag.py took 0.115 seconds
[2026-07-02T06:36:32.573+0000] {processor.py:161} INFO - Started process (PID=3977) to work on /opt/airflow/dags/stream_monitor_dag.py
[2026-07-02T06:36:32.575+0000] {processor.py:830} INFO - Processing file /opt/airflow/dags/stream_monitor_dag.py for tasks to queue
[2026-07-02T06:36:32.577+0000] {logging_mixin.py:188} INFO - [2026-07-02T06:36:32.576+0000] {dagbag.py:538} INFO - Filling up the DagBag from /opt/airflow/dags/stream_monitor_dag.py
[2026-07-02T06:36:32.610+0000] {processor.py:840} INFO - DAG(s) 'stream_monitor_harga_pangan' retrieved from /opt/airflow/dags/stream_monitor_dag.py
[2026-07-02T06:36:32.664+0000] {logging_mixin.py:188} INFO - [2026-07-02T06:36:32.664+0000] {dag.py:3036} INFO - Sync 1 DAGs
[2026-07-02T06:36:32.697+0000] {logging_mixin.py:188} INFO - [2026-07-02T06:36:32.696+0000] {dag.py:3823} INFO - Setting next_dagrun for stream_monitor_harga_pangan to 2026-07-02 05:00:00+00:00, run_after=2026-07-02 06:00:00+00:00
[2026-07-02T06:36:32.723+0000] {processor.py:183} INFO - Processing /opt/airflow/dags/stream_monitor_dag.py took 0.173 seconds
[2026-07-02T06:37:06.318+0000] {processor.py:161} INFO - Started process (PID=3995) to work on /opt/airflow/dags/stream_monitor_dag.py
[2026-07-02T06:37:06.320+0000] {processor.py:830} INFO - Processing file /opt/airflow/dags/stream_monitor_dag.py for tasks to queue
[2026-07-02T06:37:06.321+0000] {logging_mixin.py:188} INFO - [2026-07-02T06:37:06.320+0000] {dagbag.py:538} INFO - Filling up the DagBag from /opt/airflow/dags/stream_monitor_dag.py
[2026-07-02T06:37:06.353+0000] {processor.py:840} INFO - DAG(s) 'stream_monitor_harga_pangan' retrieved from /opt/airflow/dags/stream_monitor_dag.py
[2026-07-02T06:37:06.395+0000] {logging_mixin.py:188} INFO - [2026-07-02T06:37:06.395+0000] {dag.py:3036} INFO - Sync 1 DAGs
[2026-07-02T06:37:06.423+0000] {logging_mixin.py:188} INFO - [2026-07-02T06:37:06.422+0000] {dag.py:3823} INFO - Setting next_dagrun for stream_monitor_harga_pangan to 2026-07-02 05:00:00+00:00, run_after=2026-07-02 06:00:00+00:00
[2026-07-02T06:37:06.442+0000] {processor.py:183} INFO - Processing /opt/airflow/dags/stream_monitor_dag.py took 0.129 seconds
[2026-07-02T06:37:39.022+0000] {processor.py:161} INFO - Started process (PID=4013) to work on /opt/airflow/dags/stream_monitor_dag.py
[2026-07-02T06:37:39.024+0000] {processor.py:830} INFO - Processing file /opt/airflow/dags/stream_monitor_dag.py for tasks to queue
[2026-07-02T06:37:39.025+0000] {logging_mixin.py:188} INFO - [2026-07-02T06:37:39.025+0000] {dagbag.py:538} INFO - Filling up the DagBag from /opt/airflow/dags/stream_monitor_dag.py
[2026-07-02T06:37:39.049+0000] {processor.py:840} INFO - DAG(s) 'stream_monitor_harga_pangan' retrieved from /opt/airflow/dags/stream_monitor_dag.py
[2026-07-02T06:37:39.081+0000] {logging_mixin.py:188} INFO - [2026-07-02T06:37:39.081+0000] {dag.py:3036} INFO - Sync 1 DAGs
[2026-07-02T06:37:39.105+0000] {logging_mixin.py:188} INFO - [2026-07-02T06:37:39.105+0000] {dag.py:3823} INFO - Setting next_dagrun for stream_monitor_harga_pangan to 2026-07-02 05:00:00+00:00, run_after=2026-07-02 06:00:00+00:00
[2026-07-02T06:37:39.126+0000] {processor.py:183} INFO - Processing /opt/airflow/dags/stream_monitor_dag.py took 0.111 seconds
[2026-07-02T06:38:12.714+0000] {processor.py:161} INFO - Started process (PID=4031) to work on /opt/airflow/dags/stream_monitor_dag.py
[2026-07-02T06:38:12.716+0000] {processor.py:830} INFO - Processing file /opt/airflow/dags/stream_monitor_dag.py for tasks to queue
[2026-07-02T06:38:12.717+0000] {logging_mixin.py:188} INFO - [2026-07-02T06:38:12.717+0000] {dagbag.py:538} INFO - Filling up the DagBag from /opt/airflow/dags/stream_monitor_dag.py
[2026-07-02T06:38:12.755+0000] {processor.py:840} INFO - DAG(s) 'stream_monitor_harga_pangan' retrieved from /opt/airflow/dags/stream_monitor_dag.py
[2026-07-02T06:38:12.817+0000] {logging_mixin.py:188} INFO - [2026-07-02T06:38:12.816+0000] {dag.py:3036} INFO - Sync 1 DAGs
[2026-07-02T06:38:12.855+0000] {logging_mixin.py:188} INFO - [2026-07-02T06:38:12.855+0000] {dag.py:3823} INFO - Setting next_dagrun for stream_monitor_harga_pangan to 2026-07-02 05:00:00+00:00, run_after=2026-07-02 06:00:00+00:00
[2026-07-02T06:38:12.885+0000] {processor.py:183} INFO - Processing /opt/airflow/dags/stream_monitor_dag.py took 0.175 seconds
[2026-07-02T06:38:45.476+0000] {processor.py:161} INFO - Started process (PID=4050) to work on /opt/airflow/dags/stream_monitor_dag.py
[2026-07-02T06:38:45.477+0000] {processor.py:830} INFO - Processing file /opt/airflow/dags/stream_monitor_dag.py for tasks to queue
[2026-07-02T06:38:45.478+0000] {logging_mixin.py:188} INFO - [2026-07-02T06:38:45.478+0000] {dagbag.py:538} INFO - Filling up the DagBag from /opt/airflow/dags/stream_monitor_dag.py
[2026-07-02T06:38:45.507+0000] {processor.py:840} INFO - DAG(s) 'stream_monitor_harga_pangan' retrieved from /opt/airflow/dags/stream_monitor_dag.py
[2026-07-02T06:38:45.564+0000] {logging_mixin.py:188} INFO - [2026-07-02T06:38:45.564+0000] {dag.py:3036} INFO - Sync 1 DAGs
[2026-07-02T06:38:45.591+0000] {logging_mixin.py:188} INFO - [2026-07-02T06:38:45.590+0000] {dag.py:3823} INFO - Setting next_dagrun for stream_monitor_harga_pangan to 2026-07-02 05:00:00+00:00, run_after=2026-07-02 06:00:00+00:00
[2026-07-02T06:38:45.617+0000] {processor.py:183} INFO - Processing /opt/airflow/dags/stream_monitor_dag.py took 0.145 seconds
[2026-07-02T06:39:19.228+0000] {processor.py:161} INFO - Started process (PID=4068) to work on /opt/airflow/dags/stream_monitor_dag.py
[2026-07-02T06:39:19.230+0000] {processor.py:830} INFO - Processing file /opt/airflow/dags/stream_monitor_dag.py for tasks to queue
[2026-07-02T06:39:19.231+0000] {logging_mixin.py:188} INFO - [2026-07-02T06:39:19.231+0000] {dagbag.py:538} INFO - Filling up the DagBag from /opt/airflow/dags/stream_monitor_dag.py
[2026-07-02T06:39:19.254+0000] {processor.py:840} INFO - DAG(s) 'stream_monitor_harga_pangan' retrieved from /opt/airflow/dags/stream_monitor_dag.py
[2026-07-02T06:39:19.291+0000] {logging_mixin.py:188} INFO - [2026-07-02T06:39:19.291+0000] {dag.py:3036} INFO - Sync 1 DAGs
[2026-07-02T06:39:19.310+0000] {logging_mixin.py:188} INFO - [2026-07-02T06:39:19.310+0000] {dag.py:3823} INFO - Setting next_dagrun for stream_monitor_harga_pangan to 2026-07-02 05:00:00+00:00, run_after=2026-07-02 06:00:00+00:00
[2026-07-02T06:39:19.325+0000] {processor.py:183} INFO - Processing /opt/airflow/dags/stream_monitor_dag.py took 0.100 seconds
[2026-07-02T06:39:52.913+0000] {processor.py:161} INFO - Started process (PID=4086) to work on /opt/airflow/dags/stream_monitor_dag.py
[2026-07-02T06:39:52.914+0000] {processor.py:830} INFO - Processing file /opt/airflow/dags/stream_monitor_dag.py for tasks to queue
[2026-07-02T06:39:52.915+0000] {logging_mixin.py:188} INFO - [2026-07-02T06:39:52.915+0000] {dagbag.py:538} INFO - Filling up the DagBag from /opt/airflow/dags/stream_monitor_dag.py
[2026-07-02T06:39:52.941+0000] {processor.py:840} INFO - DAG(s) 'stream_monitor_harga_pangan' retrieved from /opt/airflow/dags/stream_monitor_dag.py
[2026-07-02T06:39:52.977+0000] {logging_mixin.py:188} INFO - [2026-07-02T06:39:52.977+0000] {dag.py:3036} INFO - Sync 1 DAGs
[2026-07-02T06:39:52.997+0000] {logging_mixin.py:188} INFO - [2026-07-02T06:39:52.997+0000] {dag.py:3823} INFO - Setting next_dagrun for stream_monitor_harga_pangan to 2026-07-02 05:00:00+00:00, run_after=2026-07-02 06:00:00+00:00
[2026-07-02T06:39:53.016+0000] {processor.py:183} INFO - Processing /opt/airflow/dags/stream_monitor_dag.py took 0.108 seconds
[2026-07-02T06:40:25.667+0000] {processor.py:161} INFO - Started process (PID=4104) to work on /opt/airflow/dags/stream_monitor_dag.py
[2026-07-02T06:40:25.669+0000] {processor.py:830} INFO - Processing file /opt/airflow/dags/stream_monitor_dag.py for tasks to queue
[2026-07-02T06:40:25.670+0000] {logging_mixin.py:188} INFO - [2026-07-02T06:40:25.670+0000] {dagbag.py:538} INFO - Filling up the DagBag from /opt/airflow/dags/stream_monitor_dag.py
[2026-07-02T06:40:25.693+0000] {processor.py:840} INFO - DAG(s) 'stream_monitor_harga_pangan' retrieved from /opt/airflow/dags/stream_monitor_dag.py
[2026-07-02T06:40:25.735+0000] {logging_mixin.py:188} INFO - [2026-07-02T06:40:25.734+0000] {dag.py:3036} INFO - Sync 1 DAGs
[2026-07-02T06:40:25.755+0000] {logging_mixin.py:188} INFO - [2026-07-02T06:40:25.755+0000] {dag.py:3823} INFO - Setting next_dagrun for stream_monitor_harga_pangan to 2026-07-02 05:00:00+00:00, run_after=2026-07-02 06:00:00+00:00
[2026-07-02T06:40:25.774+0000] {processor.py:183} INFO - Processing /opt/airflow/dags/stream_monitor_dag.py took 0.111 seconds
[2026-07-02T06:40:59.313+0000] {processor.py:161} INFO - Started process (PID=4121) to work on /opt/airflow/dags/stream_monitor_dag.py
[2026-07-02T06:40:59.315+0000] {processor.py:830} INFO - Processing file /opt/airflow/dags/stream_monitor_dag.py for tasks to queue
[2026-07-02T06:40:59.316+0000] {logging_mixin.py:188} INFO - [2026-07-02T06:40:59.316+0000] {dagbag.py:538} INFO - Filling up the DagBag from /opt/airflow/dags/stream_monitor_dag.py
[2026-07-02T06:40:59.346+0000] {processor.py:840} INFO - DAG(s) 'stream_monitor_harga_pangan' retrieved from /opt/airflow/dags/stream_monitor_dag.py
[2026-07-02T06:40:59.397+0000] {logging_mixin.py:188} INFO - [2026-07-02T06:40:59.397+0000] {dag.py:3036} INFO - Sync 1 DAGs
[2026-07-02T06:40:59.428+0000] {logging_mixin.py:188} INFO - [2026-07-02T06:40:59.428+0000] {dag.py:3823} INFO - Setting next_dagrun for stream_monitor_harga_pangan to 2026-07-02 05:00:00+00:00, run_after=2026-07-02 06:00:00+00:00
[2026-07-02T06:40:59.453+0000] {processor.py:183} INFO - Processing /opt/airflow/dags/stream_monitor_dag.py took 0.145 seconds
[2026-07-02T06:41:33.018+0000] {processor.py:161} INFO - Started process (PID=4132) to work on /opt/airflow/dags/stream_monitor_dag.py
[2026-07-02T06:41:33.019+0000] {processor.py:830} INFO - Processing file /opt/airflow/dags/stream_monitor_dag.py for tasks to queue
[2026-07-02T06:41:33.020+0000] {logging_mixin.py:188} INFO - [2026-07-02T06:41:33.020+0000] {dagbag.py:538} INFO - Filling up the DagBag from /opt/airflow/dags/stream_monitor_dag.py
[2026-07-02T06:41:33.046+0000] {processor.py:840} INFO - DAG(s) 'stream_monitor_harga_pangan' retrieved from /opt/airflow/dags/stream_monitor_dag.py
[2026-07-02T06:41:33.088+0000] {logging_mixin.py:188} INFO - [2026-07-02T06:41:33.087+0000] {dag.py:3036} INFO - Sync 1 DAGs
[2026-07-02T06:41:33.109+0000] {logging_mixin.py:188} INFO - [2026-07-02T06:41:33.109+0000] {dag.py:3823} INFO - Setting next_dagrun for stream_monitor_harga_pangan to 2026-07-02 05:00:00+00:00, run_after=2026-07-02 06:00:00+00:00
[2026-07-02T06:41:33.131+0000] {processor.py:183} INFO - Processing /opt/airflow/dags/stream_monitor_dag.py took 0.117 seconds
[2026-07-02T06:42:05.695+0000] {processor.py:161} INFO - Started process (PID=4151) to work on /opt/airflow/dags/stream_monitor_dag.py
[2026-07-02T06:42:05.696+0000] {processor.py:830} INFO - Processing file /opt/airflow/dags/stream_monitor_dag.py for tasks to queue
[2026-07-02T06:42:05.698+0000] {logging_mixin.py:188} INFO - [2026-07-02T06:42:05.697+0000] {dagbag.py:538} INFO - Filling up the DagBag from /opt/airflow/dags/stream_monitor_dag.py
[2026-07-02T06:42:05.723+0000] {processor.py:840} INFO - DAG(s) 'stream_monitor_harga_pangan' retrieved from /opt/airflow/dags/stream_monitor_dag.py
[2026-07-02T06:42:05.758+0000] {logging_mixin.py:188} INFO - [2026-07-02T06:42:05.758+0000] {dag.py:3036} INFO - Sync 1 DAGs
[2026-07-02T06:42:05.777+0000] {logging_mixin.py:188} INFO - [2026-07-02T06:42:05.777+0000] {dag.py:3823} INFO - Setting next_dagrun for stream_monitor_harga_pangan to 2026-07-02 05:00:00+00:00, run_after=2026-07-02 06:00:00+00:00
[2026-07-02T06:42:05.794+0000] {processor.py:183} INFO - Processing /opt/airflow/dags/stream_monitor_dag.py took 0.103 seconds
[2026-07-02T06:42:39.395+0000] {processor.py:161} INFO - Started process (PID=4169) to work on /opt/airflow/dags/stream_monitor_dag.py
[2026-07-02T06:42:39.398+0000] {processor.py:830} INFO - Processing file /opt/airflow/dags/stream_monitor_dag.py for tasks to queue
[2026-07-02T06:42:39.402+0000] {logging_mixin.py:188} INFO - [2026-07-02T06:42:39.401+0000] {dagbag.py:538} INFO - Filling up the DagBag from /opt/airflow/dags/stream_monitor_dag.py
[2026-07-02T06:42:39.442+0000] {processor.py:840} INFO - DAG(s) 'stream_monitor_harga_pangan' retrieved from /opt/airflow/dags/stream_monitor_dag.py
[2026-07-02T06:42:39.498+0000] {logging_mixin.py:188} INFO - [2026-07-02T06:42:39.497+0000] {dag.py:3036} INFO - Sync 1 DAGs
[2026-07-02T06:42:39.527+0000] {logging_mixin.py:188} INFO - [2026-07-02T06:42:39.527+0000] {dag.py:3823} INFO - Setting next_dagrun for stream_monitor_harga_pangan to 2026-07-02 05:00:00+00:00, run_after=2026-07-02 06:00:00+00:00
[2026-07-02T06:42:40.075+0000] {processor.py:183} INFO - Processing /opt/airflow/dags/stream_monitor_dag.py took 0.688 seconds
[2026-07-02T06:43:12.682+0000] {processor.py:161} INFO - Started process (PID=4187) to work on /opt/airflow/dags/stream_monitor_dag.py
[2026-07-02T06:43:12.683+0000] {processor.py:830} INFO - Processing file /opt/airflow/dags/stream_monitor_dag.py for tasks to queue
[2026-07-02T06:43:12.685+0000] {logging_mixin.py:188} INFO - [2026-07-02T06:43:12.685+0000] {dagbag.py:538} INFO - Filling up the DagBag from /opt/airflow/dags/stream_monitor_dag.py
[2026-07-02T06:43:12.714+0000] {processor.py:840} INFO - DAG(s) 'stream_monitor_harga_pangan' retrieved from /opt/airflow/dags/stream_monitor_dag.py
[2026-07-02T06:43:12.757+0000] {logging_mixin.py:188} INFO - [2026-07-02T06:43:12.757+0000] {dag.py:3036} INFO - Sync 1 DAGs
[2026-07-02T06:43:12.781+0000] {logging_mixin.py:188} INFO - [2026-07-02T06:43:12.780+0000] {dag.py:3823} INFO - Setting next_dagrun for stream_monitor_harga_pangan to 2026-07-02 05:00:00+00:00, run_after=2026-07-02 06:00:00+00:00
[2026-07-02T06:43:12.801+0000] {processor.py:183} INFO - Processing /opt/airflow/dags/stream_monitor_dag.py took 0.123 seconds
[2026-07-02T06:43:46.385+0000] {processor.py:161} INFO - Started process (PID=4205) to work on /opt/airflow/dags/stream_monitor_dag.py
[2026-07-02T06:43:46.386+0000] {processor.py:830} INFO - Processing file /opt/airflow/dags/stream_monitor_dag.py for tasks to queue
[2026-07-02T06:43:46.387+0000] {logging_mixin.py:188} INFO - [2026-07-02T06:43:46.387+0000] {dagbag.py:538} INFO - Filling up the DagBag from /opt/airflow/dags/stream_monitor_dag.py
[2026-07-02T06:43:46.408+0000] {processor.py:840} INFO - DAG(s) 'stream_monitor_harga_pangan' retrieved from /opt/airflow/dags/stream_monitor_dag.py
[2026-07-02T06:43:46.440+0000] {logging_mixin.py:188} INFO - [2026-07-02T06:43:46.439+0000] {dag.py:3036} INFO - Sync 1 DAGs
[2026-07-02T06:43:46.592+0000] {logging_mixin.py:188} INFO - [2026-07-02T06:43:46.592+0000] {dag.py:3823} INFO - Setting next_dagrun for stream_monitor_harga_pangan to 2026-07-02 05:00:00+00:00, run_after=2026-07-02 06:00:00+00:00
[2026-07-02T06:43:46.608+0000] {processor.py:183} INFO - Processing /opt/airflow/dags/stream_monitor_dag.py took 0.226 seconds
[2026-07-02T06:44:19.254+0000] {processor.py:161} INFO - Started process (PID=4223) to work on /opt/airflow/dags/stream_monitor_dag.py
[2026-07-02T06:44:19.256+0000] {processor.py:830} INFO - Processing file /opt/airflow/dags/stream_monitor_dag.py for tasks to queue
[2026-07-02T06:44:19.257+0000] {logging_mixin.py:188} INFO - [2026-07-02T06:44:19.257+0000] {dagbag.py:538} INFO - Filling up the DagBag from /opt/airflow/dags/stream_monitor_dag.py
[2026-07-02T06:44:19.288+0000] {processor.py:840} INFO - DAG(s) 'stream_monitor_harga_pangan' retrieved from /opt/airflow/dags/stream_monitor_dag.py
[2026-07-02T06:44:19.323+0000] {logging_mixin.py:188} INFO - [2026-07-02T06:44:19.323+0000] {dag.py:3036} INFO - Sync 1 DAGs
[2026-07-02T06:44:19.342+0000] {logging_mixin.py:188} INFO - [2026-07-02T06:44:19.342+0000] {dag.py:3823} INFO - Setting next_dagrun for stream_monitor_harga_pangan to 2026-07-02 05:00:00+00:00, run_after=2026-07-02 06:00:00+00:00
[2026-07-02T06:44:19.361+0000] {processor.py:183} INFO - Processing /opt/airflow/dags/stream_monitor_dag.py took 0.112 seconds
[2026-07-02T06:44:52.942+0000] {processor.py:161} INFO - Started process (PID=4241) to work on /opt/airflow/dags/stream_monitor_dag.py
[2026-07-02T06:44:52.943+0000] {processor.py:830} INFO - Processing file /opt/airflow/dags/stream_monitor_dag.py for tasks to queue
[2026-07-02T06:44:52.945+0000] {logging_mixin.py:188} INFO - [2026-07-02T06:44:52.945+0000] {dagbag.py:538} INFO - Filling up the DagBag from /opt/airflow/dags/stream_monitor_dag.py
[2026-07-02T06:44:52.973+0000] {processor.py:840} INFO - DAG(s) 'stream_monitor_harga_pangan' retrieved from /opt/airflow/dags/stream_monitor_dag.py
[2026-07-02T06:44:53.010+0000] {logging_mixin.py:188} INFO - [2026-07-02T06:44:53.010+0000] {dag.py:3036} INFO - Sync 1 DAGs
[2026-07-02T06:44:53.166+0000] {logging_mixin.py:188} INFO - [2026-07-02T06:44:53.166+0000] {dag.py:3823} INFO - Setting next_dagrun for stream_monitor_harga_pangan to 2026-07-02 05:00:00+00:00, run_after=2026-07-02 06:00:00+00:00
[2026-07-02T06:44:53.186+0000] {processor.py:183} INFO - Processing /opt/airflow/dags/stream_monitor_dag.py took 0.247 seconds
[2026-07-02T06:45:25.811+0000] {processor.py:161} INFO - Started process (PID=4259) to work on /opt/airflow/dags/stream_monitor_dag.py
[2026-07-02T06:45:25.812+0000] {processor.py:830} INFO - Processing file /opt/airflow/dags/stream_monitor_dag.py for tasks to queue
[2026-07-02T06:45:25.813+0000] {logging_mixin.py:188} INFO - [2026-07-02T06:45:25.813+0000] {dagbag.py:538} INFO - Filling up the DagBag from /opt/airflow/dags/stream_monitor_dag.py
[2026-07-02T06:45:25.832+0000] {processor.py:840} INFO - DAG(s) 'stream_monitor_harga_pangan' retrieved from /opt/airflow/dags/stream_monitor_dag.py
[2026-07-02T06:45:25.866+0000] {logging_mixin.py:188} INFO - [2026-07-02T06:45:25.865+0000] {dag.py:3036} INFO - Sync 1 DAGs
[2026-07-02T06:45:25.884+0000] {logging_mixin.py:188} INFO - [2026-07-02T06:45:25.884+0000] {dag.py:3823} INFO - Setting next_dagrun for stream_monitor_harga_pangan to 2026-07-02 05:00:00+00:00, run_after=2026-07-02 06:00:00+00:00
[2026-07-02T06:45:25.903+0000] {processor.py:183} INFO - Processing /opt/airflow/dags/stream_monitor_dag.py took 0.095 seconds
[2026-07-02T06:45:59.490+0000] {processor.py:161} INFO - Started process (PID=4277) to work on /opt/airflow/dags/stream_monitor_dag.py
[2026-07-02T06:45:59.491+0000] {processor.py:830} INFO - Processing file /opt/airflow/dags/stream_monitor_dag.py for tasks to queue
[2026-07-02T06:45:59.492+0000] {logging_mixin.py:188} INFO - [2026-07-02T06:45:59.492+0000] {dagbag.py:538} INFO - Filling up the DagBag from /opt/airflow/dags/stream_monitor_dag.py
[2026-07-02T06:45:59.517+0000] {processor.py:840} INFO - DAG(s) 'stream_monitor_harga_pangan' retrieved from /opt/airflow/dags/stream_monitor_dag.py
[2026-07-02T06:45:59.720+0000] {logging_mixin.py:188} INFO - [2026-07-02T06:45:59.720+0000] {dag.py:3036} INFO - Sync 1 DAGs
[2026-07-02T06:45:59.736+0000] {logging_mixin.py:188} INFO - [2026-07-02T06:45:59.736+0000] {dag.py:3823} INFO - Setting next_dagrun for stream_monitor_harga_pangan to 2026-07-02 05:00:00+00:00, run_after=2026-07-02 06:00:00+00:00
[2026-07-02T06:45:59.752+0000] {processor.py:183} INFO - Processing /opt/airflow/dags/stream_monitor_dag.py took 0.265 seconds
[2026-07-02T06:46:32.352+0000] {processor.py:161} INFO - Started process (PID=4295) to work on /opt/airflow/dags/stream_monitor_dag.py
[2026-07-02T06:46:32.353+0000] {processor.py:830} INFO - Processing file /opt/airflow/dags/stream_monitor_dag.py for tasks to queue
[2026-07-02T06:46:32.354+0000] {logging_mixin.py:188} INFO - [2026-07-02T06:46:32.353+0000] {dagbag.py:538} INFO - Filling up the DagBag from /opt/airflow/dags/stream_monitor_dag.py
[2026-07-02T06:46:32.373+0000] {processor.py:840} INFO - DAG(s) 'stream_monitor_harga_pangan' retrieved from /opt/airflow/dags/stream_monitor_dag.py
[2026-07-02T06:46:32.408+0000] {logging_mixin.py:188} INFO - [2026-07-02T06:46:32.408+0000] {dag.py:3036} INFO - Sync 1 DAGs
[2026-07-02T06:46:32.430+0000] {logging_mixin.py:188} INFO - [2026-07-02T06:46:32.430+0000] {dag.py:3823} INFO - Setting next_dagrun for stream_monitor_harga_pangan to 2026-07-02 05:00:00+00:00, run_after=2026-07-02 06:00:00+00:00
[2026-07-02T06:46:32.447+0000] {processor.py:183} INFO - Processing /opt/airflow/dags/stream_monitor_dag.py took 0.098 seconds
[2026-07-02T06:47:06.049+0000] {processor.py:161} INFO - Started process (PID=4313) to work on /opt/airflow/dags/stream_monitor_dag.py
[2026-07-02T06:47:06.050+0000] {processor.py:830} INFO - Processing file /opt/airflow/dags/stream_monitor_dag.py for tasks to queue
[2026-07-02T06:47:06.051+0000] {logging_mixin.py:188} INFO - [2026-07-02T06:47:06.051+0000] {dagbag.py:538} INFO - Filling up the DagBag from /opt/airflow/dags/stream_monitor_dag.py
[2026-07-02T06:47:06.083+0000] {processor.py:840} INFO - DAG(s) 'stream_monitor_harga_pangan' retrieved from /opt/airflow/dags/stream_monitor_dag.py
[2026-07-02T06:47:06.133+0000] {logging_mixin.py:188} INFO - [2026-07-02T06:47:06.133+0000] {dag.py:3036} INFO - Sync 1 DAGs
[2026-07-02T06:47:06.156+0000] {logging_mixin.py:188} INFO - [2026-07-02T06:47:06.156+0000] {dag.py:3823} INFO - Setting next_dagrun for stream_monitor_harga_pangan to 2026-07-02 05:00:00+00:00, run_after=2026-07-02 06:00:00+00:00
[2026-07-02T06:47:06.173+0000] {processor.py:183} INFO - Processing /opt/airflow/dags/stream_monitor_dag.py took 0.127 seconds
[2026-07-02T06:47:38.769+0000] {processor.py:161} INFO - Started process (PID=4331) to work on /opt/airflow/dags/stream_monitor_dag.py
[2026-07-02T06:47:38.771+0000] {processor.py:830} INFO - Processing file /opt/airflow/dags/stream_monitor_dag.py for tasks to queue
[2026-07-02T06:47:38.772+0000] {logging_mixin.py:188} INFO - [2026-07-02T06:47:38.771+0000] {dagbag.py:538} INFO - Filling up the DagBag from /opt/airflow/dags/stream_monitor_dag.py
[2026-07-02T06:47:38.795+0000] {processor.py:840} INFO - DAG(s) 'stream_monitor_harga_pangan' retrieved from /opt/airflow/dags/stream_monitor_dag.py
[2026-07-02T06:47:38.835+0000] {logging_mixin.py:188} INFO - [2026-07-02T06:47:38.835+0000] {dag.py:3036} INFO - Sync 1 DAGs
[2026-07-02T06:47:38.860+0000] {logging_mixin.py:188} INFO - [2026-07-02T06:47:38.860+0000] {dag.py:3823} INFO - Setting next_dagrun for stream_monitor_harga_pangan to 2026-07-02 05:00:00+00:00, run_after=2026-07-02 06:00:00+00:00
[2026-07-02T06:47:38.881+0000] {processor.py:183} INFO - Processing /opt/airflow/dags/stream_monitor_dag.py took 0.116 seconds
[2026-07-02T06:48:12.498+0000] {processor.py:161} INFO - Started process (PID=4349) to work on /opt/airflow/dags/stream_monitor_dag.py
[2026-07-02T06:48:12.499+0000] {processor.py:830} INFO - Processing file /opt/airflow/dags/stream_monitor_dag.py for tasks to queue
[2026-07-02T06:48:12.500+0000] {logging_mixin.py:188} INFO - [2026-07-02T06:48:12.500+0000] {dagbag.py:538} INFO - Filling up the DagBag from /opt/airflow/dags/stream_monitor_dag.py
[2026-07-02T06:48:12.524+0000] {processor.py:840} INFO - DAG(s) 'stream_monitor_harga_pangan' retrieved from /opt/airflow/dags/stream_monitor_dag.py
[2026-07-02T06:48:12.572+0000] {logging_mixin.py:188} INFO - [2026-07-02T06:48:12.572+0000] {dag.py:3036} INFO - Sync 1 DAGs
[2026-07-02T06:48:12.600+0000] {logging_mixin.py:188} INFO - [2026-07-02T06:48:12.600+0000] {dag.py:3823} INFO - Setting next_dagrun for stream_monitor_harga_pangan to 2026-07-02 05:00:00+00:00, run_after=2026-07-02 06:00:00+00:00
[2026-07-02T06:48:12.621+0000] {processor.py:183} INFO - Processing /opt/airflow/dags/stream_monitor_dag.py took 0.126 seconds
[2026-07-02T06:48:46.258+0000] {processor.py:161} INFO - Started process (PID=4367) to work on /opt/airflow/dags/stream_monitor_dag.py
[2026-07-02T06:48:46.262+0000] {processor.py:830} INFO - Processing file /opt/airflow/dags/stream_monitor_dag.py for tasks to queue
[2026-07-02T06:48:46.264+0000] {logging_mixin.py:188} INFO - [2026-07-02T06:48:46.263+0000] {dagbag.py:538} INFO - Filling up the DagBag from /opt/airflow/dags/stream_monitor_dag.py
[2026-07-02T06:48:46.316+0000] {processor.py:840} INFO - DAG(s) 'stream_monitor_harga_pangan' retrieved from /opt/airflow/dags/stream_monitor_dag.py
[2026-07-02T06:48:46.390+0000] {logging_mixin.py:188} INFO - [2026-07-02T06:48:46.389+0000] {dag.py:3036} INFO - Sync 1 DAGs
[2026-07-02T06:48:46.453+0000] {logging_mixin.py:188} INFO - [2026-07-02T06:48:46.453+0000] {dag.py:3823} INFO - Setting next_dagrun for stream_monitor_harga_pangan to 2026-07-02 05:00:00+00:00, run_after=2026-07-02 06:00:00+00:00
[2026-07-02T06:48:46.540+0000] {processor.py:183} INFO - Processing /opt/airflow/dags/stream_monitor_dag.py took 0.288 seconds
[2026-07-02T06:49:19.120+0000] {processor.py:161} INFO - Started process (PID=4385) to work on /opt/airflow/dags/stream_monitor_dag.py
[2026-07-02T06:49:19.121+0000] {processor.py:830} INFO - Processing file /opt/airflow/dags/stream_monitor_dag.py for tasks to queue
[2026-07-02T06:49:19.122+0000] {logging_mixin.py:188} INFO - [2026-07-02T06:49:19.122+0000] {dagbag.py:538} INFO - Filling up the DagBag from /opt/airflow/dags/stream_monitor_dag.py
[2026-07-02T06:49:19.147+0000] {processor.py:840} INFO - DAG(s) 'stream_monitor_harga_pangan' retrieved from /opt/airflow/dags/stream_monitor_dag.py
[2026-07-02T06:49:19.190+0000] {logging_mixin.py:188} INFO - [2026-07-02T06:49:19.189+0000] {dag.py:3036} INFO - Sync 1 DAGs
[2026-07-02T06:49:19.211+0000] {logging_mixin.py:188} INFO - [2026-07-02T06:49:19.211+0000] {dag.py:3823} INFO - Setting next_dagrun for stream_monitor_harga_pangan to 2026-07-02 05:00:00+00:00, run_after=2026-07-02 06:00:00+00:00
[2026-07-02T06:49:19.234+0000] {processor.py:183} INFO - Processing /opt/airflow/dags/stream_monitor_dag.py took 0.119 seconds
[2026-07-02T06:49:52.849+0000] {processor.py:161} INFO - Started process (PID=4403) to work on /opt/airflow/dags/stream_monitor_dag.py
[2026-07-02T06:49:52.852+0000] {processor.py:830} INFO - Processing file /opt/airflow/dags/stream_monitor_dag.py for tasks to queue
[2026-07-02T06:49:52.854+0000] {logging_mixin.py:188} INFO - [2026-07-02T06:49:52.853+0000] {dagbag.py:538} INFO - Filling up the DagBag from /opt/airflow/dags/stream_monitor_dag.py
[2026-07-02T06:49:52.889+0000] {processor.py:840} INFO - DAG(s) 'stream_monitor_harga_pangan' retrieved from /opt/airflow/dags/stream_monitor_dag.py
[2026-07-02T06:49:52.935+0000] {logging_mixin.py:188} INFO - [2026-07-02T06:49:52.935+0000] {dag.py:3036} INFO - Sync 1 DAGs
[2026-07-02T06:49:52.962+0000] {logging_mixin.py:188} INFO - [2026-07-02T06:49:52.962+0000] {dag.py:3823} INFO - Setting next_dagrun for stream_monitor_harga_pangan to 2026-07-02 05:00:00+00:00, run_after=2026-07-02 06:00:00+00:00
[2026-07-02T06:49:52.985+0000] {processor.py:183} INFO - Processing /opt/airflow/dags/stream_monitor_dag.py took 0.141 seconds
[2026-07-02T06:50:25.586+0000] {processor.py:161} INFO - Started process (PID=4413) to work on /opt/airflow/dags/stream_monitor_dag.py
[2026-07-02T06:50:25.588+0000] {processor.py:830} INFO - Processing file /opt/airflow/dags/stream_monitor_dag.py for tasks to queue
[2026-07-02T06:50:25.589+0000] {logging_mixin.py:188} INFO - [2026-07-02T06:50:25.588+0000] {dagbag.py:538} INFO - Filling up the DagBag from /opt/airflow/dags/stream_monitor_dag.py
[2026-07-02T06:50:25.614+0000] {processor.py:840} INFO - DAG(s) 'stream_monitor_harga_pangan' retrieved from /opt/airflow/dags/stream_monitor_dag.py
[2026-07-02T06:50:25.647+0000] {logging_mixin.py:188} INFO - [2026-07-02T06:50:25.647+0000] {dag.py:3036} INFO - Sync 1 DAGs
[2026-07-02T06:50:25.666+0000] {logging_mixin.py:188} INFO - [2026-07-02T06:50:25.665+0000] {dag.py:3823} INFO - Setting next_dagrun for stream_monitor_harga_pangan to 2026-07-02 05:00:00+00:00, run_after=2026-07-02 06:00:00+00:00
[2026-07-02T06:50:25.682+0000] {processor.py:183} INFO - Processing /opt/airflow/dags/stream_monitor_dag.py took 0.099 seconds
[2026-07-02T06:50:59.279+0000] {processor.py:161} INFO - Started process (PID=4431) to work on /opt/airflow/dags/stream_monitor_dag.py
[2026-07-02T06:50:59.280+0000] {processor.py:830} INFO - Processing file /opt/airflow/dags/stream_monitor_dag.py for tasks to queue
[2026-07-02T06:50:59.281+0000] {logging_mixin.py:188} INFO - [2026-07-02T06:50:59.280+0000] {dagbag.py:538} INFO - Filling up the DagBag from /opt/airflow/dags/stream_monitor_dag.py
[2026-07-02T06:50:59.301+0000] {processor.py:840} INFO - DAG(s) 'stream_monitor_harga_pangan' retrieved from /opt/airflow/dags/stream_monitor_dag.py
[2026-07-02T06:50:59.334+0000] {logging_mixin.py:188} INFO - [2026-07-02T06:50:59.334+0000] {dag.py:3036} INFO - Sync 1 DAGs
[2026-07-02T06:50:59.352+0000] {logging_mixin.py:188} INFO - [2026-07-02T06:50:59.352+0000] {dag.py:3823} INFO - Setting next_dagrun for stream_monitor_harga_pangan to 2026-07-02 05:00:00+00:00, run_after=2026-07-02 06:00:00+00:00
[2026-07-02T06:50:59.373+0000] {processor.py:183} INFO - Processing /opt/airflow/dags/stream_monitor_dag.py took 0.097 seconds
[2026-07-02T06:51:32.960+0000] {processor.py:161} INFO - Started process (PID=4449) to work on /opt/airflow/dags/stream_monitor_dag.py
[2026-07-02T06:51:32.961+0000] {processor.py:830} INFO - Processing file /opt/airflow/dags/stream_monitor_dag.py for tasks to queue
[2026-07-02T06:51:32.962+0000] {logging_mixin.py:188} INFO - [2026-07-02T06:51:32.962+0000] {dagbag.py:538} INFO - Filling up the DagBag from /opt/airflow/dags/stream_monitor_dag.py
[2026-07-02T06:51:32.989+0000] {processor.py:840} INFO - DAG(s) 'stream_monitor_harga_pangan' retrieved from /opt/airflow/dags/stream_monitor_dag.py
[2026-07-02T06:51:33.026+0000] {logging_mixin.py:188} INFO - [2026-07-02T06:51:33.025+0000] {dag.py:3036} INFO - Sync 1 DAGs
[2026-07-02T06:51:33.048+0000] {logging_mixin.py:188} INFO - [2026-07-02T06:51:33.048+0000] {dag.py:3823} INFO - Setting next_dagrun for stream_monitor_harga_pangan to 2026-07-02 05:00:00+00:00, run_after=2026-07-02 06:00:00+00:00
[2026-07-02T06:51:33.072+0000] {processor.py:183} INFO - Processing /opt/airflow/dags/stream_monitor_dag.py took 0.115 seconds
[2026-07-02T06:52:05.695+0000] {processor.py:161} INFO - Started process (PID=4467) to work on /opt/airflow/dags/stream_monitor_dag.py
[2026-07-02T06:52:05.696+0000] {processor.py:830} INFO - Processing file /opt/airflow/dags/stream_monitor_dag.py for tasks to queue
[2026-07-02T06:52:05.697+0000] {logging_mixin.py:188} INFO - [2026-07-02T06:52:05.697+0000] {dagbag.py:538} INFO - Filling up the DagBag from /opt/airflow/dags/stream_monitor_dag.py
[2026-07-02T06:52:05.720+0000] {processor.py:840} INFO - DAG(s) 'stream_monitor_harga_pangan' retrieved from /opt/airflow/dags/stream_monitor_dag.py
[2026-07-02T06:52:05.753+0000] {logging_mixin.py:188} INFO - [2026-07-02T06:52:05.753+0000] {dag.py:3036} INFO - Sync 1 DAGs
[2026-07-02T06:52:05.771+0000] {logging_mixin.py:188} INFO - [2026-07-02T06:52:05.771+0000] {dag.py:3823} INFO - Setting next_dagrun for stream_monitor_harga_pangan to 2026-07-02 05:00:00+00:00, run_after=2026-07-02 06:00:00+00:00
[2026-07-02T06:52:05.793+0000] {processor.py:183} INFO - Processing /opt/airflow/dags/stream_monitor_dag.py took 0.101 seconds
[2026-07-02T06:52:39.403+0000] {processor.py:161} INFO - Started process (PID=4485) to work on /opt/airflow/dags/stream_monitor_dag.py
[2026-07-02T06:52:39.404+0000] {processor.py:830} INFO - Processing file /opt/airflow/dags/stream_monitor_dag.py for tasks to queue
[2026-07-02T06:52:39.405+0000] {logging_mixin.py:188} INFO - [2026-07-02T06:52:39.405+0000] {dagbag.py:538} INFO - Filling up the DagBag from /opt/airflow/dags/stream_monitor_dag.py
[2026-07-02T06:52:39.432+0000] {processor.py:840} INFO - DAG(s) 'stream_monitor_harga_pangan' retrieved from /opt/airflow/dags/stream_monitor_dag.py
[2026-07-02T06:52:39.476+0000] {logging_mixin.py:188} INFO - [2026-07-02T06:52:39.476+0000] {dag.py:3036} INFO - Sync 1 DAGs
[2026-07-02T06:52:39.505+0000] {logging_mixin.py:188} INFO - [2026-07-02T06:52:39.505+0000] {dag.py:3823} INFO - Setting next_dagrun for stream_monitor_harga_pangan to 2026-07-02 05:00:00+00:00, run_after=2026-07-02 06:00:00+00:00
[2026-07-02T06:52:39.526+0000] {processor.py:183} INFO - Processing /opt/airflow/dags/stream_monitor_dag.py took 0.126 seconds
[2026-07-02T06:53:12.215+0000] {processor.py:161} INFO - Started process (PID=4503) to work on /opt/airflow/dags/stream_monitor_dag.py
[2026-07-02T06:53:12.217+0000] {processor.py:830} INFO - Processing file /opt/airflow/dags/stream_monitor_dag.py for tasks to queue
[2026-07-02T06:53:12.218+0000] {logging_mixin.py:188} INFO - [2026-07-02T06:53:12.217+0000] {dagbag.py:538} INFO - Filling up the DagBag from /opt/airflow/dags/stream_monitor_dag.py
[2026-07-02T06:53:12.240+0000] {processor.py:840} INFO - DAG(s) 'stream_monitor_harga_pangan' retrieved from /opt/airflow/dags/stream_monitor_dag.py
[2026-07-02T06:53:12.275+0000] {logging_mixin.py:188} INFO - [2026-07-02T06:53:12.274+0000] {dag.py:3036} INFO - Sync 1 DAGs
[2026-07-02T06:53:12.295+0000] {logging_mixin.py:188} INFO - [2026-07-02T06:53:12.295+0000] {dag.py:3823} INFO - Setting next_dagrun for stream_monitor_harga_pangan to 2026-07-02 05:00:00+00:00, run_after=2026-07-02 06:00:00+00:00
[2026-07-02T06:53:12.317+0000] {processor.py:183} INFO - Processing /opt/airflow/dags/stream_monitor_dag.py took 0.105 seconds
[2026-07-02T06:53:45.880+0000] {processor.py:161} INFO - Started process (PID=4521) to work on /opt/airflow/dags/stream_monitor_dag.py
[2026-07-02T06:53:45.881+0000] {processor.py:830} INFO - Processing file /opt/airflow/dags/stream_monitor_dag.py for tasks to queue
[2026-07-02T06:53:45.882+0000] {logging_mixin.py:188} INFO - [2026-07-02T06:53:45.882+0000] {dagbag.py:538} INFO - Filling up the DagBag from /opt/airflow/dags/stream_monitor_dag.py
[2026-07-02T06:53:45.904+0000] {processor.py:840} INFO - DAG(s) 'stream_monitor_harga_pangan' retrieved from /opt/airflow/dags/stream_monitor_dag.py
[2026-07-02T06:53:45.942+0000] {logging_mixin.py:188} INFO - [2026-07-02T06:53:45.942+0000] {dag.py:3036} INFO - Sync 1 DAGs
[2026-07-02T06:53:45.963+0000] {logging_mixin.py:188} INFO - [2026-07-02T06:53:45.962+0000] {dag.py:3823} INFO - Setting next_dagrun for stream_monitor_harga_pangan to 2026-07-02 05:00:00+00:00, run_after=2026-07-02 06:00:00+00:00
[2026-07-02T06:53:45.979+0000] {processor.py:183} INFO - Processing /opt/airflow/dags/stream_monitor_dag.py took 0.101 seconds
[2026-07-02T06:54:19.586+0000] {processor.py:161} INFO - Started process (PID=4539) to work on /opt/airflow/dags/stream_monitor_dag.py
[2026-07-02T06:54:19.588+0000] {processor.py:830} INFO - Processing file /opt/airflow/dags/stream_monitor_dag.py for tasks to queue
[2026-07-02T06:54:19.589+0000] {logging_mixin.py:188} INFO - [2026-07-02T06:54:19.589+0000] {dagbag.py:538} INFO - Filling up the DagBag from /opt/airflow/dags/stream_monitor_dag.py
[2026-07-02T06:54:19.623+0000] {processor.py:840} INFO - DAG(s) 'stream_monitor_harga_pangan' retrieved from /opt/airflow/dags/stream_monitor_dag.py
[2026-07-02T06:54:19.692+0000] {logging_mixin.py:188} INFO - [2026-07-02T06:54:19.692+0000] {dag.py:3036} INFO - Sync 1 DAGs
[2026-07-02T06:54:19.754+0000] {logging_mixin.py:188} INFO - [2026-07-02T06:54:19.754+0000] {dag.py:3823} INFO - Setting next_dagrun for stream_monitor_harga_pangan to 2026-07-02 05:00:00+00:00, run_after=2026-07-02 06:00:00+00:00
[2026-07-02T06:54:19.786+0000] {processor.py:183} INFO - Processing /opt/airflow/dags/stream_monitor_dag.py took 0.204 seconds
[2026-07-02T06:54:52.372+0000] {processor.py:161} INFO - Started process (PID=4558) to work on /opt/airflow/dags/stream_monitor_dag.py
[2026-07-02T06:54:52.373+0000] {processor.py:830} INFO - Processing file /opt/airflow/dags/stream_monitor_dag.py for tasks to queue
[2026-07-02T06:54:52.374+0000] {logging_mixin.py:188} INFO - [2026-07-02T06:54:52.374+0000] {dagbag.py:538} INFO - Filling up the DagBag from /opt/airflow/dags/stream_monitor_dag.py
[2026-07-02T06:54:52.396+0000] {processor.py:840} INFO - DAG(s) 'stream_monitor_harga_pangan' retrieved from /opt/airflow/dags/stream_monitor_dag.py
[2026-07-02T06:54:52.427+0000] {logging_mixin.py:188} INFO - [2026-07-02T06:54:52.427+0000] {dag.py:3036} INFO - Sync 1 DAGs
[2026-07-02T06:54:52.446+0000] {logging_mixin.py:188} INFO - [2026-07-02T06:54:52.446+0000] {dag.py:3823} INFO - Setting next_dagrun for stream_monitor_harga_pangan to 2026-07-02 05:00:00+00:00, run_after=2026-07-02 06:00:00+00:00
[2026-07-02T06:54:52.463+0000] {processor.py:183} INFO - Processing /opt/airflow/dags/stream_monitor_dag.py took 0.095 seconds
[2026-07-02T06:55:26.062+0000] {processor.py:161} INFO - Started process (PID=4576) to work on /opt/airflow/dags/stream_monitor_dag.py
[2026-07-02T06:55:26.064+0000] {processor.py:830} INFO - Processing file /opt/airflow/dags/stream_monitor_dag.py for tasks to queue
[2026-07-02T06:55:26.065+0000] {logging_mixin.py:188} INFO - [2026-07-02T06:55:26.064+0000] {dagbag.py:538} INFO - Filling up the DagBag from /opt/airflow/dags/stream_monitor_dag.py
[2026-07-02T06:55:26.088+0000] {processor.py:840} INFO - DAG(s) 'stream_monitor_harga_pangan' retrieved from /opt/airflow/dags/stream_monitor_dag.py
[2026-07-02T06:55:26.127+0000] {logging_mixin.py:188} INFO - [2026-07-02T06:55:26.126+0000] {dag.py:3036} INFO - Sync 1 DAGs
[2026-07-02T06:55:26.151+0000] {logging_mixin.py:188} INFO - [2026-07-02T06:55:26.151+0000] {dag.py:3823} INFO - Setting next_dagrun for stream_monitor_harga_pangan to 2026-07-02 05:00:00+00:00, run_after=2026-07-02 06:00:00+00:00
[2026-07-02T06:55:26.171+0000] {processor.py:183} INFO - Processing /opt/airflow/dags/stream_monitor_dag.py took 0.113 seconds
[2026-07-02T06:55:59.839+0000] {processor.py:161} INFO - Started process (PID=4594) to work on /opt/airflow/dags/stream_monitor_dag.py
[2026-07-02T06:55:59.841+0000] {processor.py:830} INFO - Processing file /opt/airflow/dags/stream_monitor_dag.py for tasks to queue
[2026-07-02T06:55:59.848+0000] {logging_mixin.py:188} INFO - [2026-07-02T06:55:59.847+0000] {dagbag.py:538} INFO - Filling up the DagBag from /opt/airflow/dags/stream_monitor_dag.py
[2026-07-02T06:55:59.876+0000] {processor.py:840} INFO - DAG(s) 'stream_monitor_harga_pangan' retrieved from /opt/airflow/dags/stream_monitor_dag.py
[2026-07-02T06:55:59.917+0000] {logging_mixin.py:188} INFO - [2026-07-02T06:55:59.917+0000] {dag.py:3036} INFO - Sync 1 DAGs
[2026-07-02T06:55:59.943+0000] {logging_mixin.py:188} INFO - [2026-07-02T06:55:59.943+0000] {dag.py:3823} INFO - Setting next_dagrun for stream_monitor_harga_pangan to 2026-07-02 05:00:00+00:00, run_after=2026-07-02 06:00:00+00:00
[2026-07-02T06:55:59.964+0000] {processor.py:183} INFO - Processing /opt/airflow/dags/stream_monitor_dag.py took 0.133 seconds
[2026-07-02T06:56:32.564+0000] {processor.py:161} INFO - Started process (PID=4612) to work on /opt/airflow/dags/stream_monitor_dag.py
[2026-07-02T06:56:32.566+0000] {processor.py:830} INFO - Processing file /opt/airflow/dags/stream_monitor_dag.py for tasks to queue
[2026-07-02T06:56:32.567+0000] {logging_mixin.py:188} INFO - [2026-07-02T06:56:32.567+0000] {dagbag.py:538} INFO - Filling up the DagBag from /opt/airflow/dags/stream_monitor_dag.py
[2026-07-02T06:56:32.595+0000] {processor.py:840} INFO - DAG(s) 'stream_monitor_harga_pangan' retrieved from /opt/airflow/dags/stream_monitor_dag.py
[2026-07-02T06:56:32.635+0000] {logging_mixin.py:188} INFO - [2026-07-02T06:56:32.635+0000] {dag.py:3036} INFO - Sync 1 DAGs
[2026-07-02T06:56:32.666+0000] {logging_mixin.py:188} INFO - [2026-07-02T06:56:32.666+0000] {dag.py:3823} INFO - Setting next_dagrun for stream_monitor_harga_pangan to 2026-07-02 05:00:00+00:00, run_after=2026-07-02 06:00:00+00:00
[2026-07-02T06:56:32.689+0000] {processor.py:183} INFO - Processing /opt/airflow/dags/stream_monitor_dag.py took 0.127 seconds
[2026-07-02T06:57:06.267+0000] {processor.py:161} INFO - Started process (PID=4630) to work on /opt/airflow/dags/stream_monitor_dag.py
[2026-07-02T06:57:06.268+0000] {processor.py:830} INFO - Processing file /opt/airflow/dags/stream_monitor_dag.py for tasks to queue
[2026-07-02T06:57:06.268+0000] {logging_mixin.py:188} INFO - [2026-07-02T06:57:06.268+0000] {dagbag.py:538} INFO - Filling up the DagBag from /opt/airflow/dags/stream_monitor_dag.py
[2026-07-02T06:57:06.288+0000] {processor.py:840} INFO - DAG(s) 'stream_monitor_harga_pangan' retrieved from /opt/airflow/dags/stream_monitor_dag.py
[2026-07-02T06:57:06.323+0000] {logging_mixin.py:188} INFO - [2026-07-02T06:57:06.323+0000] {dag.py:3036} INFO - Sync 1 DAGs
[2026-07-02T06:57:06.343+0000] {logging_mixin.py:188} INFO - [2026-07-02T06:57:06.343+0000] {dag.py:3823} INFO - Setting next_dagrun for stream_monitor_harga_pangan to 2026-07-02 05:00:00+00:00, run_after=2026-07-02 06:00:00+00:00
[2026-07-02T06:57:06.360+0000] {processor.py:183} INFO - Processing /opt/airflow/dags/stream_monitor_dag.py took 0.096 seconds
[2026-07-02T06:57:38.969+0000] {processor.py:161} INFO - Started process (PID=4648) to work on /opt/airflow/dags/stream_monitor_dag.py
[2026-07-02T06:57:38.970+0000] {processor.py:830} INFO - Processing file /opt/airflow/dags/stream_monitor_dag.py for tasks to queue
[2026-07-02T06:57:38.971+0000] {logging_mixin.py:188} INFO - [2026-07-02T06:57:38.970+0000] {dagbag.py:538} INFO - Filling up the DagBag from /opt/airflow/dags/stream_monitor_dag.py
[2026-07-02T06:57:38.992+0000] {processor.py:840} INFO - DAG(s) 'stream_monitor_harga_pangan' retrieved from /opt/airflow/dags/stream_monitor_dag.py
[2026-07-02T06:57:39.029+0000] {logging_mixin.py:188} INFO - [2026-07-02T06:57:39.029+0000] {dag.py:3036} INFO - Sync 1 DAGs
[2026-07-02T06:57:39.048+0000] {logging_mixin.py:188} INFO - [2026-07-02T06:57:39.048+0000] {dag.py:3823} INFO - Setting next_dagrun for stream_monitor_harga_pangan to 2026-07-02 05:00:00+00:00, run_after=2026-07-02 06:00:00+00:00
[2026-07-02T06:57:39.065+0000] {processor.py:183} INFO - Processing /opt/airflow/dags/stream_monitor_dag.py took 0.099 seconds
[2026-07-02T06:58:12.688+0000] {processor.py:161} INFO - Started process (PID=4666) to work on /opt/airflow/dags/stream_monitor_dag.py
[2026-07-02T06:58:12.689+0000] {processor.py:830} INFO - Processing file /opt/airflow/dags/stream_monitor_dag.py for tasks to queue
[2026-07-02T06:58:12.691+0000] {logging_mixin.py:188} INFO - [2026-07-02T06:58:12.691+0000] {dagbag.py:538} INFO - Filling up the DagBag from /opt/airflow/dags/stream_monitor_dag.py
[2026-07-02T06:58:12.721+0000] {processor.py:840} INFO - DAG(s) 'stream_monitor_harga_pangan' retrieved from /opt/airflow/dags/stream_monitor_dag.py
[2026-07-02T06:58:12.765+0000] {logging_mixin.py:188} INFO - [2026-07-02T06:58:12.765+0000] {dag.py:3036} INFO - Sync 1 DAGs
[2026-07-02T06:58:12.788+0000] {logging_mixin.py:188} INFO - [2026-07-02T06:58:12.788+0000] {dag.py:3823} INFO - Setting next_dagrun for stream_monitor_harga_pangan to 2026-07-02 05:00:00+00:00, run_after=2026-07-02 06:00:00+00:00
[2026-07-02T06:58:12.807+0000] {processor.py:183} INFO - Processing /opt/airflow/dags/stream_monitor_dag.py took 0.123 seconds
[2026-07-02T06:58:46.388+0000] {processor.py:161} INFO - Started process (PID=4684) to work on /opt/airflow/dags/stream_monitor_dag.py
[2026-07-02T06:58:46.389+0000] {processor.py:830} INFO - Processing file /opt/airflow/dags/stream_monitor_dag.py for tasks to queue
[2026-07-02T06:58:46.390+0000] {logging_mixin.py:188} INFO - [2026-07-02T06:58:46.390+0000] {dagbag.py:538} INFO - Filling up the DagBag from /opt/airflow/dags/stream_monitor_dag.py
[2026-07-02T06:58:46.418+0000] {processor.py:840} INFO - DAG(s) 'stream_monitor_harga_pangan' retrieved from /opt/airflow/dags/stream_monitor_dag.py
[2026-07-02T06:58:46.458+0000] {logging_mixin.py:188} INFO - [2026-07-02T06:58:46.458+0000] {dag.py:3036} INFO - Sync 1 DAGs
[2026-07-02T06:58:46.486+0000] {logging_mixin.py:188} INFO - [2026-07-02T06:58:46.486+0000] {dag.py:3823} INFO - Setting next_dagrun for stream_monitor_harga_pangan to 2026-07-02 05:00:00+00:00, run_after=2026-07-02 06:00:00+00:00
[2026-07-02T06:58:46.509+0000] {processor.py:183} INFO - Processing /opt/airflow/dags/stream_monitor_dag.py took 0.125 seconds
[2026-07-02T06:59:19.139+0000] {processor.py:161} INFO - Started process (PID=4694) to work on /opt/airflow/dags/stream_monitor_dag.py
[2026-07-02T06:59:19.140+0000] {processor.py:830} INFO - Processing file /opt/airflow/dags/stream_monitor_dag.py for tasks to queue
[2026-07-02T06:59:19.141+0000] {logging_mixin.py:188} INFO - [2026-07-02T06:59:19.141+0000] {dagbag.py:538} INFO - Filling up the DagBag from /opt/airflow/dags/stream_monitor_dag.py
[2026-07-02T06:59:19.164+0000] {processor.py:840} INFO - DAG(s) 'stream_monitor_harga_pangan' retrieved from /opt/airflow/dags/stream_monitor_dag.py
[2026-07-02T06:59:19.201+0000] {logging_mixin.py:188} INFO - [2026-07-02T06:59:19.200+0000] {dag.py:3036} INFO - Sync 1 DAGs
[2026-07-02T06:59:19.220+0000] {logging_mixin.py:188} INFO - [2026-07-02T06:59:19.220+0000] {dag.py:3823} INFO - Setting next_dagrun for stream_monitor_harga_pangan to 2026-07-02 05:00:00+00:00, run_after=2026-07-02 06:00:00+00:00
[2026-07-02T06:59:19.238+0000] {processor.py:183} INFO - Processing /opt/airflow/dags/stream_monitor_dag.py took 0.102 seconds
[2026-07-02T06:59:52.831+0000] {processor.py:161} INFO - Started process (PID=4712) to work on /opt/airflow/dags/stream_monitor_dag.py
[2026-07-02T06:59:52.833+0000] {processor.py:830} INFO - Processing file /opt/airflow/dags/stream_monitor_dag.py for tasks to queue
[2026-07-02T06:59:52.834+0000] {logging_mixin.py:188} INFO - [2026-07-02T06:59:52.834+0000] {dagbag.py:538} INFO - Filling up the DagBag from /opt/airflow/dags/stream_monitor_dag.py
[2026-07-02T06:59:52.860+0000] {processor.py:840} INFO - DAG(s) 'stream_monitor_harga_pangan' retrieved from /opt/airflow/dags/stream_monitor_dag.py
[2026-07-02T06:59:52.902+0000] {logging_mixin.py:188} INFO - [2026-07-02T06:59:52.902+0000] {dag.py:3036} INFO - Sync 1 DAGs
[2026-07-02T06:59:52.922+0000] {logging_mixin.py:188} INFO - [2026-07-02T06:59:52.922+0000] {dag.py:3823} INFO - Setting next_dagrun for stream_monitor_harga_pangan to 2026-07-02 05:00:00+00:00, run_after=2026-07-02 06:00:00+00:00
[2026-07-02T06:59:52.942+0000] {processor.py:183} INFO - Processing /opt/airflow/dags/stream_monitor_dag.py took 0.114 seconds
[2026-07-02T07:00:25.534+0000] {processor.py:161} INFO - Started process (PID=4730) to work on /opt/airflow/dags/stream_monitor_dag.py
[2026-07-02T07:00:25.535+0000] {processor.py:830} INFO - Processing file /opt/airflow/dags/stream_monitor_dag.py for tasks to queue
[2026-07-02T07:00:25.536+0000] {logging_mixin.py:188} INFO - [2026-07-02T07:00:25.535+0000] {dagbag.py:538} INFO - Filling up the DagBag from /opt/airflow/dags/stream_monitor_dag.py
[2026-07-02T07:00:25.556+0000] {processor.py:840} INFO - DAG(s) 'stream_monitor_harga_pangan' retrieved from /opt/airflow/dags/stream_monitor_dag.py
[2026-07-02T07:00:25.589+0000] {logging_mixin.py:188} INFO - [2026-07-02T07:00:25.589+0000] {dag.py:3036} INFO - Sync 1 DAGs
[2026-07-02T07:00:25.607+0000] {logging_mixin.py:188} INFO - [2026-07-02T07:00:25.607+0000] {dag.py:3823} INFO - Setting next_dagrun for stream_monitor_harga_pangan to 2026-07-02 06:00:00+00:00, run_after=2026-07-02 07:00:00+00:00
[2026-07-02T07:00:25.623+0000] {processor.py:183} INFO - Processing /opt/airflow/dags/stream_monitor_dag.py took 0.092 seconds
[2026-07-02T07:00:59.214+0000] {processor.py:161} INFO - Started process (PID=4748) to work on /opt/airflow/dags/stream_monitor_dag.py
[2026-07-02T07:00:59.215+0000] {processor.py:830} INFO - Processing file /opt/airflow/dags/stream_monitor_dag.py for tasks to queue
[2026-07-02T07:00:59.216+0000] {logging_mixin.py:188} INFO - [2026-07-02T07:00:59.215+0000] {dagbag.py:538} INFO - Filling up the DagBag from /opt/airflow/dags/stream_monitor_dag.py
[2026-07-02T07:00:59.234+0000] {processor.py:840} INFO - DAG(s) 'stream_monitor_harga_pangan' retrieved from /opt/airflow/dags/stream_monitor_dag.py
[2026-07-02T07:00:59.268+0000] {logging_mixin.py:188} INFO - [2026-07-02T07:00:59.268+0000] {dag.py:3036} INFO - Sync 1 DAGs
[2026-07-02T07:00:59.287+0000] {logging_mixin.py:188} INFO - [2026-07-02T07:00:59.287+0000] {dag.py:3823} INFO - Setting next_dagrun for stream_monitor_harga_pangan to 2026-07-02 06:00:00+00:00, run_after=2026-07-02 07:00:00+00:00
[2026-07-02T07:00:59.303+0000] {processor.py:183} INFO - Processing /opt/airflow/dags/stream_monitor_dag.py took 0.093 seconds
[2026-07-02T07:01:32.898+0000] {processor.py:161} INFO - Started process (PID=4766) to work on /opt/airflow/dags/stream_monitor_dag.py
[2026-07-02T07:01:32.899+0000] {processor.py:830} INFO - Processing file /opt/airflow/dags/stream_monitor_dag.py for tasks to queue
[2026-07-02T07:01:32.900+0000] {logging_mixin.py:188} INFO - [2026-07-02T07:01:32.900+0000] {dagbag.py:538} INFO - Filling up the DagBag from /opt/airflow/dags/stream_monitor_dag.py
[2026-07-02T07:01:32.922+0000] {processor.py:840} INFO - DAG(s) 'stream_monitor_harga_pangan' retrieved from /opt/airflow/dags/stream_monitor_dag.py
[2026-07-02T07:01:32.959+0000] {logging_mixin.py:188} INFO - [2026-07-02T07:01:32.959+0000] {dag.py:3036} INFO - Sync 1 DAGs
[2026-07-02T07:01:32.980+0000] {logging_mixin.py:188} INFO - [2026-07-02T07:01:32.980+0000] {dag.py:3823} INFO - Setting next_dagrun for stream_monitor_harga_pangan to 2026-07-02 06:00:00+00:00, run_after=2026-07-02 07:00:00+00:00
[2026-07-02T07:01:32.999+0000] {processor.py:183} INFO - Processing /opt/airflow/dags/stream_monitor_dag.py took 0.104 seconds
[2026-07-02T07:02:05.580+0000] {processor.py:161} INFO - Started process (PID=4784) to work on /opt/airflow/dags/stream_monitor_dag.py
[2026-07-02T07:02:05.582+0000] {processor.py:830} INFO - Processing file /opt/airflow/dags/stream_monitor_dag.py for tasks to queue
[2026-07-02T07:02:05.583+0000] {logging_mixin.py:188} INFO - [2026-07-02T07:02:05.583+0000] {dagbag.py:538} INFO - Filling up the DagBag from /opt/airflow/dags/stream_monitor_dag.py
[2026-07-02T07:02:05.607+0000] {processor.py:840} INFO - DAG(s) 'stream_monitor_harga_pangan' retrieved from /opt/airflow/dags/stream_monitor_dag.py
[2026-07-02T07:02:05.652+0000] {logging_mixin.py:188} INFO - [2026-07-02T07:02:05.651+0000] {dag.py:3036} INFO - Sync 1 DAGs
[2026-07-02T07:02:05.675+0000] {logging_mixin.py:188} INFO - [2026-07-02T07:02:05.675+0000] {dag.py:3823} INFO - Setting next_dagrun for stream_monitor_harga_pangan to 2026-07-02 06:00:00+00:00, run_after=2026-07-02 07:00:00+00:00
[2026-07-02T07:02:05.696+0000] {processor.py:183} INFO - Processing /opt/airflow/dags/stream_monitor_dag.py took 0.120 seconds
[2026-07-02T07:02:39.302+0000] {processor.py:161} INFO - Started process (PID=4803) to work on /opt/airflow/dags/stream_monitor_dag.py
[2026-07-02T07:02:39.303+0000] {processor.py:830} INFO - Processing file /opt/airflow/dags/stream_monitor_dag.py for tasks to queue
[2026-07-02T07:02:39.304+0000] {logging_mixin.py:188} INFO - [2026-07-02T07:02:39.303+0000] {dagbag.py:538} INFO - Filling up the DagBag from /opt/airflow/dags/stream_monitor_dag.py
[2026-07-02T07:02:39.324+0000] {processor.py:840} INFO - DAG(s) 'stream_monitor_harga_pangan' retrieved from /opt/airflow/dags/stream_monitor_dag.py
[2026-07-02T07:02:39.359+0000] {logging_mixin.py:188} INFO - [2026-07-02T07:02:39.359+0000] {dag.py:3036} INFO - Sync 1 DAGs
[2026-07-02T07:02:39.384+0000] {logging_mixin.py:188} INFO - [2026-07-02T07:02:39.383+0000] {dag.py:3823} INFO - Setting next_dagrun for stream_monitor_harga_pangan to 2026-07-02 06:00:00+00:00, run_after=2026-07-02 07:00:00+00:00
[2026-07-02T07:02:39.407+0000] {processor.py:183} INFO - Processing /opt/airflow/dags/stream_monitor_dag.py took 0.108 seconds
[2026-07-02T07:03:13.001+0000] {processor.py:161} INFO - Started process (PID=4821) to work on /opt/airflow/dags/stream_monitor_dag.py
[2026-07-02T07:03:13.003+0000] {processor.py:830} INFO - Processing file /opt/airflow/dags/stream_monitor_dag.py for tasks to queue
[2026-07-02T07:03:13.004+0000] {logging_mixin.py:188} INFO - [2026-07-02T07:03:13.003+0000] {dagbag.py:538} INFO - Filling up the DagBag from /opt/airflow/dags/stream_monitor_dag.py
[2026-07-02T07:03:13.029+0000] {processor.py:840} INFO - DAG(s) 'stream_monitor_harga_pangan' retrieved from /opt/airflow/dags/stream_monitor_dag.py
[2026-07-02T07:03:13.073+0000] {logging_mixin.py:188} INFO - [2026-07-02T07:03:13.073+0000] {dag.py:3036} INFO - Sync 1 DAGs
[2026-07-02T07:03:13.099+0000] {logging_mixin.py:188} INFO - [2026-07-02T07:03:13.098+0000] {dag.py:3823} INFO - Setting next_dagrun for stream_monitor_harga_pangan to 2026-07-02 06:00:00+00:00, run_after=2026-07-02 07:00:00+00:00
[2026-07-02T07:03:13.120+0000] {processor.py:183} INFO - Processing /opt/airflow/dags/stream_monitor_dag.py took 0.123 seconds
[2026-07-02T07:03:45.681+0000] {processor.py:161} INFO - Started process (PID=4839) to work on /opt/airflow/dags/stream_monitor_dag.py
[2026-07-02T07:03:45.683+0000] {processor.py:830} INFO - Processing file /opt/airflow/dags/stream_monitor_dag.py for tasks to queue
[2026-07-02T07:03:45.684+0000] {logging_mixin.py:188} INFO - [2026-07-02T07:03:45.684+0000] {dagbag.py:538} INFO - Filling up the DagBag from /opt/airflow/dags/stream_monitor_dag.py
[2026-07-02T07:03:45.713+0000] {processor.py:840} INFO - DAG(s) 'stream_monitor_harga_pangan' retrieved from /opt/airflow/dags/stream_monitor_dag.py
[2026-07-02T07:03:45.756+0000] {logging_mixin.py:188} INFO - [2026-07-02T07:03:45.756+0000] {dag.py:3036} INFO - Sync 1 DAGs
[2026-07-02T07:03:45.782+0000] {logging_mixin.py:188} INFO - [2026-07-02T07:03:45.782+0000] {dag.py:3823} INFO - Setting next_dagrun for stream_monitor_harga_pangan to 2026-07-02 06:00:00+00:00, run_after=2026-07-02 07:00:00+00:00
[2026-07-02T07:03:45.801+0000] {processor.py:183} INFO - Processing /opt/airflow/dags/stream_monitor_dag.py took 0.124 seconds
[2026-07-02T07:04:19.396+0000] {processor.py:161} INFO - Started process (PID=4857) to work on /opt/airflow/dags/stream_monitor_dag.py
[2026-07-02T07:04:19.397+0000] {processor.py:830} INFO - Processing file /opt/airflow/dags/stream_monitor_dag.py for tasks to queue
[2026-07-02T07:04:19.399+0000] {logging_mixin.py:188} INFO - [2026-07-02T07:04:19.398+0000] {dagbag.py:538} INFO - Filling up the DagBag from /opt/airflow/dags/stream_monitor_dag.py
[2026-07-02T07:04:19.420+0000] {processor.py:840} INFO - DAG(s) 'stream_monitor_harga_pangan' retrieved from /opt/airflow/dags/stream_monitor_dag.py
[2026-07-02T07:04:19.458+0000] {logging_mixin.py:188} INFO - [2026-07-02T07:04:19.457+0000] {dag.py:3036} INFO - Sync 1 DAGs
[2026-07-02T07:04:19.477+0000] {logging_mixin.py:188} INFO - [2026-07-02T07:04:19.477+0000] {dag.py:3823} INFO - Setting next_dagrun for stream_monitor_harga_pangan to 2026-07-02 06:00:00+00:00, run_after=2026-07-02 07:00:00+00:00
[2026-07-02T07:04:19.494+0000] {processor.py:183} INFO - Processing /opt/airflow/dags/stream_monitor_dag.py took 0.100 seconds
[2026-07-02T07:04:53.097+0000] {processor.py:161} INFO - Started process (PID=4875) to work on /opt/airflow/dags/stream_monitor_dag.py
[2026-07-02T07:04:53.098+0000] {processor.py:830} INFO - Processing file /opt/airflow/dags/stream_monitor_dag.py for tasks to queue
[2026-07-02T07:04:53.099+0000] {logging_mixin.py:188} INFO - [2026-07-02T07:04:53.098+0000] {dagbag.py:538} INFO - Filling up the DagBag from /opt/airflow/dags/stream_monitor_dag.py
[2026-07-02T07:04:53.119+0000] {processor.py:840} INFO - DAG(s) 'stream_monitor_harga_pangan' retrieved from /opt/airflow/dags/stream_monitor_dag.py
[2026-07-02T07:04:53.153+0000] {logging_mixin.py:188} INFO - [2026-07-02T07:04:53.153+0000] {dag.py:3036} INFO - Sync 1 DAGs
[2026-07-02T07:04:53.172+0000] {logging_mixin.py:188} INFO - [2026-07-02T07:04:53.171+0000] {dag.py:3823} INFO - Setting next_dagrun for stream_monitor_harga_pangan to 2026-07-02 06:00:00+00:00, run_after=2026-07-02 07:00:00+00:00
[2026-07-02T07:04:53.190+0000] {processor.py:183} INFO - Processing /opt/airflow/dags/stream_monitor_dag.py took 0.097 seconds
[2026-07-02T07:05:25.773+0000] {processor.py:161} INFO - Started process (PID=4893) to work on /opt/airflow/dags/stream_monitor_dag.py
[2026-07-02T07:05:25.774+0000] {processor.py:830} INFO - Processing file /opt/airflow/dags/stream_monitor_dag.py for tasks to queue
[2026-07-02T07:05:25.775+0000] {logging_mixin.py:188} INFO - [2026-07-02T07:05:25.775+0000] {dagbag.py:538} INFO - Filling up the DagBag from /opt/airflow/dags/stream_monitor_dag.py
[2026-07-02T07:05:25.797+0000] {processor.py:840} INFO - DAG(s) 'stream_monitor_harga_pangan' retrieved from /opt/airflow/dags/stream_monitor_dag.py
[2026-07-02T07:05:25.835+0000] {logging_mixin.py:188} INFO - [2026-07-02T07:05:25.834+0000] {dag.py:3036} INFO - Sync 1 DAGs
[2026-07-02T07:05:25.857+0000] {logging_mixin.py:188} INFO - [2026-07-02T07:05:25.857+0000] {dag.py:3823} INFO - Setting next_dagrun for stream_monitor_harga_pangan to 2026-07-02 06:00:00+00:00, run_after=2026-07-02 07:00:00+00:00
[2026-07-02T07:05:25.877+0000] {processor.py:183} INFO - Processing /opt/airflow/dags/stream_monitor_dag.py took 0.108 seconds
[2026-07-02T07:05:59.475+0000] {processor.py:161} INFO - Started process (PID=4911) to work on /opt/airflow/dags/stream_monitor_dag.py
[2026-07-02T07:05:59.476+0000] {processor.py:830} INFO - Processing file /opt/airflow/dags/stream_monitor_dag.py for tasks to queue
[2026-07-02T07:05:59.476+0000] {logging_mixin.py:188} INFO - [2026-07-02T07:05:59.476+0000] {dagbag.py:538} INFO - Filling up the DagBag from /opt/airflow/dags/stream_monitor_dag.py
[2026-07-02T07:05:59.496+0000] {processor.py:840} INFO - DAG(s) 'stream_monitor_harga_pangan' retrieved from /opt/airflow/dags/stream_monitor_dag.py
[2026-07-02T07:05:59.529+0000] {logging_mixin.py:188} INFO - [2026-07-02T07:05:59.528+0000] {dag.py:3036} INFO - Sync 1 DAGs
[2026-07-02T07:05:59.548+0000] {logging_mixin.py:188} INFO - [2026-07-02T07:05:59.547+0000] {dag.py:3823} INFO - Setting next_dagrun for stream_monitor_harga_pangan to 2026-07-02 06:00:00+00:00, run_after=2026-07-02 07:00:00+00:00
[2026-07-02T07:05:59.567+0000] {processor.py:183} INFO - Processing /opt/airflow/dags/stream_monitor_dag.py took 0.095 seconds
[2026-07-02T07:06:33.151+0000] {processor.py:161} INFO - Started process (PID=4929) to work on /opt/airflow/dags/stream_monitor_dag.py
[2026-07-02T07:06:33.152+0000] {processor.py:830} INFO - Processing file /opt/airflow/dags/stream_monitor_dag.py for tasks to queue
[2026-07-02T07:06:33.153+0000] {logging_mixin.py:188} INFO - [2026-07-02T07:06:33.153+0000] {dagbag.py:538} INFO - Filling up the DagBag from /opt/airflow/dags/stream_monitor_dag.py
[2026-07-02T07:06:33.176+0000] {processor.py:840} INFO - DAG(s) 'stream_monitor_harga_pangan' retrieved from /opt/airflow/dags/stream_monitor_dag.py
[2026-07-02T07:06:33.212+0000] {logging_mixin.py:188} INFO - [2026-07-02T07:06:33.212+0000] {dag.py:3036} INFO - Sync 1 DAGs
[2026-07-02T07:06:33.232+0000] {logging_mixin.py:188} INFO - [2026-07-02T07:06:33.232+0000] {dag.py:3823} INFO - Setting next_dagrun for stream_monitor_harga_pangan to 2026-07-02 06:00:00+00:00, run_after=2026-07-02 07:00:00+00:00
[2026-07-02T07:06:33.254+0000] {processor.py:183} INFO - Processing /opt/airflow/dags/stream_monitor_dag.py took 0.108 seconds
[2026-07-02T07:07:05.794+0000] {processor.py:161} INFO - Started process (PID=4947) to work on /opt/airflow/dags/stream_monitor_dag.py
[2026-07-02T07:07:05.795+0000] {processor.py:830} INFO - Processing file /opt/airflow/dags/stream_monitor_dag.py for tasks to queue
[2026-07-02T07:07:05.796+0000] {logging_mixin.py:188} INFO - [2026-07-02T07:07:05.796+0000] {dagbag.py:538} INFO - Filling up the DagBag from /opt/airflow/dags/stream_monitor_dag.py
[2026-07-02T07:07:05.828+0000] {processor.py:840} INFO - DAG(s) 'stream_monitor_harga_pangan' retrieved from /opt/airflow/dags/stream_monitor_dag.py
[2026-07-02T07:07:05.874+0000] {logging_mixin.py:188} INFO - [2026-07-02T07:07:05.873+0000] {dag.py:3036} INFO - Sync 1 DAGs
[2026-07-02T07:07:05.901+0000] {logging_mixin.py:188} INFO - [2026-07-02T07:07:05.901+0000] {dag.py:3823} INFO - Setting next_dagrun for stream_monitor_harga_pangan to 2026-07-02 06:00:00+00:00, run_after=2026-07-02 07:00:00+00:00
[2026-07-02T07:07:05.925+0000] {processor.py:183} INFO - Processing /opt/airflow/dags/stream_monitor_dag.py took 0.135 seconds
[2026-07-02T07:07:39.506+0000] {processor.py:161} INFO - Started process (PID=4965) to work on /opt/airflow/dags/stream_monitor_dag.py
[2026-07-02T07:07:39.507+0000] {processor.py:830} INFO - Processing file /opt/airflow/dags/stream_monitor_dag.py for tasks to queue
[2026-07-02T07:07:39.509+0000] {logging_mixin.py:188} INFO - [2026-07-02T07:07:39.509+0000] {dagbag.py:538} INFO - Filling up the DagBag from /opt/airflow/dags/stream_monitor_dag.py
[2026-07-02T07:07:39.530+0000] {processor.py:840} INFO - DAG(s) 'stream_monitor_harga_pangan' retrieved from /opt/airflow/dags/stream_monitor_dag.py
[2026-07-02T07:07:39.564+0000] {logging_mixin.py:188} INFO - [2026-07-02T07:07:39.564+0000] {dag.py:3036} INFO - Sync 1 DAGs
[2026-07-02T07:07:39.585+0000] {logging_mixin.py:188} INFO - [2026-07-02T07:07:39.584+0000] {dag.py:3823} INFO - Setting next_dagrun for stream_monitor_harga_pangan to 2026-07-02 06:00:00+00:00, run_after=2026-07-02 07:00:00+00:00
[2026-07-02T07:07:39.601+0000] {processor.py:183} INFO - Processing /opt/airflow/dags/stream_monitor_dag.py took 0.099 seconds
[2026-07-02T07:08:13.174+0000] {processor.py:161} INFO - Started process (PID=4983) to work on /opt/airflow/dags/stream_monitor_dag.py
[2026-07-02T07:08:13.176+0000] {processor.py:830} INFO - Processing file /opt/airflow/dags/stream_monitor_dag.py for tasks to queue
[2026-07-02T07:08:13.179+0000] {logging_mixin.py:188} INFO - [2026-07-02T07:08:13.178+0000] {dagbag.py:538} INFO - Filling up the DagBag from /opt/airflow/dags/stream_monitor_dag.py
[2026-07-02T07:08:13.214+0000] {processor.py:840} INFO - DAG(s) 'stream_monitor_harga_pangan' retrieved from /opt/airflow/dags/stream_monitor_dag.py
[2026-07-02T07:08:13.264+0000] {logging_mixin.py:188} INFO - [2026-07-02T07:08:13.263+0000] {dag.py:3036} INFO - Sync 1 DAGs
[2026-07-02T07:08:13.289+0000] {logging_mixin.py:188} INFO - [2026-07-02T07:08:13.289+0000] {dag.py:3823} INFO - Setting next_dagrun for stream_monitor_harga_pangan to 2026-07-02 06:00:00+00:00, run_after=2026-07-02 07:00:00+00:00
[2026-07-02T07:08:13.307+0000] {processor.py:183} INFO - Processing /opt/airflow/dags/stream_monitor_dag.py took 0.139 seconds
[2026-07-02T07:08:45.874+0000] {processor.py:161} INFO - Started process (PID=4993) to work on /opt/airflow/dags/stream_monitor_dag.py
[2026-07-02T07:08:45.875+0000] {processor.py:830} INFO - Processing file /opt/airflow/dags/stream_monitor_dag.py for tasks to queue
[2026-07-02T07:08:45.877+0000] {logging_mixin.py:188} INFO - [2026-07-02T07:08:45.876+0000] {dagbag.py:538} INFO - Filling up the DagBag from /opt/airflow/dags/stream_monitor_dag.py
[2026-07-02T07:08:45.905+0000] {processor.py:840} INFO - DAG(s) 'stream_monitor_harga_pangan' retrieved from /opt/airflow/dags/stream_monitor_dag.py
[2026-07-02T07:08:45.943+0000] {logging_mixin.py:188} INFO - [2026-07-02T07:08:45.943+0000] {dag.py:3036} INFO - Sync 1 DAGs
[2026-07-02T07:08:45.965+0000] {logging_mixin.py:188} INFO - [2026-07-02T07:08:45.965+0000] {dag.py:3823} INFO - Setting next_dagrun for stream_monitor_harga_pangan to 2026-07-02 06:00:00+00:00, run_after=2026-07-02 07:00:00+00:00
[2026-07-02T07:08:45.984+0000] {processor.py:183} INFO - Processing /opt/airflow/dags/stream_monitor_dag.py took 0.113 seconds
[2026-07-02T07:09:19.532+0000] {processor.py:161} INFO - Started process (PID=5011) to work on /opt/airflow/dags/stream_monitor_dag.py
[2026-07-02T07:09:19.533+0000] {processor.py:830} INFO - Processing file /opt/airflow/dags/stream_monitor_dag.py for tasks to queue
[2026-07-02T07:09:19.534+0000] {logging_mixin.py:188} INFO - [2026-07-02T07:09:19.534+0000] {dagbag.py:538} INFO - Filling up the DagBag from /opt/airflow/dags/stream_monitor_dag.py
[2026-07-02T07:09:19.558+0000] {processor.py:840} INFO - DAG(s) 'stream_monitor_harga_pangan' retrieved from /opt/airflow/dags/stream_monitor_dag.py
[2026-07-02T07:09:19.593+0000] {logging_mixin.py:188} INFO - [2026-07-02T07:09:19.593+0000] {dag.py:3036} INFO - Sync 1 DAGs
[2026-07-02T07:09:19.615+0000] {logging_mixin.py:188} INFO - [2026-07-02T07:09:19.614+0000] {dag.py:3823} INFO - Setting next_dagrun for stream_monitor_harga_pangan to 2026-07-02 06:00:00+00:00, run_after=2026-07-02 07:00:00+00:00
[2026-07-02T07:09:19.635+0000] {processor.py:183} INFO - Processing /opt/airflow/dags/stream_monitor_dag.py took 0.105 seconds
[2026-07-02T07:09:53.195+0000] {processor.py:161} INFO - Started process (PID=5029) to work on /opt/airflow/dags/stream_monitor_dag.py
[2026-07-02T07:09:53.196+0000] {processor.py:830} INFO - Processing file /opt/airflow/dags/stream_monitor_dag.py for tasks to queue
[2026-07-02T07:09:53.197+0000] {logging_mixin.py:188} INFO - [2026-07-02T07:09:53.197+0000] {dagbag.py:538} INFO - Filling up the DagBag from /opt/airflow/dags/stream_monitor_dag.py
[2026-07-02T07:09:53.221+0000] {processor.py:840} INFO - DAG(s) 'stream_monitor_harga_pangan' retrieved from /opt/airflow/dags/stream_monitor_dag.py
[2026-07-02T07:09:53.258+0000] {logging_mixin.py:188} INFO - [2026-07-02T07:09:53.258+0000] {dag.py:3036} INFO - Sync 1 DAGs
[2026-07-02T07:09:53.280+0000] {logging_mixin.py:188} INFO - [2026-07-02T07:09:53.279+0000] {dag.py:3823} INFO - Setting next_dagrun for stream_monitor_harga_pangan to 2026-07-02 06:00:00+00:00, run_after=2026-07-02 07:00:00+00:00
[2026-07-02T07:09:53.300+0000] {processor.py:183} INFO - Processing /opt/airflow/dags/stream_monitor_dag.py took 0.108 seconds
[2026-07-02T07:10:25.942+0000] {processor.py:161} INFO - Started process (PID=5047) to work on /opt/airflow/dags/stream_monitor_dag.py
[2026-07-02T07:10:25.945+0000] {processor.py:830} INFO - Processing file /opt/airflow/dags/stream_monitor_dag.py for tasks to queue
[2026-07-02T07:10:25.950+0000] {logging_mixin.py:188} INFO - [2026-07-02T07:10:25.949+0000] {dagbag.py:538} INFO - Filling up the DagBag from /opt/airflow/dags/stream_monitor_dag.py
[2026-07-02T07:10:25.983+0000] {processor.py:840} INFO - DAG(s) 'stream_monitor_harga_pangan' retrieved from /opt/airflow/dags/stream_monitor_dag.py
[2026-07-02T07:10:26.039+0000] {logging_mixin.py:188} INFO - [2026-07-02T07:10:26.038+0000] {dag.py:3036} INFO - Sync 1 DAGs
[2026-07-02T07:10:26.071+0000] {logging_mixin.py:188} INFO - [2026-07-02T07:10:26.071+0000] {dag.py:3823} INFO - Setting next_dagrun for stream_monitor_harga_pangan to 2026-07-02 06:00:00+00:00, run_after=2026-07-02 07:00:00+00:00
[2026-07-02T07:10:26.098+0000] {processor.py:183} INFO - Processing /opt/airflow/dags/stream_monitor_dag.py took 0.161 seconds
[2026-07-02T07:10:59.661+0000] {processor.py:161} INFO - Started process (PID=5065) to work on /opt/airflow/dags/stream_monitor_dag.py
[2026-07-02T07:10:59.662+0000] {processor.py:830} INFO - Processing file /opt/airflow/dags/stream_monitor_dag.py for tasks to queue
[2026-07-02T07:10:59.663+0000] {logging_mixin.py:188} INFO - [2026-07-02T07:10:59.663+0000] {dagbag.py:538} INFO - Filling up the DagBag from /opt/airflow/dags/stream_monitor_dag.py
[2026-07-02T07:10:59.687+0000] {processor.py:840} INFO - DAG(s) 'stream_monitor_harga_pangan' retrieved from /opt/airflow/dags/stream_monitor_dag.py
[2026-07-02T07:10:59.740+0000] {logging_mixin.py:188} INFO - [2026-07-02T07:10:59.740+0000] {dag.py:3036} INFO - Sync 1 DAGs
[2026-07-02T07:10:59.766+0000] {logging_mixin.py:188} INFO - [2026-07-02T07:10:59.765+0000] {dag.py:3823} INFO - Setting next_dagrun for stream_monitor_harga_pangan to 2026-07-02 06:00:00+00:00, run_after=2026-07-02 07:00:00+00:00
[2026-07-02T07:10:59.786+0000] {processor.py:183} INFO - Processing /opt/airflow/dags/stream_monitor_dag.py took 0.127 seconds
[2026-07-02T07:11:33.257+0000] {processor.py:161} INFO - Started process (PID=5083) to work on /opt/airflow/dags/stream_monitor_dag.py
[2026-07-02T07:11:33.260+0000] {processor.py:830} INFO - Processing file /opt/airflow/dags/stream_monitor_dag.py for tasks to queue
[2026-07-02T07:11:33.262+0000] {logging_mixin.py:188} INFO - [2026-07-02T07:11:33.261+0000] {dagbag.py:538} INFO - Filling up the DagBag from /opt/airflow/dags/stream_monitor_dag.py
[2026-07-02T07:11:33.326+0000] {processor.py:840} INFO - DAG(s) 'stream_monitor_harga_pangan' retrieved from /opt/airflow/dags/stream_monitor_dag.py
[2026-07-02T07:11:33.413+0000] {logging_mixin.py:188} INFO - [2026-07-02T07:11:33.413+0000] {dag.py:3036} INFO - Sync 1 DAGs
[2026-07-02T07:11:33.457+0000] {logging_mixin.py:188} INFO - [2026-07-02T07:11:33.456+0000] {dag.py:3823} INFO - Setting next_dagrun for stream_monitor_harga_pangan to 2026-07-02 06:00:00+00:00, run_after=2026-07-02 07:00:00+00:00
[2026-07-02T07:11:33.500+0000] {processor.py:183} INFO - Processing /opt/airflow/dags/stream_monitor_dag.py took 0.249 seconds
[2026-07-02T07:12:06.177+0000] {processor.py:161} INFO - Started process (PID=5101) to work on /opt/airflow/dags/stream_monitor_dag.py
[2026-07-02T07:12:06.178+0000] {processor.py:830} INFO - Processing file /opt/airflow/dags/stream_monitor_dag.py for tasks to queue
[2026-07-02T07:12:06.179+0000] {logging_mixin.py:188} INFO - [2026-07-02T07:12:06.179+0000] {dagbag.py:538} INFO - Filling up the DagBag from /opt/airflow/dags/stream_monitor_dag.py
[2026-07-02T07:12:06.204+0000] {processor.py:840} INFO - DAG(s) 'stream_monitor_harga_pangan' retrieved from /opt/airflow/dags/stream_monitor_dag.py
[2026-07-02T07:12:06.241+0000] {logging_mixin.py:188} INFO - [2026-07-02T07:12:06.241+0000] {dag.py:3036} INFO - Sync 1 DAGs
[2026-07-02T07:12:06.262+0000] {logging_mixin.py:188} INFO - [2026-07-02T07:12:06.262+0000] {dag.py:3823} INFO - Setting next_dagrun for stream_monitor_harga_pangan to 2026-07-02 06:00:00+00:00, run_after=2026-07-02 07:00:00+00:00
[2026-07-02T07:12:06.282+0000] {processor.py:183} INFO - Processing /opt/airflow/dags/stream_monitor_dag.py took 0.108 seconds
[2026-07-02T07:12:39.909+0000] {processor.py:161} INFO - Started process (PID=5119) to work on /opt/airflow/dags/stream_monitor_dag.py
[2026-07-02T07:12:39.910+0000] {processor.py:830} INFO - Processing file /opt/airflow/dags/stream_monitor_dag.py for tasks to queue
[2026-07-02T07:12:39.911+0000] {logging_mixin.py:188} INFO - [2026-07-02T07:12:39.911+0000] {dagbag.py:538} INFO - Filling up the DagBag from /opt/airflow/dags/stream_monitor_dag.py
[2026-07-02T07:12:39.933+0000] {processor.py:840} INFO - DAG(s) 'stream_monitor_harga_pangan' retrieved from /opt/airflow/dags/stream_monitor_dag.py
[2026-07-02T07:12:39.972+0000] {logging_mixin.py:188} INFO - [2026-07-02T07:12:39.972+0000] {dag.py:3036} INFO - Sync 1 DAGs
[2026-07-02T07:12:39.997+0000] {logging_mixin.py:188} INFO - [2026-07-02T07:12:39.997+0000] {dag.py:3823} INFO - Setting next_dagrun for stream_monitor_harga_pangan to 2026-07-02 06:00:00+00:00, run_after=2026-07-02 07:00:00+00:00
[2026-07-02T07:12:40.025+0000] {processor.py:183} INFO - Processing /opt/airflow/dags/stream_monitor_dag.py took 0.120 seconds
[2026-07-02T07:13:12.658+0000] {processor.py:161} INFO - Started process (PID=5137) to work on /opt/airflow/dags/stream_monitor_dag.py
[2026-07-02T07:13:12.660+0000] {processor.py:830} INFO - Processing file /opt/airflow/dags/stream_monitor_dag.py for tasks to queue
[2026-07-02T07:13:12.661+0000] {logging_mixin.py:188} INFO - [2026-07-02T07:13:12.661+0000] {dagbag.py:538} INFO - Filling up the DagBag from /opt/airflow/dags/stream_monitor_dag.py
[2026-07-02T07:13:12.734+0000] {processor.py:840} INFO - DAG(s) 'stream_monitor_harga_pangan' retrieved from /opt/airflow/dags/stream_monitor_dag.py
[2026-07-02T07:13:12.831+0000] {logging_mixin.py:188} INFO - [2026-07-02T07:13:12.831+0000] {dag.py:3036} INFO - Sync 1 DAGs
[2026-07-02T07:13:12.896+0000] {logging_mixin.py:188} INFO - [2026-07-02T07:13:12.896+0000] {dag.py:3823} INFO - Setting next_dagrun for stream_monitor_harga_pangan to 2026-07-02 06:00:00+00:00, run_after=2026-07-02 07:00:00+00:00
[2026-07-02T07:13:12.995+0000] {processor.py:183} INFO - Processing /opt/airflow/dags/stream_monitor_dag.py took 0.344 seconds
[2026-07-02T07:13:45.642+0000] {processor.py:161} INFO - Started process (PID=5155) to work on /opt/airflow/dags/stream_monitor_dag.py
[2026-07-02T07:13:45.643+0000] {processor.py:830} INFO - Processing file /opt/airflow/dags/stream_monitor_dag.py for tasks to queue
[2026-07-02T07:13:45.644+0000] {logging_mixin.py:188} INFO - [2026-07-02T07:13:45.644+0000] {dagbag.py:538} INFO - Filling up the DagBag from /opt/airflow/dags/stream_monitor_dag.py
[2026-07-02T07:13:45.675+0000] {processor.py:840} INFO - DAG(s) 'stream_monitor_harga_pangan' retrieved from /opt/airflow/dags/stream_monitor_dag.py
[2026-07-02T07:13:45.735+0000] {logging_mixin.py:188} INFO - [2026-07-02T07:13:45.734+0000] {dag.py:3036} INFO - Sync 1 DAGs
[2026-07-02T07:13:45.769+0000] {logging_mixin.py:188} INFO - [2026-07-02T07:13:45.769+0000] {dag.py:3823} INFO - Setting next_dagrun for stream_monitor_harga_pangan to 2026-07-02 06:00:00+00:00, run_after=2026-07-02 07:00:00+00:00
[2026-07-02T07:13:45.796+0000] {processor.py:183} INFO - Processing /opt/airflow/dags/stream_monitor_dag.py took 0.158 seconds
[2026-07-02T07:14:19.400+0000] {processor.py:161} INFO - Started process (PID=5173) to work on /opt/airflow/dags/stream_monitor_dag.py
[2026-07-02T07:14:19.402+0000] {processor.py:830} INFO - Processing file /opt/airflow/dags/stream_monitor_dag.py for tasks to queue
[2026-07-02T07:14:19.404+0000] {logging_mixin.py:188} INFO - [2026-07-02T07:14:19.403+0000] {dagbag.py:538} INFO - Filling up the DagBag from /opt/airflow/dags/stream_monitor_dag.py
[2026-07-02T07:14:19.439+0000] {processor.py:840} INFO - DAG(s) 'stream_monitor_harga_pangan' retrieved from /opt/airflow/dags/stream_monitor_dag.py
[2026-07-02T07:14:19.492+0000] {logging_mixin.py:188} INFO - [2026-07-02T07:14:19.492+0000] {dag.py:3036} INFO - Sync 1 DAGs
[2026-07-02T07:14:19.519+0000] {logging_mixin.py:188} INFO - [2026-07-02T07:14:19.518+0000] {dag.py:3823} INFO - Setting next_dagrun for stream_monitor_harga_pangan to 2026-07-02 06:00:00+00:00, run_after=2026-07-02 07:00:00+00:00
[2026-07-02T07:14:19.543+0000] {processor.py:183} INFO - Processing /opt/airflow/dags/stream_monitor_dag.py took 0.146 seconds
[2026-07-02T07:14:53.211+0000] {processor.py:161} INFO - Started process (PID=5191) to work on /opt/airflow/dags/stream_monitor_dag.py
[2026-07-02T07:14:53.212+0000] {processor.py:830} INFO - Processing file /opt/airflow/dags/stream_monitor_dag.py for tasks to queue
[2026-07-02T07:14:53.214+0000] {logging_mixin.py:188} INFO - [2026-07-02T07:14:53.213+0000] {dagbag.py:538} INFO - Filling up the DagBag from /opt/airflow/dags/stream_monitor_dag.py
[2026-07-02T07:14:53.250+0000] {processor.py:840} INFO - DAG(s) 'stream_monitor_harga_pangan' retrieved from /opt/airflow/dags/stream_monitor_dag.py
[2026-07-02T07:14:53.307+0000] {logging_mixin.py:188} INFO - [2026-07-02T07:14:53.307+0000] {dag.py:3036} INFO - Sync 1 DAGs
[2026-07-02T07:14:53.335+0000] {logging_mixin.py:188} INFO - [2026-07-02T07:14:53.334+0000] {dag.py:3823} INFO - Setting next_dagrun for stream_monitor_harga_pangan to 2026-07-02 06:00:00+00:00, run_after=2026-07-02 07:00:00+00:00
[2026-07-02T07:14:53.362+0000] {processor.py:183} INFO - Processing /opt/airflow/dags/stream_monitor_dag.py took 0.157 seconds
[2026-07-02T07:15:25.962+0000] {processor.py:161} INFO - Started process (PID=5209) to work on /opt/airflow/dags/stream_monitor_dag.py
[2026-07-02T07:15:25.963+0000] {processor.py:830} INFO - Processing file /opt/airflow/dags/stream_monitor_dag.py for tasks to queue
[2026-07-02T07:15:25.964+0000] {logging_mixin.py:188} INFO - [2026-07-02T07:15:25.964+0000] {dagbag.py:538} INFO - Filling up the DagBag from /opt/airflow/dags/stream_monitor_dag.py
[2026-07-02T07:15:25.991+0000] {processor.py:840} INFO - DAG(s) 'stream_monitor_harga_pangan' retrieved from /opt/airflow/dags/stream_monitor_dag.py
[2026-07-02T07:15:26.028+0000] {logging_mixin.py:188} INFO - [2026-07-02T07:15:26.028+0000] {dag.py:3036} INFO - Sync 1 DAGs
[2026-07-02T07:15:26.051+0000] {logging_mixin.py:188} INFO - [2026-07-02T07:15:26.051+0000] {dag.py:3823} INFO - Setting next_dagrun for stream_monitor_harga_pangan to 2026-07-02 06:00:00+00:00, run_after=2026-07-02 07:00:00+00:00
[2026-07-02T07:15:26.074+0000] {processor.py:183} INFO - Processing /opt/airflow/dags/stream_monitor_dag.py took 0.117 seconds
[2026-07-02T07:15:59.720+0000] {processor.py:161} INFO - Started process (PID=5226) to work on /opt/airflow/dags/stream_monitor_dag.py
[2026-07-02T07:15:59.721+0000] {processor.py:830} INFO - Processing file /opt/airflow/dags/stream_monitor_dag.py for tasks to queue
[2026-07-02T07:15:59.722+0000] {logging_mixin.py:188} INFO - [2026-07-02T07:15:59.721+0000] {dagbag.py:538} INFO - Filling up the DagBag from /opt/airflow/dags/stream_monitor_dag.py
[2026-07-02T07:15:59.746+0000] {processor.py:840} INFO - DAG(s) 'stream_monitor_harga_pangan' retrieved from /opt/airflow/dags/stream_monitor_dag.py
[2026-07-02T07:15:59.780+0000] {logging_mixin.py:188} INFO - [2026-07-02T07:15:59.780+0000] {dag.py:3036} INFO - Sync 1 DAGs
[2026-07-02T07:15:59.800+0000] {logging_mixin.py:188} INFO - [2026-07-02T07:15:59.800+0000] {dag.py:3823} INFO - Setting next_dagrun for stream_monitor_harga_pangan to 2026-07-02 06:00:00+00:00, run_after=2026-07-02 07:00:00+00:00
[2026-07-02T07:15:59.819+0000] {processor.py:183} INFO - Processing /opt/airflow/dags/stream_monitor_dag.py took 0.102 seconds
[2026-07-02T07:16:32.421+0000] {processor.py:161} INFO - Started process (PID=5237) to work on /opt/airflow/dags/stream_monitor_dag.py
[2026-07-02T07:16:32.422+0000] {processor.py:830} INFO - Processing file /opt/airflow/dags/stream_monitor_dag.py for tasks to queue
[2026-07-02T07:16:32.423+0000] {logging_mixin.py:188} INFO - [2026-07-02T07:16:32.422+0000] {dagbag.py:538} INFO - Filling up the DagBag from /opt/airflow/dags/stream_monitor_dag.py
[2026-07-02T07:16:32.442+0000] {processor.py:840} INFO - DAG(s) 'stream_monitor_harga_pangan' retrieved from /opt/airflow/dags/stream_monitor_dag.py
[2026-07-02T07:16:32.476+0000] {logging_mixin.py:188} INFO - [2026-07-02T07:16:32.476+0000] {dag.py:3036} INFO - Sync 1 DAGs
[2026-07-02T07:16:32.494+0000] {logging_mixin.py:188} INFO - [2026-07-02T07:16:32.494+0000] {dag.py:3823} INFO - Setting next_dagrun for stream_monitor_harga_pangan to 2026-07-02 06:00:00+00:00, run_after=2026-07-02 07:00:00+00:00
[2026-07-02T07:16:32.510+0000] {processor.py:183} INFO - Processing /opt/airflow/dags/stream_monitor_dag.py took 0.091 seconds
[2026-07-02T07:17:06.109+0000] {processor.py:161} INFO - Started process (PID=5255) to work on /opt/airflow/dags/stream_monitor_dag.py
[2026-07-02T07:17:06.110+0000] {processor.py:830} INFO - Processing file /opt/airflow/dags/stream_monitor_dag.py for tasks to queue
[2026-07-02T07:17:06.111+0000] {logging_mixin.py:188} INFO - [2026-07-02T07:17:06.111+0000] {dagbag.py:538} INFO - Filling up the DagBag from /opt/airflow/dags/stream_monitor_dag.py
[2026-07-02T07:17:06.136+0000] {processor.py:840} INFO - DAG(s) 'stream_monitor_harga_pangan' retrieved from /opt/airflow/dags/stream_monitor_dag.py
[2026-07-02T07:17:06.172+0000] {logging_mixin.py:188} INFO - [2026-07-02T07:17:06.172+0000] {dag.py:3036} INFO - Sync 1 DAGs
[2026-07-02T07:17:06.193+0000] {logging_mixin.py:188} INFO - [2026-07-02T07:17:06.193+0000] {dag.py:3823} INFO - Setting next_dagrun for stream_monitor_harga_pangan to 2026-07-02 06:00:00+00:00, run_after=2026-07-02 07:00:00+00:00
[2026-07-02T07:17:06.212+0000] {processor.py:183} INFO - Processing /opt/airflow/dags/stream_monitor_dag.py took 0.106 seconds
[2026-07-02T07:17:39.824+0000] {processor.py:161} INFO - Started process (PID=5273) to work on /opt/airflow/dags/stream_monitor_dag.py
[2026-07-02T07:17:39.826+0000] {processor.py:830} INFO - Processing file /opt/airflow/dags/stream_monitor_dag.py for tasks to queue
[2026-07-02T07:17:39.827+0000] {logging_mixin.py:188} INFO - [2026-07-02T07:17:39.827+0000] {dagbag.py:538} INFO - Filling up the DagBag from /opt/airflow/dags/stream_monitor_dag.py
[2026-07-02T07:17:39.850+0000] {processor.py:840} INFO - DAG(s) 'stream_monitor_harga_pangan' retrieved from /opt/airflow/dags/stream_monitor_dag.py
[2026-07-02T07:17:39.884+0000] {logging_mixin.py:188} INFO - [2026-07-02T07:17:39.884+0000] {dag.py:3036} INFO - Sync 1 DAGs
[2026-07-02T07:17:39.903+0000] {logging_mixin.py:188} INFO - [2026-07-02T07:17:39.902+0000] {dag.py:3823} INFO - Setting next_dagrun for stream_monitor_harga_pangan to 2026-07-02 06:00:00+00:00, run_after=2026-07-02 07:00:00+00:00
[2026-07-02T07:17:39.920+0000] {processor.py:183} INFO - Processing /opt/airflow/dags/stream_monitor_dag.py took 0.099 seconds
[2026-07-02T07:18:12.509+0000] {processor.py:161} INFO - Started process (PID=5291) to work on /opt/airflow/dags/stream_monitor_dag.py
[2026-07-02T07:18:12.510+0000] {processor.py:830} INFO - Processing file /opt/airflow/dags/stream_monitor_dag.py for tasks to queue
[2026-07-02T07:18:12.512+0000] {logging_mixin.py:188} INFO - [2026-07-02T07:18:12.512+0000] {dagbag.py:538} INFO - Filling up the DagBag from /opt/airflow/dags/stream_monitor_dag.py
[2026-07-02T07:18:12.536+0000] {processor.py:840} INFO - DAG(s) 'stream_monitor_harga_pangan' retrieved from /opt/airflow/dags/stream_monitor_dag.py
[2026-07-02T07:18:12.573+0000] {logging_mixin.py:188} INFO - [2026-07-02T07:18:12.573+0000] {dag.py:3036} INFO - Sync 1 DAGs
[2026-07-02T07:18:12.593+0000] {logging_mixin.py:188} INFO - [2026-07-02T07:18:12.593+0000] {dag.py:3823} INFO - Setting next_dagrun for stream_monitor_harga_pangan to 2026-07-02 06:00:00+00:00, run_after=2026-07-02 07:00:00+00:00
[2026-07-02T07:18:12.614+0000] {processor.py:183} INFO - Processing /opt/airflow/dags/stream_monitor_dag.py took 0.107 seconds
[2026-07-02T07:18:46.210+0000] {processor.py:161} INFO - Started process (PID=5309) to work on /opt/airflow/dags/stream_monitor_dag.py
[2026-07-02T07:18:46.211+0000] {processor.py:830} INFO - Processing file /opt/airflow/dags/stream_monitor_dag.py for tasks to queue
[2026-07-02T07:18:46.212+0000] {logging_mixin.py:188} INFO - [2026-07-02T07:18:46.212+0000] {dagbag.py:538} INFO - Filling up the DagBag from /opt/airflow/dags/stream_monitor_dag.py
[2026-07-02T07:18:46.236+0000] {processor.py:840} INFO - DAG(s) 'stream_monitor_harga_pangan' retrieved from /opt/airflow/dags/stream_monitor_dag.py
[2026-07-02T07:18:46.272+0000] {logging_mixin.py:188} INFO - [2026-07-02T07:18:46.272+0000] {dag.py:3036} INFO - Sync 1 DAGs
[2026-07-02T07:18:46.291+0000] {logging_mixin.py:188} INFO - [2026-07-02T07:18:46.290+0000] {dag.py:3823} INFO - Setting next_dagrun for stream_monitor_harga_pangan to 2026-07-02 06:00:00+00:00, run_after=2026-07-02 07:00:00+00:00
[2026-07-02T07:18:46.309+0000] {processor.py:183} INFO - Processing /opt/airflow/dags/stream_monitor_dag.py took 0.103 seconds
[2026-07-02T07:19:19.893+0000] {processor.py:161} INFO - Started process (PID=5327) to work on /opt/airflow/dags/stream_monitor_dag.py
[2026-07-02T07:19:19.894+0000] {processor.py:830} INFO - Processing file /opt/airflow/dags/stream_monitor_dag.py for tasks to queue
[2026-07-02T07:19:19.895+0000] {logging_mixin.py:188} INFO - [2026-07-02T07:19:19.895+0000] {dagbag.py:538} INFO - Filling up the DagBag from /opt/airflow/dags/stream_monitor_dag.py
[2026-07-02T07:19:19.919+0000] {processor.py:840} INFO - DAG(s) 'stream_monitor_harga_pangan' retrieved from /opt/airflow/dags/stream_monitor_dag.py
[2026-07-02T07:19:19.956+0000] {logging_mixin.py:188} INFO - [2026-07-02T07:19:19.956+0000] {dag.py:3036} INFO - Sync 1 DAGs
[2026-07-02T07:19:19.977+0000] {logging_mixin.py:188} INFO - [2026-07-02T07:19:19.976+0000] {dag.py:3823} INFO - Setting next_dagrun for stream_monitor_harga_pangan to 2026-07-02 06:00:00+00:00, run_after=2026-07-02 07:00:00+00:00
[2026-07-02T07:19:20.003+0000] {processor.py:183} INFO - Processing /opt/airflow/dags/stream_monitor_dag.py took 0.113 seconds
[2026-07-02T07:19:53.374+0000] {processor.py:161} INFO - Started process (PID=5345) to work on /opt/airflow/dags/stream_monitor_dag.py
[2026-07-02T07:19:53.388+0000] {processor.py:830} INFO - Processing file /opt/airflow/dags/stream_monitor_dag.py for tasks to queue
[2026-07-02T07:19:53.412+0000] {logging_mixin.py:188} INFO - [2026-07-02T07:19:53.405+0000] {dagbag.py:538} INFO - Filling up the DagBag from /opt/airflow/dags/stream_monitor_dag.py
[2026-07-02T07:19:53.632+0000] {processor.py:840} INFO - DAG(s) 'stream_monitor_harga_pangan' retrieved from /opt/airflow/dags/stream_monitor_dag.py
[2026-07-02T07:19:53.958+0000] {logging_mixin.py:188} INFO - [2026-07-02T07:19:53.958+0000] {dag.py:3036} INFO - Sync 1 DAGs
[2026-07-02T07:19:54.068+0000] {logging_mixin.py:188} INFO - [2026-07-02T07:19:54.067+0000] {dag.py:3823} INFO - Setting next_dagrun for stream_monitor_harga_pangan to 2026-07-02 06:00:00+00:00, run_after=2026-07-02 07:00:00+00:00
[2026-07-02T07:19:54.172+0000] {processor.py:183} INFO - Processing /opt/airflow/dags/stream_monitor_dag.py took 0.804 seconds
[2026-07-02T07:20:25.985+0000] {processor.py:161} INFO - Started process (PID=5363) to work on /opt/airflow/dags/stream_monitor_dag.py
[2026-07-02T07:20:25.986+0000] {processor.py:830} INFO - Processing file /opt/airflow/dags/stream_monitor_dag.py for tasks to queue
[2026-07-02T07:20:25.987+0000] {logging_mixin.py:188} INFO - [2026-07-02T07:20:25.987+0000] {dagbag.py:538} INFO - Filling up the DagBag from /opt/airflow/dags/stream_monitor_dag.py
[2026-07-02T07:20:26.011+0000] {processor.py:840} INFO - DAG(s) 'stream_monitor_harga_pangan' retrieved from /opt/airflow/dags/stream_monitor_dag.py
[2026-07-02T07:20:26.053+0000] {logging_mixin.py:188} INFO - [2026-07-02T07:20:26.052+0000] {dag.py:3036} INFO - Sync 1 DAGs
[2026-07-02T07:20:26.079+0000] {logging_mixin.py:188} INFO - [2026-07-02T07:20:26.079+0000] {dag.py:3823} INFO - Setting next_dagrun for stream_monitor_harga_pangan to 2026-07-02 06:00:00+00:00, run_after=2026-07-02 07:00:00+00:00
[2026-07-02T07:20:26.100+0000] {processor.py:183} INFO - Processing /opt/airflow/dags/stream_monitor_dag.py took 0.119 seconds
[2026-07-02T07:20:59.671+0000] {processor.py:161} INFO - Started process (PID=5381) to work on /opt/airflow/dags/stream_monitor_dag.py
[2026-07-02T07:20:59.672+0000] {processor.py:830} INFO - Processing file /opt/airflow/dags/stream_monitor_dag.py for tasks to queue
[2026-07-02T07:20:59.673+0000] {logging_mixin.py:188} INFO - [2026-07-02T07:20:59.672+0000] {dagbag.py:538} INFO - Filling up the DagBag from /opt/airflow/dags/stream_monitor_dag.py
[2026-07-02T07:20:59.696+0000] {processor.py:840} INFO - DAG(s) 'stream_monitor_harga_pangan' retrieved from /opt/airflow/dags/stream_monitor_dag.py
[2026-07-02T07:20:59.737+0000] {logging_mixin.py:188} INFO - [2026-07-02T07:20:59.737+0000] {dag.py:3036} INFO - Sync 1 DAGs
[2026-07-02T07:20:59.764+0000] {logging_mixin.py:188} INFO - [2026-07-02T07:20:59.763+0000] {dag.py:3823} INFO - Setting next_dagrun for stream_monitor_harga_pangan to 2026-07-02 06:00:00+00:00, run_after=2026-07-02 07:00:00+00:00
[2026-07-02T07:20:59.785+0000] {processor.py:183} INFO - Processing /opt/airflow/dags/stream_monitor_dag.py took 0.118 seconds
[2026-07-02T07:21:32.400+0000] {processor.py:161} INFO - Started process (PID=5399) to work on /opt/airflow/dags/stream_monitor_dag.py
[2026-07-02T07:21:32.402+0000] {processor.py:830} INFO - Processing file /opt/airflow/dags/stream_monitor_dag.py for tasks to queue
[2026-07-02T07:21:32.403+0000] {logging_mixin.py:188} INFO - [2026-07-02T07:21:32.403+0000] {dagbag.py:538} INFO - Filling up the DagBag from /opt/airflow/dags/stream_monitor_dag.py
[2026-07-02T07:21:32.428+0000] {processor.py:840} INFO - DAG(s) 'stream_monitor_harga_pangan' retrieved from /opt/airflow/dags/stream_monitor_dag.py
[2026-07-02T07:21:32.470+0000] {logging_mixin.py:188} INFO - [2026-07-02T07:21:32.470+0000] {dag.py:3036} INFO - Sync 1 DAGs
[2026-07-02T07:21:32.494+0000] {logging_mixin.py:188} INFO - [2026-07-02T07:21:32.494+0000] {dag.py:3823} INFO - Setting next_dagrun for stream_monitor_harga_pangan to 2026-07-02 06:00:00+00:00, run_after=2026-07-02 07:00:00+00:00
[2026-07-02T07:21:32.515+0000] {processor.py:183} INFO - Processing /opt/airflow/dags/stream_monitor_dag.py took 0.118 seconds
[2026-07-02T07:22:06.077+0000] {processor.py:161} INFO - Started process (PID=5418) to work on /opt/airflow/dags/stream_monitor_dag.py
[2026-07-02T07:22:06.078+0000] {processor.py:830} INFO - Processing file /opt/airflow/dags/stream_monitor_dag.py for tasks to queue
[2026-07-02T07:22:06.079+0000] {logging_mixin.py:188} INFO - [2026-07-02T07:22:06.079+0000] {dagbag.py:538} INFO - Filling up the DagBag from /opt/airflow/dags/stream_monitor_dag.py
[2026-07-02T07:22:06.100+0000] {processor.py:840} INFO - DAG(s) 'stream_monitor_harga_pangan' retrieved from /opt/airflow/dags/stream_monitor_dag.py
[2026-07-02T07:22:06.142+0000] {logging_mixin.py:188} INFO - [2026-07-02T07:22:06.141+0000] {dag.py:3036} INFO - Sync 1 DAGs
[2026-07-02T07:22:06.161+0000] {logging_mixin.py:188} INFO - [2026-07-02T07:22:06.161+0000] {dag.py:3823} INFO - Setting next_dagrun for stream_monitor_harga_pangan to 2026-07-02 06:00:00+00:00, run_after=2026-07-02 07:00:00+00:00
[2026-07-02T07:22:06.179+0000] {processor.py:183} INFO - Processing /opt/airflow/dags/stream_monitor_dag.py took 0.107 seconds
[2026-07-02T07:22:39.793+0000] {processor.py:161} INFO - Started process (PID=5436) to work on /opt/airflow/dags/stream_monitor_dag.py
[2026-07-02T07:22:39.794+0000] {processor.py:830} INFO - Processing file /opt/airflow/dags/stream_monitor_dag.py for tasks to queue
[2026-07-02T07:22:39.795+0000] {logging_mixin.py:188} INFO - [2026-07-02T07:22:39.795+0000] {dagbag.py:538} INFO - Filling up the DagBag from /opt/airflow/dags/stream_monitor_dag.py
[2026-07-02T07:22:39.817+0000] {processor.py:840} INFO - DAG(s) 'stream_monitor_harga_pangan' retrieved from /opt/airflow/dags/stream_monitor_dag.py
[2026-07-02T07:22:39.854+0000] {logging_mixin.py:188} INFO - [2026-07-02T07:22:39.854+0000] {dag.py:3036} INFO - Sync 1 DAGs
[2026-07-02T07:22:39.874+0000] {logging_mixin.py:188} INFO - [2026-07-02T07:22:39.874+0000] {dag.py:3823} INFO - Setting next_dagrun for stream_monitor_harga_pangan to 2026-07-02 06:00:00+00:00, run_after=2026-07-02 07:00:00+00:00
[2026-07-02T07:22:39.894+0000] {processor.py:183} INFO - Processing /opt/airflow/dags/stream_monitor_dag.py took 0.104 seconds
[2026-07-02T07:23:12.490+0000] {processor.py:161} INFO - Started process (PID=5454) to work on /opt/airflow/dags/stream_monitor_dag.py
[2026-07-02T07:23:12.491+0000] {processor.py:830} INFO - Processing file /opt/airflow/dags/stream_monitor_dag.py for tasks to queue
[2026-07-02T07:23:12.492+0000] {logging_mixin.py:188} INFO - [2026-07-02T07:23:12.492+0000] {dagbag.py:538} INFO - Filling up the DagBag from /opt/airflow/dags/stream_monitor_dag.py
[2026-07-02T07:23:12.517+0000] {processor.py:840} INFO - DAG(s) 'stream_monitor_harga_pangan' retrieved from /opt/airflow/dags/stream_monitor_dag.py
[2026-07-02T07:23:12.556+0000] {logging_mixin.py:188} INFO - [2026-07-02T07:23:12.556+0000] {dag.py:3036} INFO - Sync 1 DAGs
[2026-07-02T07:23:12.576+0000] {logging_mixin.py:188} INFO - [2026-07-02T07:23:12.575+0000] {dag.py:3823} INFO - Setting next_dagrun for stream_monitor_harga_pangan to 2026-07-02 06:00:00+00:00, run_after=2026-07-02 07:00:00+00:00
[2026-07-02T07:23:12.595+0000] {processor.py:183} INFO - Processing /opt/airflow/dags/stream_monitor_dag.py took 0.108 seconds
[2026-07-02T07:23:46.157+0000] {processor.py:161} INFO - Started process (PID=5472) to work on /opt/airflow/dags/stream_monitor_dag.py
[2026-07-02T07:23:46.158+0000] {processor.py:830} INFO - Processing file /opt/airflow/dags/stream_monitor_dag.py for tasks to queue
[2026-07-02T07:23:46.160+0000] {logging_mixin.py:188} INFO - [2026-07-02T07:23:46.159+0000] {dagbag.py:538} INFO - Filling up the DagBag from /opt/airflow/dags/stream_monitor_dag.py
[2026-07-02T07:23:46.184+0000] {processor.py:840} INFO - DAG(s) 'stream_monitor_harga_pangan' retrieved from /opt/airflow/dags/stream_monitor_dag.py
[2026-07-02T07:23:46.225+0000] {logging_mixin.py:188} INFO - [2026-07-02T07:23:46.225+0000] {dag.py:3036} INFO - Sync 1 DAGs
[2026-07-02T07:23:46.251+0000] {logging_mixin.py:188} INFO - [2026-07-02T07:23:46.251+0000] {dag.py:3823} INFO - Setting next_dagrun for stream_monitor_harga_pangan to 2026-07-02 06:00:00+00:00, run_after=2026-07-02 07:00:00+00:00
[2026-07-02T07:23:46.274+0000] {processor.py:183} INFO - Processing /opt/airflow/dags/stream_monitor_dag.py took 0.120 seconds
[2026-07-02T07:24:19.818+0000] {processor.py:161} INFO - Started process (PID=5490) to work on /opt/airflow/dags/stream_monitor_dag.py
[2026-07-02T07:24:19.819+0000] {processor.py:830} INFO - Processing file /opt/airflow/dags/stream_monitor_dag.py for tasks to queue
[2026-07-02T07:24:19.821+0000] {logging_mixin.py:188} INFO - [2026-07-02T07:24:19.821+0000] {dagbag.py:538} INFO - Filling up the DagBag from /opt/airflow/dags/stream_monitor_dag.py
[2026-07-02T07:24:19.845+0000] {processor.py:840} INFO - DAG(s) 'stream_monitor_harga_pangan' retrieved from /opt/airflow/dags/stream_monitor_dag.py
[2026-07-02T07:24:19.881+0000] {logging_mixin.py:188} INFO - [2026-07-02T07:24:19.881+0000] {dag.py:3036} INFO - Sync 1 DAGs
[2026-07-02T07:24:19.902+0000] {logging_mixin.py:188} INFO - [2026-07-02T07:24:19.902+0000] {dag.py:3823} INFO - Setting next_dagrun for stream_monitor_harga_pangan to 2026-07-02 06:00:00+00:00, run_after=2026-07-02 07:00:00+00:00
[2026-07-02T07:24:19.922+0000] {processor.py:183} INFO - Processing /opt/airflow/dags/stream_monitor_dag.py took 0.107 seconds
[2026-07-02T07:24:52.481+0000] {processor.py:161} INFO - Started process (PID=5508) to work on /opt/airflow/dags/stream_monitor_dag.py
[2026-07-02T07:24:52.482+0000] {processor.py:830} INFO - Processing file /opt/airflow/dags/stream_monitor_dag.py for tasks to queue
[2026-07-02T07:24:52.483+0000] {logging_mixin.py:188} INFO - [2026-07-02T07:24:52.483+0000] {dagbag.py:538} INFO - Filling up the DagBag from /opt/airflow/dags/stream_monitor_dag.py
[2026-07-02T07:24:52.516+0000] {processor.py:840} INFO - DAG(s) 'stream_monitor_harga_pangan' retrieved from /opt/airflow/dags/stream_monitor_dag.py
[2026-07-02T07:24:52.564+0000] {logging_mixin.py:188} INFO - [2026-07-02T07:24:52.564+0000] {dag.py:3036} INFO - Sync 1 DAGs
[2026-07-02T07:24:52.593+0000] {logging_mixin.py:188} INFO - [2026-07-02T07:24:52.593+0000] {dag.py:3823} INFO - Setting next_dagrun for stream_monitor_harga_pangan to 2026-07-02 06:00:00+00:00, run_after=2026-07-02 07:00:00+00:00
[2026-07-02T07:24:52.618+0000] {processor.py:183} INFO - Processing /opt/airflow/dags/stream_monitor_dag.py took 0.141 seconds
[2026-07-02T07:25:26.344+0000] {processor.py:161} INFO - Started process (PID=5518) to work on /opt/airflow/dags/stream_monitor_dag.py
[2026-07-02T07:25:26.344+0000] {processor.py:830} INFO - Processing file /opt/airflow/dags/stream_monitor_dag.py for tasks to queue
[2026-07-02T07:25:26.345+0000] {logging_mixin.py:188} INFO - [2026-07-02T07:25:26.345+0000] {dagbag.py:538} INFO - Filling up the DagBag from /opt/airflow/dags/stream_monitor_dag.py
[2026-07-02T07:25:26.369+0000] {processor.py:840} INFO - DAG(s) 'stream_monitor_harga_pangan' retrieved from /opt/airflow/dags/stream_monitor_dag.py
[2026-07-02T07:25:26.406+0000] {logging_mixin.py:188} INFO - [2026-07-02T07:25:26.406+0000] {dag.py:3036} INFO - Sync 1 DAGs
[2026-07-02T07:25:26.428+0000] {logging_mixin.py:188} INFO - [2026-07-02T07:25:26.428+0000] {dag.py:3823} INFO - Setting next_dagrun for stream_monitor_harga_pangan to 2026-07-02 06:00:00+00:00, run_after=2026-07-02 07:00:00+00:00
[2026-07-02T07:25:26.451+0000] {processor.py:183} INFO - Processing /opt/airflow/dags/stream_monitor_dag.py took 0.110 seconds
[2026-07-02T07:26:00.000+0000] {processor.py:161} INFO - Started process (PID=5536) to work on /opt/airflow/dags/stream_monitor_dag.py
[2026-07-02T07:26:00.002+0000] {processor.py:830} INFO - Processing file /opt/airflow/dags/stream_monitor_dag.py for tasks to queue
[2026-07-02T07:26:00.003+0000] {logging_mixin.py:188} INFO - [2026-07-02T07:26:00.002+0000] {dagbag.py:538} INFO - Filling up the DagBag from /opt/airflow/dags/stream_monitor_dag.py
[2026-07-02T07:26:00.027+0000] {processor.py:840} INFO - DAG(s) 'stream_monitor_harga_pangan' retrieved from /opt/airflow/dags/stream_monitor_dag.py
[2026-07-02T07:26:00.068+0000] {logging_mixin.py:188} INFO - [2026-07-02T07:26:00.068+0000] {dag.py:3036} INFO - Sync 1 DAGs
[2026-07-02T07:26:00.089+0000] {logging_mixin.py:188} INFO - [2026-07-02T07:26:00.088+0000] {dag.py:3823} INFO - Setting next_dagrun for stream_monitor_harga_pangan to 2026-07-02 06:00:00+00:00, run_after=2026-07-02 07:00:00+00:00
[2026-07-02T07:26:00.107+0000] {processor.py:183} INFO - Processing /opt/airflow/dags/stream_monitor_dag.py took 0.111 seconds
[2026-07-02T07:26:32.717+0000] {processor.py:161} INFO - Started process (PID=5554) to work on /opt/airflow/dags/stream_monitor_dag.py
[2026-07-02T07:26:32.718+0000] {processor.py:830} INFO - Processing file /opt/airflow/dags/stream_monitor_dag.py for tasks to queue
[2026-07-02T07:26:32.721+0000] {logging_mixin.py:188} INFO - [2026-07-02T07:26:32.720+0000] {dagbag.py:538} INFO - Filling up the DagBag from /opt/airflow/dags/stream_monitor_dag.py
[2026-07-02T07:26:32.754+0000] {processor.py:840} INFO - DAG(s) 'stream_monitor_harga_pangan' retrieved from /opt/airflow/dags/stream_monitor_dag.py
[2026-07-02T07:26:32.803+0000] {logging_mixin.py:188} INFO - [2026-07-02T07:26:32.802+0000] {dag.py:3036} INFO - Sync 1 DAGs
[2026-07-02T07:26:32.829+0000] {logging_mixin.py:188} INFO - [2026-07-02T07:26:32.828+0000] {dag.py:3823} INFO - Setting next_dagrun for stream_monitor_harga_pangan to 2026-07-02 06:00:00+00:00, run_after=2026-07-02 07:00:00+00:00
[2026-07-02T07:26:32.852+0000] {processor.py:183} INFO - Processing /opt/airflow/dags/stream_monitor_dag.py took 0.137 seconds
[2026-07-02T07:27:06.463+0000] {processor.py:161} INFO - Started process (PID=5572) to work on /opt/airflow/dags/stream_monitor_dag.py
[2026-07-02T07:27:06.464+0000] {processor.py:830} INFO - Processing file /opt/airflow/dags/stream_monitor_dag.py for tasks to queue
[2026-07-02T07:27:06.466+0000] {logging_mixin.py:188} INFO - [2026-07-02T07:27:06.465+0000] {dagbag.py:538} INFO - Filling up the DagBag from /opt/airflow/dags/stream_monitor_dag.py
[2026-07-02T07:27:06.504+0000] {processor.py:840} INFO - DAG(s) 'stream_monitor_harga_pangan' retrieved from /opt/airflow/dags/stream_monitor_dag.py
[2026-07-02T07:27:06.556+0000] {logging_mixin.py:188} INFO - [2026-07-02T07:27:06.556+0000] {dag.py:3036} INFO - Sync 1 DAGs
[2026-07-02T07:27:06.587+0000] {logging_mixin.py:188} INFO - [2026-07-02T07:27:06.587+0000] {dag.py:3823} INFO - Setting next_dagrun for stream_monitor_harga_pangan to 2026-07-02 06:00:00+00:00, run_after=2026-07-02 07:00:00+00:00
[2026-07-02T07:27:06.617+0000] {processor.py:183} INFO - Processing /opt/airflow/dags/stream_monitor_dag.py took 0.159 seconds
[2026-07-02T07:27:39.176+0000] {processor.py:161} INFO - Started process (PID=5590) to work on /opt/airflow/dags/stream_monitor_dag.py
[2026-07-02T07:27:39.177+0000] {processor.py:830} INFO - Processing file /opt/airflow/dags/stream_monitor_dag.py for tasks to queue
[2026-07-02T07:27:39.179+0000] {logging_mixin.py:188} INFO - [2026-07-02T07:27:39.179+0000] {dagbag.py:538} INFO - Filling up the DagBag from /opt/airflow/dags/stream_monitor_dag.py
[2026-07-02T07:27:39.211+0000] {processor.py:840} INFO - DAG(s) 'stream_monitor_harga_pangan' retrieved from /opt/airflow/dags/stream_monitor_dag.py
[2026-07-02T07:27:39.263+0000] {logging_mixin.py:188} INFO - [2026-07-02T07:27:39.263+0000] {dag.py:3036} INFO - Sync 1 DAGs
[2026-07-02T07:27:39.290+0000] {logging_mixin.py:188} INFO - [2026-07-02T07:27:39.289+0000] {dag.py:3823} INFO - Setting next_dagrun for stream_monitor_harga_pangan to 2026-07-02 06:00:00+00:00, run_after=2026-07-02 07:00:00+00:00
[2026-07-02T07:27:39.315+0000] {processor.py:183} INFO - Processing /opt/airflow/dags/stream_monitor_dag.py took 0.142 seconds
[2026-07-02T07:28:12.937+0000] {processor.py:161} INFO - Started process (PID=5608) to work on /opt/airflow/dags/stream_monitor_dag.py
[2026-07-02T07:28:12.938+0000] {processor.py:830} INFO - Processing file /opt/airflow/dags/stream_monitor_dag.py for tasks to queue
[2026-07-02T07:28:12.939+0000] {logging_mixin.py:188} INFO - [2026-07-02T07:28:12.938+0000] {dagbag.py:538} INFO - Filling up the DagBag from /opt/airflow/dags/stream_monitor_dag.py
[2026-07-02T07:28:12.963+0000] {processor.py:840} INFO - DAG(s) 'stream_monitor_harga_pangan' retrieved from /opt/airflow/dags/stream_monitor_dag.py
[2026-07-02T07:28:13.000+0000] {logging_mixin.py:188} INFO - [2026-07-02T07:28:13.000+0000] {dag.py:3036} INFO - Sync 1 DAGs
[2026-07-02T07:28:13.025+0000] {logging_mixin.py:188} INFO - [2026-07-02T07:28:13.024+0000] {dag.py:3823} INFO - Setting next_dagrun for stream_monitor_harga_pangan to 2026-07-02 06:00:00+00:00, run_after=2026-07-02 07:00:00+00:00
[2026-07-02T07:28:13.046+0000] {processor.py:183} INFO - Processing /opt/airflow/dags/stream_monitor_dag.py took 0.112 seconds
[2026-07-02T07:28:46.616+0000] {processor.py:161} INFO - Started process (PID=5626) to work on /opt/airflow/dags/stream_monitor_dag.py
[2026-07-02T07:28:46.620+0000] {processor.py:830} INFO - Processing file /opt/airflow/dags/stream_monitor_dag.py for tasks to queue
[2026-07-02T07:28:46.622+0000] {logging_mixin.py:188} INFO - [2026-07-02T07:28:46.622+0000] {dagbag.py:538} INFO - Filling up the DagBag from /opt/airflow/dags/stream_monitor_dag.py
[2026-07-02T07:28:46.660+0000] {processor.py:840} INFO - DAG(s) 'stream_monitor_harga_pangan' retrieved from /opt/airflow/dags/stream_monitor_dag.py
[2026-07-02T07:28:46.701+0000] {logging_mixin.py:188} INFO - [2026-07-02T07:28:46.701+0000] {dag.py:3036} INFO - Sync 1 DAGs
[2026-07-02T07:28:46.732+0000] {logging_mixin.py:188} INFO - [2026-07-02T07:28:46.731+0000] {dag.py:3823} INFO - Setting next_dagrun for stream_monitor_harga_pangan to 2026-07-02 06:00:00+00:00, run_after=2026-07-02 07:00:00+00:00
[2026-07-02T07:28:46.757+0000] {processor.py:183} INFO - Processing /opt/airflow/dags/stream_monitor_dag.py took 0.145 seconds
[2026-07-02T07:29:19.443+0000] {processor.py:161} INFO - Started process (PID=5644) to work on /opt/airflow/dags/stream_monitor_dag.py
[2026-07-02T07:29:19.445+0000] {processor.py:830} INFO - Processing file /opt/airflow/dags/stream_monitor_dag.py for tasks to queue
[2026-07-02T07:29:19.446+0000] {logging_mixin.py:188} INFO - [2026-07-02T07:29:19.446+0000] {dagbag.py:538} INFO - Filling up the DagBag from /opt/airflow/dags/stream_monitor_dag.py
[2026-07-02T07:29:19.477+0000] {processor.py:840} INFO - DAG(s) 'stream_monitor_harga_pangan' retrieved from /opt/airflow/dags/stream_monitor_dag.py
[2026-07-02T07:29:19.521+0000] {logging_mixin.py:188} INFO - [2026-07-02T07:29:19.521+0000] {dag.py:3036} INFO - Sync 1 DAGs
[2026-07-02T07:29:19.544+0000] {logging_mixin.py:188} INFO - [2026-07-02T07:29:19.544+0000] {dag.py:3823} INFO - Setting next_dagrun for stream_monitor_harga_pangan to 2026-07-02 06:00:00+00:00, run_after=2026-07-02 07:00:00+00:00
[2026-07-02T07:29:19.564+0000] {processor.py:183} INFO - Processing /opt/airflow/dags/stream_monitor_dag.py took 0.125 seconds
[2026-07-02T07:29:53.135+0000] {processor.py:161} INFO - Started process (PID=5662) to work on /opt/airflow/dags/stream_monitor_dag.py
[2026-07-02T07:29:53.136+0000] {processor.py:830} INFO - Processing file /opt/airflow/dags/stream_monitor_dag.py for tasks to queue
[2026-07-02T07:29:53.137+0000] {logging_mixin.py:188} INFO - [2026-07-02T07:29:53.137+0000] {dagbag.py:538} INFO - Filling up the DagBag from /opt/airflow/dags/stream_monitor_dag.py
[2026-07-02T07:29:53.170+0000] {processor.py:840} INFO - DAG(s) 'stream_monitor_harga_pangan' retrieved from /opt/airflow/dags/stream_monitor_dag.py
[2026-07-02T07:29:53.220+0000] {logging_mixin.py:188} INFO - [2026-07-02T07:29:53.220+0000] {dag.py:3036} INFO - Sync 1 DAGs
[2026-07-02T07:29:53.245+0000] {logging_mixin.py:188} INFO - [2026-07-02T07:29:53.245+0000] {dag.py:3823} INFO - Setting next_dagrun for stream_monitor_harga_pangan to 2026-07-02 06:00:00+00:00, run_after=2026-07-02 07:00:00+00:00
[2026-07-02T07:29:53.269+0000] {processor.py:183} INFO - Processing /opt/airflow/dags/stream_monitor_dag.py took 0.138 seconds
[2026-07-02T07:30:25.954+0000] {processor.py:161} INFO - Started process (PID=5680) to work on /opt/airflow/dags/stream_monitor_dag.py
[2026-07-02T07:30:25.955+0000] {processor.py:830} INFO - Processing file /opt/airflow/dags/stream_monitor_dag.py for tasks to queue
[2026-07-02T07:30:25.956+0000] {logging_mixin.py:188} INFO - [2026-07-02T07:30:25.956+0000] {dagbag.py:538} INFO - Filling up the DagBag from /opt/airflow/dags/stream_monitor_dag.py
[2026-07-02T07:30:25.987+0000] {processor.py:840} INFO - DAG(s) 'stream_monitor_harga_pangan' retrieved from /opt/airflow/dags/stream_monitor_dag.py
[2026-07-02T07:30:26.039+0000] {logging_mixin.py:188} INFO - [2026-07-02T07:30:26.039+0000] {dag.py:3036} INFO - Sync 1 DAGs
[2026-07-02T07:30:26.066+0000] {logging_mixin.py:188} INFO - [2026-07-02T07:30:26.066+0000] {dag.py:3823} INFO - Setting next_dagrun for stream_monitor_harga_pangan to 2026-07-02 06:00:00+00:00, run_after=2026-07-02 07:00:00+00:00
[2026-07-02T07:30:26.088+0000] {processor.py:183} INFO - Processing /opt/airflow/dags/stream_monitor_dag.py took 0.137 seconds
[2026-07-02T07:30:59.683+0000] {processor.py:161} INFO - Started process (PID=5698) to work on /opt/airflow/dags/stream_monitor_dag.py
[2026-07-02T07:30:59.684+0000] {processor.py:830} INFO - Processing file /opt/airflow/dags/stream_monitor_dag.py for tasks to queue
[2026-07-02T07:30:59.686+0000] {logging_mixin.py:188} INFO - [2026-07-02T07:30:59.686+0000] {dagbag.py:538} INFO - Filling up the DagBag from /opt/airflow/dags/stream_monitor_dag.py
[2026-07-02T07:30:59.716+0000] {processor.py:840} INFO - DAG(s) 'stream_monitor_harga_pangan' retrieved from /opt/airflow/dags/stream_monitor_dag.py
[2026-07-02T07:30:59.766+0000] {logging_mixin.py:188} INFO - [2026-07-02T07:30:59.766+0000] {dag.py:3036} INFO - Sync 1 DAGs
[2026-07-02T07:30:59.798+0000] {logging_mixin.py:188} INFO - [2026-07-02T07:30:59.798+0000] {dag.py:3823} INFO - Setting next_dagrun for stream_monitor_harga_pangan to 2026-07-02 06:00:00+00:00, run_after=2026-07-02 07:00:00+00:00
[2026-07-02T07:30:59.821+0000] {processor.py:183} INFO - Processing /opt/airflow/dags/stream_monitor_dag.py took 0.144 seconds
[2026-07-02T07:31:33.379+0000] {processor.py:161} INFO - Started process (PID=5708) to work on /opt/airflow/dags/stream_monitor_dag.py
[2026-07-02T07:31:33.380+0000] {processor.py:830} INFO - Processing file /opt/airflow/dags/stream_monitor_dag.py for tasks to queue
[2026-07-02T07:31:33.382+0000] {logging_mixin.py:188} INFO - [2026-07-02T07:31:33.382+0000] {dagbag.py:538} INFO - Filling up the DagBag from /opt/airflow/dags/stream_monitor_dag.py
[2026-07-02T07:31:33.406+0000] {processor.py:840} INFO - DAG(s) 'stream_monitor_harga_pangan' retrieved from /opt/airflow/dags/stream_monitor_dag.py
[2026-07-02T07:31:33.458+0000] {logging_mixin.py:188} INFO - [2026-07-02T07:31:33.458+0000] {dag.py:3036} INFO - Sync 1 DAGs
[2026-07-02T07:31:33.498+0000] {logging_mixin.py:188} INFO - [2026-07-02T07:31:33.497+0000] {dag.py:3823} INFO - Setting next_dagrun for stream_monitor_harga_pangan to 2026-07-02 06:00:00+00:00, run_after=2026-07-02 07:00:00+00:00
[2026-07-02T07:31:33.534+0000] {processor.py:183} INFO - Processing /opt/airflow/dags/stream_monitor_dag.py took 0.158 seconds
[2026-07-02T07:32:06.129+0000] {processor.py:161} INFO - Started process (PID=5726) to work on /opt/airflow/dags/stream_monitor_dag.py
[2026-07-02T07:32:06.130+0000] {processor.py:830} INFO - Processing file /opt/airflow/dags/stream_monitor_dag.py for tasks to queue
[2026-07-02T07:32:06.132+0000] {logging_mixin.py:188} INFO - [2026-07-02T07:32:06.131+0000] {dagbag.py:538} INFO - Filling up the DagBag from /opt/airflow/dags/stream_monitor_dag.py
[2026-07-02T07:32:06.158+0000] {processor.py:840} INFO - DAG(s) 'stream_monitor_harga_pangan' retrieved from /opt/airflow/dags/stream_monitor_dag.py
[2026-07-02T07:32:06.199+0000] {logging_mixin.py:188} INFO - [2026-07-02T07:32:06.198+0000] {dag.py:3036} INFO - Sync 1 DAGs
[2026-07-02T07:32:06.223+0000] {logging_mixin.py:188} INFO - [2026-07-02T07:32:06.223+0000] {dag.py:3823} INFO - Setting next_dagrun for stream_monitor_harga_pangan to 2026-07-02 06:00:00+00:00, run_after=2026-07-02 07:00:00+00:00
[2026-07-02T07:32:06.243+0000] {processor.py:183} INFO - Processing /opt/airflow/dags/stream_monitor_dag.py took 0.117 seconds
[2026-07-02T07:32:39.807+0000] {processor.py:161} INFO - Started process (PID=5744) to work on /opt/airflow/dags/stream_monitor_dag.py
[2026-07-02T07:32:39.808+0000] {processor.py:830} INFO - Processing file /opt/airflow/dags/stream_monitor_dag.py for tasks to queue
[2026-07-02T07:32:39.810+0000] {logging_mixin.py:188} INFO - [2026-07-02T07:32:39.809+0000] {dagbag.py:538} INFO - Filling up the DagBag from /opt/airflow/dags/stream_monitor_dag.py
[2026-07-02T07:32:39.844+0000] {processor.py:840} INFO - DAG(s) 'stream_monitor_harga_pangan' retrieved from /opt/airflow/dags/stream_monitor_dag.py
[2026-07-02T07:32:39.889+0000] {logging_mixin.py:188} INFO - [2026-07-02T07:32:39.889+0000] {dag.py:3036} INFO - Sync 1 DAGs
[2026-07-02T07:32:39.912+0000] {logging_mixin.py:188} INFO - [2026-07-02T07:32:39.911+0000] {dag.py:3823} INFO - Setting next_dagrun for stream_monitor_harga_pangan to 2026-07-02 06:00:00+00:00, run_after=2026-07-02 07:00:00+00:00
[2026-07-02T07:32:39.937+0000] {processor.py:183} INFO - Processing /opt/airflow/dags/stream_monitor_dag.py took 0.133 seconds
[2026-07-02T07:33:12.521+0000] {processor.py:161} INFO - Started process (PID=5762) to work on /opt/airflow/dags/stream_monitor_dag.py
[2026-07-02T07:33:12.522+0000] {processor.py:830} INFO - Processing file /opt/airflow/dags/stream_monitor_dag.py for tasks to queue
[2026-07-02T07:33:12.523+0000] {logging_mixin.py:188} INFO - [2026-07-02T07:33:12.523+0000] {dagbag.py:538} INFO - Filling up the DagBag from /opt/airflow/dags/stream_monitor_dag.py
[2026-07-02T07:33:12.545+0000] {processor.py:840} INFO - DAG(s) 'stream_monitor_harga_pangan' retrieved from /opt/airflow/dags/stream_monitor_dag.py
[2026-07-02T07:33:12.591+0000] {logging_mixin.py:188} INFO - [2026-07-02T07:33:12.591+0000] {dag.py:3036} INFO - Sync 1 DAGs
[2026-07-02T07:33:12.617+0000] {logging_mixin.py:188} INFO - [2026-07-02T07:33:12.617+0000] {dag.py:3823} INFO - Setting next_dagrun for stream_monitor_harga_pangan to 2026-07-02 06:00:00+00:00, run_after=2026-07-02 07:00:00+00:00
[2026-07-02T07:33:12.638+0000] {processor.py:183} INFO - Processing /opt/airflow/dags/stream_monitor_dag.py took 0.122 seconds
[2026-07-02T07:33:46.227+0000] {processor.py:161} INFO - Started process (PID=5780) to work on /opt/airflow/dags/stream_monitor_dag.py
[2026-07-02T07:33:46.229+0000] {processor.py:830} INFO - Processing file /opt/airflow/dags/stream_monitor_dag.py for tasks to queue
[2026-07-02T07:33:46.230+0000] {logging_mixin.py:188} INFO - [2026-07-02T07:33:46.229+0000] {dagbag.py:538} INFO - Filling up the DagBag from /opt/airflow/dags/stream_monitor_dag.py
[2026-07-02T07:33:46.260+0000] {processor.py:840} INFO - DAG(s) 'stream_monitor_harga_pangan' retrieved from /opt/airflow/dags/stream_monitor_dag.py
[2026-07-02T07:33:46.304+0000] {logging_mixin.py:188} INFO - [2026-07-02T07:33:46.304+0000] {dag.py:3036} INFO - Sync 1 DAGs
[2026-07-02T07:33:46.322+0000] {logging_mixin.py:188} INFO - [2026-07-02T07:33:46.322+0000] {dag.py:3823} INFO - Setting next_dagrun for stream_monitor_harga_pangan to 2026-07-02 06:00:00+00:00, run_after=2026-07-02 07:00:00+00:00
[2026-07-02T07:33:46.340+0000] {processor.py:183} INFO - Processing /opt/airflow/dags/stream_monitor_dag.py took 0.117 seconds
[2026-07-02T07:34:19.894+0000] {processor.py:161} INFO - Started process (PID=5799) to work on /opt/airflow/dags/stream_monitor_dag.py
[2026-07-02T07:34:19.895+0000] {processor.py:830} INFO - Processing file /opt/airflow/dags/stream_monitor_dag.py for tasks to queue
[2026-07-02T07:34:19.896+0000] {logging_mixin.py:188} INFO - [2026-07-02T07:34:19.896+0000] {dagbag.py:538} INFO - Filling up the DagBag from /opt/airflow/dags/stream_monitor_dag.py
[2026-07-02T07:34:19.920+0000] {processor.py:840} INFO - DAG(s) 'stream_monitor_harga_pangan' retrieved from /opt/airflow/dags/stream_monitor_dag.py
[2026-07-02T07:34:19.954+0000] {logging_mixin.py:188} INFO - [2026-07-02T07:34:19.953+0000] {dag.py:3036} INFO - Sync 1 DAGs
[2026-07-02T07:34:19.973+0000] {logging_mixin.py:188} INFO - [2026-07-02T07:34:19.973+0000] {dag.py:3823} INFO - Setting next_dagrun for stream_monitor_harga_pangan to 2026-07-02 06:00:00+00:00, run_after=2026-07-02 07:00:00+00:00
[2026-07-02T07:34:19.991+0000] {processor.py:183} INFO - Processing /opt/airflow/dags/stream_monitor_dag.py took 0.100 seconds
[2026-07-02T07:34:53.448+0000] {processor.py:161} INFO - Started process (PID=5817) to work on /opt/airflow/dags/stream_monitor_dag.py
[2026-07-02T07:34:53.449+0000] {processor.py:830} INFO - Processing file /opt/airflow/dags/stream_monitor_dag.py for tasks to queue
[2026-07-02T07:34:53.450+0000] {logging_mixin.py:188} INFO - [2026-07-02T07:34:53.449+0000] {dagbag.py:538} INFO - Filling up the DagBag from /opt/airflow/dags/stream_monitor_dag.py
[2026-07-02T07:34:53.475+0000] {processor.py:840} INFO - DAG(s) 'stream_monitor_harga_pangan' retrieved from /opt/airflow/dags/stream_monitor_dag.py
[2026-07-02T07:34:53.525+0000] {logging_mixin.py:188} INFO - [2026-07-02T07:34:53.525+0000] {dag.py:3036} INFO - Sync 1 DAGs
[2026-07-02T07:34:53.573+0000] {logging_mixin.py:188} INFO - [2026-07-02T07:34:53.573+0000] {dag.py:3823} INFO - Setting next_dagrun for stream_monitor_harga_pangan to 2026-07-02 06:00:00+00:00, run_after=2026-07-02 07:00:00+00:00
[2026-07-02T07:34:53.607+0000] {processor.py:183} INFO - Processing /opt/airflow/dags/stream_monitor_dag.py took 0.162 seconds
[2026-07-02T07:35:26.068+0000] {processor.py:161} INFO - Started process (PID=5835) to work on /opt/airflow/dags/stream_monitor_dag.py
[2026-07-02T07:35:26.070+0000] {processor.py:830} INFO - Processing file /opt/airflow/dags/stream_monitor_dag.py for tasks to queue
[2026-07-02T07:35:26.071+0000] {logging_mixin.py:188} INFO - [2026-07-02T07:35:26.071+0000] {dagbag.py:538} INFO - Filling up the DagBag from /opt/airflow/dags/stream_monitor_dag.py
[2026-07-02T07:35:26.106+0000] {processor.py:840} INFO - DAG(s) 'stream_monitor_harga_pangan' retrieved from /opt/airflow/dags/stream_monitor_dag.py
[2026-07-02T07:35:26.158+0000] {logging_mixin.py:188} INFO - [2026-07-02T07:35:26.158+0000] {dag.py:3036} INFO - Sync 1 DAGs
[2026-07-02T07:35:26.210+0000] {logging_mixin.py:188} INFO - [2026-07-02T07:35:26.210+0000] {dag.py:3823} INFO - Setting next_dagrun for stream_monitor_harga_pangan to 2026-07-02 06:00:00+00:00, run_after=2026-07-02 07:00:00+00:00
[2026-07-02T07:35:26.297+0000] {processor.py:183} INFO - Processing /opt/airflow/dags/stream_monitor_dag.py took 0.235 seconds
[2026-07-02T07:35:59.910+0000] {processor.py:161} INFO - Started process (PID=5853) to work on /opt/airflow/dags/stream_monitor_dag.py
[2026-07-02T07:35:59.911+0000] {processor.py:830} INFO - Processing file /opt/airflow/dags/stream_monitor_dag.py for tasks to queue
[2026-07-02T07:35:59.913+0000] {logging_mixin.py:188} INFO - [2026-07-02T07:35:59.912+0000] {dagbag.py:538} INFO - Filling up the DagBag from /opt/airflow/dags/stream_monitor_dag.py
[2026-07-02T07:35:59.936+0000] {processor.py:840} INFO - DAG(s) 'stream_monitor_harga_pangan' retrieved from /opt/airflow/dags/stream_monitor_dag.py
[2026-07-02T07:35:59.976+0000] {logging_mixin.py:188} INFO - [2026-07-02T07:35:59.976+0000] {dag.py:3036} INFO - Sync 1 DAGs
[2026-07-02T07:35:59.999+0000] {logging_mixin.py:188} INFO - [2026-07-02T07:35:59.998+0000] {dag.py:3823} INFO - Setting next_dagrun for stream_monitor_harga_pangan to 2026-07-02 06:00:00+00:00, run_after=2026-07-02 07:00:00+00:00
[2026-07-02T07:36:00.020+0000] {processor.py:183} INFO - Processing /opt/airflow/dags/stream_monitor_dag.py took 0.114 seconds
[2026-07-02T07:36:32.564+0000] {processor.py:161} INFO - Started process (PID=5871) to work on /opt/airflow/dags/stream_monitor_dag.py
[2026-07-02T07:36:32.566+0000] {processor.py:830} INFO - Processing file /opt/airflow/dags/stream_monitor_dag.py for tasks to queue
[2026-07-02T07:36:32.567+0000] {logging_mixin.py:188} INFO - [2026-07-02T07:36:32.567+0000] {dagbag.py:538} INFO - Filling up the DagBag from /opt/airflow/dags/stream_monitor_dag.py
[2026-07-02T07:36:32.593+0000] {processor.py:840} INFO - DAG(s) 'stream_monitor_harga_pangan' retrieved from /opt/airflow/dags/stream_monitor_dag.py
[2026-07-02T07:36:32.632+0000] {logging_mixin.py:188} INFO - [2026-07-02T07:36:32.632+0000] {dag.py:3036} INFO - Sync 1 DAGs
[2026-07-02T07:36:32.654+0000] {logging_mixin.py:188} INFO - [2026-07-02T07:36:32.653+0000] {dag.py:3823} INFO - Setting next_dagrun for stream_monitor_harga_pangan to 2026-07-02 06:00:00+00:00, run_after=2026-07-02 07:00:00+00:00
[2026-07-02T07:36:32.673+0000] {processor.py:183} INFO - Processing /opt/airflow/dags/stream_monitor_dag.py took 0.112 seconds
[2026-07-02T07:37:06.253+0000] {processor.py:161} INFO - Started process (PID=5889) to work on /opt/airflow/dags/stream_monitor_dag.py
[2026-07-02T07:37:06.254+0000] {processor.py:830} INFO - Processing file /opt/airflow/dags/stream_monitor_dag.py for tasks to queue
[2026-07-02T07:37:06.255+0000] {logging_mixin.py:188} INFO - [2026-07-02T07:37:06.255+0000] {dagbag.py:538} INFO - Filling up the DagBag from /opt/airflow/dags/stream_monitor_dag.py
[2026-07-02T07:37:06.290+0000] {processor.py:840} INFO - DAG(s) 'stream_monitor_harga_pangan' retrieved from /opt/airflow/dags/stream_monitor_dag.py
[2026-07-02T07:37:06.332+0000] {logging_mixin.py:188} INFO - [2026-07-02T07:37:06.332+0000] {dag.py:3036} INFO - Sync 1 DAGs
[2026-07-02T07:37:06.353+0000] {logging_mixin.py:188} INFO - [2026-07-02T07:37:06.352+0000] {dag.py:3823} INFO - Setting next_dagrun for stream_monitor_harga_pangan to 2026-07-02 06:00:00+00:00, run_after=2026-07-02 07:00:00+00:00
[2026-07-02T07:37:06.538+0000] {processor.py:183} INFO - Processing /opt/airflow/dags/stream_monitor_dag.py took 0.289 seconds
[2026-07-02T07:37:40.092+0000] {processor.py:161} INFO - Started process (PID=5908) to work on /opt/airflow/dags/stream_monitor_dag.py
[2026-07-02T07:37:40.093+0000] {processor.py:830} INFO - Processing file /opt/airflow/dags/stream_monitor_dag.py for tasks to queue
[2026-07-02T07:37:40.094+0000] {logging_mixin.py:188} INFO - [2026-07-02T07:37:40.094+0000] {dagbag.py:538} INFO - Filling up the DagBag from /opt/airflow/dags/stream_monitor_dag.py
[2026-07-02T07:37:40.127+0000] {processor.py:840} INFO - DAG(s) 'stream_monitor_harga_pangan' retrieved from /opt/airflow/dags/stream_monitor_dag.py
[2026-07-02T07:37:40.172+0000] {logging_mixin.py:188} INFO - [2026-07-02T07:37:40.172+0000] {dag.py:3036} INFO - Sync 1 DAGs
[2026-07-02T07:37:40.191+0000] {logging_mixin.py:188} INFO - [2026-07-02T07:37:40.191+0000] {dag.py:3823} INFO - Setting next_dagrun for stream_monitor_harga_pangan to 2026-07-02 06:00:00+00:00, run_after=2026-07-02 07:00:00+00:00
[2026-07-02T07:37:40.209+0000] {processor.py:183} INFO - Processing /opt/airflow/dags/stream_monitor_dag.py took 0.120 seconds
[2026-07-02T07:38:12.788+0000] {processor.py:161} INFO - Started process (PID=5926) to work on /opt/airflow/dags/stream_monitor_dag.py
[2026-07-02T07:38:12.789+0000] {processor.py:830} INFO - Processing file /opt/airflow/dags/stream_monitor_dag.py for tasks to queue
[2026-07-02T07:38:12.790+0000] {logging_mixin.py:188} INFO - [2026-07-02T07:38:12.790+0000] {dagbag.py:538} INFO - Filling up the DagBag from /opt/airflow/dags/stream_monitor_dag.py
[2026-07-02T07:38:12.812+0000] {processor.py:840} INFO - DAG(s) 'stream_monitor_harga_pangan' retrieved from /opt/airflow/dags/stream_monitor_dag.py
[2026-07-02T07:38:12.851+0000] {logging_mixin.py:188} INFO - [2026-07-02T07:38:12.850+0000] {dag.py:3036} INFO - Sync 1 DAGs
[2026-07-02T07:38:13.007+0000] {logging_mixin.py:188} INFO - [2026-07-02T07:38:13.007+0000] {dag.py:3823} INFO - Setting next_dagrun for stream_monitor_harga_pangan to 2026-07-02 06:00:00+00:00, run_after=2026-07-02 07:00:00+00:00
[2026-07-02T07:38:13.029+0000] {processor.py:183} INFO - Processing /opt/airflow/dags/stream_monitor_dag.py took 0.245 seconds
[2026-07-02T07:38:46.612+0000] {processor.py:161} INFO - Started process (PID=5944) to work on /opt/airflow/dags/stream_monitor_dag.py
[2026-07-02T07:38:46.615+0000] {processor.py:830} INFO - Processing file /opt/airflow/dags/stream_monitor_dag.py for tasks to queue
[2026-07-02T07:38:46.616+0000] {logging_mixin.py:188} INFO - [2026-07-02T07:38:46.616+0000] {dagbag.py:538} INFO - Filling up the DagBag from /opt/airflow/dags/stream_monitor_dag.py
[2026-07-02T07:38:46.650+0000] {processor.py:840} INFO - DAG(s) 'stream_monitor_harga_pangan' retrieved from /opt/airflow/dags/stream_monitor_dag.py
[2026-07-02T07:38:46.694+0000] {logging_mixin.py:188} INFO - [2026-07-02T07:38:46.694+0000] {dag.py:3036} INFO - Sync 1 DAGs
[2026-07-02T07:38:46.719+0000] {logging_mixin.py:188} INFO - [2026-07-02T07:38:46.719+0000] {dag.py:3823} INFO - Setting next_dagrun for stream_monitor_harga_pangan to 2026-07-02 06:00:00+00:00, run_after=2026-07-02 07:00:00+00:00
[2026-07-02T07:38:46.744+0000] {processor.py:183} INFO - Processing /opt/airflow/dags/stream_monitor_dag.py took 0.135 seconds
[2026-07-02T07:39:19.311+0000] {processor.py:161} INFO - Started process (PID=5954) to work on /opt/airflow/dags/stream_monitor_dag.py
[2026-07-02T07:39:19.312+0000] {processor.py:830} INFO - Processing file /opt/airflow/dags/stream_monitor_dag.py for tasks to queue
[2026-07-02T07:39:19.314+0000] {logging_mixin.py:188} INFO - [2026-07-02T07:39:19.314+0000] {dagbag.py:538} INFO - Filling up the DagBag from /opt/airflow/dags/stream_monitor_dag.py
[2026-07-02T07:39:19.352+0000] {processor.py:840} INFO - DAG(s) 'stream_monitor_harga_pangan' retrieved from /opt/airflow/dags/stream_monitor_dag.py
[2026-07-02T07:39:19.396+0000] {logging_mixin.py:188} INFO - [2026-07-02T07:39:19.396+0000] {dag.py:3036} INFO - Sync 1 DAGs
[2026-07-02T07:39:19.559+0000] {logging_mixin.py:188} INFO - [2026-07-02T07:39:19.558+0000] {dag.py:3823} INFO - Setting next_dagrun for stream_monitor_harga_pangan to 2026-07-02 06:00:00+00:00, run_after=2026-07-02 07:00:00+00:00
[2026-07-02T07:39:19.578+0000] {processor.py:183} INFO - Processing /opt/airflow/dags/stream_monitor_dag.py took 0.272 seconds
[2026-07-02T07:39:53.141+0000] {processor.py:161} INFO - Started process (PID=5972) to work on /opt/airflow/dags/stream_monitor_dag.py
[2026-07-02T07:39:53.142+0000] {processor.py:830} INFO - Processing file /opt/airflow/dags/stream_monitor_dag.py for tasks to queue
[2026-07-02T07:39:53.143+0000] {logging_mixin.py:188} INFO - [2026-07-02T07:39:53.143+0000] {dagbag.py:538} INFO - Filling up the DagBag from /opt/airflow/dags/stream_monitor_dag.py
[2026-07-02T07:39:53.168+0000] {processor.py:840} INFO - DAG(s) 'stream_monitor_harga_pangan' retrieved from /opt/airflow/dags/stream_monitor_dag.py
[2026-07-02T07:39:53.211+0000] {logging_mixin.py:188} INFO - [2026-07-02T07:39:53.211+0000] {dag.py:3036} INFO - Sync 1 DAGs
[2026-07-02T07:39:53.237+0000] {logging_mixin.py:188} INFO - [2026-07-02T07:39:53.236+0000] {dag.py:3823} INFO - Setting next_dagrun for stream_monitor_harga_pangan to 2026-07-02 06:00:00+00:00, run_after=2026-07-02 07:00:00+00:00
[2026-07-02T07:39:53.258+0000] {processor.py:183} INFO - Processing /opt/airflow/dags/stream_monitor_dag.py took 0.120 seconds
[2026-07-02T07:40:25.956+0000] {processor.py:161} INFO - Started process (PID=5990) to work on /opt/airflow/dags/stream_monitor_dag.py
[2026-07-02T07:40:25.958+0000] {processor.py:830} INFO - Processing file /opt/airflow/dags/stream_monitor_dag.py for tasks to queue
[2026-07-02T07:40:25.959+0000] {logging_mixin.py:188} INFO - [2026-07-02T07:40:25.959+0000] {dagbag.py:538} INFO - Filling up the DagBag from /opt/airflow/dags/stream_monitor_dag.py
[2026-07-02T07:40:25.991+0000] {processor.py:840} INFO - DAG(s) 'stream_monitor_harga_pangan' retrieved from /opt/airflow/dags/stream_monitor_dag.py
[2026-07-02T07:40:26.043+0000] {logging_mixin.py:188} INFO - [2026-07-02T07:40:26.041+0000] {dag.py:3036} INFO - Sync 1 DAGs
[2026-07-02T07:40:26.075+0000] {logging_mixin.py:188} INFO - [2026-07-02T07:40:26.074+0000] {dag.py:3823} INFO - Setting next_dagrun for stream_monitor_harga_pangan to 2026-07-02 06:00:00+00:00, run_after=2026-07-02 07:00:00+00:00
[2026-07-02T07:40:26.100+0000] {processor.py:183} INFO - Processing /opt/airflow/dags/stream_monitor_dag.py took 0.149 seconds
[2026-07-02T07:40:59.666+0000] {processor.py:161} INFO - Started process (PID=6008) to work on /opt/airflow/dags/stream_monitor_dag.py
[2026-07-02T07:40:59.668+0000] {processor.py:830} INFO - Processing file /opt/airflow/dags/stream_monitor_dag.py for tasks to queue
[2026-07-02T07:40:59.669+0000] {logging_mixin.py:188} INFO - [2026-07-02T07:40:59.669+0000] {dagbag.py:538} INFO - Filling up the DagBag from /opt/airflow/dags/stream_monitor_dag.py
[2026-07-02T07:40:59.702+0000] {processor.py:840} INFO - DAG(s) 'stream_monitor_harga_pangan' retrieved from /opt/airflow/dags/stream_monitor_dag.py
[2026-07-02T07:40:59.744+0000] {logging_mixin.py:188} INFO - [2026-07-02T07:40:59.744+0000] {dag.py:3036} INFO - Sync 1 DAGs
[2026-07-02T07:40:59.771+0000] {logging_mixin.py:188} INFO - [2026-07-02T07:40:59.770+0000] {dag.py:3823} INFO - Setting next_dagrun for stream_monitor_harga_pangan to 2026-07-02 06:00:00+00:00, run_after=2026-07-02 07:00:00+00:00
[2026-07-02T07:40:59.789+0000] {processor.py:183} INFO - Processing /opt/airflow/dags/stream_monitor_dag.py took 0.128 seconds
[2026-07-02T07:41:32.782+0000] {processor.py:161} INFO - Started process (PID=6026) to work on /opt/airflow/dags/stream_monitor_dag.py
[2026-07-02T07:41:32.783+0000] {processor.py:830} INFO - Processing file /opt/airflow/dags/stream_monitor_dag.py for tasks to queue
[2026-07-02T07:41:32.785+0000] {logging_mixin.py:188} INFO - [2026-07-02T07:41:32.784+0000] {dagbag.py:538} INFO - Filling up the DagBag from /opt/airflow/dags/stream_monitor_dag.py
[2026-07-02T07:41:32.812+0000] {processor.py:840} INFO - DAG(s) 'stream_monitor_harga_pangan' retrieved from /opt/airflow/dags/stream_monitor_dag.py
[2026-07-02T07:41:32.858+0000] {logging_mixin.py:188} INFO - [2026-07-02T07:41:32.858+0000] {dag.py:3036} INFO - Sync 1 DAGs
[2026-07-02T07:41:32.880+0000] {logging_mixin.py:188} INFO - [2026-07-02T07:41:32.879+0000] {dag.py:3823} INFO - Setting next_dagrun for stream_monitor_harga_pangan to 2026-07-02 06:00:00+00:00, run_after=2026-07-02 07:00:00+00:00
[2026-07-02T07:41:32.899+0000] {processor.py:183} INFO - Processing /opt/airflow/dags/stream_monitor_dag.py took 0.121 seconds
[2026-07-02T07:42:06.463+0000] {processor.py:161} INFO - Started process (PID=6044) to work on /opt/airflow/dags/stream_monitor_dag.py
[2026-07-02T07:42:06.464+0000] {processor.py:830} INFO - Processing file /opt/airflow/dags/stream_monitor_dag.py for tasks to queue
[2026-07-02T07:42:06.465+0000] {logging_mixin.py:188} INFO - [2026-07-02T07:42:06.465+0000] {dagbag.py:538} INFO - Filling up the DagBag from /opt/airflow/dags/stream_monitor_dag.py
[2026-07-02T07:42:06.487+0000] {processor.py:840} INFO - DAG(s) 'stream_monitor_harga_pangan' retrieved from /opt/airflow/dags/stream_monitor_dag.py
[2026-07-02T07:42:06.522+0000] {logging_mixin.py:188} INFO - [2026-07-02T07:42:06.521+0000] {dag.py:3036} INFO - Sync 1 DAGs
[2026-07-02T07:42:06.545+0000] {logging_mixin.py:188} INFO - [2026-07-02T07:42:06.544+0000] {dag.py:3823} INFO - Setting next_dagrun for stream_monitor_harga_pangan to 2026-07-02 06:00:00+00:00, run_after=2026-07-02 07:00:00+00:00
[2026-07-02T07:42:06.568+0000] {processor.py:183} INFO - Processing /opt/airflow/dags/stream_monitor_dag.py took 0.109 seconds
[2026-07-02T07:42:40.144+0000] {processor.py:161} INFO - Started process (PID=6062) to work on /opt/airflow/dags/stream_monitor_dag.py
[2026-07-02T07:42:40.145+0000] {processor.py:830} INFO - Processing file /opt/airflow/dags/stream_monitor_dag.py for tasks to queue
[2026-07-02T07:42:40.146+0000] {logging_mixin.py:188} INFO - [2026-07-02T07:42:40.146+0000] {dagbag.py:538} INFO - Filling up the DagBag from /opt/airflow/dags/stream_monitor_dag.py
[2026-07-02T07:42:40.177+0000] {processor.py:840} INFO - DAG(s) 'stream_monitor_harga_pangan' retrieved from /opt/airflow/dags/stream_monitor_dag.py
[2026-07-02T07:42:40.214+0000] {logging_mixin.py:188} INFO - [2026-07-02T07:42:40.214+0000] {dag.py:3036} INFO - Sync 1 DAGs
[2026-07-02T07:42:40.236+0000] {logging_mixin.py:188} INFO - [2026-07-02T07:42:40.236+0000] {dag.py:3823} INFO - Setting next_dagrun for stream_monitor_harga_pangan to 2026-07-02 06:00:00+00:00, run_after=2026-07-02 07:00:00+00:00
[2026-07-02T07:42:40.260+0000] {processor.py:183} INFO - Processing /opt/airflow/dags/stream_monitor_dag.py took 0.120 seconds
[2026-07-02T07:43:12.860+0000] {processor.py:161} INFO - Started process (PID=6080) to work on /opt/airflow/dags/stream_monitor_dag.py
[2026-07-02T07:43:12.861+0000] {processor.py:830} INFO - Processing file /opt/airflow/dags/stream_monitor_dag.py for tasks to queue
[2026-07-02T07:43:12.862+0000] {logging_mixin.py:188} INFO - [2026-07-02T07:43:12.861+0000] {dagbag.py:538} INFO - Filling up the DagBag from /opt/airflow/dags/stream_monitor_dag.py
[2026-07-02T07:43:12.889+0000] {processor.py:840} INFO - DAG(s) 'stream_monitor_harga_pangan' retrieved from /opt/airflow/dags/stream_monitor_dag.py
[2026-07-02T07:43:12.934+0000] {logging_mixin.py:188} INFO - [2026-07-02T07:43:12.933+0000] {dag.py:3036} INFO - Sync 1 DAGs
[2026-07-02T07:43:12.958+0000] {logging_mixin.py:188} INFO - [2026-07-02T07:43:12.957+0000] {dag.py:3823} INFO - Setting next_dagrun for stream_monitor_harga_pangan to 2026-07-02 06:00:00+00:00, run_after=2026-07-02 07:00:00+00:00
[2026-07-02T07:43:12.979+0000] {processor.py:183} INFO - Processing /opt/airflow/dags/stream_monitor_dag.py took 0.123 seconds
[2026-07-02T07:43:46.548+0000] {processor.py:161} INFO - Started process (PID=6098) to work on /opt/airflow/dags/stream_monitor_dag.py
[2026-07-02T07:43:46.549+0000] {processor.py:830} INFO - Processing file /opt/airflow/dags/stream_monitor_dag.py for tasks to queue
[2026-07-02T07:43:46.551+0000] {logging_mixin.py:188} INFO - [2026-07-02T07:43:46.550+0000] {dagbag.py:538} INFO - Filling up the DagBag from /opt/airflow/dags/stream_monitor_dag.py
[2026-07-02T07:43:46.580+0000] {processor.py:840} INFO - DAG(s) 'stream_monitor_harga_pangan' retrieved from /opt/airflow/dags/stream_monitor_dag.py
[2026-07-02T07:43:46.632+0000] {logging_mixin.py:188} INFO - [2026-07-02T07:43:46.632+0000] {dag.py:3036} INFO - Sync 1 DAGs
[2026-07-02T07:43:46.655+0000] {logging_mixin.py:188} INFO - [2026-07-02T07:43:46.655+0000] {dag.py:3823} INFO - Setting next_dagrun for stream_monitor_harga_pangan to 2026-07-02 06:00:00+00:00, run_after=2026-07-02 07:00:00+00:00
[2026-07-02T07:43:46.676+0000] {processor.py:183} INFO - Processing /opt/airflow/dags/stream_monitor_dag.py took 0.133 seconds
[2026-07-02T07:44:19.224+0000] {processor.py:161} INFO - Started process (PID=6116) to work on /opt/airflow/dags/stream_monitor_dag.py
[2026-07-02T07:44:19.225+0000] {processor.py:830} INFO - Processing file /opt/airflow/dags/stream_monitor_dag.py for tasks to queue
[2026-07-02T07:44:19.226+0000] {logging_mixin.py:188} INFO - [2026-07-02T07:44:19.225+0000] {dagbag.py:538} INFO - Filling up the DagBag from /opt/airflow/dags/stream_monitor_dag.py
[2026-07-02T07:44:19.251+0000] {processor.py:840} INFO - DAG(s) 'stream_monitor_harga_pangan' retrieved from /opt/airflow/dags/stream_monitor_dag.py
[2026-07-02T07:44:19.291+0000] {logging_mixin.py:188} INFO - [2026-07-02T07:44:19.291+0000] {dag.py:3036} INFO - Sync 1 DAGs
[2026-07-02T07:44:19.318+0000] {logging_mixin.py:188} INFO - [2026-07-02T07:44:19.318+0000] {dag.py:3823} INFO - Setting next_dagrun for stream_monitor_harga_pangan to 2026-07-02 06:00:00+00:00, run_after=2026-07-02 07:00:00+00:00
[2026-07-02T07:44:19.341+0000] {processor.py:183} INFO - Processing /opt/airflow/dags/stream_monitor_dag.py took 0.120 seconds
[2026-07-02T07:44:52.913+0000] {processor.py:161} INFO - Started process (PID=6134) to work on /opt/airflow/dags/stream_monitor_dag.py
[2026-07-02T07:44:52.914+0000] {processor.py:830} INFO - Processing file /opt/airflow/dags/stream_monitor_dag.py for tasks to queue
[2026-07-02T07:44:52.917+0000] {logging_mixin.py:188} INFO - [2026-07-02T07:44:52.916+0000] {dagbag.py:538} INFO - Filling up the DagBag from /opt/airflow/dags/stream_monitor_dag.py
[2026-07-02T07:44:52.947+0000] {processor.py:840} INFO - DAG(s) 'stream_monitor_harga_pangan' retrieved from /opt/airflow/dags/stream_monitor_dag.py
[2026-07-02T07:44:52.988+0000] {logging_mixin.py:188} INFO - [2026-07-02T07:44:52.988+0000] {dag.py:3036} INFO - Sync 1 DAGs
[2026-07-02T07:44:53.009+0000] {logging_mixin.py:188} INFO - [2026-07-02T07:44:53.008+0000] {dag.py:3823} INFO - Setting next_dagrun for stream_monitor_harga_pangan to 2026-07-02 06:00:00+00:00, run_after=2026-07-02 07:00:00+00:00
[2026-07-02T07:44:53.029+0000] {processor.py:183} INFO - Processing /opt/airflow/dags/stream_monitor_dag.py took 0.120 seconds
[2026-07-02T07:45:26.786+0000] {processor.py:161} INFO - Started process (PID=6152) to work on /opt/airflow/dags/stream_monitor_dag.py
[2026-07-02T07:45:26.789+0000] {processor.py:830} INFO - Processing file /opt/airflow/dags/stream_monitor_dag.py for tasks to queue
[2026-07-02T07:45:26.791+0000] {logging_mixin.py:188} INFO - [2026-07-02T07:45:26.790+0000] {dagbag.py:538} INFO - Filling up the DagBag from /opt/airflow/dags/stream_monitor_dag.py
[2026-07-02T07:45:26.834+0000] {processor.py:840} INFO - DAG(s) 'stream_monitor_harga_pangan' retrieved from /opt/airflow/dags/stream_monitor_dag.py
[2026-07-02T07:45:26.897+0000] {logging_mixin.py:188} INFO - [2026-07-02T07:45:26.897+0000] {dag.py:3036} INFO - Sync 1 DAGs
[2026-07-02T07:45:26.936+0000] {logging_mixin.py:188} INFO - [2026-07-02T07:45:26.935+0000] {dag.py:3823} INFO - Setting next_dagrun for stream_monitor_harga_pangan to 2026-07-02 06:00:00+00:00, run_after=2026-07-02 07:00:00+00:00
[2026-07-02T07:45:26.969+0000] {processor.py:183} INFO - Processing /opt/airflow/dags/stream_monitor_dag.py took 0.189 seconds
[2026-07-02T07:45:59.523+0000] {processor.py:161} INFO - Started process (PID=6162) to work on /opt/airflow/dags/stream_monitor_dag.py
[2026-07-02T07:45:59.524+0000] {processor.py:830} INFO - Processing file /opt/airflow/dags/stream_monitor_dag.py for tasks to queue
[2026-07-02T07:45:59.525+0000] {logging_mixin.py:188} INFO - [2026-07-02T07:45:59.524+0000] {dagbag.py:538} INFO - Filling up the DagBag from /opt/airflow/dags/stream_monitor_dag.py
[2026-07-02T07:45:59.549+0000] {processor.py:840} INFO - DAG(s) 'stream_monitor_harga_pangan' retrieved from /opt/airflow/dags/stream_monitor_dag.py
[2026-07-02T07:45:59.593+0000] {logging_mixin.py:188} INFO - [2026-07-02T07:45:59.593+0000] {dag.py:3036} INFO - Sync 1 DAGs
[2026-07-02T07:45:59.617+0000] {logging_mixin.py:188} INFO - [2026-07-02T07:45:59.617+0000] {dag.py:3823} INFO - Setting next_dagrun for stream_monitor_harga_pangan to 2026-07-02 06:00:00+00:00, run_after=2026-07-02 07:00:00+00:00
[2026-07-02T07:45:59.635+0000] {processor.py:183} INFO - Processing /opt/airflow/dags/stream_monitor_dag.py took 0.116 seconds
[2026-07-02T07:46:33.185+0000] {processor.py:161} INFO - Started process (PID=6180) to work on /opt/airflow/dags/stream_monitor_dag.py
[2026-07-02T07:46:33.187+0000] {processor.py:830} INFO - Processing file /opt/airflow/dags/stream_monitor_dag.py for tasks to queue
[2026-07-02T07:46:33.188+0000] {logging_mixin.py:188} INFO - [2026-07-02T07:46:33.188+0000] {dagbag.py:538} INFO - Filling up the DagBag from /opt/airflow/dags/stream_monitor_dag.py
[2026-07-02T07:46:33.209+0000] {processor.py:840} INFO - DAG(s) 'stream_monitor_harga_pangan' retrieved from /opt/airflow/dags/stream_monitor_dag.py
[2026-07-02T07:46:33.250+0000] {logging_mixin.py:188} INFO - [2026-07-02T07:46:33.249+0000] {dag.py:3036} INFO - Sync 1 DAGs
[2026-07-02T07:46:33.274+0000] {logging_mixin.py:188} INFO - [2026-07-02T07:46:33.273+0000] {dag.py:3823} INFO - Setting next_dagrun for stream_monitor_harga_pangan to 2026-07-02 06:00:00+00:00, run_after=2026-07-02 07:00:00+00:00
[2026-07-02T07:46:33.295+0000] {processor.py:183} INFO - Processing /opt/airflow/dags/stream_monitor_dag.py took 0.113 seconds
[2026-07-02T07:47:05.912+0000] {processor.py:161} INFO - Started process (PID=6198) to work on /opt/airflow/dags/stream_monitor_dag.py
[2026-07-02T07:47:05.913+0000] {processor.py:830} INFO - Processing file /opt/airflow/dags/stream_monitor_dag.py for tasks to queue
[2026-07-02T07:47:05.914+0000] {logging_mixin.py:188} INFO - [2026-07-02T07:47:05.914+0000] {dagbag.py:538} INFO - Filling up the DagBag from /opt/airflow/dags/stream_monitor_dag.py
[2026-07-02T07:47:05.943+0000] {processor.py:840} INFO - DAG(s) 'stream_monitor_harga_pangan' retrieved from /opt/airflow/dags/stream_monitor_dag.py
[2026-07-02T07:47:05.986+0000] {logging_mixin.py:188} INFO - [2026-07-02T07:47:05.986+0000] {dag.py:3036} INFO - Sync 1 DAGs
[2026-07-02T07:47:06.007+0000] {logging_mixin.py:188} INFO - [2026-07-02T07:47:06.007+0000] {dag.py:3823} INFO - Setting next_dagrun for stream_monitor_harga_pangan to 2026-07-02 06:00:00+00:00, run_after=2026-07-02 07:00:00+00:00
[2026-07-02T07:47:06.026+0000] {processor.py:183} INFO - Processing /opt/airflow/dags/stream_monitor_dag.py took 0.119 seconds
[2026-07-02T07:47:39.592+0000] {processor.py:161} INFO - Started process (PID=6216) to work on /opt/airflow/dags/stream_monitor_dag.py
[2026-07-02T07:47:39.593+0000] {processor.py:830} INFO - Processing file /opt/airflow/dags/stream_monitor_dag.py for tasks to queue
[2026-07-02T07:47:39.594+0000] {logging_mixin.py:188} INFO - [2026-07-02T07:47:39.594+0000] {dagbag.py:538} INFO - Filling up the DagBag from /opt/airflow/dags/stream_monitor_dag.py
[2026-07-02T07:47:39.619+0000] {processor.py:840} INFO - DAG(s) 'stream_monitor_harga_pangan' retrieved from /opt/airflow/dags/stream_monitor_dag.py
[2026-07-02T07:47:39.662+0000] {logging_mixin.py:188} INFO - [2026-07-02T07:47:39.662+0000] {dag.py:3036} INFO - Sync 1 DAGs
[2026-07-02T07:47:39.686+0000] {logging_mixin.py:188} INFO - [2026-07-02T07:47:39.686+0000] {dag.py:3823} INFO - Setting next_dagrun for stream_monitor_harga_pangan to 2026-07-02 06:00:00+00:00, run_after=2026-07-02 07:00:00+00:00
[2026-07-02T07:47:39.708+0000] {processor.py:183} INFO - Processing /opt/airflow/dags/stream_monitor_dag.py took 0.119 seconds
[2026-07-02T07:48:13.301+0000] {processor.py:161} INFO - Started process (PID=6234) to work on /opt/airflow/dags/stream_monitor_dag.py
[2026-07-02T07:48:13.302+0000] {processor.py:830} INFO - Processing file /opt/airflow/dags/stream_monitor_dag.py for tasks to queue
[2026-07-02T07:48:13.303+0000] {logging_mixin.py:188} INFO - [2026-07-02T07:48:13.302+0000] {dagbag.py:538} INFO - Filling up the DagBag from /opt/airflow/dags/stream_monitor_dag.py
[2026-07-02T07:48:13.331+0000] {processor.py:840} INFO - DAG(s) 'stream_monitor_harga_pangan' retrieved from /opt/airflow/dags/stream_monitor_dag.py
[2026-07-02T07:48:13.386+0000] {logging_mixin.py:188} INFO - [2026-07-02T07:48:13.385+0000] {dag.py:3036} INFO - Sync 1 DAGs
[2026-07-02T07:48:13.415+0000] {logging_mixin.py:188} INFO - [2026-07-02T07:48:13.415+0000] {dag.py:3823} INFO - Setting next_dagrun for stream_monitor_harga_pangan to 2026-07-02 06:00:00+00:00, run_after=2026-07-02 07:00:00+00:00
[2026-07-02T07:48:13.440+0000] {processor.py:183} INFO - Processing /opt/airflow/dags/stream_monitor_dag.py took 0.143 seconds
[2026-07-02T07:48:46.086+0000] {processor.py:161} INFO - Started process (PID=6252) to work on /opt/airflow/dags/stream_monitor_dag.py
[2026-07-02T07:48:46.088+0000] {processor.py:830} INFO - Processing file /opt/airflow/dags/stream_monitor_dag.py for tasks to queue
[2026-07-02T07:48:46.089+0000] {logging_mixin.py:188} INFO - [2026-07-02T07:48:46.089+0000] {dagbag.py:538} INFO - Filling up the DagBag from /opt/airflow/dags/stream_monitor_dag.py
[2026-07-02T07:48:46.118+0000] {processor.py:840} INFO - DAG(s) 'stream_monitor_harga_pangan' retrieved from /opt/airflow/dags/stream_monitor_dag.py
[2026-07-02T07:48:46.165+0000] {logging_mixin.py:188} INFO - [2026-07-02T07:48:46.165+0000] {dag.py:3036} INFO - Sync 1 DAGs
[2026-07-02T07:48:46.197+0000] {logging_mixin.py:188} INFO - [2026-07-02T07:48:46.196+0000] {dag.py:3823} INFO - Setting next_dagrun for stream_monitor_harga_pangan to 2026-07-02 06:00:00+00:00, run_after=2026-07-02 07:00:00+00:00
[2026-07-02T07:48:46.222+0000] {processor.py:183} INFO - Processing /opt/airflow/dags/stream_monitor_dag.py took 0.139 seconds
[2026-07-02T07:49:19.759+0000] {processor.py:161} INFO - Started process (PID=6270) to work on /opt/airflow/dags/stream_monitor_dag.py
[2026-07-02T07:49:19.760+0000] {processor.py:830} INFO - Processing file /opt/airflow/dags/stream_monitor_dag.py for tasks to queue
[2026-07-02T07:49:19.762+0000] {logging_mixin.py:188} INFO - [2026-07-02T07:49:19.762+0000] {dagbag.py:538} INFO - Filling up the DagBag from /opt/airflow/dags/stream_monitor_dag.py
[2026-07-02T07:49:19.788+0000] {processor.py:840} INFO - DAG(s) 'stream_monitor_harga_pangan' retrieved from /opt/airflow/dags/stream_monitor_dag.py
[2026-07-02T07:49:19.831+0000] {logging_mixin.py:188} INFO - [2026-07-02T07:49:19.831+0000] {dag.py:3036} INFO - Sync 1 DAGs
[2026-07-02T07:49:19.856+0000] {logging_mixin.py:188} INFO - [2026-07-02T07:49:19.856+0000] {dag.py:3823} INFO - Setting next_dagrun for stream_monitor_harga_pangan to 2026-07-02 06:00:00+00:00, run_after=2026-07-02 07:00:00+00:00
[2026-07-02T07:49:19.877+0000] {processor.py:183} INFO - Processing /opt/airflow/dags/stream_monitor_dag.py took 0.122 seconds
[2026-07-02T07:49:53.417+0000] {processor.py:161} INFO - Started process (PID=6288) to work on /opt/airflow/dags/stream_monitor_dag.py
[2026-07-02T07:49:53.418+0000] {processor.py:830} INFO - Processing file /opt/airflow/dags/stream_monitor_dag.py for tasks to queue
[2026-07-02T07:49:53.419+0000] {logging_mixin.py:188} INFO - [2026-07-02T07:49:53.419+0000] {dagbag.py:538} INFO - Filling up the DagBag from /opt/airflow/dags/stream_monitor_dag.py
[2026-07-02T07:49:53.442+0000] {processor.py:840} INFO - DAG(s) 'stream_monitor_harga_pangan' retrieved from /opt/airflow/dags/stream_monitor_dag.py
[2026-07-02T07:49:53.481+0000] {logging_mixin.py:188} INFO - [2026-07-02T07:49:53.481+0000] {dag.py:3036} INFO - Sync 1 DAGs
[2026-07-02T07:49:53.507+0000] {logging_mixin.py:188} INFO - [2026-07-02T07:49:53.507+0000] {dag.py:3823} INFO - Setting next_dagrun for stream_monitor_harga_pangan to 2026-07-02 06:00:00+00:00, run_after=2026-07-02 07:00:00+00:00
[2026-07-02T07:49:53.526+0000] {processor.py:183} INFO - Processing /opt/airflow/dags/stream_monitor_dag.py took 0.112 seconds
[2026-07-02T07:50:26.261+0000] {processor.py:161} INFO - Started process (PID=6306) to work on /opt/airflow/dags/stream_monitor_dag.py
[2026-07-02T07:50:26.264+0000] {processor.py:830} INFO - Processing file /opt/airflow/dags/stream_monitor_dag.py for tasks to queue
[2026-07-02T07:50:26.266+0000] {logging_mixin.py:188} INFO - [2026-07-02T07:50:26.265+0000] {dagbag.py:538} INFO - Filling up the DagBag from /opt/airflow/dags/stream_monitor_dag.py
[2026-07-02T07:50:26.316+0000] {processor.py:840} INFO - DAG(s) 'stream_monitor_harga_pangan' retrieved from /opt/airflow/dags/stream_monitor_dag.py
[2026-07-02T07:50:26.376+0000] {logging_mixin.py:188} INFO - [2026-07-02T07:50:26.375+0000] {dag.py:3036} INFO - Sync 1 DAGs
[2026-07-02T07:50:26.428+0000] {logging_mixin.py:188} INFO - [2026-07-02T07:50:26.428+0000] {dag.py:3823} INFO - Setting next_dagrun for stream_monitor_harga_pangan to 2026-07-02 06:00:00+00:00, run_after=2026-07-02 07:00:00+00:00
[2026-07-02T07:50:26.459+0000] {processor.py:183} INFO - Processing /opt/airflow/dags/stream_monitor_dag.py took 0.204 seconds
[2026-07-02T07:51:00.017+0000] {processor.py:161} INFO - Started process (PID=6324) to work on /opt/airflow/dags/stream_monitor_dag.py
[2026-07-02T07:51:00.018+0000] {processor.py:830} INFO - Processing file /opt/airflow/dags/stream_monitor_dag.py for tasks to queue
[2026-07-02T07:51:00.019+0000] {logging_mixin.py:188} INFO - [2026-07-02T07:51:00.019+0000] {dagbag.py:538} INFO - Filling up the DagBag from /opt/airflow/dags/stream_monitor_dag.py
[2026-07-02T07:51:00.049+0000] {processor.py:840} INFO - DAG(s) 'stream_monitor_harga_pangan' retrieved from /opt/airflow/dags/stream_monitor_dag.py
[2026-07-02T07:51:00.093+0000] {logging_mixin.py:188} INFO - [2026-07-02T07:51:00.093+0000] {dag.py:3036} INFO - Sync 1 DAGs
[2026-07-02T07:51:00.118+0000] {logging_mixin.py:188} INFO - [2026-07-02T07:51:00.117+0000] {dag.py:3823} INFO - Setting next_dagrun for stream_monitor_harga_pangan to 2026-07-02 06:00:00+00:00, run_after=2026-07-02 07:00:00+00:00
[2026-07-02T07:51:00.139+0000] {processor.py:183} INFO - Processing /opt/airflow/dags/stream_monitor_dag.py took 0.126 seconds
[2026-07-02T07:51:32.808+0000] {processor.py:161} INFO - Started process (PID=6342) to work on /opt/airflow/dags/stream_monitor_dag.py
[2026-07-02T07:51:32.809+0000] {processor.py:830} INFO - Processing file /opt/airflow/dags/stream_monitor_dag.py for tasks to queue
[2026-07-02T07:51:32.810+0000] {logging_mixin.py:188} INFO - [2026-07-02T07:51:32.810+0000] {dagbag.py:538} INFO - Filling up the DagBag from /opt/airflow/dags/stream_monitor_dag.py
[2026-07-02T07:51:32.836+0000] {processor.py:840} INFO - DAG(s) 'stream_monitor_harga_pangan' retrieved from /opt/airflow/dags/stream_monitor_dag.py
[2026-07-02T07:51:32.880+0000] {logging_mixin.py:188} INFO - [2026-07-02T07:51:32.880+0000] {dag.py:3036} INFO - Sync 1 DAGs
[2026-07-02T07:51:32.907+0000] {logging_mixin.py:188} INFO - [2026-07-02T07:51:32.907+0000] {dag.py:3823} INFO - Setting next_dagrun for stream_monitor_harga_pangan to 2026-07-02 06:00:00+00:00, run_after=2026-07-02 07:00:00+00:00
[2026-07-02T07:51:32.928+0000] {processor.py:183} INFO - Processing /opt/airflow/dags/stream_monitor_dag.py took 0.125 seconds
[2026-07-02T07:52:06.466+0000] {processor.py:161} INFO - Started process (PID=6360) to work on /opt/airflow/dags/stream_monitor_dag.py
[2026-07-02T07:52:06.468+0000] {processor.py:830} INFO - Processing file /opt/airflow/dags/stream_monitor_dag.py for tasks to queue
[2026-07-02T07:52:06.470+0000] {logging_mixin.py:188} INFO - [2026-07-02T07:52:06.470+0000] {dagbag.py:538} INFO - Filling up the DagBag from /opt/airflow/dags/stream_monitor_dag.py
[2026-07-02T07:52:06.501+0000] {processor.py:840} INFO - DAG(s) 'stream_monitor_harga_pangan' retrieved from /opt/airflow/dags/stream_monitor_dag.py
[2026-07-02T07:52:06.555+0000] {logging_mixin.py:188} INFO - [2026-07-02T07:52:06.555+0000] {dag.py:3036} INFO - Sync 1 DAGs
[2026-07-02T07:52:06.585+0000] {logging_mixin.py:188} INFO - [2026-07-02T07:52:06.584+0000] {dag.py:3823} INFO - Setting next_dagrun for stream_monitor_harga_pangan to 2026-07-02 06:00:00+00:00, run_after=2026-07-02 07:00:00+00:00
[2026-07-02T07:52:06.612+0000] {processor.py:183} INFO - Processing /opt/airflow/dags/stream_monitor_dag.py took 0.150 seconds
[2026-07-02T07:52:40.189+0000] {processor.py:161} INFO - Started process (PID=6378) to work on /opt/airflow/dags/stream_monitor_dag.py
[2026-07-02T07:52:40.190+0000] {processor.py:830} INFO - Processing file /opt/airflow/dags/stream_monitor_dag.py for tasks to queue
[2026-07-02T07:52:40.191+0000] {logging_mixin.py:188} INFO - [2026-07-02T07:52:40.191+0000] {dagbag.py:538} INFO - Filling up the DagBag from /opt/airflow/dags/stream_monitor_dag.py
[2026-07-02T07:52:40.214+0000] {processor.py:840} INFO - DAG(s) 'stream_monitor_harga_pangan' retrieved from /opt/airflow/dags/stream_monitor_dag.py
[2026-07-02T07:52:40.249+0000] {logging_mixin.py:188} INFO - [2026-07-02T07:52:40.249+0000] {dag.py:3036} INFO - Sync 1 DAGs
[2026-07-02T07:52:40.273+0000] {logging_mixin.py:188} INFO - [2026-07-02T07:52:40.273+0000] {dag.py:3823} INFO - Setting next_dagrun for stream_monitor_harga_pangan to 2026-07-02 06:00:00+00:00, run_after=2026-07-02 07:00:00+00:00
[2026-07-02T07:52:40.295+0000] {processor.py:183} INFO - Processing /opt/airflow/dags/stream_monitor_dag.py took 0.110 seconds
[2026-07-02T07:53:13.049+0000] {processor.py:161} INFO - Started process (PID=6395) to work on /opt/airflow/dags/stream_monitor_dag.py
[2026-07-02T07:53:13.050+0000] {processor.py:830} INFO - Processing file /opt/airflow/dags/stream_monitor_dag.py for tasks to queue
[2026-07-02T07:53:13.057+0000] {logging_mixin.py:188} INFO - [2026-07-02T07:53:13.056+0000] {dagbag.py:538} INFO - Filling up the DagBag from /opt/airflow/dags/stream_monitor_dag.py
[2026-07-02T07:53:13.110+0000] {processor.py:840} INFO - DAG(s) 'stream_monitor_harga_pangan' retrieved from /opt/airflow/dags/stream_monitor_dag.py
[2026-07-02T07:53:13.178+0000] {logging_mixin.py:188} INFO - [2026-07-02T07:53:13.178+0000] {dag.py:3036} INFO - Sync 1 DAGs
[2026-07-02T07:53:13.213+0000] {logging_mixin.py:188} INFO - [2026-07-02T07:53:13.213+0000] {dag.py:3823} INFO - Setting next_dagrun for stream_monitor_harga_pangan to 2026-07-02 06:00:00+00:00, run_after=2026-07-02 07:00:00+00:00
[2026-07-02T07:53:13.247+0000] {processor.py:183} INFO - Processing /opt/airflow/dags/stream_monitor_dag.py took 0.204 seconds
[2026-07-02T07:53:46.803+0000] {processor.py:161} INFO - Started process (PID=6406) to work on /opt/airflow/dags/stream_monitor_dag.py
[2026-07-02T07:53:46.804+0000] {processor.py:830} INFO - Processing file /opt/airflow/dags/stream_monitor_dag.py for tasks to queue
[2026-07-02T07:53:46.805+0000] {logging_mixin.py:188} INFO - [2026-07-02T07:53:46.805+0000] {dagbag.py:538} INFO - Filling up the DagBag from /opt/airflow/dags/stream_monitor_dag.py
[2026-07-02T07:53:46.840+0000] {processor.py:840} INFO - DAG(s) 'stream_monitor_harga_pangan' retrieved from /opt/airflow/dags/stream_monitor_dag.py
[2026-07-02T07:53:46.884+0000] {logging_mixin.py:188} INFO - [2026-07-02T07:53:46.884+0000] {dag.py:3036} INFO - Sync 1 DAGs
[2026-07-02T07:53:46.908+0000] {logging_mixin.py:188} INFO - [2026-07-02T07:53:46.908+0000] {dag.py:3823} INFO - Setting next_dagrun for stream_monitor_harga_pangan to 2026-07-02 06:00:00+00:00, run_after=2026-07-02 07:00:00+00:00
[2026-07-02T07:53:46.938+0000] {processor.py:183} INFO - Processing /opt/airflow/dags/stream_monitor_dag.py took 0.139 seconds
[2026-07-02T07:54:19.519+0000] {processor.py:161} INFO - Started process (PID=6425) to work on /opt/airflow/dags/stream_monitor_dag.py
[2026-07-02T07:54:19.520+0000] {processor.py:830} INFO - Processing file /opt/airflow/dags/stream_monitor_dag.py for tasks to queue
[2026-07-02T07:54:19.521+0000] {logging_mixin.py:188} INFO - [2026-07-02T07:54:19.521+0000] {dagbag.py:538} INFO - Filling up the DagBag from /opt/airflow/dags/stream_monitor_dag.py
[2026-07-02T07:54:19.552+0000] {processor.py:840} INFO - DAG(s) 'stream_monitor_harga_pangan' retrieved from /opt/airflow/dags/stream_monitor_dag.py
[2026-07-02T07:54:19.600+0000] {logging_mixin.py:188} INFO - [2026-07-02T07:54:19.600+0000] {dag.py:3036} INFO - Sync 1 DAGs
[2026-07-02T07:54:19.626+0000] {logging_mixin.py:188} INFO - [2026-07-02T07:54:19.625+0000] {dag.py:3823} INFO - Setting next_dagrun for stream_monitor_harga_pangan to 2026-07-02 06:00:00+00:00, run_after=2026-07-02 07:00:00+00:00
[2026-07-02T07:54:19.648+0000] {processor.py:183} INFO - Processing /opt/airflow/dags/stream_monitor_dag.py took 0.133 seconds
[2026-07-02T07:54:53.206+0000] {processor.py:161} INFO - Started process (PID=6444) to work on /opt/airflow/dags/stream_monitor_dag.py
[2026-07-02T07:54:53.207+0000] {processor.py:830} INFO - Processing file /opt/airflow/dags/stream_monitor_dag.py for tasks to queue
[2026-07-02T07:54:53.208+0000] {logging_mixin.py:188} INFO - [2026-07-02T07:54:53.207+0000] {dagbag.py:538} INFO - Filling up the DagBag from /opt/airflow/dags/stream_monitor_dag.py
[2026-07-02T07:54:53.231+0000] {processor.py:840} INFO - DAG(s) 'stream_monitor_harga_pangan' retrieved from /opt/airflow/dags/stream_monitor_dag.py
[2026-07-02T07:54:53.272+0000] {logging_mixin.py:188} INFO - [2026-07-02T07:54:53.272+0000] {dag.py:3036} INFO - Sync 1 DAGs
[2026-07-02T07:54:53.293+0000] {logging_mixin.py:188} INFO - [2026-07-02T07:54:53.293+0000] {dag.py:3823} INFO - Setting next_dagrun for stream_monitor_harga_pangan to 2026-07-02 06:00:00+00:00, run_after=2026-07-02 07:00:00+00:00
[2026-07-02T07:54:53.315+0000] {processor.py:183} INFO - Processing /opt/airflow/dags/stream_monitor_dag.py took 0.113 seconds
[2026-07-02T07:55:26.957+0000] {processor.py:161} INFO - Started process (PID=6462) to work on /opt/airflow/dags/stream_monitor_dag.py
[2026-07-02T07:55:26.958+0000] {processor.py:830} INFO - Processing file /opt/airflow/dags/stream_monitor_dag.py for tasks to queue
[2026-07-02T07:55:26.959+0000] {logging_mixin.py:188} INFO - [2026-07-02T07:55:26.959+0000] {dagbag.py:538} INFO - Filling up the DagBag from /opt/airflow/dags/stream_monitor_dag.py
[2026-07-02T07:55:26.982+0000] {processor.py:840} INFO - DAG(s) 'stream_monitor_harga_pangan' retrieved from /opt/airflow/dags/stream_monitor_dag.py
[2026-07-02T07:55:27.026+0000] {logging_mixin.py:188} INFO - [2026-07-02T07:55:27.026+0000] {dag.py:3036} INFO - Sync 1 DAGs
[2026-07-02T07:55:27.051+0000] {logging_mixin.py:188} INFO - [2026-07-02T07:55:27.051+0000] {dag.py:3823} INFO - Setting next_dagrun for stream_monitor_harga_pangan to 2026-07-02 06:00:00+00:00, run_after=2026-07-02 07:00:00+00:00
[2026-07-02T07:55:27.071+0000] {processor.py:183} INFO - Processing /opt/airflow/dags/stream_monitor_dag.py took 0.118 seconds
[2026-07-02T07:55:57.156+0000] {processor.py:161} INFO - Started process (PID=6480) to work on /opt/airflow/dags/stream_monitor_dag.py
[2026-07-02T07:55:57.157+0000] {processor.py:830} INFO - Processing file /opt/airflow/dags/stream_monitor_dag.py for tasks to queue
[2026-07-02T07:55:57.158+0000] {logging_mixin.py:188} INFO - [2026-07-02T07:55:57.158+0000] {dagbag.py:538} INFO - Filling up the DagBag from /opt/airflow/dags/stream_monitor_dag.py
[2026-07-02T07:55:57.181+0000] {processor.py:840} INFO - DAG(s) 'stream_monitor_harga_pangan' retrieved from /opt/airflow/dags/stream_monitor_dag.py
[2026-07-02T07:55:57.224+0000] {logging_mixin.py:188} INFO - [2026-07-02T07:55:57.224+0000] {dag.py:3036} INFO - Sync 1 DAGs
[2026-07-02T07:55:57.247+0000] {logging_mixin.py:188} INFO - [2026-07-02T07:55:57.247+0000] {dag.py:3823} INFO - Setting next_dagrun for stream_monitor_harga_pangan to 2026-07-02 06:00:00+00:00, run_after=2026-07-02 07:00:00+00:00
[2026-07-02T07:55:57.269+0000] {processor.py:183} INFO - Processing /opt/airflow/dags/stream_monitor_dag.py took 0.117 seconds
[2026-07-02T07:56:27.614+0000] {processor.py:161} INFO - Started process (PID=6498) to work on /opt/airflow/dags/stream_monitor_dag.py
[2026-07-02T07:56:27.615+0000] {processor.py:830} INFO - Processing file /opt/airflow/dags/stream_monitor_dag.py for tasks to queue
[2026-07-02T07:56:27.617+0000] {logging_mixin.py:188} INFO - [2026-07-02T07:56:27.616+0000] {dagbag.py:538} INFO - Filling up the DagBag from /opt/airflow/dags/stream_monitor_dag.py
[2026-07-02T07:56:27.640+0000] {processor.py:840} INFO - DAG(s) 'stream_monitor_harga_pangan' retrieved from /opt/airflow/dags/stream_monitor_dag.py
[2026-07-02T07:56:27.681+0000] {logging_mixin.py:188} INFO - [2026-07-02T07:56:27.680+0000] {dag.py:3036} INFO - Sync 1 DAGs
[2026-07-02T07:56:27.711+0000] {logging_mixin.py:188} INFO - [2026-07-02T07:56:27.711+0000] {dag.py:3823} INFO - Setting next_dagrun for stream_monitor_harga_pangan to 2026-07-02 06:00:00+00:00, run_after=2026-07-02 07:00:00+00:00
[2026-07-02T07:56:27.733+0000] {processor.py:183} INFO - Processing /opt/airflow/dags/stream_monitor_dag.py took 0.121 seconds
[2026-07-02T07:56:58.595+0000] {processor.py:161} INFO - Started process (PID=6516) to work on /opt/airflow/dags/stream_monitor_dag.py
[2026-07-02T07:56:58.596+0000] {processor.py:830} INFO - Processing file /opt/airflow/dags/stream_monitor_dag.py for tasks to queue
[2026-07-02T07:56:58.597+0000] {logging_mixin.py:188} INFO - [2026-07-02T07:56:58.597+0000] {dagbag.py:538} INFO - Filling up the DagBag from /opt/airflow/dags/stream_monitor_dag.py
[2026-07-02T07:56:58.627+0000] {processor.py:840} INFO - DAG(s) 'stream_monitor_harga_pangan' retrieved from /opt/airflow/dags/stream_monitor_dag.py
[2026-07-02T07:56:58.663+0000] {logging_mixin.py:188} INFO - [2026-07-02T07:56:58.663+0000] {dag.py:3036} INFO - Sync 1 DAGs
[2026-07-02T07:56:58.686+0000] {logging_mixin.py:188} INFO - [2026-07-02T07:56:58.686+0000] {dag.py:3823} INFO - Setting next_dagrun for stream_monitor_harga_pangan to 2026-07-02 06:00:00+00:00, run_after=2026-07-02 07:00:00+00:00
[2026-07-02T07:56:58.707+0000] {processor.py:183} INFO - Processing /opt/airflow/dags/stream_monitor_dag.py took 0.115 seconds
[2026-07-02T07:57:29.318+0000] {processor.py:161} INFO - Started process (PID=6534) to work on /opt/airflow/dags/stream_monitor_dag.py
[2026-07-02T07:57:29.319+0000] {processor.py:830} INFO - Processing file /opt/airflow/dags/stream_monitor_dag.py for tasks to queue
[2026-07-02T07:57:29.320+0000] {logging_mixin.py:188} INFO - [2026-07-02T07:57:29.320+0000] {dagbag.py:538} INFO - Filling up the DagBag from /opt/airflow/dags/stream_monitor_dag.py
[2026-07-02T07:57:29.342+0000] {processor.py:840} INFO - DAG(s) 'stream_monitor_harga_pangan' retrieved from /opt/airflow/dags/stream_monitor_dag.py
[2026-07-02T07:57:29.382+0000] {logging_mixin.py:188} INFO - [2026-07-02T07:57:29.382+0000] {dag.py:3036} INFO - Sync 1 DAGs
[2026-07-02T07:57:29.406+0000] {logging_mixin.py:188} INFO - [2026-07-02T07:57:29.406+0000] {dag.py:3823} INFO - Setting next_dagrun for stream_monitor_harga_pangan to 2026-07-02 06:00:00+00:00, run_after=2026-07-02 07:00:00+00:00
[2026-07-02T07:57:29.426+0000] {processor.py:183} INFO - Processing /opt/airflow/dags/stream_monitor_dag.py took 0.111 seconds
[2026-07-02T07:57:59.985+0000] {processor.py:161} INFO - Started process (PID=6552) to work on /opt/airflow/dags/stream_monitor_dag.py
[2026-07-02T07:57:59.987+0000] {processor.py:830} INFO - Processing file /opt/airflow/dags/stream_monitor_dag.py for tasks to queue
[2026-07-02T07:57:59.988+0000] {logging_mixin.py:188} INFO - [2026-07-02T07:57:59.987+0000] {dagbag.py:538} INFO - Filling up the DagBag from /opt/airflow/dags/stream_monitor_dag.py
[2026-07-02T07:58:00.019+0000] {processor.py:840} INFO - DAG(s) 'stream_monitor_harga_pangan' retrieved from /opt/airflow/dags/stream_monitor_dag.py
[2026-07-02T07:58:00.064+0000] {logging_mixin.py:188} INFO - [2026-07-02T07:58:00.064+0000] {dag.py:3036} INFO - Sync 1 DAGs
[2026-07-02T07:58:00.093+0000] {logging_mixin.py:188} INFO - [2026-07-02T07:58:00.093+0000] {dag.py:3823} INFO - Setting next_dagrun for stream_monitor_harga_pangan to 2026-07-02 06:00:00+00:00, run_after=2026-07-02 07:00:00+00:00
[2026-07-02T07:58:00.118+0000] {processor.py:183} INFO - Processing /opt/airflow/dags/stream_monitor_dag.py took 0.137 seconds
[2026-07-02T07:58:30.657+0000] {processor.py:161} INFO - Started process (PID=6562) to work on /opt/airflow/dags/stream_monitor_dag.py
[2026-07-02T07:58:30.658+0000] {processor.py:830} INFO - Processing file /opt/airflow/dags/stream_monitor_dag.py for tasks to queue
[2026-07-02T07:58:30.661+0000] {logging_mixin.py:188} INFO - [2026-07-02T07:58:30.660+0000] {dagbag.py:538} INFO - Filling up the DagBag from /opt/airflow/dags/stream_monitor_dag.py
[2026-07-02T07:58:30.686+0000] {processor.py:840} INFO - DAG(s) 'stream_monitor_harga_pangan' retrieved from /opt/airflow/dags/stream_monitor_dag.py
[2026-07-02T07:58:30.727+0000] {logging_mixin.py:188} INFO - [2026-07-02T07:58:30.727+0000] {dag.py:3036} INFO - Sync 1 DAGs
[2026-07-02T07:58:30.745+0000] {logging_mixin.py:188} INFO - [2026-07-02T07:58:30.745+0000] {dag.py:3823} INFO - Setting next_dagrun for stream_monitor_harga_pangan to 2026-07-02 06:00:00+00:00, run_after=2026-07-02 07:00:00+00:00
[2026-07-02T07:58:30.766+0000] {processor.py:183} INFO - Processing /opt/airflow/dags/stream_monitor_dag.py took 0.112 seconds
[2026-07-02T07:59:01.359+0000] {processor.py:161} INFO - Started process (PID=6580) to work on /opt/airflow/dags/stream_monitor_dag.py
[2026-07-02T07:59:01.361+0000] {processor.py:830} INFO - Processing file /opt/airflow/dags/stream_monitor_dag.py for tasks to queue
[2026-07-02T07:59:01.365+0000] {logging_mixin.py:188} INFO - [2026-07-02T07:59:01.364+0000] {dagbag.py:538} INFO - Filling up the DagBag from /opt/airflow/dags/stream_monitor_dag.py
[2026-07-02T07:59:01.498+0000] {processor.py:840} INFO - DAG(s) 'stream_monitor_harga_pangan' retrieved from /opt/airflow/dags/stream_monitor_dag.py
[2026-07-02T07:59:01.550+0000] {logging_mixin.py:188} INFO - [2026-07-02T07:59:01.549+0000] {dag.py:3036} INFO - Sync 1 DAGs
[2026-07-02T07:59:01.581+0000] {logging_mixin.py:188} INFO - [2026-07-02T07:59:01.581+0000] {dag.py:3823} INFO - Setting next_dagrun for stream_monitor_harga_pangan to 2026-07-02 06:00:00+00:00, run_after=2026-07-02 07:00:00+00:00
[2026-07-02T07:59:01.609+0000] {processor.py:183} INFO - Processing /opt/airflow/dags/stream_monitor_dag.py took 0.255 seconds
[2026-07-02T07:59:32.148+0000] {processor.py:161} INFO - Started process (PID=6598) to work on /opt/airflow/dags/stream_monitor_dag.py
[2026-07-02T07:59:32.150+0000] {processor.py:830} INFO - Processing file /opt/airflow/dags/stream_monitor_dag.py for tasks to queue
[2026-07-02T07:59:32.151+0000] {logging_mixin.py:188} INFO - [2026-07-02T07:59:32.151+0000] {dagbag.py:538} INFO - Filling up the DagBag from /opt/airflow/dags/stream_monitor_dag.py
[2026-07-02T07:59:32.178+0000] {processor.py:840} INFO - DAG(s) 'stream_monitor_harga_pangan' retrieved from /opt/airflow/dags/stream_monitor_dag.py
[2026-07-02T07:59:32.215+0000] {logging_mixin.py:188} INFO - [2026-07-02T07:59:32.215+0000] {dag.py:3036} INFO - Sync 1 DAGs
[2026-07-02T07:59:32.237+0000] {logging_mixin.py:188} INFO - [2026-07-02T07:59:32.236+0000] {dag.py:3823} INFO - Setting next_dagrun for stream_monitor_harga_pangan to 2026-07-02 06:00:00+00:00, run_after=2026-07-02 07:00:00+00:00
[2026-07-02T07:59:32.257+0000] {processor.py:183} INFO - Processing /opt/airflow/dags/stream_monitor_dag.py took 0.112 seconds
[2026-07-02T08:00:02.796+0000] {processor.py:161} INFO - Started process (PID=6616) to work on /opt/airflow/dags/stream_monitor_dag.py
[2026-07-02T08:00:02.797+0000] {processor.py:830} INFO - Processing file /opt/airflow/dags/stream_monitor_dag.py for tasks to queue
[2026-07-02T08:00:02.798+0000] {logging_mixin.py:188} INFO - [2026-07-02T08:00:02.798+0000] {dagbag.py:538} INFO - Filling up the DagBag from /opt/airflow/dags/stream_monitor_dag.py
[2026-07-02T08:00:02.819+0000] {processor.py:840} INFO - DAG(s) 'stream_monitor_harga_pangan' retrieved from /opt/airflow/dags/stream_monitor_dag.py
[2026-07-02T08:00:02.853+0000] {logging_mixin.py:188} INFO - [2026-07-02T08:00:02.853+0000] {dag.py:3036} INFO - Sync 1 DAGs
[2026-07-02T08:00:02.875+0000] {logging_mixin.py:188} INFO - [2026-07-02T08:00:02.875+0000] {dag.py:3823} INFO - Setting next_dagrun for stream_monitor_harga_pangan to 2026-07-02 07:00:00+00:00, run_after=2026-07-02 08:00:00+00:00
[2026-07-02T08:00:02.892+0000] {processor.py:183} INFO - Processing /opt/airflow/dags/stream_monitor_dag.py took 0.100 seconds
[2026-07-02T08:00:33.595+0000] {processor.py:161} INFO - Started process (PID=6634) to work on /opt/airflow/dags/stream_monitor_dag.py
[2026-07-02T08:00:33.596+0000] {processor.py:830} INFO - Processing file /opt/airflow/dags/stream_monitor_dag.py for tasks to queue
[2026-07-02T08:00:33.597+0000] {logging_mixin.py:188} INFO - [2026-07-02T08:00:33.597+0000] {dagbag.py:538} INFO - Filling up the DagBag from /opt/airflow/dags/stream_monitor_dag.py
[2026-07-02T08:00:33.620+0000] {processor.py:840} INFO - DAG(s) 'stream_monitor_harga_pangan' retrieved from /opt/airflow/dags/stream_monitor_dag.py
[2026-07-02T08:00:33.663+0000] {logging_mixin.py:188} INFO - [2026-07-02T08:00:33.662+0000] {dag.py:3036} INFO - Sync 1 DAGs
[2026-07-02T08:00:33.687+0000] {logging_mixin.py:188} INFO - [2026-07-02T08:00:33.687+0000] {dag.py:3823} INFO - Setting next_dagrun for stream_monitor_harga_pangan to 2026-07-02 07:00:00+00:00, run_after=2026-07-02 08:00:00+00:00
[2026-07-02T08:00:33.708+0000] {processor.py:183} INFO - Processing /opt/airflow/dags/stream_monitor_dag.py took 0.117 seconds
[2026-07-02T08:01:04.241+0000] {processor.py:161} INFO - Started process (PID=6652) to work on /opt/airflow/dags/stream_monitor_dag.py
[2026-07-02T08:01:04.242+0000] {processor.py:830} INFO - Processing file /opt/airflow/dags/stream_monitor_dag.py for tasks to queue
[2026-07-02T08:01:04.243+0000] {logging_mixin.py:188} INFO - [2026-07-02T08:01:04.243+0000] {dagbag.py:538} INFO - Filling up the DagBag from /opt/airflow/dags/stream_monitor_dag.py
[2026-07-02T08:01:04.274+0000] {processor.py:840} INFO - DAG(s) 'stream_monitor_harga_pangan' retrieved from /opt/airflow/dags/stream_monitor_dag.py
[2026-07-02T08:01:04.314+0000] {logging_mixin.py:188} INFO - [2026-07-02T08:01:04.313+0000] {dag.py:3036} INFO - Sync 1 DAGs
[2026-07-02T08:01:04.334+0000] {logging_mixin.py:188} INFO - [2026-07-02T08:01:04.334+0000] {dag.py:3823} INFO - Setting next_dagrun for stream_monitor_harga_pangan to 2026-07-02 07:00:00+00:00, run_after=2026-07-02 08:00:00+00:00
[2026-07-02T08:01:04.357+0000] {processor.py:183} INFO - Processing /opt/airflow/dags/stream_monitor_dag.py took 0.120 seconds
[2026-07-02T08:01:34.917+0000] {processor.py:161} INFO - Started process (PID=6662) to work on /opt/airflow/dags/stream_monitor_dag.py
[2026-07-02T08:01:34.919+0000] {processor.py:830} INFO - Processing file /opt/airflow/dags/stream_monitor_dag.py for tasks to queue
[2026-07-02T08:01:34.921+0000] {logging_mixin.py:188} INFO - [2026-07-02T08:01:34.920+0000] {dagbag.py:538} INFO - Filling up the DagBag from /opt/airflow/dags/stream_monitor_dag.py
[2026-07-02T08:01:35.037+0000] {processor.py:840} INFO - DAG(s) 'stream_monitor_harga_pangan' retrieved from /opt/airflow/dags/stream_monitor_dag.py
[2026-07-02T08:01:35.133+0000] {logging_mixin.py:188} INFO - [2026-07-02T08:01:35.132+0000] {dag.py:3036} INFO - Sync 1 DAGs
[2026-07-02T08:01:35.180+0000] {logging_mixin.py:188} INFO - [2026-07-02T08:01:35.180+0000] {dag.py:3823} INFO - Setting next_dagrun for stream_monitor_harga_pangan to 2026-07-02 07:00:00+00:00, run_after=2026-07-02 08:00:00+00:00
[2026-07-02T08:01:35.207+0000] {processor.py:183} INFO - Processing /opt/airflow/dags/stream_monitor_dag.py took 0.297 seconds
[2026-07-02T08:02:06.768+0000] {processor.py:161} INFO - Started process (PID=6680) to work on /opt/airflow/dags/stream_monitor_dag.py
[2026-07-02T08:02:06.769+0000] {processor.py:830} INFO - Processing file /opt/airflow/dags/stream_monitor_dag.py for tasks to queue
[2026-07-02T08:02:06.770+0000] {logging_mixin.py:188} INFO - [2026-07-02T08:02:06.770+0000] {dagbag.py:538} INFO - Filling up the DagBag from /opt/airflow/dags/stream_monitor_dag.py
[2026-07-02T08:02:06.796+0000] {processor.py:840} INFO - DAG(s) 'stream_monitor_harga_pangan' retrieved from /opt/airflow/dags/stream_monitor_dag.py
[2026-07-02T08:02:06.836+0000] {logging_mixin.py:188} INFO - [2026-07-02T08:02:06.836+0000] {dag.py:3036} INFO - Sync 1 DAGs
[2026-07-02T08:02:06.866+0000] {logging_mixin.py:188} INFO - [2026-07-02T08:02:06.866+0000] {dag.py:3823} INFO - Setting next_dagrun for stream_monitor_harga_pangan to 2026-07-02 07:00:00+00:00, run_after=2026-07-02 08:00:00+00:00
[2026-07-02T08:02:06.887+0000] {processor.py:183} INFO - Processing /opt/airflow/dags/stream_monitor_dag.py took 0.124 seconds
[2026-07-02T08:02:39.437+0000] {processor.py:161} INFO - Started process (PID=6698) to work on /opt/airflow/dags/stream_monitor_dag.py
[2026-07-02T08:02:39.439+0000] {processor.py:830} INFO - Processing file /opt/airflow/dags/stream_monitor_dag.py for tasks to queue
[2026-07-02T08:02:39.440+0000] {logging_mixin.py:188} INFO - [2026-07-02T08:02:39.440+0000] {dagbag.py:538} INFO - Filling up the DagBag from /opt/airflow/dags/stream_monitor_dag.py
[2026-07-02T08:02:39.472+0000] {processor.py:840} INFO - DAG(s) 'stream_monitor_harga_pangan' retrieved from /opt/airflow/dags/stream_monitor_dag.py
[2026-07-02T08:02:39.520+0000] {logging_mixin.py:188} INFO - [2026-07-02T08:02:39.520+0000] {dag.py:3036} INFO - Sync 1 DAGs
[2026-07-02T08:02:39.551+0000] {logging_mixin.py:188} INFO - [2026-07-02T08:02:39.551+0000] {dag.py:3823} INFO - Setting next_dagrun for stream_monitor_harga_pangan to 2026-07-02 07:00:00+00:00, run_after=2026-07-02 08:00:00+00:00
[2026-07-02T08:02:39.577+0000] {processor.py:183} INFO - Processing /opt/airflow/dags/stream_monitor_dag.py took 0.146 seconds
[2026-07-02T08:03:13.198+0000] {processor.py:161} INFO - Started process (PID=6716) to work on /opt/airflow/dags/stream_monitor_dag.py
[2026-07-02T08:03:13.200+0000] {processor.py:830} INFO - Processing file /opt/airflow/dags/stream_monitor_dag.py for tasks to queue
[2026-07-02T08:03:13.201+0000] {logging_mixin.py:188} INFO - [2026-07-02T08:03:13.201+0000] {dagbag.py:538} INFO - Filling up the DagBag from /opt/airflow/dags/stream_monitor_dag.py
[2026-07-02T08:03:13.277+0000] {processor.py:840} INFO - DAG(s) 'stream_monitor_harga_pangan' retrieved from /opt/airflow/dags/stream_monitor_dag.py
[2026-07-02T08:03:13.337+0000] {logging_mixin.py:188} INFO - [2026-07-02T08:03:13.336+0000] {dag.py:3036} INFO - Sync 1 DAGs
[2026-07-02T08:03:13.364+0000] {logging_mixin.py:188} INFO - [2026-07-02T08:03:13.364+0000] {dag.py:3823} INFO - Setting next_dagrun for stream_monitor_harga_pangan to 2026-07-02 07:00:00+00:00, run_after=2026-07-02 08:00:00+00:00
[2026-07-02T08:03:13.388+0000] {processor.py:183} INFO - Processing /opt/airflow/dags/stream_monitor_dag.py took 0.193 seconds
[2026-07-02T08:03:46.983+0000] {processor.py:161} INFO - Started process (PID=6735) to work on /opt/airflow/dags/stream_monitor_dag.py
[2026-07-02T08:03:46.985+0000] {processor.py:830} INFO - Processing file /opt/airflow/dags/stream_monitor_dag.py for tasks to queue
[2026-07-02T08:03:46.987+0000] {logging_mixin.py:188} INFO - [2026-07-02T08:03:46.986+0000] {dagbag.py:538} INFO - Filling up the DagBag from /opt/airflow/dags/stream_monitor_dag.py
[2026-07-02T08:03:47.023+0000] {processor.py:840} INFO - DAG(s) 'stream_monitor_harga_pangan' retrieved from /opt/airflow/dags/stream_monitor_dag.py
[2026-07-02T08:03:47.080+0000] {logging_mixin.py:188} INFO - [2026-07-02T08:03:47.080+0000] {dag.py:3036} INFO - Sync 1 DAGs
[2026-07-02T08:03:47.130+0000] {logging_mixin.py:188} INFO - [2026-07-02T08:03:47.127+0000] {dag.py:3823} INFO - Setting next_dagrun for stream_monitor_harga_pangan to 2026-07-02 07:00:00+00:00, run_after=2026-07-02 08:00:00+00:00
[2026-07-02T08:03:47.165+0000] {processor.py:183} INFO - Processing /opt/airflow/dags/stream_monitor_dag.py took 0.188 seconds
[2026-07-02T08:04:19.723+0000] {processor.py:161} INFO - Started process (PID=6754) to work on /opt/airflow/dags/stream_monitor_dag.py
[2026-07-02T08:04:19.724+0000] {processor.py:830} INFO - Processing file /opt/airflow/dags/stream_monitor_dag.py for tasks to queue
[2026-07-02T08:04:19.726+0000] {logging_mixin.py:188} INFO - [2026-07-02T08:04:19.725+0000] {dagbag.py:538} INFO - Filling up the DagBag from /opt/airflow/dags/stream_monitor_dag.py
[2026-07-02T08:04:19.753+0000] {processor.py:840} INFO - DAG(s) 'stream_monitor_harga_pangan' retrieved from /opt/airflow/dags/stream_monitor_dag.py
[2026-07-02T08:04:19.802+0000] {logging_mixin.py:188} INFO - [2026-07-02T08:04:19.801+0000] {dag.py:3036} INFO - Sync 1 DAGs
[2026-07-02T08:04:19.832+0000] {logging_mixin.py:188} INFO - [2026-07-02T08:04:19.831+0000] {dag.py:3823} INFO - Setting next_dagrun for stream_monitor_harga_pangan to 2026-07-02 07:00:00+00:00, run_after=2026-07-02 08:00:00+00:00
[2026-07-02T08:04:19.859+0000] {processor.py:183} INFO - Processing /opt/airflow/dags/stream_monitor_dag.py took 0.141 seconds
[2026-07-02T08:04:53.549+0000] {processor.py:161} INFO - Started process (PID=6772) to work on /opt/airflow/dags/stream_monitor_dag.py
[2026-07-02T08:04:53.552+0000] {processor.py:830} INFO - Processing file /opt/airflow/dags/stream_monitor_dag.py for tasks to queue
[2026-07-02T08:04:53.554+0000] {logging_mixin.py:188} INFO - [2026-07-02T08:04:53.553+0000] {dagbag.py:538} INFO - Filling up the DagBag from /opt/airflow/dags/stream_monitor_dag.py
[2026-07-02T08:04:53.588+0000] {processor.py:840} INFO - DAG(s) 'stream_monitor_harga_pangan' retrieved from /opt/airflow/dags/stream_monitor_dag.py
[2026-07-02T08:04:53.645+0000] {logging_mixin.py:188} INFO - [2026-07-02T08:04:53.645+0000] {dag.py:3036} INFO - Sync 1 DAGs
[2026-07-02T08:04:53.675+0000] {logging_mixin.py:188} INFO - [2026-07-02T08:04:53.674+0000] {dag.py:3823} INFO - Setting next_dagrun for stream_monitor_harga_pangan to 2026-07-02 07:00:00+00:00, run_after=2026-07-02 08:00:00+00:00
[2026-07-02T08:04:53.696+0000] {processor.py:183} INFO - Processing /opt/airflow/dags/stream_monitor_dag.py took 0.153 seconds
[2026-07-02T08:05:26.481+0000] {processor.py:161} INFO - Started process (PID=6790) to work on /opt/airflow/dags/stream_monitor_dag.py
[2026-07-02T08:05:26.483+0000] {processor.py:830} INFO - Processing file /opt/airflow/dags/stream_monitor_dag.py for tasks to queue
[2026-07-02T08:05:26.484+0000] {logging_mixin.py:188} INFO - [2026-07-02T08:05:26.484+0000] {dagbag.py:538} INFO - Filling up the DagBag from /opt/airflow/dags/stream_monitor_dag.py
[2026-07-02T08:05:26.510+0000] {processor.py:840} INFO - DAG(s) 'stream_monitor_harga_pangan' retrieved from /opt/airflow/dags/stream_monitor_dag.py
[2026-07-02T08:05:26.575+0000] {logging_mixin.py:188} INFO - [2026-07-02T08:05:26.574+0000] {dag.py:3036} INFO - Sync 1 DAGs
[2026-07-02T08:05:26.630+0000] {logging_mixin.py:188} INFO - [2026-07-02T08:05:26.630+0000] {dag.py:3823} INFO - Setting next_dagrun for stream_monitor_harga_pangan to 2026-07-02 07:00:00+00:00, run_after=2026-07-02 08:00:00+00:00
[2026-07-02T08:05:26.775+0000] {processor.py:183} INFO - Processing /opt/airflow/dags/stream_monitor_dag.py took 0.298 seconds
[2026-07-02T08:05:59.570+0000] {processor.py:161} INFO - Started process (PID=6808) to work on /opt/airflow/dags/stream_monitor_dag.py
[2026-07-02T08:05:59.573+0000] {processor.py:830} INFO - Processing file /opt/airflow/dags/stream_monitor_dag.py for tasks to queue
[2026-07-02T08:05:59.574+0000] {logging_mixin.py:188} INFO - [2026-07-02T08:05:59.574+0000] {dagbag.py:538} INFO - Filling up the DagBag from /opt/airflow/dags/stream_monitor_dag.py
[2026-07-02T08:05:59.639+0000] {processor.py:840} INFO - DAG(s) 'stream_monitor_harga_pangan' retrieved from /opt/airflow/dags/stream_monitor_dag.py
[2026-07-02T08:05:59.732+0000] {logging_mixin.py:188} INFO - [2026-07-02T08:05:59.730+0000] {dag.py:3036} INFO - Sync 1 DAGs
[2026-07-02T08:05:59.776+0000] {logging_mixin.py:188} INFO - [2026-07-02T08:05:59.776+0000] {dag.py:3823} INFO - Setting next_dagrun for stream_monitor_harga_pangan to 2026-07-02 07:00:00+00:00, run_after=2026-07-02 08:00:00+00:00
[2026-07-02T08:05:59.811+0000] {processor.py:183} INFO - Processing /opt/airflow/dags/stream_monitor_dag.py took 0.249 seconds
[2026-07-02T08:06:33.937+0000] {processor.py:161} INFO - Started process (PID=6826) to work on /opt/airflow/dags/stream_monitor_dag.py
[2026-07-02T08:06:33.948+0000] {processor.py:830} INFO - Processing file /opt/airflow/dags/stream_monitor_dag.py for tasks to queue
[2026-07-02T08:06:33.958+0000] {logging_mixin.py:188} INFO - [2026-07-02T08:06:33.956+0000] {dagbag.py:538} INFO - Filling up the DagBag from /opt/airflow/dags/stream_monitor_dag.py
[2026-07-02T08:06:34.193+0000] {processor.py:840} INFO - DAG(s) 'stream_monitor_harga_pangan' retrieved from /opt/airflow/dags/stream_monitor_dag.py
[2026-07-02T08:06:34.344+0000] {logging_mixin.py:188} INFO - [2026-07-02T08:06:34.343+0000] {dag.py:3036} INFO - Sync 1 DAGs
[2026-07-02T08:06:34.422+0000] {logging_mixin.py:188} INFO - [2026-07-02T08:06:34.421+0000] {dag.py:3823} INFO - Setting next_dagrun for stream_monitor_harga_pangan to 2026-07-02 07:00:00+00:00, run_after=2026-07-02 08:00:00+00:00
[2026-07-02T08:06:34.484+0000] {processor.py:183} INFO - Processing /opt/airflow/dags/stream_monitor_dag.py took 0.571 seconds
[2026-07-02T08:07:07.144+0000] {processor.py:161} INFO - Started process (PID=6845) to work on /opt/airflow/dags/stream_monitor_dag.py
[2026-07-02T08:07:07.147+0000] {processor.py:830} INFO - Processing file /opt/airflow/dags/stream_monitor_dag.py for tasks to queue
[2026-07-02T08:07:07.150+0000] {logging_mixin.py:188} INFO - [2026-07-02T08:07:07.149+0000] {dagbag.py:538} INFO - Filling up the DagBag from /opt/airflow/dags/stream_monitor_dag.py
[2026-07-02T08:07:07.224+0000] {processor.py:840} INFO - DAG(s) 'stream_monitor_harga_pangan' retrieved from /opt/airflow/dags/stream_monitor_dag.py
[2026-07-02T08:07:07.318+0000] {logging_mixin.py:188} INFO - [2026-07-02T08:07:07.317+0000] {dag.py:3036} INFO - Sync 1 DAGs
[2026-07-02T08:07:07.368+0000] {logging_mixin.py:188} INFO - [2026-07-02T08:07:07.367+0000] {dag.py:3823} INFO - Setting next_dagrun for stream_monitor_harga_pangan to 2026-07-02 07:00:00+00:00, run_after=2026-07-02 08:00:00+00:00
[2026-07-02T08:07:07.423+0000] {processor.py:183} INFO - Processing /opt/airflow/dags/stream_monitor_dag.py took 0.292 seconds
[2026-07-02T08:07:40.703+0000] {processor.py:161} INFO - Started process (PID=6855) to work on /opt/airflow/dags/stream_monitor_dag.py
[2026-07-02T08:07:40.706+0000] {processor.py:830} INFO - Processing file /opt/airflow/dags/stream_monitor_dag.py for tasks to queue
[2026-07-02T08:07:40.709+0000] {logging_mixin.py:188} INFO - [2026-07-02T08:07:40.708+0000] {dagbag.py:538} INFO - Filling up the DagBag from /opt/airflow/dags/stream_monitor_dag.py
[2026-07-02T08:07:40.773+0000] {processor.py:840} INFO - DAG(s) 'stream_monitor_harga_pangan' retrieved from /opt/airflow/dags/stream_monitor_dag.py
[2026-07-02T08:07:40.867+0000] {logging_mixin.py:188} INFO - [2026-07-02T08:07:40.867+0000] {dag.py:3036} INFO - Sync 1 DAGs
[2026-07-02T08:07:40.919+0000] {logging_mixin.py:188} INFO - [2026-07-02T08:07:40.919+0000] {dag.py:3823} INFO - Setting next_dagrun for stream_monitor_harga_pangan to 2026-07-02 07:00:00+00:00, run_after=2026-07-02 08:00:00+00:00
[2026-07-02T08:07:40.965+0000] {processor.py:183} INFO - Processing /opt/airflow/dags/stream_monitor_dag.py took 0.273 seconds
[2026-07-02T08:08:13.386+0000] {processor.py:161} INFO - Started process (PID=6873) to work on /opt/airflow/dags/stream_monitor_dag.py
[2026-07-02T08:08:13.388+0000] {processor.py:830} INFO - Processing file /opt/airflow/dags/stream_monitor_dag.py for tasks to queue
[2026-07-02T08:08:13.391+0000] {logging_mixin.py:188} INFO - [2026-07-02T08:08:13.390+0000] {dagbag.py:538} INFO - Filling up the DagBag from /opt/airflow/dags/stream_monitor_dag.py
[2026-07-02T08:08:13.498+0000] {processor.py:840} INFO - DAG(s) 'stream_monitor_harga_pangan' retrieved from /opt/airflow/dags/stream_monitor_dag.py
[2026-07-02T08:08:13.860+0000] {logging_mixin.py:188} INFO - [2026-07-02T08:08:13.859+0000] {dag.py:3036} INFO - Sync 1 DAGs
[2026-07-02T08:08:13.932+0000] {logging_mixin.py:188} INFO - [2026-07-02T08:08:13.931+0000] {dag.py:3823} INFO - Setting next_dagrun for stream_monitor_harga_pangan to 2026-07-02 07:00:00+00:00, run_after=2026-07-02 08:00:00+00:00
[2026-07-02T08:08:13.981+0000] {processor.py:183} INFO - Processing /opt/airflow/dags/stream_monitor_dag.py took 0.606 seconds
[2026-07-02T08:08:49.092+0000] {processor.py:161} INFO - Started process (PID=6891) to work on /opt/airflow/dags/stream_monitor_dag.py
[2026-07-02T08:08:49.095+0000] {processor.py:830} INFO - Processing file /opt/airflow/dags/stream_monitor_dag.py for tasks to queue
[2026-07-02T08:08:49.099+0000] {logging_mixin.py:188} INFO - [2026-07-02T08:08:49.098+0000] {dagbag.py:538} INFO - Filling up the DagBag from /opt/airflow/dags/stream_monitor_dag.py
[2026-07-02T08:08:49.152+0000] {processor.py:840} INFO - DAG(s) 'stream_monitor_harga_pangan' retrieved from /opt/airflow/dags/stream_monitor_dag.py
[2026-07-02T08:08:49.229+0000] {logging_mixin.py:188} INFO - [2026-07-02T08:08:49.228+0000] {dag.py:3036} INFO - Sync 1 DAGs
[2026-07-02T08:08:49.286+0000] {logging_mixin.py:188} INFO - [2026-07-02T08:08:49.285+0000] {dag.py:3823} INFO - Setting next_dagrun for stream_monitor_harga_pangan to 2026-07-02 07:00:00+00:00, run_after=2026-07-02 08:00:00+00:00
[2026-07-02T08:08:49.319+0000] {processor.py:183} INFO - Processing /opt/airflow/dags/stream_monitor_dag.py took 0.234 seconds
[2026-07-02T08:09:19.857+0000] {processor.py:161} INFO - Started process (PID=6909) to work on /opt/airflow/dags/stream_monitor_dag.py
[2026-07-02T08:09:19.859+0000] {processor.py:830} INFO - Processing file /opt/airflow/dags/stream_monitor_dag.py for tasks to queue
[2026-07-02T08:09:19.861+0000] {logging_mixin.py:188} INFO - [2026-07-02T08:09:19.861+0000] {dagbag.py:538} INFO - Filling up the DagBag from /opt/airflow/dags/stream_monitor_dag.py
[2026-07-02T08:09:19.913+0000] {processor.py:840} INFO - DAG(s) 'stream_monitor_harga_pangan' retrieved from /opt/airflow/dags/stream_monitor_dag.py
[2026-07-02T08:09:19.997+0000] {logging_mixin.py:188} INFO - [2026-07-02T08:09:19.996+0000] {dag.py:3036} INFO - Sync 1 DAGs
[2026-07-02T08:09:20.047+0000] {logging_mixin.py:188} INFO - [2026-07-02T08:09:20.047+0000] {dag.py:3823} INFO - Setting next_dagrun for stream_monitor_harga_pangan to 2026-07-02 07:00:00+00:00, run_after=2026-07-02 08:00:00+00:00
[2026-07-02T08:09:20.082+0000] {processor.py:183} INFO - Processing /opt/airflow/dags/stream_monitor_dag.py took 0.236 seconds
[2026-07-02T08:09:53.002+0000] {processor.py:161} INFO - Started process (PID=6927) to work on /opt/airflow/dags/stream_monitor_dag.py
[2026-07-02T08:09:53.004+0000] {processor.py:830} INFO - Processing file /opt/airflow/dags/stream_monitor_dag.py for tasks to queue
[2026-07-02T08:09:53.008+0000] {logging_mixin.py:188} INFO - [2026-07-02T08:09:53.007+0000] {dagbag.py:538} INFO - Filling up the DagBag from /opt/airflow/dags/stream_monitor_dag.py
[2026-07-02T08:09:53.063+0000] {processor.py:840} INFO - DAG(s) 'stream_monitor_harga_pangan' retrieved from /opt/airflow/dags/stream_monitor_dag.py
[2026-07-02T08:09:53.149+0000] {logging_mixin.py:188} INFO - [2026-07-02T08:09:53.149+0000] {dag.py:3036} INFO - Sync 1 DAGs
[2026-07-02T08:09:53.201+0000] {logging_mixin.py:188} INFO - [2026-07-02T08:09:53.200+0000] {dag.py:3823} INFO - Setting next_dagrun for stream_monitor_harga_pangan to 2026-07-02 07:00:00+00:00, run_after=2026-07-02 08:00:00+00:00
[2026-07-02T08:09:53.241+0000] {processor.py:183} INFO - Processing /opt/airflow/dags/stream_monitor_dag.py took 0.246 seconds
[2026-07-02T08:10:26.815+0000] {processor.py:161} INFO - Started process (PID=6945) to work on /opt/airflow/dags/stream_monitor_dag.py
[2026-07-02T08:10:26.836+0000] {processor.py:830} INFO - Processing file /opt/airflow/dags/stream_monitor_dag.py for tasks to queue
[2026-07-02T08:10:26.849+0000] {logging_mixin.py:188} INFO - [2026-07-02T08:10:26.848+0000] {dagbag.py:538} INFO - Filling up the DagBag from /opt/airflow/dags/stream_monitor_dag.py
[2026-07-02T08:10:27.328+0000] {processor.py:840} INFO - DAG(s) 'stream_monitor_harga_pangan' retrieved from /opt/airflow/dags/stream_monitor_dag.py
[2026-07-02T08:10:27.635+0000] {logging_mixin.py:188} INFO - [2026-07-02T08:10:27.635+0000] {dag.py:3036} INFO - Sync 1 DAGs
[2026-07-02T08:10:27.776+0000] {logging_mixin.py:188} INFO - [2026-07-02T08:10:27.775+0000] {dag.py:3823} INFO - Setting next_dagrun for stream_monitor_harga_pangan to 2026-07-02 07:00:00+00:00, run_after=2026-07-02 08:00:00+00:00
[2026-07-02T08:10:27.869+0000] {processor.py:183} INFO - Processing /opt/airflow/dags/stream_monitor_dag.py took 1.073 seconds
[2026-07-02T08:10:59.712+0000] {processor.py:161} INFO - Started process (PID=6955) to work on /opt/airflow/dags/stream_monitor_dag.py
[2026-07-02T08:10:59.715+0000] {processor.py:830} INFO - Processing file /opt/airflow/dags/stream_monitor_dag.py for tasks to queue
[2026-07-02T08:10:59.717+0000] {logging_mixin.py:188} INFO - [2026-07-02T08:10:59.716+0000] {dagbag.py:538} INFO - Filling up the DagBag from /opt/airflow/dags/stream_monitor_dag.py
[2026-07-02T08:10:59.788+0000] {processor.py:840} INFO - DAG(s) 'stream_monitor_harga_pangan' retrieved from /opt/airflow/dags/stream_monitor_dag.py
[2026-07-02T08:10:59.895+0000] {logging_mixin.py:188} INFO - [2026-07-02T08:10:59.894+0000] {dag.py:3036} INFO - Sync 1 DAGs
[2026-07-02T08:10:59.949+0000] {logging_mixin.py:188} INFO - [2026-07-02T08:10:59.948+0000] {dag.py:3823} INFO - Setting next_dagrun for stream_monitor_harga_pangan to 2026-07-02 07:00:00+00:00, run_after=2026-07-02 08:00:00+00:00
[2026-07-02T08:11:00.002+0000] {processor.py:183} INFO - Processing /opt/airflow/dags/stream_monitor_dag.py took 0.297 seconds
[2026-07-02T08:11:32.880+0000] {processor.py:161} INFO - Started process (PID=6973) to work on /opt/airflow/dags/stream_monitor_dag.py
[2026-07-02T08:11:32.883+0000] {processor.py:830} INFO - Processing file /opt/airflow/dags/stream_monitor_dag.py for tasks to queue
[2026-07-02T08:11:32.885+0000] {logging_mixin.py:188} INFO - [2026-07-02T08:11:32.884+0000] {dagbag.py:538} INFO - Filling up the DagBag from /opt/airflow/dags/stream_monitor_dag.py
[2026-07-02T08:11:32.954+0000] {processor.py:840} INFO - DAG(s) 'stream_monitor_harga_pangan' retrieved from /opt/airflow/dags/stream_monitor_dag.py
[2026-07-02T08:11:33.067+0000] {logging_mixin.py:188} INFO - [2026-07-02T08:11:33.066+0000] {dag.py:3036} INFO - Sync 1 DAGs
[2026-07-02T08:11:33.144+0000] {logging_mixin.py:188} INFO - [2026-07-02T08:11:33.143+0000] {dag.py:3823} INFO - Setting next_dagrun for stream_monitor_harga_pangan to 2026-07-02 07:00:00+00:00, run_after=2026-07-02 08:00:00+00:00
[2026-07-02T08:11:33.223+0000] {processor.py:183} INFO - Processing /opt/airflow/dags/stream_monitor_dag.py took 0.351 seconds
[2026-07-02T08:12:07.022+0000] {processor.py:161} INFO - Started process (PID=6991) to work on /opt/airflow/dags/stream_monitor_dag.py
[2026-07-02T08:12:07.024+0000] {processor.py:830} INFO - Processing file /opt/airflow/dags/stream_monitor_dag.py for tasks to queue
[2026-07-02T08:12:07.028+0000] {logging_mixin.py:188} INFO - [2026-07-02T08:12:07.027+0000] {dagbag.py:538} INFO - Filling up the DagBag from /opt/airflow/dags/stream_monitor_dag.py
[2026-07-02T08:12:07.078+0000] {processor.py:840} INFO - DAG(s) 'stream_monitor_harga_pangan' retrieved from /opt/airflow/dags/stream_monitor_dag.py
[2026-07-02T08:12:07.164+0000] {logging_mixin.py:188} INFO - [2026-07-02T08:12:07.164+0000] {dag.py:3036} INFO - Sync 1 DAGs
[2026-07-02T08:12:07.260+0000] {logging_mixin.py:188} INFO - [2026-07-02T08:12:07.260+0000] {dag.py:3823} INFO - Setting next_dagrun for stream_monitor_harga_pangan to 2026-07-02 07:00:00+00:00, run_after=2026-07-02 08:00:00+00:00
[2026-07-02T08:12:07.298+0000] {processor.py:183} INFO - Processing /opt/airflow/dags/stream_monitor_dag.py took 0.284 seconds
[2026-07-02T08:12:39.985+0000] {processor.py:161} INFO - Started process (PID=7009) to work on /opt/airflow/dags/stream_monitor_dag.py
[2026-07-02T08:12:39.987+0000] {processor.py:830} INFO - Processing file /opt/airflow/dags/stream_monitor_dag.py for tasks to queue
[2026-07-02T08:12:39.989+0000] {logging_mixin.py:188} INFO - [2026-07-02T08:12:39.989+0000] {dagbag.py:538} INFO - Filling up the DagBag from /opt/airflow/dags/stream_monitor_dag.py
[2026-07-02T08:12:40.054+0000] {processor.py:840} INFO - DAG(s) 'stream_monitor_harga_pangan' retrieved from /opt/airflow/dags/stream_monitor_dag.py
[2026-07-02T08:12:40.145+0000] {logging_mixin.py:188} INFO - [2026-07-02T08:12:40.145+0000] {dag.py:3036} INFO - Sync 1 DAGs
[2026-07-02T08:12:40.191+0000] {logging_mixin.py:188} INFO - [2026-07-02T08:12:40.190+0000] {dag.py:3823} INFO - Setting next_dagrun for stream_monitor_harga_pangan to 2026-07-02 07:00:00+00:00, run_after=2026-07-02 08:00:00+00:00
[2026-07-02T08:12:40.226+0000] {processor.py:183} INFO - Processing /opt/airflow/dags/stream_monitor_dag.py took 0.249 seconds
[2026-07-02T08:13:13.187+0000] {processor.py:161} INFO - Started process (PID=7027) to work on /opt/airflow/dags/stream_monitor_dag.py
[2026-07-02T08:13:13.192+0000] {processor.py:830} INFO - Processing file /opt/airflow/dags/stream_monitor_dag.py for tasks to queue
[2026-07-02T08:13:13.197+0000] {logging_mixin.py:188} INFO - [2026-07-02T08:13:13.196+0000] {dagbag.py:538} INFO - Filling up the DagBag from /opt/airflow/dags/stream_monitor_dag.py
[2026-07-02T08:13:13.260+0000] {processor.py:840} INFO - DAG(s) 'stream_monitor_harga_pangan' retrieved from /opt/airflow/dags/stream_monitor_dag.py
[2026-07-02T08:13:13.375+0000] {logging_mixin.py:188} INFO - [2026-07-02T08:13:13.373+0000] {dag.py:3036} INFO - Sync 1 DAGs
[2026-07-02T08:13:13.439+0000] {logging_mixin.py:188} INFO - [2026-07-02T08:13:13.439+0000] {dag.py:3823} INFO - Setting next_dagrun for stream_monitor_harga_pangan to 2026-07-02 07:00:00+00:00, run_after=2026-07-02 08:00:00+00:00
[2026-07-02T08:13:13.478+0000] {processor.py:183} INFO - Processing /opt/airflow/dags/stream_monitor_dag.py took 0.298 seconds
[2026-07-02T08:13:46.374+0000] {processor.py:161} INFO - Started process (PID=7045) to work on /opt/airflow/dags/stream_monitor_dag.py
[2026-07-02T08:13:46.392+0000] {processor.py:830} INFO - Processing file /opt/airflow/dags/stream_monitor_dag.py for tasks to queue
[2026-07-02T08:13:46.414+0000] {logging_mixin.py:188} INFO - [2026-07-02T08:13:46.405+0000] {dagbag.py:538} INFO - Filling up the DagBag from /opt/airflow/dags/stream_monitor_dag.py
[2026-07-02T08:13:46.553+0000] {processor.py:840} INFO - DAG(s) 'stream_monitor_harga_pangan' retrieved from /opt/airflow/dags/stream_monitor_dag.py
[2026-07-02T08:13:46.644+0000] {logging_mixin.py:188} INFO - [2026-07-02T08:13:46.643+0000] {dag.py:3036} INFO - Sync 1 DAGs
[2026-07-02T08:13:46.709+0000] {logging_mixin.py:188} INFO - [2026-07-02T08:13:46.709+0000] {dag.py:3823} INFO - Setting next_dagrun for stream_monitor_harga_pangan to 2026-07-02 07:00:00+00:00, run_after=2026-07-02 08:00:00+00:00
[2026-07-02T08:13:46.763+0000] {processor.py:183} INFO - Processing /opt/airflow/dags/stream_monitor_dag.py took 0.407 seconds
[2026-07-02T08:14:19.529+0000] {processor.py:161} INFO - Started process (PID=7062) to work on /opt/airflow/dags/stream_monitor_dag.py
[2026-07-02T08:14:19.534+0000] {processor.py:830} INFO - Processing file /opt/airflow/dags/stream_monitor_dag.py for tasks to queue
[2026-07-02T08:14:19.537+0000] {logging_mixin.py:188} INFO - [2026-07-02T08:14:19.536+0000] {dagbag.py:538} INFO - Filling up the DagBag from /opt/airflow/dags/stream_monitor_dag.py
[2026-07-02T08:14:19.609+0000] {processor.py:840} INFO - DAG(s) 'stream_monitor_harga_pangan' retrieved from /opt/airflow/dags/stream_monitor_dag.py
[2026-07-02T08:14:19.722+0000] {logging_mixin.py:188} INFO - [2026-07-02T08:14:19.721+0000] {dag.py:3036} INFO - Sync 1 DAGs
[2026-07-02T08:14:19.780+0000] {logging_mixin.py:188} INFO - [2026-07-02T08:14:19.780+0000] {dag.py:3823} INFO - Setting next_dagrun for stream_monitor_harga_pangan to 2026-07-02 07:00:00+00:00, run_after=2026-07-02 08:00:00+00:00
[2026-07-02T08:14:19.831+0000] {processor.py:183} INFO - Processing /opt/airflow/dags/stream_monitor_dag.py took 0.317 seconds
[2026-07-02T08:14:53.137+0000] {processor.py:161} INFO - Started process (PID=7073) to work on /opt/airflow/dags/stream_monitor_dag.py
[2026-07-02T08:14:53.143+0000] {processor.py:830} INFO - Processing file /opt/airflow/dags/stream_monitor_dag.py for tasks to queue
[2026-07-02T08:14:53.145+0000] {logging_mixin.py:188} INFO - [2026-07-02T08:14:53.145+0000] {dagbag.py:538} INFO - Filling up the DagBag from /opt/airflow/dags/stream_monitor_dag.py
[2026-07-02T08:14:53.250+0000] {processor.py:840} INFO - DAG(s) 'stream_monitor_harga_pangan' retrieved from /opt/airflow/dags/stream_monitor_dag.py
[2026-07-02T08:14:53.443+0000] {logging_mixin.py:188} INFO - [2026-07-02T08:14:53.442+0000] {dag.py:3036} INFO - Sync 1 DAGs
[2026-07-02T08:14:53.535+0000] {logging_mixin.py:188} INFO - [2026-07-02T08:14:53.535+0000] {dag.py:3823} INFO - Setting next_dagrun for stream_monitor_harga_pangan to 2026-07-02 07:00:00+00:00, run_after=2026-07-02 08:00:00+00:00
[2026-07-02T08:14:53.638+0000] {processor.py:183} INFO - Processing /opt/airflow/dags/stream_monitor_dag.py took 0.516 seconds
[2026-07-02T08:15:27.727+0000] {processor.py:161} INFO - Started process (PID=7091) to work on /opt/airflow/dags/stream_monitor_dag.py
[2026-07-02T08:15:27.732+0000] {processor.py:830} INFO - Processing file /opt/airflow/dags/stream_monitor_dag.py for tasks to queue
[2026-07-02T08:15:27.752+0000] {logging_mixin.py:188} INFO - [2026-07-02T08:15:27.751+0000] {dagbag.py:538} INFO - Filling up the DagBag from /opt/airflow/dags/stream_monitor_dag.py
[2026-07-02T08:15:28.000+0000] {processor.py:840} INFO - DAG(s) 'stream_monitor_harga_pangan' retrieved from /opt/airflow/dags/stream_monitor_dag.py
[2026-07-02T08:15:28.248+0000] {logging_mixin.py:188} INFO - [2026-07-02T08:15:28.247+0000] {dag.py:3036} INFO - Sync 1 DAGs
[2026-07-02T08:15:28.378+0000] {logging_mixin.py:188} INFO - [2026-07-02T08:15:28.377+0000] {dag.py:3823} INFO - Setting next_dagrun for stream_monitor_harga_pangan to 2026-07-02 07:00:00+00:00, run_after=2026-07-02 08:00:00+00:00
[2026-07-02T08:15:28.495+0000] {processor.py:183} INFO - Processing /opt/airflow/dags/stream_monitor_dag.py took 0.811 seconds
[2026-07-02T08:15:58.657+0000] {processor.py:161} INFO - Started process (PID=7109) to work on /opt/airflow/dags/stream_monitor_dag.py
[2026-07-02T08:15:58.660+0000] {processor.py:830} INFO - Processing file /opt/airflow/dags/stream_monitor_dag.py for tasks to queue
[2026-07-02T08:15:58.662+0000] {logging_mixin.py:188} INFO - [2026-07-02T08:15:58.661+0000] {dagbag.py:538} INFO - Filling up the DagBag from /opt/airflow/dags/stream_monitor_dag.py
[2026-07-02T08:15:58.780+0000] {processor.py:840} INFO - DAG(s) 'stream_monitor_harga_pangan' retrieved from /opt/airflow/dags/stream_monitor_dag.py
[2026-07-02T08:15:58.994+0000] {logging_mixin.py:188} INFO - [2026-07-02T08:15:58.993+0000] {dag.py:3036} INFO - Sync 1 DAGs
[2026-07-02T08:15:59.081+0000] {logging_mixin.py:188} INFO - [2026-07-02T08:15:59.080+0000] {dag.py:3823} INFO - Setting next_dagrun for stream_monitor_harga_pangan to 2026-07-02 07:00:00+00:00, run_after=2026-07-02 08:00:00+00:00
[2026-07-02T08:15:59.162+0000] {processor.py:183} INFO - Processing /opt/airflow/dags/stream_monitor_dag.py took 0.524 seconds
